Gender,Married,Dependents,Education,Self_Employed,ApplicantIncome,CoapplicantIncome,LoanAmount,Loan_Amount_Term,Credit_History,Property_Area,Loan_Status,Total_Income,Income_to_Loan,Income_to_Loan_Ratio
Female,No,3.0,Graduate,No,5786,4417,114,60.0,,Urban,N,10203,88.72173913043478,89.5
Female,Yes,3.0,Not Graduate,Yes,2400,0,225,300.0,1.0,Urban,N,2400,10.619469026548671,10.666666666666666
Male,,2.0,Not Graduate,,2833,1516,210,300.0,,Urban,N,4349,20.61137440758294,20.70952380952381
,,2.0,Not Graduate,No,6080,1800,114,60.0,,Urban,N,7880,68.52173913043478,69.12280701754386
Female,Yes,,Graduate,No,5667,2045,35,120.0,0.0,Urban,N,7712,214.22222222222223,220.34285714285716
Female,No,1.0,Graduate,Yes,13650,4000,267,,0.0,Semiurban,Y,17650,65.85820895522389,66.10486891385767
Male,,0.0,Not Graduate,No,5042,4000,320,120.0,1.0,Rural,N,9042,28.16822429906542,28.25625
Male,,1.0,Graduate,No,5786,3167,125,84.0,0.0,Rural,N,8953,71.05555555555556,71.624
Female,No,0.0,Graduate,Yes,2491,3806,100,84.0,,Urban,N,6297,62.34653465346535,62.97
Male,,,Not Graduate,Yes,20166,5625,63,180.0,0.0,Rural,Y,25791,402.984375,409.3809523809524
Male,No,3.0,Graduate,No,8333,3750,436,480.0,0.0,Rural,Y,12083,27.64988558352403,27.71330275229358
Female,Yes,2.0,Not Graduate,Yes,2853,1451,187,480.0,,Semiurban,N,4304,22.8936170212766,23.016042780748663
Male,,1.0,Graduate,Yes,24763,3369,90,360.0,,Urban,N,28132,309.1428571428572,312.5777777777778
,No,1.0,Not Graduate,,2500,2083,90,480.0,0.0,Urban,Y,4583,50.362637362637365,50.922222222222224
Male,No,1.0,Not Graduate,No,3522,2133,187,120.0,1.0,Semiurban,N,5655,30.079787234042552,30.240641711229948
Female,No,,Graduate,,3200,5701,58,84.0,1.0,Rural,N,8901,150.864406779661,153.4655172413793
Male,No,,Graduate,No,3500,2000,106,,1.0,Rural,N,5500,51.401869158878505,51.886792452830186
Male,No,,Not Graduate,,3522,4866,113,360.0,1.0,Rural,N,8388,73.57894736842105,74.23008849557522
Male,,1.0,Not Graduate,Yes,3366,5063,59,60.0,0.0,Urban,N,8429,140.48333333333332,142.864406779661
Female,No,2.0,Graduate,,3250,3806,25,180.0,0.0,Rural,N,7056,271.38461538461536,282.24
Female,,2.0,Graduate,Yes,5042,4300,95,84.0,1.0,Rural,N,9342,97.3125,98.33684210526316
Female,,,Not Graduate,No,4300,2416,136,180.0,1.0,Urban,N,6716,49.02189781021898,49.38235294117647
Male,,2.0,Graduate,No,5667,7210,436,300.0,,Semiurban,Y,12877,29.466819221967963,29.53440366972477
Female,Yes,3.0,Graduate,,3500,1300,137,84.0,,Urban,N,4800,34.78260869565217,35.03649635036496
Male,Yes,3.0,Graduate,Yes,2395,2083,66,,,Rural,N,4478,66.83582089552239,67.84848484848484
Male,Yes,3.0,Not Graduate,,5166,736,154,360.0,1.0,Semiurban,N,5902,38.07741935483871,38.324675324675326
Female,,1.0,Not Graduate,,4000,1666,118,84.0,1.0,Rural,N,5666,47.61344537815126,48.016949152542374
Male,Yes,2.0,Not Graduate,Yes,3029,3750,131,60.0,1.0,Semiurban,N,6779,51.35606060606061,51.74809160305343
Male,No,1.0,Not Graduate,,6400,3263,155,180.0,0.0,Rural,N,9663,61.94230769230769,62.34193548387097
,No,1.0,Graduate,No,8666,1800,141,180.0,,Rural,N,10466,73.70422535211267,74.22695035460993
Male,No,0.0,Graduate,,3625,2853,275,120.0,1.0,Semiurban,N,6478,23.471014492753625,23.556363636363635
Female,Yes,2.0,Graduate,No,2583,7750,166,84.0,0.0,Semiurban,N,10333,61.87425149700599,62.24698795180723
Female,Yes,0.0,Not Graduate,,5042,754,30,300.0,1.0,Semiurban,Y,5796,186.96774193548387,193.2
Female,,3.0,Not Graduate,,7100,1213,95,,,Rural,N,8313,86.59375,87.50526315789473
Female,No,,Not Graduate,Yes,13650,1516,95,360.0,0.0,Urban,Y,15166,157.97916666666666,159.6421052631579
Female,No,3.0,Graduate,,6400,2750,78,180.0,0.0,Urban,N,9150,115.82278481012658,117.3076923076923
Female,Yes,,Not Graduate,Yes,3250,6250,490,,,Urban,N,9500,19.34826883910387,19.387755102040817
Female,No,1.0,Not Graduate,,3846,2791,35,,0.0,Rural,N,6637,184.36111111111111,189.62857142857143
Male,No,0.0,Graduate,,4166,4167,308,480.0,0.0,Urban,Y,8333,26.96763754045308,27.055194805194805
Female,,1.0,Graduate,No,2178,3333,94,480.0,0.0,Rural,N,5511,58.01052631578948,58.62765957446808
Female,No,0.0,Graduate,Yes,13650,2853,495,480.0,0.0,Semiurban,Y,16503,33.27217741935484,33.339393939393936
Male,Yes,,Not Graduate,Yes,4000,4595,150,360.0,,Rural,N,8595,56.920529801324506,57.3
Female,Yes,1.0,Graduate,No,5316,2083,122,180.0,0.0,Semiurban,N,7399,60.15447154471545,60.64754098360656
Female,Yes,0.0,Not Graduate,,3052,5750,81,360.0,1.0,Semiurban,N,8802,107.34146341463416,108.66666666666667
Female,No,0.0,Not Graduate,No,2583,2045,176,480.0,1.0,Rural,N,4628,26.146892655367232,26.295454545454547
Female,,1.0,Graduate,Yes,5667,2083,349,120.0,0.0,Rural,N,7750,22.142857142857142,22.206303724928368
,No,,Graduate,,3666,1500,122,240.0,,Semiurban,Y,5166,42.0,42.34426229508197
,No,0.0,Graduate,No,5500,6000,158,360.0,1.0,Rural,N,11500,72.32704402515724,72.78481012658227
Female,Yes,3.0,Not Graduate,,2666,3263,144,84.0,1.0,Urban,N,5929,40.8896551724138,41.173611111111114
Female,Yes,,Not Graduate,No,3200,4983,128,360.0,1.0,Semiurban,Y,8183,63.43410852713178,63.9296875
Male,Yes,1.0,Graduate,Yes,2439,736,140,,,Semiurban,N,3175,22.5177304964539,22.678571428571427
Female,No,0.0,Not Graduate,Yes,10000,1300,490,84.0,,Semiurban,N,11300,23.014256619144604,23.06122448979592
Male,Yes,2.0,Graduate,Yes,2875,2083,180,360.0,,Urban,N,4958,27.392265193370164,27.544444444444444
Male,Yes,2.0,Graduate,No,3029,1666,600,360.0,0.0,Urban,N,4695,7.81198003327787,7.825
,Yes,1.0,Not Graduate,,3250,2750,182,84.0,1.0,Semiurban,N,6000,32.78688524590164,32.967032967032964
,,,Graduate,,5316,7750,150,120.0,0.0,Urban,N,13066,86.52980132450331,87.10666666666667
Female,No,3.0,Not Graduate,,5316,0,187,,0.0,Semiurban,N,5316,28.27659574468085,28.427807486631018
Female,Yes,2.0,Not Graduate,Yes,3625,3333,90,240.0,,Urban,N,6958,76.46153846153847,77.31111111111112
Female,No,2.0,Graduate,,2060,7750,97,240.0,1.0,Rural,N,9810,100.10204081632654,101.1340206185567
Male,,3.0,Graduate,No,4300,3167,495,240.0,,Semiurban,N,7467,15.054435483870968,15.084848484848484
Male,,1.0,Not Graduate,No,2853,3806,141,84.0,0.0,Urban,N,6659,46.894366197183096,47.226950354609926
,No,1.0,Graduate,No,15000,3369,139,60.0,,Urban,N,18369,131.20714285714286,132.15107913669064
,,0.0,Graduate,,4000,1500,158,360.0,1.0,Rural,N,5500,34.59119496855346,34.81012658227848
Male,Yes,,Not Graduate,No,8000,500,208,480.0,,Rural,N,8500,40.66985645933014,40.86538461538461
Female,,,Graduate,No,6250,1964,192,60.0,,Semiurban,Y,8214,42.55958549222798,42.78125
,,2.0,Not Graduate,No,1800,5063,66,360.0,,Semiurban,N,6863,102.43283582089552,103.98484848484848
Male,,2.0,Graduate,No,1863,5750,124,60.0,1.0,Semiurban,N,7613,60.904,61.395161290322584
Male,No,2.0,Graduate,Yes,8000,500,74,120.0,1.0,Rural,N,8500,113.33333333333331,114.86486486486487
Male,Yes,0.0,Not Graduate,Yes,2708,5654,17,360.0,1.0,Rural,N,8362,464.55555555555554,491.88235294117646
Male,Yes,,Graduate,No,8333,2330,110,240.0,,Rural,N,10663,96.06306306306308,96.93636363636364
Female,,0.0,Graduate,No,13650,800,700,84.0,1.0,Urban,N,14450,20.613409415121254,20.642857142857142
Male,No,1.0,Graduate,,2400,2000,436,60.0,1.0,Urban,N,4400,10.068649885583524,10.091743119266056
Female,Yes,3.0,Not Graduate,,3333,5625,320,300.0,1.0,Rural,N,8958,27.90654205607477,27.99375
,Yes,3.0,Graduate,,2147,2083,176,60.0,1.0,Rural,N,4230,23.89830508474576,24.03409090909091
Male,,3.0,Graduate,No,3083,2383,110,120.0,,Semiurban,N,5466,49.24324324324324,49.69090909090909
Male,No,2.0,Not Graduate,Yes,9323,6250,99,240.0,,Urban,N,15573,155.73,157.3030303030303
Female,,1.0,Graduate,,2473,1030,370,180.0,1.0,Rural,N,3503,9.442048517520217,9.467567567567567
Female,No,,Graduate,,12000,2853,275,480.0,,Semiurban,Y,14853,53.81521739130435,54.01090909090909
Male,,,Not Graduate,Yes,3167,500,700,60.0,0.0,Semiurban,N,3667,5.231098430813124,5.238571428571428
Female,Yes,0.0,Not Graduate,Yes,2577,754,90,180.0,1.0,Rural,N,3331,36.604395604395606,37.01111111111111
Female,No,1.0,Not Graduate,Yes,3846,5250,136,360.0,,Semiurban,N,9096,66.39416058394161,66.88235294117646
Female,No,0.0,Graduate,,3600,4000,210,480.0,0.0,Rural,N,7600,36.018957345971565,36.19047619047619
Male,Yes,,Graduate,Yes,3083,5654,93,180.0,0.0,Semiurban,N,8737,92.94680851063828,93.94623655913979
Male,,2.0,Graduate,No,2483,1500,50,,1.0,Urban,Y,3983,78.09803921568627,79.66
Female,Yes,3.0,Not Graduate,Yes,1863,4000,495,360.0,,Urban,N,5863,11.820564516129032,11.844444444444445
,Yes,1.0,Not Graduate,,5500,3333,308,480.0,0.0,Urban,Y,8833,28.58576051779936,28.678571428571427
Male,Yes,3.0,Not Graduate,No,2400,1868,93,120.0,1.0,Urban,N,4268,45.40425531914894,45.89247311827957
,Yes,3.0,Graduate,,3029,5625,125,480.0,,Semiurban,N,8654,68.68253968253968,69.232
Male,No,0.0,Graduate,Yes,3846,2133,180,,1.0,Urban,N,5979,33.033149171270715,33.21666666666667
Female,,1.0,Graduate,Yes,2275,1213,300,60.0,1.0,Rural,Y,3488,11.588039867109634,11.626666666666667
,,2.0,Not Graduate,Yes,2340,2045,99,240.0,,Urban,N,4385,43.85,44.292929292929294
Female,Yes,1.0,Graduate,Yes,2645,3369,166,300.0,0.0,Rural,N,6014,36.01197604790419,36.2289156626506
Female,No,0.0,Not Graduate,,5667,1590,109,300.0,1.0,Rural,N,7257,65.97272727272727,66.57798165137615
,No,1.0,Graduate,Yes,1625,900,59,120.0,1.0,Rural,N,2525,42.083333333333336,42.79661016949152
Female,No,,Not Graduate,,4300,2045,74,360.0,1.0,Semiurban,N,6345,84.6,85.74324324324324
,Yes,,Not Graduate,No,2000,3263,128,84.0,,Rural,N,5263,40.798449612403104,41.1171875
,,1.0,Not Graduate,Yes,15000,0,141,60.0,0.0,Semiurban,N,15000,105.6338028169014,106.38297872340425
Male,,3.0,Not Graduate,,2340,1666,141,300.0,,Rural,Y,4006,28.211267605633804,28.411347517730498
Female,Yes,,Not Graduate,,6400,3583,176,240.0,1.0,Urban,N,9983,56.40112994350282,56.72159090909091
Male,,1.0,Not Graduate,Yes,150,2000,200,84.0,,Urban,N,2150,10.696517412935323,10.75
,Yes,,Not Graduate,,3000,1929,55,300.0,1.0,Semiurban,N,4929,88.01785714285714,89.61818181818182
Male,,1.0,Graduate,No,3366,2383,80,480.0,,Rural,N,5749,70.9753086419753,71.8625
Male,,2.0,Not Graduate,Yes,2178,2900,72,180.0,1.0,Semiurban,N,5078,69.56164383561644,70.52777777777777
Female,No,0.0,Graduate,,3416,1590,255,180.0,1.0,Semiurban,Y,5006,19.5546875,19.63137254901961
Female,No,3.0,Not Graduate,No,6747,2416,96,60.0,,Rural,N,9163,94.4639175257732,95.44791666666667
,Yes,2.0,Graduate,,1977,1300,93,180.0,1.0,Semiurban,N,3277,34.861702127659576,35.236559139784944
Male,No,,Not Graduate,,2491,1800,110,180.0,0.0,Urban,N,4291,38.65765765765766,39.00909090909091
Male,Yes,1.0,Graduate,Yes,11000,5063,140,360.0,,Semiurban,N,16063,113.92198581560284,114.73571428571428
,Yes,0.0,Graduate,,2000,2250,700,180.0,1.0,Semiurban,N,4250,6.062767475035663,6.071428571428571
Female,Yes,3.0,Not Graduate,No,3600,3750,76,60.0,,Urban,N,7350,95.45454545454544,96.71052631578948
Male,,3.0,Graduate,No,2853,3600,85,,0.0,Rural,N,6453,75.03488372093024,75.91764705882353
Female,Yes,1.0,Graduate,No,2275,5266,182,180.0,0.0,Urban,Y,7541,41.20765027322405,41.434065934065934
,Yes,1.0,Graduate,Yes,2600,830,376,300.0,1.0,Rural,N,3430,9.09814323607427,9.122340425531915
Male,No,3.0,Graduate,Yes,2147,0,58,240.0,,Urban,N,2147,36.389830508474574,37.01724137931034
Female,,1.0,Graduate,,2799,1213,308,84.0,0.0,Rural,Y,4012,12.983818770226538,13.025974025974026
Female,,,Not Graduate,Yes,2060,1330,94,360.0,,Urban,Y,3390,35.68421052631579,36.06382978723404
Male,,,Not Graduate,No,2473,800,97,,1.0,Urban,Y,3273,33.39795918367347,33.74226804123711
Male,,2.0,Graduate,No,2333,1800,495,480.0,0.0,Rural,N,4133,8.33266129032258,8.34949494949495
Female,Yes,,Graduate,,3416,985,58,,0.0,Urban,N,4401,74.59322033898304,75.87931034482759
Male,,1.0,Not Graduate,Yes,5042,2383,187,240.0,,Rural,Y,7425,39.49468085106383,39.705882352941174
Female,,,Graduate,Yes,6250,1800,370,180.0,1.0,Urban,N,8050,21.69811320754717,21.756756756756758
Male,Yes,2.0,Graduate,Yes,3333,1640,93,180.0,,Semiurban,N,4973,52.90425531914894,53.473118279569896
,Yes,,Not Graduate,No,2400,4196,81,84.0,,Semiurban,N,6596,80.4390243902439,81.4320987654321
Male,Yes,0.0,Not Graduate,,3029,3583,210,120.0,1.0,Rural,Y,6612,31.33649289099526,31.485714285714284
Female,No,2.0,Graduate,No,2479,688,600,240.0,0.0,Rural,N,3167,5.26955074875208,5.278333333333333
Male,No,2.0,Not Graduate,Yes,3189,3369,81,,1.0,Urban,N,6558,79.97560975609755,80.96296296296296
,,3.0,Graduate,No,2395,1330,17,480.0,0.0,Urban,N,3725,206.94444444444449,219.11764705882354
Male,No,2.0,Not Graduate,,12841,1459,90,300.0,1.0,Urban,N,14300,157.14285714285714,158.88888888888889
Male,,3.0,Graduate,,2071,5063,158,,,Rural,N,7134,44.86792452830189,45.151898734177216
Female,Yes,0.0,Graduate,,2200,2667,255,60.0,0.0,Urban,N,4867,19.01171875,19.08627450980392
Female,,2.0,Not Graduate,Yes,3083,2142,166,180.0,,Urban,N,5225,31.2874251497006,31.47590361445783
Male,Yes,0.0,Graduate,,2577,4983,275,84.0,0.0,Rural,N,7560,27.39130434782609,27.490909090909092
Male,,1.0,Graduate,,2237,4983,125,60.0,,Urban,N,7220,57.3015873015873,57.76
,No,2.0,Not Graduate,No,5417,700,137,360.0,0.0,Rural,N,6117,44.32608695652174,44.64963503649635
,Yes,1.0,Graduate,,9323,2142,58,240.0,0.0,Semiurban,Y,11465,194.32203389830508,197.67241379310346
,Yes,1.0,Not Graduate,No,2340,3600,131,360.0,0.0,Urban,N,5940,45.0,45.343511450381676
,,3.0,Not Graduate,,3500,5654,133,240.0,1.0,Semiurban,Y,9154,68.31343283582089,68.82706766917293
,Yes,0.0,Graduate,No,2400,3750,182,360.0,,Rural,N,6150,33.60655737704918,33.79120879120879
Female,No,2.0,Graduate,No,6080,2500,308,,1.0,Rural,N,8580,27.766990291262136,27.857142857142858
Male,Yes,,Not Graduate,Yes,2178,1666,137,360.0,0.0,Rural,N,3844,27.85507246376812,28.05839416058394
Male,No,2.0,Not Graduate,Yes,2183,1330,210,300.0,1.0,Rural,N,3513,16.649289099526065,16.728571428571428
,Yes,2.0,Not Graduate,Yes,8000,900,490,480.0,,Urban,N,8900,18.126272912423627,18.163265306122447
Male,No,3.0,Graduate,No,7333,1083,150,84.0,0.0,Semiurban,N,8416,55.735099337748345,56.10666666666667
,No,1.0,Not Graduate,No,9323,688,175,,0.0,Semiurban,N,10011,56.88068181818182,57.205714285714286
Male,No,0.0,Not Graduate,No,5042,2383,44,360.0,1.0,Urban,N,7425,165.0,168.75
,,,Graduate,No,2301,7750,93,60.0,,Urban,Y,10051,106.9255319148936,108.0752688172043
Female,Yes,2.0,Graduate,No,3416,4750,120,,1.0,Semiurban,N,8166,67.48760330578513,68.05
Male,No,2.0,Graduate,Yes,8666,3167,115,84.0,0.0,Rural,Y,11833,102.00862068965516,102.89565217391305
,Yes,3.0,Not Graduate,,12000,1666,74,60.0,,Urban,Y,13666,182.2133333333333,184.67567567567568
,Yes,0.0,Graduate,Yes,2200,1590,97,120.0,,Urban,N,3790,38.67346938775511,39.07216494845361
Male,No,,Not Graduate,No,2333,4595,315,480.0,0.0,Urban,Y,6928,21.924050632911392,21.993650793650794
Male,No,1.0,Not Graduate,,13650,1330,165,300.0,0.0,Semiurban,N,14980,90.24096385542168,90.78787878787878
Female,No,0.0,Not Graduate,Yes,3189,6250,255,300.0,1.0,Semiurban,N,9439,36.87109375,37.015686274509804
Male,No,2.0,Graduate,Yes,4166,1250,85,,,Semiurban,Y,5416,62.97674418604651,63.71764705882353
,Yes,1.0,Not Graduate,No,3200,3600,290,,,Urban,Y,6800,23.36769759450172,23.448275862068964
Male,No,3.0,Graduate,No,5166,983,59,180.0,1.0,Urban,Y,6149,102.48333333333332,104.22033898305085
Female,Yes,,Not Graduate,Yes,2875,500,93,,1.0,Semiurban,N,3375,35.90425531914894,36.29032258064516
Male,Yes,3.0,Not Graduate,,5166,2900,125,120.0,0.0,Rural,N,8066,64.01587301587301,64.528
Male,,,Graduate,Yes,4843,4486,436,120.0,0.0,Semiurban,N,9329,21.347826086956523,21.396788990825687
Male,Yes,1.0,Not Graduate,,6747,2250,160,240.0,0.0,Urban,N,8997,55.88198757763975,56.23125
Male,,1.0,Not Graduate,No,3366,3750,122,120.0,1.0,Rural,N,7116,57.85365853658536,58.32786885245902
Female,Yes,2.0,Graduate,Yes,2500,7750,122,240.0,0.0,Rural,Y,10250,83.33333333333333,84.01639344262296
Male,,3.0,Not Graduate,,2275,983,88,360.0,,Semiurban,Y,3258,36.60674157303371,37.02272727272727
Male,Yes,2.0,Graduate,Yes,2666,2791,370,,0.0,Semiurban,N,5457,14.7088948787062,14.748648648648649
Male,Yes,0.0,Graduate,No,2577,1300,90,300.0,0.0,Urban,Y,3877,42.604395604395606,43.077777777777776
,No,2.0,Graduate,No,2708,1640,90,180.0,,Rural,Y,4348,47.78021978021978,48.31111111111111
,Yes,1.0,Graduate,,1000,1213,80,84.0,,Urban,N,2213,27.320987654320987,27.6625
,Yes,0.0,Graduate,,2200,6000,650,180.0,,Urban,N,8200,12.59600614439324,12.615384615384615
Male,,0.0,Not Graduate,Yes,2500,3600,59,60.0,1.0,Urban,N,6100,101.66666666666669,103.38983050847457
,,2.0,Not Graduate,Yes,3200,2583,600,84.0,,Rural,N,5783,9.622296173044925,9.638333333333334
Female,,3.0,Graduate,No,2178,2000,115,,,Urban,N,4178,36.01724137931034,36.3304347826087
,,,Graduate,Yes,2799,983,99,480.0,1.0,Urban,Y,3782,37.82,38.2020202020202
Male,No,,Not Graduate,,5417,1330,255,84.0,,Urban,N,6747,26.35546875,26.458823529411763
Female,No,2.0,Graduate,Yes,7100,2791,140,84.0,1.0,Urban,Y,9891,70.14893617021276,70.65
Male,,2.0,Not Graduate,Yes,150,2133,315,360.0,,Rural,N,2283,7.224683544303797,7.247619047619048
Male,,3.0,Graduate,,6080,1030,175,84.0,1.0,Semiurban,Y,7110,40.39772727272727,40.628571428571426
,Yes,2.0,Graduate,No,3500,3022,201,120.0,1.0,Urban,N,6522,32.28712871287129,32.44776119402985
Male,,0.0,Graduate,Yes,3750,700,110,84.0,,Urban,N,4450,40.090090090090094,40.45454545454545
Female,Yes,2.0,Not Graduate,No,12841,0,25,300.0,,Urban,N,12841,493.88461538461536,513.64
Female,Yes,3.0,Not Graduate,No,6080,2853,495,300.0,,Rural,N,8933,18.010080645161292,18.046464646464646
Male,Yes,3.0,Graduate,No,4300,1250,160,,1.0,Urban,Y,5550,34.47204968944099,34.6875
Female,Yes,3.0,Graduate,Yes,1863,5063,350,60.0,0.0,Urban,N,6926,19.73219373219373,19.78857142857143
Female,No,3.0,Graduate,,3073,1640,67,180.0,0.0,Urban,N,4713,69.30882352941177,70.34328358208955
Female,Yes,,Not Graduate,Yes,12000,1516,376,60.0,1.0,Urban,N,13516,35.851458885941646,35.9468085106383
,,3.0,Not Graduate,,24763,3167,160,480.0,,Rural,N,27930,173.47826086956522,174.5625
Male,No,,Graduate,No,3029,700,90,60.0,0.0,Rural,N,3729,40.97802197802198,41.43333333333333
,,1.0,Not Graduate,No,7200,1516,255,300.0,,Semiurban,Y,8716,34.046875,34.180392156862744
,No,3.0,Graduate,No,4300,5266,58,84.0,,Urban,Y,9566,162.135593220339,164.93103448275863
,No,0.0,Graduate,No,7333,3369,139,60.0,,Urban,N,10702,76.44285714285714,76.99280575539568
Male,No,3.0,Not Graduate,,2132,3500,600,60.0,1.0,Rural,Y,5632,9.371048252911814,9.386666666666667
Male,Yes,0.0,Not Graduate,No,3666,3263,490,84.0,,Semiurban,Y,6929,14.112016293279025,14.140816326530611
Male,No,2.0,Graduate,Yes,2000,1250,133,,1.0,Rural,N,3250,24.253731343283583,24.43609022556391
,,2.0,Not Graduate,Yes,2340,1250,55,480.0,0.0,Semiurban,N,3590,64.10714285714286,65.27272727272727
Female,,,Not Graduate,,4000,2330,113,120.0,0.0,Rural,N,6330,55.526315789473685,56.017699115044245
Female,Yes,0.0,Graduate,Yes,2071,688,122,84.0,,Rural,Y,2759,22.43089430894309,22.614754098360656
Male,,0.0,Graduate,,24763,5625,120,480.0,,Urban,N,30388,251.1404958677686,253.23333333333332
Male,No,2.0,Graduate,,2178,5701,81,300.0,,Semiurban,N,7879,96.08536585365852,97.27160493827161
Male,Yes,2.0,Not Graduate,,2147,3167,120,240.0,0.0,Semiurban,Y,5314,43.917355371900825,44.28333333333333
,,3.0,Not Graduate,No,12841,4167,110,300.0,,Urban,N,17008,153.22522522522522,154.61818181818182
Female,No,,Graduate,Yes,2000,4983,192,84.0,,Urban,N,6983,36.18134715025906,36.369791666666664
Male,Yes,0.0,Graduate,,5042,2330,47,480.0,0.0,Rural,N,7372,153.58333333333334,156.85106382978722
Male,,1.0,Graduate,Yes,4000,6250,83,,,Urban,Y,10250,122.02380952380952,123.49397590361446
,Yes,1.0,Not Graduate,Yes,7451,1800,184,240.0,,Urban,Y,9251,50.005405405405405,50.27717391304348
,,,Not Graduate,Yes,6400,5250,67,84.0,,Rural,N,11650,171.3235294117647,173.88059701492537
Female,No,1.0,Graduate,No,12000,1929,25,,1.0,Urban,N,13929,535.7307692307693,557.16
Female,No,2.0,Graduate,,2178,900,55,,,Rural,Y,3078,54.96428571428572,55.96363636363636
Male,No,3.0,Graduate,,2000,7210,90,240.0,1.0,Semiurban,N,9210,101.2087912087912,102.33333333333333
Female,Yes,2.0,Not Graduate,No,13650,3066,192,300.0,0.0,Rural,Y,16716,86.61139896373057,87.0625
Male,No,2.0,Not Graduate,No,2473,2250,137,120.0,0.0,Rural,N,4723,34.22463768115942,34.47445255474452
Male,Yes,,Graduate,Yes,8333,5063,131,300.0,1.0,Urban,N,13396,101.48484848484848,102.25954198473282
Male,No,2.0,Graduate,No,3416,5750,600,300.0,0.0,Rural,N,9166,15.251247920133112,15.276666666666667
Female,No,,Not Graduate,No,2333,4595,150,60.0,,Rural,N,6928,45.88079470198676,46.18666666666667
Male,No,,Not Graduate,,2000,5250,118,60.0,0.0,Urban,N,7250,60.92436974789916,61.440677966101696
,,0.0,Graduate,,2333,4486,150,60.0,,Semiurban,Y,6819,45.158940397351,45.46
Male,,3.0,Not Graduate,Yes,7333,3600,116,180.0,1.0,Rural,N,10933,93.44444444444444,94.25
Male,No,,Graduate,No,2014,1250,66,120.0,,Semiurban,N,3264,48.71641791044776,49.45454545454545
Male,,1.0,Graduate,No,2237,5654,144,480.0,0.0,Urban,N,7891,54.42068965517242,54.798611111111114
,Yes,1.0,Not Graduate,Yes,7100,1929,100,120.0,1.0,Rural,N,9029,89.39603960396039,90.29
Male,No,,Not Graduate,Yes,12000,1843,300,360.0,0.0,Urban,N,13843,45.99003322259136,46.14333333333333
,No,3.0,Not Graduate,Yes,13650,1083,208,360.0,,Semiurban,N,14733,70.49282296650718,70.83173076923077
Male,Yes,0.0,Graduate,No,2473,1459,166,240.0,1.0,Semiurban,Y,3932,23.54491017964072,23.686746987951807
Male,Yes,2.0,Not Graduate,,2708,4000,155,180.0,,Urban,N,6708,43.0,43.27741935483871
,,3.0,Not Graduate,Yes,8666,5654,144,300.0,,Urban,N,14320,98.75862068965516,99.44444444444444
Male,Yes,1.0,Graduate,Yes,2950,1500,55,120.0,0.0,Rural,N,4450,79.46428571428571,80.9090909090909
,Yes,0.0,Not Graduate,Yes,2395,4750,136,60.0,0.0,Rural,N,7145,52.153284671532845,52.536764705882355
Male,No,2.0,Not Graduate,Yes,3800,5250,47,84.0,0.0,Urban,Y,9050,188.54166666666663,192.5531914893617
,No,0.0,Graduate,,3666,4983,59,60.0,1.0,Rural,Y,8649,144.15,146.59322033898306
,Yes,,Not Graduate,No,2927,1330,110,60.0,1.0,Urban,N,4257,38.35135135135136,38.7
Male,,3.0,Not Graduate,Yes,2473,1666,72,360.0,,Semiurban,N,4139,56.6986301369863,57.486111111111114
Male,Yes,,Graduate,,4843,3440,308,120.0,0.0,Urban,N,8283,26.805825242718445,26.892857142857142
,,0.0,Graduate,Yes,8000,3066,97,300.0,1.0,Rural,N,11066,112.91836734693878,114.08247422680412
,Yes,2.0,Graduate,Yes,3846,2142,154,120.0,1.0,Urban,N,5988,38.63225806451613,38.883116883116884
Female,,0.0,Not Graduate,No,2275,1640,83,360.0,0.0,Semiurban,N,3915,46.60714285714285,47.16867469879518
Male,Yes,1.0,Graduate,,6250,4300,94,360.0,0.0,Rural,N,10550,111.05263157894736,112.23404255319149
,,3.0,Graduate,No,12841,6000,650,120.0,1.0,Urban,N,18841,28.94162826420891,28.986153846153847
Male,No,0.0,Graduate,No,13650,7210,100,300.0,0.0,Urban,N,20860,206.5346534653465,208.6
Female,,2.0,Graduate,,1928,3167,349,84.0,1.0,Semiurban,N,5095,14.557142857142855,14.598853868194842
Female,Yes,0.0,Not Graduate,No,2266,1516,98,84.0,0.0,Semiurban,Y,3782,38.2020202020202,38.59183673469388
,,1.0,Not Graduate,Yes,1928,736,78,360.0,1.0,Semiurban,Y,2664,33.721518987341774,34.15384615384615
Female,Yes,0.0,Not Graduate,,5166,985,436,,0.0,Rural,N,6151,14.075514874141875,14.107798165137615
Female,,,Not Graduate,,2500,4196,131,240.0,0.0,Urban,N,6696,50.72727272727273,51.11450381679389
Male,,0.0,Not Graduate,No,3600,2142,290,480.0,0.0,Rural,Y,5742,19.7319587628866,19.8
Male,No,0.0,Not Graduate,No,2479,4750,330,180.0,0.0,Urban,Y,7229,21.83987915407855,21.906060606060606
,Yes,3.0,Not Graduate,No,2600,6000,109,60.0,,Semiurban,N,8600,78.18181818181819,78.89908256880734
,No,0.0,Graduate,Yes,3366,3167,201,180.0,1.0,Semiurban,Y,6533,32.34158415841584,32.50248756218905
Male,,,Not Graduate,No,2491,3022,155,360.0,,Urban,N,5513,35.33974358974359,35.56774193548387
Male,No,0.0,Graduate,,1928,830,176,,1.0,Rural,Y,2758,15.581920903954805,15.670454545454545
Female,No,3.0,Not Graduate,Yes,1800,1300,90,300.0,1.0,Semiurban,N,3100,34.065934065934066,34.44444444444444
Male,No,2.0,Not Graduate,Yes,5000,3583,275,180.0,1.0,Rural,N,8583,31.097826086956523,31.21090909090909
Male,Yes,,Graduate,No,6400,736,308,300.0,,Rural,N,7136,23.093851132686083,23.16883116883117
Female,No,3.0,Graduate,No,3625,2500,113,480.0,,Rural,Y,6125,53.7280701754386,54.203539823008846
,,0.0,Not Graduate,,15000,700,120,60.0,0.0,Rural,N,15700,129.7520661157025,130.83333333333334
Female,,0.0,Not Graduate,,5417,2330,312,360.0,,Semiurban,N,7747,24.750798722044728,24.830128205128204
Female,,1.0,Not Graduate,,2014,1250,112,60.0,,Semiurban,Y,3264,28.884955752212388,29.142857142857142
,,2.0,Not Graduate,,2718,6250,650,60.0,1.0,Semiurban,N,8968,13.775729646697387,13.796923076923077
Female,,3.0,Graduate,,20166,2791,192,180.0,,Urban,Y,22957,118.94818652849742,119.56770833333333
Male,Yes,3.0,Not Graduate,,4950,2142,255,60.0,1.0,Rural,N,7092,27.703125,27.811764705882354
,No,,Graduate,No,24763,4595,90,120.0,1.0,Urban,N,29358,322.61538461538464,326.2
Female,Yes,1.0,Not Graduate,,2645,3583,275,60.0,0.0,Semiurban,N,6228,22.565217391304348,22.64727272727273
Female,,0.0,Not Graduate,Yes,2237,1030,93,60.0,1.0,Semiurban,N,3267,34.755319148936174,35.12903225806452
,Yes,0.0,Graduate,Yes,2473,2583,97,60.0,1.0,Urban,N,5056,51.59183673469388,52.123711340206185
Male,No,1.0,Graduate,Yes,2395,3500,137,480.0,0.0,Urban,Y,5895,42.71739130434783,43.02919708029197
Male,No,0.0,Not Graduate,No,2395,4300,192,120.0,,Urban,Y,6695,34.689119170984455,34.869791666666664
Female,,,Graduate,Yes,3522,7750,141,120.0,1.0,Rural,N,11272,79.38028169014085,79.94326241134752
Male,,0.0,Graduate,Yes,2237,2133,184,120.0,1.0,Semiurban,Y,4370,23.62162162162162,23.75
,,0.0,Graduate,,2340,5654,66,120.0,,Urban,N,7994,119.31343283582088,121.12121212121212
Male,No,2.0,Graduate,No,1000,2531,187,84.0,,Semiurban,N,3531,18.78191489361702,18.88235294117647
Male,,2.0,Graduate,,7100,5063,267,120.0,,Semiurban,N,12163,45.38432835820896,45.554307116104866
Female,No,3.0,Graduate,Yes,5266,2083,154,240.0,1.0,Urban,N,7349,47.41290322580645,47.72077922077922
,No,0.0,Graduate,No,4950,4300,370,360.0,,Rural,Y,9250,24.932614555256063,25.0
Male,,1.0,Graduate,Yes,5042,3600,192,480.0,,Rural,N,8642,44.77720207253886,45.010416666666664
Male,No,0.0,Not Graduate,Yes,1000,4750,312,180.0,1.0,Urban,Y,5750,18.370607028753994,18.42948717948718
Female,No,3.0,Graduate,No,4300,2791,104,84.0,1.0,Rural,N,7091,67.53333333333333,68.1826923076923
,Yes,1.0,Graduate,,3333,4486,175,,1.0,Semiurban,Y,7819,44.42613636363637,44.68
Female,,0.0,Graduate,Yes,3416,2750,144,240.0,,Semiurban,N,6166,42.52413793103448,42.81944444444444
Male,Yes,1.0,Not Graduate,,7200,2500,85,300.0,,Semiurban,N,9700,112.7906976744186,114.11764705882354
Female,,1.0,Not Graduate,,2577,2045,72,,,Semiurban,N,4622,63.31506849315068,64.19444444444444
Male,,1.0,Not Graduate,Yes,1000,4595,100,480.0,,Rural,N,5595,55.3960396039604,55.95
Female,Yes,0.0,Graduate,No,2183,3806,109,240.0,,Rural,Y,5989,54.44545454545455,54.944954128440365
,,,Not Graduate,Yes,4950,2045,125,120.0,,Urban,N,6995,55.51587301587302,55.96
Male,No,2.0,Graduate,,3416,1868,115,84.0,1.0,Urban,Y,5284,45.55172413793103,45.947826086956525
Male,Yes,1.0,Graduate,,7100,500,116,300.0,,Rural,N,7600,64.95726495726495,65.51724137931035
Male,No,1.0,Not Graduate,No,2853,3500,137,,1.0,Rural,N,6353,46.03623188405797,46.372262773722625
Female,,3.0,Not Graduate,Yes,1625,4196,97,480.0,0.0,Semiurban,N,5821,59.39795918367347,60.01030927835052
Male,Yes,,Graduate,,2400,688,139,,1.0,Semiurban,N,3088,22.057142857142857,22.215827338129497
Female,Yes,2.0,Not Graduate,Yes,2071,1516,152,240.0,0.0,Rural,N,3587,23.444444444444443,23.598684210526315
,,,Graduate,No,1977,2083,55,120.0,1.0,Rural,N,4060,72.5,73.81818181818181
Female,,0.0,Graduate,No,3625,3750,99,,0.0,Rural,N,7375,73.75,74.4949494949495
Male,No,3.0,Graduate,,3200,1213,168,60.0,,Rural,N,4413,26.11242603550296,26.267857142857142
Male,Yes,,Not Graduate,,3625,736,98,120.0,1.0,Semiurban,N,4361,44.05050505050505,44.5
,Yes,1.0,Graduate,No,2708,3263,17,60.0,1.0,Urban,N,5971,331.72222222222223,351.2352941176471
Female,,,Not Graduate,Yes,8000,1213,139,,,Semiurban,N,9213,65.80714285714286,66.28057553956835
Male,No,2.0,Graduate,Yes,2645,1843,50,300.0,,Semiurban,N,4488,88.0,89.76
Female,No,0.0,Graduate,,3522,2083,330,360.0,,Semiurban,N,5605,16.93353474320242,16.984848484848484
Male,No,,Not Graduate,Yes,13650,2667,137,480.0,1.0,Semiurban,N,16317,118.2391304347826,119.10218978102189
Male,No,1.0,Not Graduate,Yes,3750,5266,122,240.0,1.0,Semiurban,N,9016,73.30081300813008,73.90163934426229
Female,No,2.0,Not Graduate,No,2266,3600,78,84.0,1.0,Semiurban,N,5866,74.25316455696202,75.2051282051282
Male,,1.0,Not Graduate,No,2383,3022,30,300.0,,Semiurban,N,5405,174.3548387096774,180.16666666666666
,No,2.0,Graduate,Yes,5042,500,125,480.0,1.0,Urban,N,5542,43.98412698412698,44.336
Female,,2.0,Graduate,Yes,3416,688,154,180.0,,Urban,N,4104,26.47741935483871,26.649350649350648
,,3.0,Not Graduate,No,2491,2853,187,240.0,0.0,Urban,N,5344,28.42553191489361,28.577540106951872
,No,3.0,Graduate,,12841,1083,228,,1.0,Urban,Y,13924,60.80349344978166,61.07017543859649
Female,,3.0,Graduate,,5266,4417,120,300.0,1.0,Rural,N,9683,80.02479338842976,80.69166666666666
Male,Yes,,Graduate,,10513,1640,600,120.0,1.0,Rural,N,12153,20.22129783693844,20.255
,No,3.0,Graduate,Yes,2483,1500,312,84.0,,Rural,N,3983,12.725239616613418,12.76602564102564
,,1.0,Not Graduate,,11000,5250,140,240.0,1.0,Semiurban,N,16250,115.2482269503546,116.07142857142857
Male,Yes,1.0,Graduate,Yes,2483,2416,600,240.0,0.0,Semiurban,Y,4899,8.151414309484194,8.165
Male,Yes,1.0,Not Graduate,Yes,13650,2791,140,240.0,,Urban,N,16441,116.60283687943264,117.43571428571428
,,3.0,Not Graduate,No,3522,6000,59,300.0,1.0,Urban,N,9522,158.7,161.38983050847457
Female,No,0.0,Graduate,No,4843,983,88,300.0,,Semiurban,Y,5826,65.46067415730337,66.20454545454545
Female,Yes,1.0,Not Graduate,No,9323,1451,75,180.0,,Semiurban,N,10774,141.76315789473685,143.65333333333334
Male,No,2.0,Graduate,No,12841,3440,133,300.0,1.0,Semiurban,N,16281,121.5,122.41353383458646
Female,Yes,0.0,Graduate,No,6250,3600,110,,0.0,Semiurban,N,9850,88.73873873873873,89.54545454545455
Male,Yes,1.0,Graduate,,1977,4595,275,300.0,,Urban,Y,6572,23.81159420289855,23.89818181818182
Male,Yes,2.0,Graduate,Yes,2473,2416,74,120.0,1.0,Semiurban,Y,4889,65.18666666666667,66.06756756756756
,,0.0,Not Graduate,No,6080,700,131,60.0,,Semiurban,N,6780,51.36363636363637,51.7557251908397
,No,3.0,Graduate,No,3366,985,98,,0.0,Rural,Y,4351,43.94949494949495,44.39795918367347
Male,Yes,3.0,Not Graduate,Yes,2275,983,95,480.0,1.0,Urban,Y,3258,33.9375,34.294736842105266
Male,,1.0,Graduate,,2500,1868,312,120.0,1.0,Rural,N,4368,13.955271565495208,14.0
Female,,1.0,Graduate,,2000,1929,88,360.0,1.0,Rural,N,3929,44.146067415730336,44.64772727272727
,No,,Graduate,Yes,9323,3369,50,360.0,0.0,Semiurban,Y,12692,248.86274509803923,253.84
Male,Yes,,Not Graduate,Yes,2400,700,158,,0.0,Rural,N,3100,19.49685534591195,19.620253164556964
Female,,3.0,Not Graduate,No,2491,4300,137,,1.0,Semiurban,N,6791,49.21014492753624,49.56934306569343
Female,No,,Graduate,No,12000,2416,150,300.0,1.0,Rural,N,14416,95.47019867549668,96.10666666666667
,,0.0,Not Graduate,Yes,4843,4167,200,60.0,1.0,Rural,N,9010,44.82587064676617,45.05
Female,No,2.0,Graduate,No,15000,2416,290,84.0,,Semiurban,N,17416,59.84879725085911,60.0551724137931
,Yes,0.0,Not Graduate,,6080,7210,176,120.0,0.0,Urban,N,13290,75.08474576271186,75.51136363636364
Female,Yes,,Graduate,No,5042,3369,50,300.0,1.0,Rural,Y,8411,164.92156862745097,168.22
,Yes,,Graduate,No,2483,5654,165,360.0,1.0,Semiurban,N,8137,49.01807228915663,49.31515151515151
,,0.0,Not Graduate,No,5417,2583,152,360.0,,Urban,N,8000,52.2875816993464,52.63157894736842
Male,No,1.0,Not Graduate,Yes,3250,3167,133,240.0,0.0,Urban,N,6417,47.88805970149254,48.24812030075188
Female,No,3.0,Not Graduate,Yes,3800,2133,58,480.0,0.0,Semiurban,N,5933,100.55932203389833,102.29310344827586
Female,No,0.0,Graduate,Yes,10000,2853,97,,0.0,Rural,N,12853,131.1530612244898,132.50515463917526
,,1.0,Not Graduate,,3800,754,94,480.0,1.0,Semiurban,N,4554,47.93684210526316,48.4468085106383
Male,,0.0,Graduate,No,6400,2383,166,300.0,1.0,Urban,N,8783,52.59281437125748,52.90963855421687
Male,No,3.0,Not Graduate,Yes,6250,1250,131,480.0,0.0,Urban,N,7500,56.81818181818182,57.25190839694657
,No,,Graduate,Yes,2237,2531,131,480.0,0.0,Semiurban,N,4768,36.121212121212125,36.396946564885496
Female,No,2.0,Graduate,No,2799,3600,115,120.0,0.0,Semiurban,Y,6399,55.16379310344828,55.643478260869564
Female,Yes,1.0,Not Graduate,No,5166,3022,141,360.0,1.0,Semiurban,N,8188,57.66197183098591,58.0709219858156
Female,No,3.0,Graduate,,2071,4750,75,240.0,1.0,Urban,N,6821,89.75,90.94666666666667
,Yes,3.0,Not Graduate,,2132,736,100,240.0,0.0,Semiurban,N,2868,28.3960396039604,28.68
Male,,,Not Graduate,,3200,6250,115,180.0,,Urban,Y,9450,81.46551724137932,82.17391304347827
Male,Yes,1.0,Not Graduate,,2340,1330,228,360.0,,Semiurban,N,3670,16.026200873362445,16.096491228070175
Female,,2.0,Graduate,,8333,1250,184,120.0,1.0,Rural,N,9583,51.8,52.08152173913044
Male,,2.0,Not Graduate,Yes,12841,3806,201,84.0,,Urban,N,16647,82.41089108910892,82.82089552238806
Female,Yes,1.0,Not Graduate,Yes,3625,1666,99,240.0,0.0,Urban,Y,5291,52.91,53.44444444444444
Female,No,3.0,Graduate,Yes,13650,2330,155,360.0,0.0,Rural,N,15980,102.43589743589745,103.09677419354838
Male,No,,Graduate,,2491,754,93,480.0,1.0,Urban,N,3245,34.52127659574468,34.89247311827957
Male,Yes,0.0,Not Graduate,No,10513,2583,290,180.0,,Rural,Y,13096,45.00343642611684,45.15862068965517
Male,,3.0,Graduate,No,3052,1459,120,240.0,1.0,Urban,N,4511,37.28099173553719,37.59166666666667
,,1.0,Graduate,No,2500,1868,225,180.0,1.0,Semiurban,N,4368,19.327433628318584,19.413333333333334
Female,,,Not Graduate,Yes,1977,1868,370,180.0,1.0,Urban,N,3845,10.36388140161725,10.391891891891891
,No,1.0,Not Graduate,,2479,1300,104,60.0,,Semiurban,Y,3779,35.99047619047619,36.33653846153846
,Yes,0.0,Graduate,,2473,5063,109,300.0,0.0,Semiurban,N,7536,68.50909090909092,69.13761467889908
,,2.0,Not Graduate,No,7451,5250,30,,,Semiurban,N,12701,409.7096774193548,423.3666666666667
,No,2.0,Not Graduate,,2473,2083,114,60.0,1.0,Rural,N,4556,39.61739130434783,39.96491228070175
,No,1.0,Not Graduate,No,2666,1213,700,360.0,0.0,Rural,N,3879,5.533523537803139,5.541428571428572
Male,Yes,,Not Graduate,No,2183,2133,140,84.0,,Rural,Y,4316,30.609929078014183,30.82857142857143
Female,No,,Graduate,Yes,5042,1964,349,240.0,0.0,Urban,N,7006,20.01714285714285,20.074498567335244
Female,Yes,2.0,Not Graduate,,8666,3500,154,84.0,,Rural,Y,12166,78.49032258064516,79.0
Female,Yes,3.0,Not Graduate,,8666,4750,158,84.0,,Semiurban,N,13416,84.37735849056604,84.9113924050633
,Yes,,Graduate,Yes,2147,830,650,120.0,1.0,Rural,Y,2977,4.572964669738863,4.58
Male,,3.0,Graduate,No,4843,3022,100,360.0,0.0,Rural,N,7865,77.87128712871286,78.65
Female,Yes,,Not Graduate,,6250,3440,308,240.0,0.0,Rural,N,9690,31.359223300970875,31.461038961038962
,Yes,3.0,Not Graduate,Yes,3500,500,187,84.0,0.0,Rural,N,4000,21.27659574468085,21.390374331550802
,Yes,1.0,Graduate,Yes,24763,700,122,240.0,1.0,Semiurban,N,25463,207.01626016260164,208.71311475409837
Male,No,0.0,Graduate,,7200,2583,240,240.0,,Rural,N,9783,40.593360995850624,40.7625
Male,Yes,2.0,Not Graduate,No,3250,4750,88,60.0,0.0,Urban,N,8000,89.88764044943821,90.9090909090909
Female,,,Not Graduate,No,6250,6250,59,,0.0,Urban,Y,12500,208.3333333333333,211.864406779661
Female,Yes,1.0,Not Graduate,Yes,2479,5750,75,,,Semiurban,Y,8229,108.27631578947368,109.72
Male,No,1.0,Graduate,,13650,2133,330,360.0,0.0,Semiurban,Y,15783,47.68277945619335,47.82727272727273
Female,No,,Not Graduate,Yes,2178,2583,200,360.0,1.0,Semiurban,N,4761,23.686567164179102,23.805
Female,Yes,2.0,Graduate,,3073,800,290,120.0,1.0,Rural,N,3873,13.309278350515465,13.355172413793104
Female,Yes,1.0,Not Graduate,No,2183,2250,100,360.0,,Urban,N,4433,43.89108910891089,44.33
Female,No,1.0,Not Graduate,No,4950,6250,120,480.0,0.0,Semiurban,Y,11200,92.56198347107438,93.33333333333333
Male,Yes,0.0,Graduate,No,3625,2583,490,,,Rural,N,6208,12.643584521384929,12.66938775510204
Female,Yes,0.0,Not Graduate,Yes,3600,900,115,300.0,1.0,Semiurban,N,4500,38.793103448275865,39.130434782608695
Female,No,3.0,Not Graduate,No,3500,5250,109,84.0,0.0,Semiurban,N,8750,79.54545454545455,80.27522935779817
,No,1.0,Graduate,No,7100,2750,131,360.0,1.0,Urban,N,9850,74.62121212121212,75.19083969465649
Male,,,Graduate,Yes,3052,5063,182,480.0,1.0,Semiurban,N,8115,44.34426229508197,44.58791208791209
Male,,2.0,Not Graduate,Yes,20166,3449,495,360.0,0.0,Semiurban,N,23615,47.61088709677419,47.707070707070706
,Yes,2.0,Not Graduate,,5500,2667,160,480.0,,Urban,N,8167,50.72670807453416,51.04375
,No,2.0,Not Graduate,No,5316,5250,182,60.0,1.0,Urban,N,10566,57.73770491803279,58.05494505494506
Male,Yes,,Not Graduate,Yes,8000,700,136,300.0,0.0,Semiurban,Y,8700,63.503649635036496,63.970588235294116
Female,No,1.0,Graduate,No,3052,1640,158,120.0,0.0,Urban,N,4692,29.50943396226415,29.696202531645568
Female,Yes,2.0,Not Graduate,,2666,3750,94,120.0,1.0,Urban,N,6416,67.53684210526316,68.25531914893617
,No,1.0,Not Graduate,Yes,1863,3600,67,120.0,1.0,Rural,Y,5463,80.33823529411765,81.53731343283582
,,2.0,Not Graduate,Yes,7200,688,137,360.0,,Rural,N,7888,57.15942028985507,57.57664233576642
Male,,0.0,Not Graduate,,3029,900,90,84.0,0.0,Rural,N,3929,43.175824175824175,43.65555555555556
Male,,0.0,Graduate,No,2927,700,141,84.0,,Urban,N,3627,25.54225352112676,25.72340425531915
Female,,2.0,Graduate,No,2237,2383,187,60.0,0.0,Urban,Y,4620,24.574468085106385,24.705882352941178
,No,0.0,Graduate,,10513,2791,165,180.0,1.0,Semiurban,N,13304,80.144578313253,80.63030303030303
Male,Yes,3.0,Graduate,No,12000,1330,110,84.0,1.0,Urban,N,13330,120.09009009009009,121.18181818181819
,Yes,,Graduate,Yes,2060,900,59,60.0,,Semiurban,N,2960,49.333333333333336,50.16949152542373
Male,No,0.0,Graduate,No,150,985,58,480.0,1.0,Urban,N,1135,19.23728813559322,19.56896551724138
Female,,0.0,Not Graduate,,7451,1330,165,300.0,1.0,Semiurban,Y,8781,52.897590361445786,53.21818181818182
Male,No,0.0,Graduate,,12000,1451,81,60.0,0.0,Rural,Y,13451,164.03658536585365,166.06172839506172
,,,Graduate,,3073,4196,112,60.0,0.0,Semiurban,N,7269,64.32743362831859,64.90178571428571
,Yes,,Not Graduate,,3500,754,150,180.0,0.0,Urban,Y,4254,28.17218543046357,28.36
Female,,,Graduate,Yes,4583,0,112,360.0,0.0,Urban,N,4583,40.55752212389381,40.919642857142854
Female,No,2.0,Not Graduate,,7100,2500,70,120.0,,Urban,Y,9600,135.2112676056338,137.14285714285714
Female,,,Not Graduate,No,2583,1300,125,300.0,,Rural,N,3883,30.81746031746032,31.064
,No,2.0,Not Graduate,,3000,4983,104,480.0,,Semiurban,N,7983,76.02857142857142,76.75961538461539
Female,No,,Not Graduate,No,5000,3583,267,60.0,0.0,Urban,N,8583,32.026119402985074,32.146067415730336
Male,,0.0,Graduate,,9323,3333,312,300.0,1.0,Rural,N,12656,40.43450479233227,40.56410256410256
,No,3.0,Not Graduate,Yes,10513,983,160,360.0,0.0,Rural,Y,11496,71.40372670807453,71.85
Female,No,2.0,Graduate,,7451,1213,275,,0.0,Rural,N,8664,31.39130434782609,31.505454545454544
Female,Yes,,Graduate,Yes,2147,0,180,480.0,1.0,Urban,N,2147,11.861878453038674,11.927777777777777
Male,Yes,1.0,Graduate,,2577,3333,650,60.0,0.0,Rural,N,5910,9.078341013824884,9.092307692307692
,,1.0,Not Graduate,No,150,6000,350,,,Rural,N,6150,17.521367521367523,17.571428571428573
Female,No,1.0,Not Graduate,No,2875,700,158,120.0,0.0,Rural,N,3575,22.48427672955975,22.626582278481013
Female,No,,Not Graduate,No,2853,1843,128,60.0,0.0,Rural,Y,4696,36.4031007751938,36.6875
,Yes,1.0,Graduate,No,2483,5266,115,60.0,,Urban,N,7749,66.80172413793103,67.38260869565218
Male,Yes,1.0,Graduate,No,3189,1083,44,180.0,1.0,Urban,N,4272,94.93333333333334,97.0909090909091
Male,Yes,3.0,Not Graduate,,2383,2750,58,,0.0,Urban,N,5133,87.0,88.5
Male,,2.0,Not Graduate,No,7200,2083,158,120.0,1.0,Rural,N,9283,58.38364779874214,58.75316455696203
Female,No,2.0,Graduate,Yes,3200,1666,275,180.0,,Rural,N,4866,17.630434782608695,17.694545454545455
Female,No,,Not Graduate,Yes,3366,2531,113,180.0,0.0,Semiurban,N,5897,51.7280701754386,52.1858407079646
Female,,3.0,Not Graduate,Yes,7333,1030,370,120.0,1.0,Semiurban,N,8363,22.54177897574124,22.602702702702704
Male,Yes,2.0,Not Graduate,,2853,2000,208,480.0,1.0,Urban,N,4853,23.220095693779903,23.33173076923077
,Yes,2.0,Not Graduate,No,8666,1083,133,300.0,1.0,Urban,N,9749,72.75373134328358,73.30075187969925
Male,Yes,1.0,Not Graduate,Yes,10513,700,66,240.0,0.0,Rural,N,11213,167.3582089552239,169.8939393939394
Female,Yes,,Not Graduate,Yes,3800,4866,160,60.0,0.0,Rural,N,8666,53.82608695652174,54.1625
Male,,1.0,Graduate,Yes,2178,4196,436,360.0,1.0,Rural,N,6374,14.585812356979403,14.619266055045872
,Yes,3.0,Not Graduate,No,5042,1250,349,360.0,,Urban,Y,6292,17.97714285714286,18.02865329512894
Male,,2.0,Not Graduate,,13650,3263,436,,1.0,Semiurban,N,16913,38.7025171624714,38.79128440366973
,Yes,2.0,Not Graduate,No,3029,5701,70,480.0,0.0,Semiurban,N,8730,122.95774647887325,124.71428571428571
,Yes,3.0,Not Graduate,No,3522,3600,182,360.0,0.0,Rural,Y,7122,38.91803278688525,39.13186813186813
,Yes,0.0,Not Graduate,No,1928,1213,116,84.0,,Semiurban,N,3141,26.846153846153847,27.07758620689655
,Yes,1.0,Graduate,Yes,9323,4866,125,60.0,,Semiurban,N,14189,112.61111111111111,113.512
,No,3.0,Graduate,No,8333,1030,165,60.0,,Semiurban,N,9363,56.40361445783133,56.74545454545454
,Yes,3.0,Not Graduate,,3167,1083,72,240.0,0.0,Urban,N,4250,58.21917808219178,59.02777777777778
,Yes,1.0,Graduate,No,1000,2900,116,120.0,0.0,Semiurban,N,3900,33.333333333333336,33.62068965517241
Male,No,1.0,Graduate,,5166,4300,47,180.0,1.0,Semiurban,N,9466,197.2083333333333,201.40425531914894
Male,Yes,1.0,Graduate,Yes,2200,2250,110,360.0,1.0,Urban,N,4450,40.090090090090094,40.45454545454545
,No,0.0,Not Graduate,Yes,5000,736,90,300.0,1.0,Semiurban,N,5736,63.03296703296704,63.733333333333334
,No,3.0,Graduate,,3666,1330,436,480.0,0.0,Semiurban,Y,4996,11.4324942791762,11.458715596330276
Female,No,3.0,Graduate,,2666,2250,308,60.0,0.0,Semiurban,N,4916,15.909385113268607,15.96103896103896
Male,Yes,0.0,Graduate,,2479,5063,158,,,Urban,N,7542,47.43396226415094,47.734177215189874
,,2.0,Graduate,No,6747,5063,76,360.0,,Semiurban,N,11810,153.37662337662337,155.39473684210526
Female,Yes,,Graduate,Yes,3600,1300,210,84.0,0.0,Semiurban,N,4900,23.222748815165875,23.333333333333332
,,0.0,Not Graduate,Yes,2600,4983,110,180.0,,Urban,Y,7583,68.31531531531532,68.93636363636364
,No,3.0,Not Graduate,Yes,2799,500,70,84.0,0.0,Rural,Y,3299,46.46478873239437,47.128571428571426
,,2.0,Not Graduate,,4843,1929,133,,0.0,Semiurban,N,6772,50.53731343283582,50.91729323308271
,,2.0,Graduate,Yes,8000,1300,370,,,Urban,Y,9300,25.06738544474393,25.135135135135137
,No,2.0,Graduate,,2491,3750,180,,1.0,Rural,N,6241,34.48066298342541,34.672222222222224
,,,Graduate,Yes,2178,7750,275,240.0,1.0,Urban,N,9928,35.971014492753625,36.10181818181818
,No,,Not Graduate,No,8666,500,152,300.0,1.0,Semiurban,N,9166,59.908496732026144,60.30263157894737
,,3.0,Graduate,Yes,2395,5701,350,300.0,0.0,Rural,Y,8096,23.065527065527064,23.13142857142857
Female,No,2.0,Graduate,,5166,3806,85,84.0,1.0,Urban,N,8972,104.32558139534883,105.55294117647058
Female,No,2.0,Graduate,No,1863,1250,116,120.0,,Rural,Y,3113,26.60683760683761,26.836206896551722
,Yes,1.0,Not Graduate,,10513,2250,88,,,Rural,Y,12763,143.40449438202248,145.0340909090909
Female,No,0.0,Not Graduate,,2875,2133,136,60.0,1.0,Rural,N,5008,36.55474452554745,36.8235294117647
Female,Yes,0.0,Not Graduate,,3000,2250,99,480.0,,Rural,N,5250,52.5,53.03030303030303
Male,No,2.0,Not Graduate,No,3000,3167,228,120.0,0.0,Urban,Y,6167,26.93013100436681,27.04824561403509
Male,No,3.0,Not Graduate,,2833,2900,330,180.0,,Rural,Y,5733,17.3202416918429,17.37272727272727
,Yes,,Not Graduate,No,2600,4486,58,60.0,,Rural,N,7086,120.10169491525424,122.17241379310344
Female,Yes,3.0,Graduate,,2178,3333,113,60.0,,Semiurban,N,5511,48.3421052631579,48.769911504424776
Female,,2.0,Not Graduate,No,2950,3600,376,240.0,1.0,Semiurban,N,6550,17.374005305039788,17.420212765957448
,Yes,1.0,Not Graduate,No,3600,3600,436,240.0,1.0,Rural,N,7200,16.475972540045767,16.513761467889907
,Yes,1.0,Graduate,Yes,2383,5654,94,120.0,0.0,Rural,Y,8037,84.6,85.5
,No,2.0,Not Graduate,No,3800,4300,100,,1.0,Rural,N,8100,80.1980198019802,81.0
Male,,2.0,Graduate,Yes,2014,3440,154,,,Urban,N,5454,35.18709677419355,35.41558441558441
Male,No,3.0,Not Graduate,No,8666,688,114,84.0,,Semiurban,Y,9354,81.3391304347826,82.05263157894737
Female,,,Not Graduate,Yes,2266,3449,168,360.0,0.0,Semiurban,Y,5715,33.81656804733728,34.017857142857146
Male,Yes,3.0,Not Graduate,Yes,2383,4167,66,,0.0,Semiurban,N,6550,97.76119402985074,99.24242424242425
Female,Yes,,Graduate,Yes,3333,1800,80,300.0,1.0,Urban,Y,5133,63.37037037037037,64.1625
,,0.0,Graduate,,3522,1459,120,60.0,0.0,Urban,Y,4981,41.16528925619835,41.50833333333333
,Yes,0.0,Not Graduate,Yes,1928,3600,240,360.0,,Semiurban,N,5528,22.937759336099585,23.033333333333335
Female,No,0.0,Graduate,No,4583,983,312,60.0,0.0,Semiurban,N,5566,17.782747603833865,17.83974358974359
Female,No,1.0,Graduate,No,2200,5701,308,120.0,,Urban,Y,7901,25.56957928802589,25.6525974025974
Female,,1.0,Not Graduate,,9323,5250,140,360.0,1.0,Urban,N,14573,103.354609929078,104.09285714285714
Male,No,2.0,Not Graduate,Yes,6747,1964,58,240.0,,Semiurban,N,8711,147.64406779661016,150.18965517241378
Female,No,0.0,Not Graduate,No,8666,1083,155,480.0,0.0,Semiurban,N,9749,62.49358974358975,62.89677419354839
,No,,Graduate,No,2301,1666,300,,,Urban,Y,3967,13.179401993355482,13.223333333333333
Male,,1.0,Graduate,Yes,3800,1964,700,60.0,0.0,Rural,Y,5764,8.222539229671897,8.234285714285715
Male,,,Not Graduate,No,6250,4300,93,360.0,,Rural,N,10550,112.23404255319149,113.44086021505376
Male,,1.0,Not Graduate,No,11000,830,308,120.0,1.0,Semiurban,Y,11830,38.28478964401295,38.40909090909091
Female,,1.0,Not Graduate,,2266,3167,47,120.0,1.0,Semiurban,N,5433,113.1875,115.59574468085107
Male,,0.0,Not Graduate,,2000,2000,155,300.0,,Urban,N,4000,25.64102564102564,25.806451612903224
,No,0.0,Not Graduate,,2439,3022,67,,0.0,Rural,Y,5461,80.30882352941177,81.50746268656717
Female,Yes,1.0,Not Graduate,Yes,1625,1929,55,480.0,,Semiurban,N,3554,63.46428571428572,64.61818181818182
Male,,2.0,Graduate,,6080,1800,140,480.0,,Semiurban,N,7880,55.88652482269504,56.285714285714285
Male,No,1.0,Graduate,,2500,1868,66,,1.0,Urban,N,4368,65.19402985074628,66.18181818181819
Male,,2.0,Not Graduate,Yes,5667,2045,88,120.0,1.0,Semiurban,N,7712,86.65168539325843,87.63636363636364
Male,,2.0,Graduate,No,1977,3333,80,240.0,,Rural,N,5310,65.55555555555556,66.375
,Yes,0.0,Graduate,No,10513,900,133,300.0,,Rural,N,11413,85.17164179104478,85.81203007518798
Female,,2.0,Graduate,Yes,5000,3333,144,,,Urban,N,8333,57.46896551724138,57.86805555555556
Female,,,Graduate,,8666,800,166,84.0,0.0,Urban,Y,9466,56.68263473053892,57.024096385542165
Male,No,,Graduate,No,2439,6250,85,360.0,0.0,Rural,Y,8689,101.03488372093024,102.2235294117647
Female,Yes,0.0,Graduate,No,24763,2083,118,60.0,1.0,Rural,Y,26846,225.5966386554622,227.5084745762712
Male,No,,Graduate,No,2071,3167,83,180.0,,Semiurban,N,5238,62.35714285714285,63.10843373493976
Male,,1.0,Graduate,,4000,1666,85,360.0,0.0,Rural,Y,5666,65.88372093023256,66.65882352941176
,Yes,,Graduate,,2645,2330,349,84.0,1.0,Urban,N,4975,14.214285714285714,14.255014326647565
Male,No,0.0,Not Graduate,Yes,24763,5063,165,480.0,1.0,Urban,N,29826,179.67469879518072,180.76363636363635
,,1.0,Not Graduate,No,12000,4750,94,180.0,0.0,Urban,Y,16750,176.31578947368422,178.19148936170214
Female,Yes,1.0,Not Graduate,Yes,2666,3806,100,240.0,,Semiurban,N,6472,64.07920792079207,64.72
Female,No,2.0,Graduate,Yes,1800,4486,192,300.0,,Semiurban,N,6286,32.5699481865285,32.739583333333336
Female,Yes,0.0,Not Graduate,Yes,3750,2900,81,60.0,,Semiurban,N,6650,81.09756097560975,82.09876543209876
Female,No,3.0,Graduate,Yes,2500,4750,650,84.0,0.0,Urban,Y,7250,11.136712749615976,11.153846153846153
,Yes,3.0,Graduate,Yes,5417,2330,81,60.0,,Semiurban,N,7747,94.47560975609755,95.64197530864197
Female,Yes,3.0,Graduate,,2301,2250,124,60.0,1.0,Urban,N,4551,36.408,36.70161290322581
Male,,0.0,Graduate,No,2491,2250,59,300.0,1.0,Semiurban,Y,4741,79.01666666666667,80.35593220338983
Male,,0.0,Graduate,,2583,1800,180,,1.0,Rural,N,4383,24.215469613259668,24.35
,,,Graduate,No,3052,2583,600,480.0,1.0,Semiurban,Y,5635,9.37603993344426,9.391666666666667
Female,Yes,,Graduate,Yes,3167,985,267,,0.0,Semiurban,N,4152,15.492537313432836,15.55056179775281
Male,Yes,0.0,Not Graduate,No,3052,983,490,84.0,1.0,Semiurban,N,4035,8.217922606924644,8.23469387755102
,,0.0,Graduate,,12841,3449,25,300.0,1.0,Semiurban,N,16290,626.5384615384615,651.6
Female,Yes,1.0,Graduate,,5316,500,168,480.0,,Rural,Y,5816,34.41420118343196,34.61904761904762
Female,,,Not Graduate,Yes,5417,2045,376,480.0,,Semiurban,N,7462,19.79310344827586,19.845744680851062
Female,No,,Graduate,,2875,2853,115,300.0,1.0,Urban,Y,5728,49.37931034482759,49.80869565217391
,,,Not Graduate,No,150,4167,90,240.0,1.0,Semiurban,N,4317,47.43956043956044,47.96666666666667
,,1.0,Not Graduate,No,24763,2083,109,120.0,0.0,Urban,N,26846,244.05454545454543,246.29357798165137
Male,Yes,3.0,Graduate,No,4000,7750,50,300.0,0.0,Semiurban,Y,11750,230.3921568627451,235.0
,No,,Not Graduate,,3750,3066,70,240.0,1.0,Semiurban,N,6816,96.0,97.37142857142857
,Yes,3.0,Not Graduate,,2266,736,30,300.0,1.0,Semiurban,Y,3002,96.83870967741936,100.06666666666666
,No,2.0,Graduate,Yes,2583,0,140,300.0,,Semiurban,N,2583,18.31914893617021,18.45
Male,No,1.0,Graduate,,2275,2853,85,480.0,0.0,Rural,N,5128,59.627906976744185,60.32941176470588
Male,,2.0,Not Graduate,,15000,7750,74,360.0,0.0,Semiurban,N,22750,303.3333333333333,307.43243243243245
,,3.0,Graduate,Yes,5266,6000,100,120.0,1.0,Urban,Y,11266,111.54455445544556,112.66
Male,Yes,1.0,Not Graduate,Yes,2875,985,66,120.0,,Urban,N,3860,57.61194029850746,58.484848484848484
,Yes,,Graduate,No,3750,3583,44,240.0,1.0,Rural,N,7333,162.95555555555555,166.6590909090909
Male,Yes,3.0,Graduate,Yes,5166,1640,160,180.0,,Rural,Y,6806,42.27329192546584,42.5375
Male,,0.0,Not Graduate,No,5042,1213,490,84.0,,Urban,N,6255,12.739307535641547,12.76530612244898
,No,3.0,Not Graduate,No,20166,3167,140,,,Urban,N,23333,165.4822695035461,166.6642857142857
,Yes,3.0,Graduate,Yes,2132,5750,275,,1.0,Semiurban,N,7882,28.55797101449276,28.66181818181818
Female,Yes,3.0,Not Graduate,,5042,4983,95,60.0,0.0,Semiurban,N,10025,104.42708333333331,105.52631578947368
,,3.0,Graduate,Yes,5000,7210,17,180.0,,Semiurban,N,12210,678.3333333333334,718.2352941176471
Female,No,,Not Graduate,,8333,7210,63,360.0,0.0,Urban,N,15543,242.859375,246.71428571428572
,No,2.0,Not Graduate,Yes,2600,4595,144,84.0,1.0,Rural,Y,7195,49.62068965517241,49.96527777777778
Male,,2.0,Not Graduate,No,3083,4866,115,480.0,0.0,Rural,N,7949,68.52586206896552,69.12173913043478
Male,,1.0,Not Graduate,No,2383,3806,650,480.0,,Rural,N,6189,9.506912442396311,9.521538461538462
Male,No,,Not Graduate,,4950,1964,700,360.0,1.0,Urban,N,6914,9.863052781740372,9.877142857142857
Female,Yes,,Not Graduate,No,8000,1964,490,480.0,0.0,Rural,N,9964,20.29327902240325,20.33469387755102
Male,,3.0,Not Graduate,,1928,688,160,84.0,0.0,Rural,N,2616,16.248447204968944,16.35
Male,,2.0,Not Graduate,Yes,3846,1030,165,120.0,0.0,Semiurban,N,4876,29.373493975903614,29.55151515151515
Male,No,2.0,Not Graduate,,2395,3369,106,480.0,1.0,Rural,Y,5764,53.86915887850467,54.37735849056604
Male,,,Graduate,Yes,2237,2583,275,,1.0,Urban,Y,4820,17.463768115942027,17.527272727272727
Female,,0.0,Graduate,No,3052,0,208,240.0,1.0,Semiurban,N,3052,14.602870813397129,14.673076923076923
Female,Yes,,Not Graduate,No,2333,500,320,,0.0,Urban,Y,2833,8.825545171339565,8.853125
Male,No,3.0,Not Graduate,Yes,3250,3600,120,300.0,0.0,Urban,N,6850,56.61157024793389,57.083333333333336
Male,Yes,3.0,Graduate,,3000,0,165,240.0,,Rural,N,3000,18.072289156626507,18.181818181818183
,No,3.0,Graduate,Yes,2439,2791,66,300.0,,Rural,Y,5230,78.05970149253731,79.24242424242425
Male,,0.0,Not Graduate,Yes,2200,2750,47,120.0,,Rural,N,4950,103.125,105.31914893617021
,,1.0,Graduate,Yes,4583,1451,376,84.0,0.0,Urban,N,6034,16.0053050397878,16.04787234042553
Male,Yes,0.0,Not Graduate,Yes,1863,3750,50,,,Urban,Y,5613,110.05882352941175,112.26
Female,Yes,3.0,Not Graduate,,3167,4300,144,60.0,0.0,Urban,Y,7467,51.49655172413793,51.854166666666664
Male,Yes,2.0,Graduate,Yes,150,4866,100,180.0,,Rural,N,5016,49.66336633663367,50.16
Female,No,,Not Graduate,Yes,4000,985,308,300.0,,Semiurban,N,4985,16.132686084142396,16.185064935064936
Female,Yes,3.0,Not Graduate,,2400,0,70,240.0,0.0,Semiurban,N,2400,33.80281690140845,34.285714285714285
Female,No,2.0,Graduate,Yes,3666,800,100,300.0,0.0,Urban,N,4466,44.21782178217822,44.66
,,0.0,Graduate,,3750,1640,98,84.0,1.0,Urban,Y,5390,54.44444444444444,55.0
Female,No,0.0,Graduate,,2383,2000,240,240.0,1.0,Semiurban,N,4383,18.186721991701244,18.2625
Female,No,2.0,Graduate,No,12000,2791,83,240.0,0.0,Rural,N,14791,176.08333333333334,178.20481927710844
Male,,3.0,Graduate,No,2799,5266,267,,,Rural,N,8065,30.09328358208955,30.205992509363295
Female,,0.0,Graduate,No,5266,2330,113,,0.0,Urban,N,7596,66.63157894736842,67.22123893805309
Male,,0.0,Not Graduate,,24763,3583,88,480.0,,Rural,Y,28346,318.4943820224719,322.1136363636364
Female,,2.0,Not Graduate,Yes,2400,736,59,300.0,,Rural,Y,3136,52.266666666666666,53.152542372881356
Male,Yes,1.0,Not Graduate,,3189,1666,90,360.0,,Rural,N,4855,53.35164835164835,53.94444444444444
Female,,1.0,Graduate,,5166,1250,98,240.0,0.0,Urban,Y,6416,64.8080808080808,65.46938775510205
,No,,Graduate,,2491,1640,124,120.0,1.0,Semiurban,N,4131,33.048,33.314516129032256
,No,3.0,Not Graduate,No,150,2750,128,120.0,,Rural,N,2900,22.48062015503876,22.65625
Female,,0.0,Not Graduate,No,7333,1800,165,360.0,0.0,Rural,N,9133,55.01807228915663,55.35151515151515
,No,0.0,Graduate,Yes,3029,1666,176,180.0,1.0,Rural,N,4695,26.52542372881356,26.676136363636363
Female,No,2.0,Graduate,No,2147,754,370,84.0,,Rural,N,2901,7.819407008086253,7.84054054054054
Male,Yes,0.0,Graduate,No,2200,3449,267,180.0,,Urban,N,5649,21.078358208955223,21.15730337078652
,Yes,,Not Graduate,No,24763,5250,96,84.0,,Semiurban,N,30013,309.41237113402065,312.6354166666667
Male,No,2.0,Graduate,Yes,7200,4866,136,180.0,1.0,Urban,N,12066,88.07299270072993,88.72058823529412
Male,,1.0,Graduate,Yes,2833,2416,152,180.0,,Semiurban,N,5249,34.30718954248366,34.5328947368421
Male,,3.0,Graduate,Yes,2439,3333,124,120.0,,Semiurban,N,5772,46.176,46.54838709677419
,Yes,,Not Graduate,Yes,3750,3369,200,180.0,,Semiurban,N,7119,35.417910447761194,35.595
Female,No,0.0,Not Graduate,,2500,1459,350,,,Semiurban,Y,3959,11.27920227920228,11.311428571428571
,,3.0,Not Graduate,No,2200,1516,166,480.0,0.0,Urban,Y,3716,22.251497005988025,22.3855421686747
Female,,2.0,Graduate,Yes,3052,1868,275,120.0,,Urban,N,4920,17.82608695652174,17.89090909090909
,,,Graduate,,2875,5266,208,360.0,1.0,Rural,Y,8141,38.952153110047846,39.13942307692308
Female,No,1.0,Graduate,,150,830,152,120.0,0.0,Semiurban,Y,980,6.405228758169935,6.447368421052632
,Yes,1.0,Graduate,No,2708,4417,225,360.0,1.0,Urban,N,7125,31.52654867256637,31.666666666666668
Female,,2.0,Not Graduate,,12000,1516,152,480.0,1.0,Semiurban,N,13516,88.33986928104575,88.92105263157895
,No,2.0,Graduate,,3750,3583,93,84.0,0.0,Semiurban,Y,7333,78.01063829787235,78.84946236559139
Female,No,0.0,Not Graduate,,6400,2853,192,300.0,0.0,Urban,Y,9253,47.943005181347154,48.192708333333336
,No,0.0,Not Graduate,Yes,1977,1929,74,120.0,0.0,Urban,N,3906,52.08,52.78378378378378
Male,No,2.0,Graduate,,15000,5250,158,180.0,1.0,Semiurban,Y,20250,127.35849056603772,128.16455696202533
,Yes,3.0,Graduate,,2439,2500,184,180.0,1.0,Urban,N,4939,26.697297297297297,26.842391304347824
Female,No,2.0,Graduate,,5500,2500,80,60.0,1.0,Semiurban,N,8000,98.76543209876544,100.0
Male,Yes,2.0,Not Graduate,Yes,2237,4300,44,480.0,1.0,Semiurban,N,6537,145.26666666666668,148.5681818181818
Female,Yes,1.0,Graduate,No,2266,1213,58,60.0,0.0,Urban,N,3479,58.96610169491525,59.98275862068966
,No,3.0,Not Graduate,Yes,4950,1459,240,360.0,0.0,Rural,N,6409,26.593360995850624,26.704166666666666
,No,1.0,Not Graduate,Yes,4583,5063,192,480.0,0.0,Semiurban,N,9646,49.97927461139896,50.239583333333336
Male,Yes,3.0,Not Graduate,,3522,1500,47,360.0,,Urban,Y,5022,104.625,106.85106382978724
Female,,2.0,Graduate,No,3416,4196,175,,0.0,Rural,N,7612,43.25,43.497142857142855
Male,Yes,,Not Graduate,,6400,2853,88,180.0,0.0,Semiurban,N,9253,103.96629213483146,105.14772727272727
Male,No,1.0,Graduate,No,2071,4595,166,300.0,,Rural,N,6666,39.91616766467066,40.1566265060241
,,2.0,Not Graduate,No,150,1516,98,360.0,0.0,Rural,N,1666,16.828282828282827,17.0
Female,,0.0,Graduate,No,2473,3263,118,84.0,0.0,Rural,N,5736,48.20168067226891,48.610169491525426
,,3.0,Graduate,Yes,2178,1500,55,240.0,,Semiurban,Y,3678,65.67857142857143,66.87272727272727
,Yes,,Graduate,,5786,5250,330,,,Urban,Y,11036,33.34138972809668,33.442424242424245
Female,No,2.0,Not Graduate,Yes,9323,1030,85,180.0,1.0,Urban,Y,10353,120.38372093023256,121.8
,Yes,1.0,Graduate,,2301,4983,166,360.0,,Rural,Y,7284,43.616766467065865,43.87951807228916
Female,No,3.0,Not Graduate,,3666,3583,165,360.0,0.0,Urban,N,7249,43.66867469879518,43.93333333333333
Female,,0.0,Graduate,,1000,1516,90,240.0,1.0,Urban,N,2516,27.64835164835165,27.955555555555556
Male,Yes,0.0,Graduate,,7333,3022,97,,1.0,Rural,Y,10355,105.66326530612244,106.75257731958763
,Yes,0.0,Not Graduate,,5786,5654,118,240.0,1.0,Rural,N,11440,96.1344537815126,96.94915254237289
Male,No,,Not Graduate,Yes,8666,500,160,240.0,0.0,Urban,Y,9166,56.93167701863354,57.2875
,,0.0,Graduate,No,13650,4417,176,60.0,0.0,Rural,N,18067,102.0734463276836,102.6534090909091
Female,,2.0,Graduate,,2708,1640,201,120.0,0.0,Rural,N,4348,21.524752475247524,21.6318407960199
Male,No,1.0,Not Graduate,No,2301,5625,58,240.0,,Semiurban,N,7926,134.33898305084745,136.6551724137931
Male,Yes,0.0,Graduate,No,5417,5266,176,360.0,1.0,Urban,N,10683,60.35593220338984,60.69886363636363
,,0.0,Graduate,,2060,2250,436,300.0,1.0,Rural,N,4310,9.862700228832953,9.885321100917432
Female,,2.0,Graduate,,2439,1459,120,84.0,,Rural,N,3898,32.21487603305785,32.483333333333334
Male,Yes,0.0,Graduate,,8666,4300,370,300.0,,Urban,Y,12966,34.94878706199461,35.043243243243246
Male,,0.0,Graduate,No,10000,1213,55,180.0,0.0,Rural,N,11213,200.2321428571429,203.87272727272727
Female,,2.0,Not Graduate,,2147,2791,228,120.0,,Rural,N,4938,21.563318777292576,21.657894736842106
Male,No,1.0,Not Graduate,,2000,688,30,360.0,,Rural,Y,2688,86.70967741935483,89.6
Female,No,1.0,Graduate,,3200,754,106,,1.0,Rural,N,3954,36.953271028037385,37.301886792452834
Female,,1.0,Not Graduate,No,12000,7210,63,84.0,,Urban,N,19210,300.15625,304.92063492063494
Male,Yes,2.0,Not Graduate,Yes,5500,0,67,,0.0,Semiurban,N,5500,80.88235294117646,82.08955223880596
Male,No,,Graduate,,2491,4750,83,84.0,1.0,Semiurban,Y,7241,86.20238095238095,87.24096385542168
,No,1.0,Not Graduate,No,1000,2330,124,60.0,1.0,Urban,N,3330,26.64,26.85483870967742
Male,No,0.0,Graduate,No,11000,5750,158,360.0,1.0,Rural,Y,16750,105.34591194968552,106.0126582278481
Male,Yes,2.0,Graduate,,6747,5266,349,60.0,0.0,Rural,Y,12013,34.322857142857146,34.421203438395416
,No,1.0,Not Graduate,,3500,2750,106,60.0,0.0,Rural,N,6250,58.41121495327103,58.9622641509434
Female,Yes,,Graduate,,2666,4750,165,,1.0,Urban,N,7416,44.67469879518072,44.945454545454545
Male,No,,Not Graduate,Yes,6250,1800,168,120.0,0.0,Semiurban,N,8050,47.63313609467456,47.916666666666664
Female,,2.0,Not Graduate,No,2395,3500,95,120.0,,Urban,Y,5895,61.40625,62.05263157894737
Male,Yes,0.0,Not Graduate,No,2014,2667,76,300.0,,Rural,N,4681,60.79220779220779,61.5921052631579
Female,,2.0,Graduate,No,6250,500,55,60.0,1.0,Rural,N,6750,120.53571428571428,122.72727272727273
Female,,2.0,Not Graduate,Yes,150,3583,141,120.0,,Semiurban,N,3733,26.2887323943662,26.47517730496454
Male,No,2.0,Graduate,,3052,1640,100,60.0,1.0,Semiurban,N,4692,46.45544554455446,46.92
Female,Yes,3.0,Not Graduate,Yes,2340,1964,180,360.0,,Rural,Y,4304,23.77900552486188,23.91111111111111
Male,Yes,1.0,Graduate,No,4583,3750,139,84.0,0.0,Semiurban,Y,8333,59.52142857142857,59.94964028776978
Female,No,2.0,Not Graduate,Yes,2340,736,74,240.0,1.0,Rural,N,3076,41.013333333333335,41.567567567567565
,No,3.0,Graduate,Yes,4166,4300,74,180.0,0.0,Rural,Y,8466,112.88,114.4054054054054
Female,Yes,,Graduate,,7200,4300,85,60.0,,Urban,Y,11500,133.72093023255815,135.2941176470588
,No,,Not Graduate,,2183,1500,55,60.0,,Semiurban,Y,3683,65.76785714285714,66.96363636363637
,Yes,2.0,Graduate,Yes,2479,3583,47,480.0,,Semiurban,N,6062,126.29166666666669,128.9787234042553
Female,,1.0,Graduate,Yes,2060,2000,208,480.0,1.0,Rural,Y,4060,19.425837320574164,19.51923076923077
Male,No,3.0,Graduate,Yes,2473,1843,180,240.0,1.0,Semiurban,N,4316,23.84530386740332,23.977777777777778
,,1.0,Not Graduate,No,24763,1030,96,84.0,,Semiurban,N,25793,265.9072164948454,268.6770833333333
Female,,0.0,Graduate,Yes,2071,1640,25,180.0,,Urban,N,3711,142.73076923076923,148.44
Female,Yes,2.0,Graduate,,13650,3369,290,84.0,0.0,Urban,Y,17019,58.48453608247423,58.686206896551724
Female,Yes,3.0,Graduate,No,3052,800,166,84.0,1.0,Urban,N,3852,23.065868263473053,23.204819277108435
Female,Yes,1.0,Graduate,Yes,2301,2330,124,,1.0,Urban,N,4631,37.048,37.346774193548384
,No,,Not Graduate,,3522,3066,376,360.0,1.0,Rural,N,6588,17.47480106100796,17.52127659574468
Male,,2.0,Not Graduate,No,2483,4983,154,360.0,0.0,Rural,Y,7466,48.16774193548387,48.48051948051948
Female,,1.0,Not Graduate,No,1800,2853,168,84.0,0.0,Rural,N,4653,27.532544378698223,27.696428571428573
Male,,2.0,Not Graduate,,4583,1330,93,120.0,0.0,Urban,N,5913,62.90425531914894,63.58064516129032
,No,2.0,Not Graduate,Yes,1625,4000,267,120.0,0.0,Rural,Y,5625,20.98880597014925,21.06741573033708
,No,2.0,Not Graduate,Yes,1977,2791,83,60.0,,Rural,N,4768,56.76190476190476,57.44578313253012
Female,No,3.0,Not Graduate,Yes,2577,4595,99,240.0,0.0,Urban,Y,7172,71.72,72.44444444444444
Male,Yes,0.0,Graduate,,3333,4417,83,60.0,1.0,Urban,N,7750,92.26190476190476,93.37349397590361
Male,Yes,,Not Graduate,,3333,6000,83,360.0,,Semiurban,Y,9333,111.10714285714286,112.44578313253012
Male,Yes,,Not Graduate,No,13650,2531,376,300.0,,Urban,N,16181,42.92042440318303,43.034574468085104
Male,,1.0,Not Graduate,Yes,2000,2853,104,240.0,0.0,Rural,N,4853,46.21904761904762,46.66346153846154
Male,,0.0,Not Graduate,No,2439,1640,93,60.0,0.0,Urban,N,4079,43.3936170212766,43.86021505376344
Female,No,0.0,Not Graduate,,2666,4983,370,300.0,,Semiurban,N,7649,20.617250673854446,20.67297297297297
Female,,,Graduate,,3052,1250,168,360.0,1.0,Rural,N,4302,25.45562130177515,25.607142857142858
Female,Yes,,Not Graduate,No,6250,3333,74,60.0,,Urban,Y,9583,127.77333333333333,129.5
,No,2.0,Graduate,No,4166,1929,120,60.0,1.0,Semiurban,N,6095,50.37190082644628,50.791666666666664
,,0.0,Graduate,,9323,3440,308,360.0,0.0,Semiurban,Y,12763,41.3042071197411,41.438311688311686
Male,No,2.0,Graduate,,6400,2531,75,180.0,,Semiurban,N,8931,117.51315789473684,119.08
,,1.0,Not Graduate,Yes,2178,2250,90,300.0,,Urban,N,4428,48.65934065934066,49.2
Male,Yes,0.0,Graduate,No,6250,2416,180,300.0,1.0,Semiurban,Y,8666,47.87845303867403,48.144444444444446
Male,No,,Not Graduate,No,3052,6250,350,240.0,1.0,Rural,N,9302,26.501424501424506,26.577142857142857
Male,,2.0,Graduate,No,6747,4486,136,84.0,,Rural,Y,11233,81.99270072992701,82.59558823529412
Male,No,,Not Graduate,No,4843,736,225,120.0,1.0,Semiurban,N,5579,24.6858407079646,24.795555555555556
Female,Yes,2.0,Not Graduate,Yes,2266,4167,650,60.0,1.0,Semiurban,N,6433,9.881720430107526,9.896923076923077
,No,1.0,Graduate,Yes,3522,1451,83,240.0,1.0,Urban,Y,4973,59.20238095238095,59.91566265060241
Male,No,2.0,Graduate,Yes,9323,4983,116,240.0,,Urban,Y,14306,122.27350427350429,123.32758620689656
,Yes,0.0,Not Graduate,,2383,1929,114,480.0,0.0,Semiurban,Y,4312,37.49565217391304,37.824561403508774
Male,,1.0,Graduate,No,2666,2045,113,,,Semiurban,N,4711,41.32456140350877,41.690265486725664
,No,2.0,Not Graduate,Yes,24763,4196,113,300.0,0.0,Semiurban,N,28959,254.02631578947367,256.27433628318585
Male,No,1.0,Graduate,No,2577,1516,330,60.0,,Urban,N,4093,12.365558912386708,12.403030303030302
Male,Yes,3.0,Not Graduate,,12841,2500,110,240.0,,Urban,N,15341,138.2072072072072,139.46363636363637
,,0.0,Not Graduate,,7100,1800,275,300.0,1.0,Rural,N,8900,32.2463768115942,32.36363636363637
Female,No,3.0,Not Graduate,No,2600,5701,349,,,Rural,Y,8301,23.717142857142857,23.785100286532952
Female,No,,Graduate,,5417,3806,113,,1.0,Urban,Y,9223,80.90350877192982,81.61946902654867
,Yes,3.0,Graduate,No,3052,2330,192,300.0,1.0,Urban,N,5382,27.8860103626943,28.03125
Male,No,,Graduate,No,9323,3333,158,480.0,0.0,Urban,N,12656,79.59748427672956,80.10126582278481
Male,No,3.0,Graduate,,2071,1640,81,300.0,0.0,Rural,N,3711,45.25609756097561,45.81481481481482
Female,Yes,3.0,Graduate,,2718,3167,208,240.0,,Urban,Y,5885,28.157894736842103,28.29326923076923
,Yes,2.0,Graduate,Yes,3846,3449,275,,1.0,Rural,N,7295,26.43115942028985,26.527272727272727
,No,1.0,Graduate,No,2060,1083,490,,,Semiurban,N,3143,6.40122199592668,6.414285714285715
Male,No,,Not Graduate,Yes,1625,736,113,120.0,1.0,Rural,N,2361,20.71052631578948,20.893805309734514
Male,Yes,3.0,Not Graduate,Yes,2927,3369,110,84.0,0.0,Rural,N,6296,56.72072072072072,57.236363636363635
Female,No,,Graduate,No,5500,1868,376,360.0,,Urban,Y,7368,19.543766578249336,19.595744680851062
Male,,,Not Graduate,Yes,3366,7210,208,84.0,1.0,Semiurban,N,10576,50.60287081339713,50.84615384615385
Female,Yes,3.0,Graduate,No,3750,4595,44,84.0,,Rural,N,8345,185.44444444444449,189.6590909090909
Female,Yes,0.0,Not Graduate,,2395,700,275,480.0,,Rural,N,3095,11.21376811594203,11.254545454545454
Male,No,0.0,Not Graduate,No,2132,2142,370,60.0,1.0,Rural,Y,4274,11.52021563342318,11.551351351351352
Female,,0.0,Not Graduate,No,2014,1929,600,,1.0,Semiurban,N,3943,6.560732113144759,6.571666666666666
Female,No,0.0,Not Graduate,,3250,1451,50,84.0,1.0,Urban,Y,4701,92.17647058823528,94.02
,No,0.0,Not Graduate,Yes,2383,2750,165,60.0,0.0,Urban,N,5133,30.92168674698795,31.10909090909091
Male,No,1.0,Graduate,,3083,4300,114,,1.0,Semiurban,N,7383,64.2,64.76315789473684
Male,,1.0,Graduate,,2708,3333,63,60.0,0.0,Rural,N,6041,94.390625,95.88888888888889
Male,,3.0,Graduate,No,3333,4595,59,120.0,1.0,Urban,N,7928,132.13333333333333,134.3728813559322
Male,,1.0,Not Graduate,Yes,2132,1590,97,120.0,,Urban,N,3722,37.97959183673469,38.371134020618555
Female,Yes,1.0,Not Graduate,No,1928,3806,495,120.0,1.0,Rural,N,5734,11.560483870967742,11.583838383838383
,No,,Not Graduate,Yes,3800,2142,187,84.0,,Urban,N,5942,31.606382978723403,31.77540106951872
,No,3.0,Not Graduate,Yes,3846,1640,25,480.0,0.0,Urban,Y,5486,211.0,219.44
Female,Yes,2.0,Graduate,No,7333,2000,192,240.0,0.0,Urban,Y,9333,48.35751295336787,48.609375
Female,No,3.0,Not Graduate,,3052,2791,70,84.0,0.0,Rural,Y,5843,82.29577464788733,83.47142857142858
Male,No,1.0,Graduate,No,10513,3449,114,,,Urban,N,13962,121.40869565217392,122.47368421052632
,Yes,,Not Graduate,Yes,5667,736,67,300.0,0.0,Urban,N,6403,94.16176470588236,95.56716417910448
Male,Yes,1.0,Graduate,Yes,8333,6000,104,120.0,1.0,Urban,N,14333,136.5047619047619,137.81730769230768
Male,Yes,2.0,Graduate,Yes,3600,500,76,180.0,1.0,Rural,N,4100,53.24675324675325,53.94736842105263
Male,,0.0,Graduate,Yes,5786,1929,75,60.0,0.0,Urban,N,7715,101.51315789473684,102.86666666666666
Male,No,2.0,Graduate,No,15000,0,70,360.0,,Semiurban,N,15000,211.2676056338028,214.28571428571428
,No,1.0,Graduate,No,2483,3369,320,180.0,1.0,Urban,Y,5852,18.23052959501557,18.2875
Male,Yes,1.0,Not Graduate,,2479,700,30,300.0,1.0,Urban,Y,3179,102.5483870967742,105.96666666666667
Male,Yes,2.0,Graduate,No,11000,7750,192,480.0,,Rural,N,18750,97.15025906735752,97.65625
Female,,3.0,Graduate,Yes,3000,800,165,180.0,1.0,Urban,N,3800,22.89156626506024,23.03030303030303
,Yes,2.0,Graduate,No,2132,3167,180,180.0,,Urban,N,5299,29.27624309392265,29.43888888888889
Male,No,,Not Graduate,,12841,3806,275,360.0,,Urban,N,16647,60.31521739130435,60.53454545454545
,Yes,,Graduate,,3189,754,208,240.0,1.0,Urban,Y,3943,18.86602870813397,18.95673076923077
Male,No,3.0,Graduate,No,2340,688,308,240.0,,Semiurban,N,3028,9.799352750809062,9.831168831168831
Female,,3.0,Not Graduate,Yes,2853,830,155,480.0,1.0,Urban,Y,3683,23.60897435897436,23.761290322580646
Female,,3.0,Graduate,No,4000,3583,320,240.0,,Rural,N,7583,23.62305295950156,23.696875
,,2.0,Graduate,Yes,12841,5063,201,84.0,1.0,Semiurban,Y,17904,88.63366336633663,89.07462686567165
,No,2.0,Not Graduate,Yes,4843,3167,124,120.0,1.0,Urban,N,8010,64.08,64.59677419354838
Male,No,,Not Graduate,No,2000,2416,116,240.0,1.0,Rural,Y,4416,37.74358974358975,38.06896551724138
Male,Yes,2.0,Not Graduate,No,2439,7750,66,240.0,0.0,Semiurban,N,10189,152.07462686567163,154.37878787878788
,Yes,1.0,Not Graduate,Yes,1977,1516,700,84.0,1.0,Urban,N,3493,4.9828815977175465,4.99
Female,,3.0,Graduate,No,12000,2416,47,240.0,0.0,Semiurban,N,14416,300.3333333333333,306.72340425531917
Female,Yes,0.0,Graduate,,3846,3333,150,480.0,,Semiurban,Y,7179,47.54304635761589,47.86
Male,No,0.0,Graduate,Yes,2395,3449,109,60.0,1.0,Urban,N,5844,53.127272727272725,53.61467889908257
Female,No,3.0,Not Graduate,Yes,2147,5701,67,,1.0,Semiurban,N,7848,115.41176470588236,117.13432835820896
Female,Yes,3.0,Graduate,Yes,2708,3449,210,360.0,,Rural,N,6157,29.180094786729857,29.31904761904762
Male,Yes,2.0,Not Graduate,,3846,7750,166,300.0,,Rural,N,11596,69.437125748503,69.855421686747
,Yes,1.0,Not Graduate,No,5667,2142,650,,,Semiurban,N,7809,11.995391705069125,12.013846153846155
Male,No,,Not Graduate,No,2600,1800,115,480.0,0.0,Rural,Y,4400,37.93103448275862,38.26086956521739
,No,,Not Graduate,Yes,2927,1459,124,,1.0,Urban,N,4386,35.088,35.37096774193548
Female,Yes,1.0,Graduate,No,8666,7210,184,120.0,,Urban,N,15876,85.81621621621622,86.28260869565217
,Yes,2.0,Graduate,Yes,24763,5701,165,360.0,,Semiurban,Y,30464,183.51807228915663,184.63030303030303
,,0.0,Graduate,No,6747,1929,113,480.0,,Rural,N,8676,76.10526315789474,76.77876106194691
Female,No,3.0,Graduate,,2237,1030,240,60.0,,Semiurban,N,3267,13.556016597510371,13.6125
Male,,2.0,Not Graduate,,4950,1800,81,360.0,1.0,Urban,N,6750,82.3170731707317,83.33333333333333
Female,No,0.0,Not Graduate,No,2071,985,55,180.0,1.0,Urban,N,3056,54.57142857142857,55.56363636363636
,No,2.0,Graduate,Yes,6747,1516,228,60.0,1.0,Rural,N,8263,36.082969432314414,36.24122807017544
Male,No,2.0,Graduate,Yes,3167,500,144,180.0,1.0,Semiurban,N,3667,25.28965517241379,25.46527777777778
,Yes,3.0,Not Graduate,,2301,4595,137,480.0,1.0,Semiurban,Y,6896,49.971014492753625,50.33576642335766
Female,,2.0,Graduate,Yes,2483,1843,144,,1.0,Urban,Y,4326,29.83448275862069,30.041666666666668
,,1.0,Not Graduate,,2340,1800,128,180.0,1.0,Semiurban,N,4140,32.093023255813954,32.34375
Female,Yes,2.0,Graduate,Yes,7333,3806,201,84.0,,Semiurban,N,11139,55.14356435643565,55.417910447761194
Male,No,,Not Graduate,,1863,800,136,60.0,,Urban,N,2663,19.437956204379564,19.580882352941178
Female,Yes,3.0,Graduate,Yes,2483,900,85,240.0,0.0,Rural,Y,3383,39.33720930232558,39.8
,Yes,1.0,Not Graduate,No,1928,3333,90,360.0,1.0,Semiurban,N,5261,57.81318681318681,58.455555555555556
Male,Yes,1.0,Graduate,No,24763,700,85,120.0,0.0,Semiurban,N,25463,296.0813953488372,299.56470588235294
Female,,,Not Graduate,No,2333,2750,180,60.0,0.0,Semiurban,N,5083,28.0828729281768,28.238888888888887
Male,,,Graduate,,2060,1459,176,240.0,1.0,Urban,N,3519,19.88135593220339,19.994318181818183
Female,Yes,1.0,Graduate,Yes,2060,1640,158,300.0,1.0,Rural,Y,3700,23.270440251572328,23.417721518987342
,Yes,0.0,Not Graduate,Yes,10000,1030,154,60.0,0.0,Urban,N,11030,71.16129032258064,71.62337662337663
Male,,,Not Graduate,,3189,830,255,60.0,0.0,Rural,N,4019,15.69921875,15.760784313725491
Male,Yes,1.0,Not Graduate,No,2799,2667,133,360.0,0.0,Semiurban,N,5466,40.791044776119406,41.097744360902254
,,2.0,Not Graduate,No,2853,700,187,180.0,,Urban,Y,3553,18.898936170212767,19.0
Female,,0.0,Graduate,,3750,3066,187,300.0,0.0,Semiurban,N,6816,36.255319148936174,36.44919786096256
Female,,,Graduate,Yes,2333,4750,308,480.0,,Semiurban,N,7083,22.92233009708738,22.996753246753247
Female,No,2.0,Not Graduate,Yes,6080,5625,158,60.0,,Rural,N,11705,73.61635220125787,74.08227848101266
Male,,1.0,Not Graduate,,4950,900,330,84.0,1.0,Urban,N,5850,17.673716012084594,17.727272727272727
,,,Graduate,No,3666,4595,112,300.0,1.0,Rural,N,8261,73.10619469026548,73.75892857142857
,Yes,0.0,Graduate,Yes,3522,4300,267,60.0,,Urban,Y,7822,29.186567164179102,29.295880149812735
,,3.0,Not Graduate,No,6747,1459,55,120.0,,Rural,N,8206,146.53571428571428,149.2
Female,,3.0,Graduate,Yes,2718,4486,240,300.0,0.0,Semiurban,N,7204,29.89211618257261,30.016666666666666
,No,2.0,Not Graduate,Yes,2147,2383,228,480.0,0.0,Urban,N,4530,19.78165938864629,19.86842105263158
Male,Yes,3.0,Not Graduate,,12000,1213,80,480.0,,Semiurban,N,13213,163.12345679012347,165.1625
Female,Yes,,Graduate,No,10000,0,320,180.0,,Rural,N,10000,31.152647975077883,31.25
Male,,3.0,Graduate,No,6747,2853,93,,1.0,Urban,N,9600,102.12765957446808,103.2258064516129
Male,,0.0,Not Graduate,Yes,3416,3333,168,120.0,,Urban,Y,6749,39.93491124260355,40.17261904761905
Female,,3.0,Not Graduate,,13650,4866,72,120.0,,Rural,Y,18516,253.6438356164384,257.1666666666667
Male,No,1.0,Not Graduate,No,8333,4866,115,360.0,1.0,Semiurban,N,13199,113.78448275862068,114.77391304347826
,,3.0,Graduate,No,2237,900,308,120.0,0.0,Semiurban,N,3137,10.15210355987055,10.185064935064934
Female,,1.0,Not Graduate,No,8666,2383,85,84.0,1.0,Rural,N,11049,128.47674418604652,129.98823529411766
,,,Graduate,No,2600,1213,187,,1.0,Urban,Y,3813,20.28191489361702,20.390374331550802
,Yes,2.0,Not Graduate,,3000,900,182,240.0,1.0,Rural,N,3900,21.311475409836067,21.428571428571427
Female,,0.0,Graduate,No,4950,4417,144,240.0,,Rural,N,9367,64.6,65.04861111111111
Female,Yes,2.0,Graduate,Yes,3000,2791,63,480.0,0.0,Semiurban,N,5791,90.484375,91.92063492063492
Male,,3.0,Not Graduate,Yes,2583,5063,67,180.0,,Rural,N,7646,112.44117647058825,114.11940298507463
Female,Yes,3.0,Graduate,Yes,4000,3449,116,480.0,0.0,Semiurban,N,7449,63.66666666666666,64.21551724137932
Male,No,0.0,Graduate,,2950,1451,158,360.0,0.0,Urban,N,4401,27.67924528301887,27.854430379746834
Male,No,3.0,Graduate,No,2927,900,106,84.0,0.0,Urban,N,3827,35.76635514018692,36.10377358490566
Male,No,1.0,Graduate,No,5786,4196,184,480.0,,Rural,N,9982,53.956756756756754,54.25
,,2.0,Graduate,,3333,1843,201,360.0,0.0,Semiurban,Y,5176,25.623762376237625,25.751243781094526
Male,,3.0,Graduate,,2927,1500,106,60.0,1.0,Rural,Y,4427,41.373831775700936,41.764150943396224
,No,,Not Graduate,,7100,688,72,240.0,1.0,Rural,N,7788,106.68493150684932,108.16666666666667
Female,,1.0,Graduate,No,2400,5701,85,,,Urban,N,8101,94.19767441860463,95.30588235294118
,No,,Graduate,Yes,2132,3600,370,,1.0,Rural,Y,5732,15.450134770889488,15.491891891891893
Female,No,0.0,Not Graduate,No,2875,4486,285,240.0,0.0,Rural,Y,7361,25.73776223776224,25.828070175438597
,No,,Not Graduate,,2577,4167,100,480.0,,Urban,N,6744,66.77227722772277,67.44
Male,,1.0,Graduate,No,3416,700,184,480.0,,Urban,N,4116,22.248648648648647,22.369565217391305
Female,Yes,3.0,Graduate,,4950,3583,290,480.0,,Semiurban,N,8533,29.323024054982817,29.424137931034483
Male,,,Graduate,No,15000,2416,275,60.0,,Rural,N,17416,63.10144927536232,63.33090909090909
Male,,0.0,Graduate,,2708,2133,106,120.0,0.0,Rural,N,4841,45.242990654205606,45.66981132075472
,,3.0,Not Graduate,No,13650,5266,80,180.0,,Rural,N,18916,233.5308641975309,236.45
Female,No,,Not Graduate,,13650,4983,150,360.0,0.0,Urban,Y,18633,123.39735099337749,124.22
Male,Yes,1.0,Graduate,No,3366,0,255,120.0,1.0,Semiurban,Y,3366,13.1484375,13.2
,,1.0,Graduate,Yes,2927,6000,70,300.0,,Rural,N,8927,125.73239436619718,127.52857142857142
Male,No,2.0,Graduate,No,3167,3500,228,180.0,,Rural,Y,6667,29.11353711790393,29.24122807017544
Male,Yes,,Not Graduate,No,3000,6000,600,84.0,0.0,Urban,Y,9000,14.97504159733777,15.0
Female,Yes,3.0,Graduate,No,3073,2250,187,300.0,1.0,Semiurban,Y,5323,28.31382978723404,28.46524064171123
Female,,3.0,Graduate,Yes,1977,1640,200,180.0,0.0,Rural,N,3617,17.99502487562189,18.085
Female,No,1.0,Graduate,Yes,1000,4000,114,,0.0,Rural,N,5000,43.47826086956522,43.85964912280702
Female,Yes,2.0,Graduate,No,10000,7210,63,84.0,,Urban,N,17210,268.90625,273.1746031746032
Female,,1.0,Graduate,,2473,2133,300,300.0,0.0,Semiurban,Y,4606,15.30232558139535,15.353333333333333
Male,,2.0,Not Graduate,No,12841,2791,67,480.0,0.0,Rural,N,15632,229.8823529411765,233.3134328358209
Male,Yes,1.0,Graduate,Yes,4166,4983,285,120.0,0.0,Rural,N,9149,31.98951048951049,32.10175438596491
Male,No,1.0,Graduate,No,2927,4486,120,360.0,1.0,Urban,Y,7413,61.26446280991736,61.775
Male,Yes,3.0,Graduate,,5266,4486,200,120.0,0.0,Semiurban,N,9752,48.517412935323385,48.76
Male,No,1.0,Graduate,Yes,2333,3066,120,240.0,0.0,Semiurban,Y,5399,44.6198347107438,44.99166666666667
,Yes,,Not Graduate,Yes,2383,1083,47,,,Urban,N,3466,72.20833333333333,73.74468085106383
,,,Not Graduate,,3600,2500,240,480.0,0.0,Urban,N,6100,25.31120331950208,25.416666666666668
,Yes,1.0,Graduate,Yes,3052,3066,114,360.0,1.0,Semiurban,N,6118,53.2,53.666666666666664
Male,,0.0,Not Graduate,Yes,5667,5625,74,,0.0,Rural,N,11292,150.56,152.59459459459458
Male,,,Not Graduate,No,10000,2416,192,360.0,0.0,Semiurban,N,12416,64.33160621761658,64.66666666666667
Female,No,2.0,Not Graduate,No,3200,5750,67,,,Rural,N,8950,131.61764705882354,133.5820895522388
Male,No,2.0,Not Graduate,No,10513,4167,116,240.0,,Rural,N,14680,125.47008547008546,126.55172413793103
Female,Yes,0.0,Graduate,No,3000,1964,122,300.0,1.0,Urban,Y,4964,40.357723577235774,40.68852459016394
Male,,2.0,Not Graduate,No,2237,3440,114,240.0,,Urban,N,5677,49.36521739130435,49.79824561403509
Male,,2.0,Graduate,No,5266,2000,88,480.0,,Semiurban,Y,7266,81.64044943820225,82.56818181818181
Female,,0.0,Not Graduate,Yes,4000,2667,150,60.0,,Rural,Y,6667,44.15231788079471,44.446666666666665
Male,No,0.0,Not Graduate,Yes,8000,4417,154,300.0,1.0,Semiurban,Y,12417,80.10967741935484,80.62987012987013
,No,2.0,Graduate,,2645,1083,600,360.0,0.0,Urban,Y,3728,6.202995008319467,6.213333333333333
Male,Yes,,Not Graduate,No,3800,3583,115,180.0,1.0,Semiurban,N,7383,63.64655172413793,64.2
Female,,0.0,Graduate,No,2950,3806,376,,,Rural,N,6756,17.920424403183024,17.96808510638298
Female,Yes,2.0,Graduate,Yes,6400,2500,63,,,Rural,N,8900,139.0625,141.26984126984127
,Yes,3.0,Graduate,,2600,3263,168,240.0,,Urban,Y,5863,34.69230769230769,34.898809523809526
Female,No,1.0,Graduate,Yes,3800,1516,66,60.0,,Semiurban,N,5316,79.34328358208955,80.54545454545455
,,1.0,Graduate,No,2473,500,330,180.0,,Semiurban,Y,2973,8.981873111782477,9.00909090909091
Male,,2.0,Not Graduate,Yes,12000,2250,650,240.0,,Rural,Y,14250,21.889400921658986,21.923076923076923
Female,,1.0,Graduate,No,2479,5750,63,180.0,1.0,Rural,Y,8229,128.578125,130.61904761904762
Female,No,3.0,Not Graduate,Yes,5166,2583,122,84.0,,Semiurban,N,7749,63.0,63.51639344262295
Male,,0.0,Not Graduate,No,9323,4196,125,,,Urban,N,13519,107.2936507936508,108.152
,,3.0,Graduate,,2950,3600,35,,,Urban,N,6550,181.94444444444449,187.14285714285714
Male,Yes,,Graduate,No,2060,736,312,120.0,,Urban,N,2796,8.93290734824281,8.961538461538462
Male,No,0.0,Not Graduate,,4300,6000,120,84.0,1.0,Urban,N,10300,85.12396694214875,85.83333333333333
Male,,0.0,Not Graduate,,5786,5654,150,240.0,,Rural,N,11440,75.76158940397352,76.26666666666667
Female,,,Graduate,,2645,5625,114,,0.0,Semiurban,N,8270,71.91304347826087,72.54385964912281
Female,No,0.0,Not Graduate,No,3416,5063,255,180.0,0.0,Semiurban,N,8479,33.12109375,33.25098039215686
Male,No,1.0,Graduate,Yes,3073,4983,176,240.0,1.0,Rural,Y,8056,45.51412429378531,45.77272727272727
Male,,1.0,Graduate,,2071,2383,144,480.0,1.0,Semiurban,N,4454,30.717241379310344,30.930555555555557
,Yes,1.0,Not Graduate,Yes,9323,1300,80,300.0,0.0,Urban,N,10623,131.14814814814815,132.7875
Male,,1.0,Not Graduate,Yes,3333,6250,118,,0.0,Rural,Y,9583,80.52941176470588,81.21186440677967
,No,1.0,Graduate,,5316,3263,95,120.0,,Rural,Y,8579,89.36458333333333,90.30526315789474
,,1.0,Not Graduate,No,3000,3066,168,180.0,,Rural,N,6066,35.89349112426036,36.107142857142854
Male,No,0.0,Not Graduate,,2395,4750,78,180.0,0.0,Semiurban,N,7145,90.44303797468356,91.6025641025641
,No,2.0,Graduate,Yes,3600,6000,180,60.0,1.0,Semiurban,N,9600,53.03867403314917,53.333333333333336
,,,Graduate,Yes,2483,2330,76,,,Rural,N,4813,62.50649350649351,63.328947368421055
Female,No,0.0,Graduate,,2500,3263,100,60.0,,Urban,N,5763,57.05940594059406,57.63
,Yes,,Not Graduate,,2491,4750,133,240.0,1.0,Semiurban,N,7241,54.03731343283582,54.443609022556394
Male,No,1.0,Not Graduate,Yes,2275,1300,55,240.0,0.0,Semiurban,N,3575,63.83928571428572,65.0
Male,,1.0,Graduate,,6400,4750,255,180.0,0.0,Urban,N,11150,43.5546875,43.72549019607843
Female,No,3.0,Graduate,Yes,2666,4417,115,240.0,0.0,Rural,N,7083,61.060344827586206,61.59130434782609
Male,,0.0,Not Graduate,No,3500,3263,30,60.0,,Rural,N,6763,218.16129032258064,225.43333333333334
Male,,0.0,Not Graduate,,3522,3600,290,480.0,0.0,Urban,N,7122,24.47422680412371,24.55862068965517
,No,3.0,Graduate,Yes,3073,5625,47,,0.0,Semiurban,N,8698,181.2083333333333,185.06382978723406
,No,1.0,Graduate,Yes,3500,3066,70,480.0,,Semiurban,N,6566,92.47887323943662,93.8
Male,Yes,,Not Graduate,No,3200,2045,110,180.0,,Urban,Y,5245,47.252252252252255,47.68181818181818
Female,Yes,1.0,Not Graduate,,2473,2133,210,180.0,,Semiurban,Y,4606,21.82938388625593,21.933333333333334
,,1.0,Graduate,No,2666,2900,225,180.0,,Semiurban,N,5566,24.6283185840708,24.73777777777778
Male,,3.0,Not Graduate,No,4843,3500,320,240.0,1.0,Urban,N,8343,25.99065420560748,26.071875
,,,Not Graduate,Yes,5417,2416,370,480.0,0.0,Urban,N,7833,21.11320754716981,21.17027027027027
,Yes,1.0,Not Graduate,Yes,7333,6250,35,480.0,,Rural,Y,13583,377.30555555555554,388.0857142857143
Male,,1.0,Graduate,,9323,1451,83,60.0,,Urban,Y,10774,128.26190476190476,129.80722891566265
Male,Yes,3.0,Not Graduate,,13650,1030,154,,0.0,Urban,N,14680,94.70967741935485,95.32467532467533
Female,,2.0,Graduate,Yes,3366,1640,165,60.0,1.0,Semiurban,N,5006,30.156626506024097,30.33939393939394
Female,No,1.0,Graduate,Yes,2237,4000,350,300.0,1.0,Urban,N,6237,17.76923076923077,17.82
Male,,3.0,Graduate,No,5500,5250,122,480.0,1.0,Rural,N,10750,87.39837398373983,88.11475409836065
,No,0.0,Not Graduate,,5500,3806,125,360.0,1.0,Urban,N,9306,73.85714285714286,74.448
,No,,Not Graduate,No,2491,4417,70,480.0,0.0,Urban,N,6908,97.29577464788731,98.68571428571428
,Yes,3.0,Graduate,,9323,5625,58,360.0,,Semiurban,Y,14948,253.35593220338984,257.7241379310345
,Yes,0.0,Graduate,Yes,2301,985,182,60.0,,Urban,Y,3286,17.956284153005466,18.054945054945055
,Yes,3.0,Graduate,No,3073,2416,182,480.0,1.0,Semiurban,N,5489,29.994535519125684,30.15934065934066
Male,Yes,1.0,Graduate,,2600,1964,95,240.0,1.0,Semiurban,Y,4564,47.54166666666666,48.04210526315789
Female,,,Not Graduate,,3189,3333,76,120.0,1.0,Semiurban,N,6522,84.7012987012987,85.8157894736842
Female,Yes,2.0,Not Graduate,No,5786,2045,136,84.0,0.0,Rural,N,7831,57.16058394160584,57.580882352941174
Female,No,,Not Graduate,No,20166,3263,137,60.0,,Urban,Y,23429,169.7753623188406,171.01459854014598
Male,No,1.0,Graduate,No,5316,3750,139,240.0,1.0,Semiurban,Y,9066,64.75714285714285,65.22302158273381
,Yes,0.0,Graduate,Yes,3500,3600,376,240.0,0.0,Rural,N,7100,18.83289124668435,18.882978723404257
Female,No,1.0,Not Graduate,Yes,3366,3440,192,,1.0,Semiurban,N,6806,35.26424870466321,35.447916666666664
,Yes,0.0,Graduate,,12000,500,59,60.0,,Semiurban,N,12500,208.3333333333333,211.864406779661
,,1.0,Not Graduate,Yes,7200,3167,81,84.0,1.0,Semiurban,N,10367,126.42682926829268,127.98765432098766
Male,No,3.0,Not Graduate,No,3052,1459,158,300.0,,Rural,N,4511,28.37106918238993,28.550632911392405
Female,,0.0,Graduate,Yes,2301,3600,200,84.0,0.0,Rural,N,5901,29.35820895522388,29.505
,,0.0,Not Graduate,,2718,1451,600,300.0,,Urban,N,4169,6.936772046589018,6.948333333333333
,Yes,0.0,Not Graduate,,13650,2330,90,84.0,,Semiurban,N,15980,175.6043956043956,177.55555555555554
,No,1.0,Graduate,,2183,5625,208,84.0,0.0,Semiurban,N,7808,37.35885167464115,37.53846153846154
Female,No,1.0,Graduate,Yes,2853,5266,650,180.0,,Semiurban,N,8119,12.4715821812596,12.490769230769232
Female,No,,Not Graduate,,6400,2667,112,300.0,0.0,Rural,Y,9067,80.23893805309734,80.95535714285714
Male,No,3.0,Graduate,Yes,150,3449,228,,1.0,Rural,Y,3599,15.716157205240174,15.785087719298245
Female,No,2.0,Graduate,,3029,3500,187,180.0,1.0,Rural,Y,6529,34.72872340425532,34.9144385026738
Male,No,2.0,Graduate,No,2266,2250,118,120.0,1.0,Urban,N,4516,37.94957983193277,38.271186440677965
,Yes,1.0,Not Graduate,Yes,2799,2045,436,240.0,0.0,Semiurban,N,4844,11.08466819221968,11.110091743119266
Male,Yes,1.0,Not Graduate,,3500,2045,99,300.0,0.0,Semiurban,N,5545,55.45,56.01010101010101
,No,0.0,Graduate,Yes,12000,3806,160,300.0,1.0,Rural,N,15806,98.17391304347828,98.7875
Female,Yes,,Not Graduate,,2577,1330,44,60.0,0.0,Rural,Y,3907,86.82222222222222,88.79545454545455
Male,Yes,,Not Graduate,No,1625,3333,154,360.0,1.0,Semiurban,N,4958,31.98709677419355,32.1948051948052
Female,,3.0,Graduate,Yes,7100,3167,93,180.0,0.0,Rural,Y,10267,109.22340425531917,110.39784946236558
Female,Yes,,Graduate,,2645,2416,113,180.0,0.0,Semiurban,N,5061,44.39473684210526,44.78761061946903
Male,No,0.0,Not Graduate,,5000,3333,110,60.0,,Rural,N,8333,75.07207207207207,75.75454545454545
Male,,3.0,Not Graduate,No,6250,5625,125,300.0,,Rural,N,11875,94.24603174603176,95.0
Female,Yes,3.0,Not Graduate,No,12000,2383,180,480.0,0.0,Rural,N,14383,79.46408839779005,79.90555555555555
Female,No,0.0,Graduate,Yes,3073,4167,166,360.0,1.0,Rural,N,7240,43.35329341317365,43.6144578313253
Female,No,2.0,Not Graduate,,2200,1640,192,84.0,,Urban,Y,3840,19.89637305699482,20.0
Female,No,2.0,Graduate,No,3625,2142,225,240.0,,Semiurban,Y,5767,25.51769911504425,25.63111111111111
,Yes,,Graduate,,2333,1451,30,300.0,,Semiurban,N,3784,122.06451612903226,126.13333333333334
Female,Yes,3.0,Graduate,,3522,5701,200,180.0,1.0,Rural,N,9223,45.88557213930349,46.115
,Yes,,Not Graduate,,3366,700,113,84.0,,Urban,N,4066,35.666666666666664,35.982300884955755
Male,No,2.0,Graduate,No,1800,2500,78,,1.0,Semiurban,N,4300,54.43037974683544,55.12820512820513
Female,,1.0,Not Graduate,No,5000,1330,201,,0.0,Urban,N,6330,31.33663366336633,31.492537313432837
Male,Yes,2.0,Not Graduate,Yes,15000,3066,112,240.0,0.0,Semiurban,N,18066,159.8761061946903,161.30357142857142
,No,,Graduate,Yes,6250,2045,255,180.0,1.0,Semiurban,N,8295,32.40234375,32.529411764705884
Female,No,3.0,Graduate,Yes,1625,1300,158,84.0,,Urban,Y,2925,18.39622641509434,18.5126582278481
,Yes,1.0,Graduate,,3200,1800,192,60.0,1.0,Semiurban,Y,5000,25.906735751295336,26.041666666666668
Male,,3.0,Not Graduate,Yes,3600,2791,330,360.0,0.0,Rural,N,6391,19.308157099697887,19.366666666666667
Male,No,1.0,Not Graduate,,2400,2500,160,300.0,,Semiurban,N,4900,30.43478260869565,30.625
,No,1.0,Graduate,,3052,2000,436,240.0,0.0,Urban,Y,5052,11.560640732265446,11.587155963302752
Female,No,1.0,Not Graduate,Yes,3800,2133,93,120.0,0.0,Rural,N,5933,63.11702127659574,63.795698924731184
Female,No,3.0,Graduate,,2147,5625,180,,0.0,Semiurban,N,7772,42.93922651933702,43.17777777777778
,Yes,1.0,Not Graduate,Yes,3052,1843,78,300.0,0.0,Semiurban,Y,4895,61.962025316455694,62.756410256410255
,No,,Graduate,Yes,13650,5625,436,84.0,1.0,Rural,Y,19275,44.107551487414185,44.20871559633027
,No,2.0,Not Graduate,,2071,3449,109,,,Semiurban,N,5520,50.18181818181818,50.642201834862384
,,0.0,Graduate,No,2183,0,137,60.0,,Urban,N,2183,15.818840579710145,15.934306569343066
,,3.0,Graduate,,2237,700,275,240.0,0.0,Rural,N,2937,10.641304347826088,10.68
Male,Yes,0.0,Not Graduate,Yes,2400,2142,187,,,Urban,N,4542,24.159574468085108,24.288770053475936
,Yes,,Not Graduate,No,3500,5701,154,480.0,,Rural,N,9201,59.36129032258064,59.746753246753244
,Yes,3.0,Graduate,Yes,20166,5250,133,480.0,0.0,Semiurban,Y,25416,189.6716417910448,191.09774436090225
,Yes,,Not Graduate,No,3029,2750,225,300.0,0.0,Urban,N,5779,25.57079646017699,25.684444444444445
,Yes,1.0,Graduate,No,10000,5063,370,60.0,,Urban,N,15063,40.6010781671159,40.71081081081081
Male,,,Graduate,No,20166,3333,78,120.0,,Semiurban,N,23499,297.45569620253167,301.2692307692308
,,2.0,Not Graduate,Yes,12841,6250,125,,1.0,Rural,N,19091,151.515873015873,152.728
,,2.0,Graduate,Yes,8333,3263,600,84.0,,Semiurban,Y,11596,19.29450915141431,19.326666666666668
,No,2.0,Not Graduate,,6400,4167,376,360.0,0.0,Semiurban,Y,10567,28.02917771883289,28.10372340425532
Male,Yes,0.0,Graduate,Yes,2875,5250,150,360.0,0.0,Semiurban,Y,8125,53.80794701986755,54.166666666666664
,,3.0,Graduate,Yes,2853,3750,225,,1.0,Semiurban,N,6603,29.216814159292035,29.346666666666668
Female,,1.0,Not Graduate,Yes,2483,500,47,480.0,,Semiurban,N,2983,62.145833333333336,63.46808510638298
Male,No,3.0,Not Graduate,Yes,4950,3600,150,120.0,0.0,Semiurban,N,8550,56.62251655629139,57.0
Female,Yes,0.0,Not Graduate,Yes,13650,4196,114,,,Urban,Y,17846,155.18260869565216,156.5438596491228
Female,,3.0,Graduate,No,2237,1666,76,60.0,0.0,Urban,N,3903,50.688311688311686,51.35526315789474
,No,,Not Graduate,No,9323,3750,30,480.0,0.0,Semiurban,Y,13073,421.7096774193548,435.76666666666665
Male,,3.0,Graduate,Yes,3366,1451,187,,,Rural,N,4817,25.62234042553192,25.759358288770052
Female,,,Not Graduate,No,2950,4167,85,60.0,,Rural,N,7117,82.75581395348837,83.72941176470589
Female,No,3.0,Not Graduate,Yes,13650,3369,115,180.0,1.0,Rural,N,17019,146.7155172413793,147.9913043478261
Female,No,0.0,Graduate,No,150,2667,118,84.0,1.0,Rural,N,2817,23.672268907563023,23.872881355932204
Male,Yes,0.0,Not Graduate,No,6400,3263,200,60.0,1.0,Semiurban,N,9663,48.07462686567164,48.315
,,3.0,Not Graduate,Yes,5417,5625,104,480.0,1.0,Urban,Y,11042,105.16190476190476,106.17307692307692
Female,No,3.0,Graduate,No,3846,1590,131,,,Semiurban,N,5436,41.18181818181818,41.49618320610687
,,1.0,Not Graduate,No,7100,4417,308,120.0,1.0,Rural,N,11517,37.271844660194176,37.392857142857146
Male,No,1.0,Not Graduate,Yes,2439,1929,330,180.0,1.0,Urban,Y,4368,13.196374622356496,13.236363636363636
Female,,0.0,Not Graduate,Yes,3500,3583,47,84.0,,Urban,Y,7083,147.5625,150.70212765957447
Female,Yes,1.0,Not Graduate,,2583,2583,200,360.0,,Semiurban,N,5166,25.70149253731343,25.83
Male,No,2.0,Graduate,No,2950,1590,240,240.0,,Semiurban,Y,4540,18.83817427385892,18.916666666666668
Female,,3.0,Not Graduate,No,3000,3440,44,240.0,0.0,Rural,N,6440,143.11111111111111,146.36363636363637
Male,,1.0,Graduate,Yes,2950,1516,93,480.0,1.0,Urban,N,4466,47.51063829787234,48.02150537634409
Male,,2.0,Not Graduate,,2479,2667,228,360.0,,Rural,N,5146,22.471615720524017,22.57017543859649
Male,No,2.0,Not Graduate,,3083,5701,650,,0.0,Rural,N,8784,13.493087557603689,13.513846153846155
Male,Yes,,Not Graduate,Yes,8000,2500,275,120.0,1.0,Rural,N,10500,38.04347826086956,38.18181818181818
Female,Yes,1.0,Not Graduate,Yes,3800,4866,152,60.0,1.0,Semiurban,Y,8666,56.64052287581699,57.01315789473684
Female,Yes,3.0,Graduate,,3029,1516,182,360.0,0.0,Semiurban,Y,4545,24.83606557377049,24.97252747252747
Male,,3.0,Not Graduate,,8000,1516,490,480.0,1.0,Rural,Y,9516,19.380855397148675,19.420408163265307
Female,No,2.0,Not Graduate,No,2275,4167,115,60.0,,Rural,N,6442,55.53448275862069,56.017391304347825
Female,,1.0,Graduate,,2491,2000,67,360.0,0.0,Urban,N,4491,66.04411764705883,67.02985074626865
,No,,Graduate,,3200,1868,98,84.0,1.0,Urban,Y,5068,51.19191919191919,51.714285714285715
Male,Yes,0.0,Not Graduate,Yes,7451,3440,67,480.0,,Urban,N,10891,160.16176470588235,162.55223880597015
,Yes,1.0,Graduate,No,5266,3440,25,180.0,1.0,Urban,N,8706,334.84615384615387,348.24
Female,Yes,0.0,Graduate,Yes,15000,1083,300,360.0,0.0,Semiurban,Y,16083,53.43189368770764,53.61
Male,No,3.0,Not Graduate,No,2200,5750,93,300.0,0.0,Rural,N,7950,84.57446808510639,85.48387096774194
Female,,3.0,Not Graduate,No,2853,2045,208,60.0,1.0,Urban,N,4898,23.435406698564595,23.548076923076923
,Yes,2.0,Graduate,Yes,1625,983,160,180.0,1.0,Rural,N,2608,16.198757763975156,16.3
Female,No,3.0,Not Graduate,Yes,2383,2853,150,480.0,1.0,Rural,N,5236,34.675496688741724,34.906666666666666
Male,,0.0,Not Graduate,,2000,4486,495,60.0,0.0,Semiurban,N,6486,13.076612903225806,13.103030303030303
Female,No,2.0,Not Graduate,Yes,13650,2142,76,120.0,,Semiurban,N,15792,205.0909090909091,207.78947368421052
Male,No,0.0,Not Graduate,No,3600,4000,187,240.0,1.0,Rural,N,7600,40.42553191489362,40.64171122994652
,,,Graduate,,10000,754,168,120.0,1.0,Semiurban,N,10754,63.63313609467456,64.01190476190476
Male,,3.0,Graduate,No,1863,2383,55,84.0,,Urban,Y,4246,75.82142857142857,77.2
,No,0.0,Not Graduate,No,2833,1459,228,120.0,0.0,Semiurban,Y,4292,18.74235807860262,18.82456140350877
Female,Yes,3.0,Not Graduate,No,4950,4300,152,360.0,,Semiurban,Y,9250,60.45751633986928,60.85526315789474
,,3.0,Graduate,No,4166,3333,350,120.0,,Semiurban,Y,7499,21.36467236467237,21.425714285714285
Male,,3.0,Not Graduate,Yes,1800,3333,228,,,Urban,Y,5133,22.41484716157205,22.513157894736842
Male,No,1.0,Not Graduate,Yes,2645,1250,104,180.0,,Semiurban,N,3895,37.095238095238095,37.45192307692308
,No,,Graduate,,2479,2500,165,480.0,,Rural,N,4979,29.99397590361446,30.175757575757576
Male,No,3.0,Graduate,,5042,1451,67,180.0,,Semiurban,N,6493,95.48529411764706,96.91044776119404
,,0.0,Graduate,Yes,5500,4417,17,300.0,1.0,Rural,Y,9917,550.9444444444445,583.3529411764706
Female,,3.0,Not Graduate,,24763,5250,137,240.0,1.0,Urban,Y,30013,217.4855072463768,219.07299270072994
Female,Yes,,Not Graduate,Yes,3800,754,176,300.0,,Rural,N,4554,25.728813559322035,25.875
Male,Yes,0.0,Not Graduate,,2014,2667,104,84.0,0.0,Urban,N,4681,44.58095238095238,45.00961538461539
,,0.0,Not Graduate,,3333,5625,240,300.0,1.0,Urban,Y,8958,37.17012448132781,37.325
,,1.0,Graduate,Yes,5042,4417,122,120.0,1.0,Urban,Y,9459,76.90243902439025,77.5327868852459
Male,No,0.0,Not Graduate,,3200,2383,320,240.0,1.0,Urban,N,5583,17.39252336448598,17.446875
Female,Yes,3.0,Not Graduate,,2718,1030,47,180.0,0.0,Semiurban,Y,3748,78.08333333333333,79.74468085106383
Female,No,1.0,Graduate,,2060,4167,312,300.0,0.0,Semiurban,Y,6227,19.894568690095845,19.958333333333332
,,2.0,Not Graduate,No,2395,3167,141,360.0,0.0,Semiurban,N,5562,39.16901408450704,39.4468085106383
,,1.0,Graduate,Yes,3500,6250,139,240.0,,Urban,Y,9750,69.64285714285714,70.14388489208633
,Yes,1.0,Not Graduate,,3029,3500,47,84.0,,Urban,N,6529,136.02083333333334,138.91489361702128
,No,2.0,Graduate,Yes,3600,5266,35,300.0,0.0,Urban,N,8866,246.27777777777777,253.31428571428572
Female,No,0.0,Not Graduate,Yes,1000,1030,59,480.0,1.0,Rural,N,2030,33.833333333333336,34.40677966101695
,No,0.0,Graduate,No,3750,800,112,240.0,1.0,Semiurban,Y,4550,40.26548672566372,40.625
Male,No,0.0,Not Graduate,No,7451,1964,165,480.0,1.0,Urban,N,9415,56.71686746987952,57.06060606060606
Male,Yes,1.0,Not Graduate,Yes,2400,6250,83,120.0,0.0,Urban,Y,8650,102.97619047619048,104.21686746987952
Female,No,2.0,Graduate,,2491,2045,113,120.0,,Semiurban,N,4536,39.78947368421053,40.14159292035398
Female,No,1.0,Graduate,Yes,2178,3263,320,360.0,,Semiurban,N,5441,16.950155763239877,17.003125
Female,No,2.0,Not Graduate,Yes,3666,1929,113,,1.0,Semiurban,Y,5595,49.078947368421055,49.51327433628319
Male,Yes,3.0,Not Graduate,No,2132,983,187,300.0,1.0,Rural,N,3115,16.569148936170212,16.657754010695186
Female,Yes,3.0,Not Graduate,,2645,4417,350,480.0,,Semiurban,Y,7062,20.11965811965812,20.177142857142858
Male,Yes,1.0,Graduate,No,2479,6000,30,60.0,,Rural,N,8479,273.51612903225805,282.6333333333333
,,,Graduate,,15000,2791,139,300.0,,Semiurban,N,17791,127.07857142857142,127.99280575539568
,Yes,0.0,Not Graduate,Yes,2178,5750,308,480.0,1.0,Rural,N,7928,25.65695792880259,25.74025974025974
,Yes,1.0,Graduate,Yes,3750,3806,25,,0.0,Semiurban,Y,7556,290.61538461538464,302.24
Female,,3.0,Not Graduate,,1800,1451,175,60.0,,Rural,N,3251,18.47159090909091,18.577142857142857
,No,2.0,Not Graduate,Yes,2708,4486,152,,0.0,Rural,N,7194,47.01960784313726,47.328947368421055
,Yes,1.0,Graduate,,3366,5063,112,240.0,0.0,Semiurban,Y,8429,74.59292035398231,75.25892857142857
Male,Yes,0.0,Not Graduate,Yes,2853,7210,182,,0.0,Semiurban,N,10063,54.98907103825137,55.29120879120879
,,2.0,Not Graduate,Yes,3750,2142,44,84.0,,Rural,N,5892,130.93333333333334,133.9090909090909
Male,,3.0,Graduate,No,2301,5063,106,60.0,0.0,Rural,N,7364,68.82242990654206,69.47169811320755
Female,Yes,,Not Graduate,No,7333,0,160,120.0,1.0,Semiurban,N,7333,45.54658385093168,45.83125
Female,Yes,1.0,Graduate,Yes,10000,3022,81,84.0,,Urban,Y,13022,158.8048780487805,160.76543209876544
Female,,3.0,Not Graduate,,7200,4000,320,84.0,,Urban,Y,11200,34.890965732087224,35.0
Female,Yes,3.0,Graduate,Yes,2200,1300,350,60.0,,Urban,N,3500,9.971509971509972,10.0
Male,No,1.0,Not Graduate,,2875,754,139,480.0,1.0,Rural,Y,3629,25.92142857142857,26.107913669064747
,Yes,3.0,Graduate,,2340,4486,70,84.0,0.0,Rural,Y,6826,96.14084507042251,97.51428571428572
Male,No,0.0,Not Graduate,Yes,4843,2083,255,180.0,1.0,Rural,N,6926,27.0546875,27.16078431372549
,,1.0,Not Graduate,Yes,3200,2667,95,84.0,0.0,Rural,N,5867,61.114583333333336,61.757894736842104
Male,No,,Not Graduate,Yes,3083,4983,154,360.0,0.0,Semiurban,N,8066,52.03870967741936,52.37662337662338
,Yes,1.0,Graduate,Yes,2473,1083,154,60.0,1.0,Semiurban,N,3556,22.941935483870967,23.09090909090909
Male,No,0.0,Graduate,No,3073,5750,96,180.0,,Rural,Y,8823,90.95876288659794,91.90625
,Yes,1.0,Not Graduate,No,3625,3583,700,300.0,,Rural,N,7208,10.282453637660485,10.297142857142857
Female,,2.0,Graduate,Yes,9323,7750,85,360.0,,Rural,N,17073,198.52325581395348,200.85882352941175
,,0.0,Graduate,No,3416,7210,59,,1.0,Urban,N,10626,177.1,180.10169491525423
Male,,3.0,Not Graduate,No,3416,1451,350,84.0,1.0,Urban,N,4867,13.866096866096866,13.905714285714286
,No,2.0,Graduate,,2500,2133,168,240.0,,Rural,Y,4633,27.41420118343196,27.577380952380953
,Yes,1.0,Not Graduate,,2400,5750,47,300.0,0.0,Semiurban,N,8150,169.79166666666666,173.40425531914894
Male,No,0.0,Graduate,No,5266,985,208,,,Rural,Y,6251,29.90909090909091,30.052884615384617
Male,Yes,1.0,Graduate,No,3666,688,113,60.0,1.0,Rural,N,4354,38.19298245614035,38.530973451327434
Male,,3.0,Graduate,,3052,3440,154,180.0,1.0,Urban,Y,6492,41.883870967741935,42.15584415584416
Female,Yes,0.0,Graduate,,2266,4486,44,240.0,0.0,Semiurban,Y,6752,150.04444444444445,153.45454545454547
,Yes,,Graduate,Yes,2473,4417,312,300.0,1.0,Rural,N,6890,22.012779552715656,22.083333333333332
,No,,Graduate,Yes,2583,500,312,180.0,,Semiurban,N,3083,9.849840255591054,9.881410256410257
Male,Yes,3.0,Not Graduate,Yes,5316,5250,165,,,Semiurban,N,10566,63.65060240963855,64.03636363636363
Male,,,Graduate,,3750,2791,225,,0.0,Semiurban,N,6541,28.9424778761062,29.07111111111111
Male,,2.0,Not Graduate,,5786,2250,141,480.0,1.0,Rural,N,8036,56.59154929577465,56.99290780141844
Female,No,1.0,Not Graduate,,2071,3263,131,360.0,1.0,Semiurban,Y,5334,40.40909090909091,40.717557251908396
Female,No,1.0,Not Graduate,,2483,700,350,84.0,1.0,Urban,N,3183,9.068376068376068,9.094285714285714
Female,Yes,3.0,Not Graduate,No,11000,3750,113,240.0,0.0,Urban,N,14750,129.3859649122807,130.53097345132744
Male,No,2.0,Not Graduate,,3522,1451,47,120.0,,Urban,N,4973,103.60416666666669,105.80851063829788
Female,,0.0,Not Graduate,,8666,3022,330,120.0,1.0,Semiurban,N,11688,35.31117824773414,35.41818181818182
Female,Yes,2.0,Graduate,Yes,3189,1843,47,60.0,,Urban,N,5032,104.83333333333331,107.06382978723404
,,2.0,Graduate,Yes,3189,2500,99,,1.0,Urban,Y,5689,56.89,57.464646464646464
,No,3.0,Not Graduate,No,5786,1083,208,180.0,0.0,Semiurban,N,6869,32.866028708133975,33.02403846153846
Female,Yes,0.0,Graduate,,2439,688,114,,0.0,Semiurban,Y,3127,27.191304347826087,27.42982456140351
Male,Yes,0.0,Not Graduate,Yes,2132,3449,35,,,Rural,N,5581,155.02777777777777,159.45714285714286
Female,,3.0,Graduate,,2439,800,80,180.0,1.0,Urban,N,3239,39.98765432098765,40.4875
Male,,3.0,Not Graduate,No,4950,3167,124,180.0,0.0,Semiurban,N,8117,64.936,65.45967741935483
,No,1.0,Graduate,No,5786,2383,165,240.0,1.0,Semiurban,N,8169,49.21084337349398,49.50909090909091
Male,Yes,2.0,Graduate,Yes,4300,2083,349,180.0,1.0,Semiurban,N,6383,18.237142857142857,18.289398280802292
Female,No,0.0,Graduate,Yes,8333,2900,122,300.0,,Urban,N,11233,91.32520325203252,92.07377049180327
Female,No,2.0,Not Graduate,,2950,1459,267,240.0,0.0,Semiurban,N,4409,16.45149253731343,16.51310861423221
Male,Yes,1.0,Not Graduate,No,4000,4000,110,120.0,1.0,Rural,N,8000,72.07207207207207,72.72727272727273
Male,,2.0,Not Graduate,,2301,983,99,180.0,0.0,Rural,Y,3284,32.84,33.17171717171717
Female,Yes,0.0,Not Graduate,,2718,2791,168,,1.0,Rural,N,5509,32.59763313609467,32.791666666666664
,No,1.0,Not Graduate,Yes,2491,4983,88,240.0,0.0,Urban,N,7474,83.97752808988764,84.93181818181819
Female,,2.0,Graduate,,2645,1964,66,480.0,1.0,Rural,N,4609,68.7910447761194,69.83333333333333
,No,3.0,Graduate,No,2833,736,63,84.0,,Rural,Y,3569,55.765625,56.65079365079365
Female,,1.0,Graduate,Yes,3500,4300,225,60.0,,Urban,N,7800,34.51327433628319,34.666666666666664
Female,,2.0,Not Graduate,,2718,1666,100,120.0,0.0,Urban,Y,4384,43.40594059405941,43.84
,Yes,2.0,Not Graduate,,2200,985,228,60.0,,Semiurban,N,3185,13.90829694323144,13.969298245614034
Male,No,3.0,Graduate,,2333,4417,650,240.0,,Semiurban,Y,6750,10.368663594470046,10.384615384615385
Male,,,Graduate,Yes,2275,6000,122,480.0,,Semiurban,Y,8275,67.27642276422765,67.82786885245902
Female,No,,Not Graduate,Yes,2473,1800,275,60.0,1.0,Rural,Y,4273,15.481884057971014,15.538181818181819
Male,Yes,,Not Graduate,No,2950,1929,63,240.0,0.0,Rural,Y,4879,76.234375,77.44444444444444
Female,Yes,0.0,Not Graduate,,3167,1929,201,240.0,1.0,Semiurban,N,5096,25.22772277227723,25.35323383084577
Male,No,1.0,Not Graduate,,20166,5750,139,,0.0,Semiurban,N,25916,185.11428571428573,186.44604316546761
Female,Yes,,Not Graduate,No,2395,7210,76,84.0,,Urban,Y,9605,124.74025974025976,126.38157894736842
,No,3.0,Not Graduate,Yes,3500,2853,74,360.0,0.0,Rural,N,6353,84.70666666666666,85.85135135135135
,,1.0,Graduate,Yes,10000,830,376,300.0,,Semiurban,N,10830,28.72679045092838,28.8031914893617
Female,,3.0,Graduate,No,3250,1800,50,360.0,,Semiurban,N,5050,99.01960784313724,101.0
,,0.0,Not Graduate,No,2473,1800,110,240.0,,Semiurban,N,4273,38.4954954954955,38.845454545454544
Female,Yes,3.0,Not Graduate,,1800,900,201,60.0,,Semiurban,N,2700,13.366336633663366,13.432835820895523
Male,,0.0,Graduate,Yes,2178,4750,112,84.0,1.0,Rural,N,6928,61.309734513274336,61.857142857142854
Male,,3.0,Not Graduate,No,5667,900,97,300.0,,Semiurban,N,6567,67.01020408163265,67.70103092783505
Male,,1.0,Graduate,Yes,1928,1330,192,84.0,1.0,Rural,Y,3258,16.88082901554404,16.96875
Female,,,Not Graduate,Yes,15000,2791,76,,1.0,Semiurban,Y,17791,231.05194805194805,234.0921052631579
Female,Yes,1.0,Graduate,,2600,1500,25,480.0,,Urban,N,4100,157.69230769230768,164.0
Female,,,Graduate,,5417,2667,93,480.0,,Semiurban,N,8084,86.0,86.9247311827957
,,2.0,Not Graduate,Yes,1625,3583,700,180.0,,Rural,Y,5208,7.429386590584879,7.44
,,1.0,Graduate,Yes,1625,2791,650,84.0,0.0,Semiurban,N,4416,6.783410138248848,6.793846153846154
Male,,,Not Graduate,No,5166,3333,155,300.0,1.0,Semiurban,N,8499,54.48076923076923,54.83225806451613
,,,Not Graduate,No,2473,2667,165,60.0,1.0,Urban,N,5140,30.96385542168675,31.151515151515152
,,1.0,Not Graduate,,11000,4983,125,240.0,1.0,Urban,N,15983,126.84920634920636,127.864
,Yes,0.0,Graduate,,3366,2853,320,60.0,,Urban,Y,6219,19.373831775700936,19.434375
,No,,Graduate,No,4300,2750,72,300.0,0.0,Rural,N,7050,96.57534246575342,97.91666666666667
Male,,1.0,Graduate,,2708,3583,155,,,Urban,N,6291,40.32692307692308,40.58709677419355
Male,Yes,2.0,Graduate,,3522,7210,90,,0.0,Rural,N,10732,117.93406593406591,119.24444444444444
Male,,,Graduate,No,4950,800,700,84.0,,Semiurban,N,5750,8.202567760342369,8.214285714285714
,,0.0,Graduate,Yes,15000,2853,175,120.0,1.0,Semiurban,N,17853,101.4375,102.01714285714286
Male,,3.0,Not Graduate,No,8000,7210,700,,1.0,Urban,Y,15210,21.697574893009985,21.728571428571428
,,,Not Graduate,Yes,2708,800,59,60.0,0.0,Urban,N,3508,58.46666666666667,59.45762711864407
,No,1.0,Not Graduate,,3666,1083,144,60.0,1.0,Semiurban,N,4749,32.751724137931035,32.979166666666664
,Yes,1.0,Graduate,Yes,2333,1300,300,180.0,1.0,Rural,N,3633,12.069767441860463,12.11
Female,Yes,,Not Graduate,Yes,2383,4750,166,84.0,1.0,Rural,N,7133,42.71257485029941,42.96987951807229
,,0.0,Not Graduate,,9323,1030,187,360.0,0.0,Rural,N,10353,55.069148936170215,55.36363636363637
Female,Yes,3.0,Not Graduate,No,2645,900,25,,1.0,Rural,N,3545,136.34615384615384,141.8
,,1.0,Not Graduate,No,7333,2083,104,60.0,1.0,Rural,Y,9416,89.67619047619047,90.53846153846153
Female,,1.0,Graduate,,3029,1964,154,60.0,0.0,Semiurban,Y,4993,32.21290322580645,32.422077922077925
,No,2.0,Not Graduate,Yes,5417,4167,228,,0.0,Rural,N,9584,41.85152838427948,42.03508771929825
Female,,1.0,Not Graduate,,3167,2083,88,240.0,1.0,Semiurban,N,5250,58.98876404494382,59.65909090909091
Female,Yes,,Graduate,No,2718,2583,350,,,Rural,Y,5301,15.102564102564102,15.145714285714286
,No,1.0,Graduate,Yes,10000,754,330,480.0,1.0,Urban,N,10754,32.48942598187311,32.587878787878786
,No,2.0,Not Graduate,,1000,3750,25,240.0,1.0,Semiurban,N,4750,182.69230769230768,190.0
Male,,,Graduate,No,2183,2531,490,360.0,,Rural,N,4714,9.60081466395112,9.620408163265306
Female,,,Graduate,No,7200,754,96,480.0,,Semiurban,Y,7954,82.0,82.85416666666667
Female,,1.0,Not Graduate,Yes,3052,4486,290,60.0,,Urban,N,7538,25.903780068728523,25.99310344827586
Male,,3.0,Graduate,No,2950,5625,50,360.0,,Rural,N,8575,168.13725490196077,171.5
,Yes,0.0,Graduate,,2666,2416,113,120.0,1.0,Rural,N,5082,44.578947368421055,44.97345132743363
Female,Yes,2.0,Graduate,Yes,3073,4866,17,360.0,,Semiurban,N,7939,441.05555555555554,467.0
Male,Yes,2.0,Not Graduate,Yes,7451,2750,30,360.0,0.0,Semiurban,N,10201,329.06451612903226,340.03333333333336
Female,,0.0,Not Graduate,,5316,1843,136,360.0,,Rural,N,7159,52.25547445255474,52.63970588235294
Male,Yes,2.0,Graduate,Yes,15000,3022,70,120.0,0.0,Rural,N,18022,253.83098591549296,257.45714285714286
Female,No,,Not Graduate,Yes,2183,900,58,60.0,,Semiurban,N,3083,52.25423728813559,53.1551724137931
Female,No,3.0,Graduate,Yes,2301,3066,168,,1.0,Semiurban,N,5367,31.757396449704142,31.946428571428573
Female,No,2.0,Graduate,No,2333,3583,106,300.0,1.0,Rural,Y,5916,55.28971962616822,55.81132075471698
,No,1.0,Graduate,No,4583,1964,97,84.0,,Urban,N,6547,66.8061224489796,67.49484536082474
,Yes,1.0,Not Graduate,Yes,5500,1590,700,240.0,1.0,Semiurban,Y,7090,10.114122681883025,10.128571428571428
Female,,1.0,Graduate,Yes,4583,1459,97,120.0,1.0,Semiurban,N,6042,61.6530612244898,62.28865979381443
,No,0.0,Not Graduate,No,2473,3066,155,180.0,0.0,Semiurban,N,5539,35.506410256410255,35.73548387096774
,,0.0,Not Graduate,No,2708,2133,267,84.0,0.0,Semiurban,N,4841,18.06343283582089,18.131086142322097
Male,Yes,,Graduate,Yes,2060,4196,35,480.0,0.0,Rural,Y,6256,173.77777777777777,178.74285714285713
,No,1.0,Graduate,,9323,2500,166,240.0,1.0,Urban,N,11823,70.79640718562874,71.22289156626506
,Yes,3.0,Graduate,,2340,3449,144,240.0,0.0,Urban,N,5789,39.92413793103448,40.201388888888886
Female,Yes,1.0,Graduate,,1863,5701,93,60.0,0.0,Rural,N,7564,80.46808510638297,81.33333333333333
,Yes,3.0,Graduate,Yes,2577,6250,184,120.0,,Urban,N,8827,47.71351351351351,47.97282608695652
,,2.0,Graduate,,2183,2750,320,120.0,0.0,Rural,N,4933,15.367601246105918,15.415625
,No,3.0,Graduate,,2383,5250,131,60.0,,Semiurban,N,7633,57.82575757575758,58.267175572519086
Female,Yes,,Not Graduate,No,3416,3167,285,300.0,0.0,Rural,N,6583,23.01748251748252,23.098245614035086
Female,No,2.0,Not Graduate,No,2178,7750,650,,0.0,Urban,N,9928,15.250384024577572,15.273846153846154
Male,No,1.0,Not Graduate,Yes,2301,5625,285,84.0,1.0,Rural,N,7926,27.71328671328672,27.810526315789474
Female,Yes,0.0,Graduate,,6250,6000,184,180.0,,Rural,Y,12250,66.21621621621621,66.57608695652173
Male,,3.0,Not Graduate,,150,3750,59,,,Semiurban,N,3900,65.0,66.10169491525424
Male,No,2.0,Graduate,Yes,2237,3022,275,360.0,,Rural,Y,5259,19.05434782608696,19.123636363636365
,Yes,0.0,Graduate,No,7200,2853,125,300.0,,Urban,Y,10053,79.78571428571429,80.424
,No,1.0,Graduate,No,13650,2791,118,300.0,0.0,Semiurban,N,16441,138.1596638655462,139.33050847457628
,Yes,1.0,Not Graduate,No,3522,5750,300,84.0,,Semiurban,N,9272,30.803986710963454,30.906666666666666
Female,,,Graduate,,2340,2133,95,120.0,0.0,Urban,Y,4473,46.59375,47.084210526315786
Male,Yes,1.0,Graduate,,7200,1516,104,,0.0,Rural,N,8716,83.00952380952381,83.8076923076923
Female,,0.0,Not Graduate,Yes,2583,4486,208,,0.0,Urban,Y,7069,33.82296650717704,33.98557692307692
Female,No,3.0,Not Graduate,Yes,4950,2853,131,300.0,1.0,Urban,N,7803,59.11363636363637,59.56488549618321
Female,No,1.0,Graduate,Yes,2147,1590,315,120.0,0.0,Rural,N,3737,11.825949367088608,11.863492063492064
Male,Yes,1.0,Graduate,Yes,2600,2667,113,300.0,1.0,Rural,Y,5267,46.20175438596491,46.610619469026545
,No,,Graduate,,1928,5250,350,120.0,1.0,Urban,N,7178,20.45014245014245,20.50857142857143
Male,Yes,2.0,Not Graduate,No,6400,985,349,84.0,,Rural,Y,7385,21.1,21.160458452722064
,No,,Not Graduate,,13650,5654,228,480.0,1.0,Urban,N,19304,84.29694323144105,84.66666666666667
Female,Yes,3.0,Graduate,,13650,1459,312,,0.0,Rural,Y,15109,48.27156549520767,48.42628205128205
Male,,,Not Graduate,,2708,4167,140,,1.0,Semiurban,N,6875,48.75886524822696,49.107142857142854
,Yes,0.0,Not Graduate,,3366,830,125,480.0,1.0,Urban,N,4196,33.301587301587304,33.568
Female,Yes,2.0,Graduate,No,5786,4486,285,300.0,0.0,Urban,N,10272,35.91608391608391,36.04210526315789
Male,,0.0,Not Graduate,No,13650,1590,17,180.0,,Semiurban,N,15240,846.6666666666666,896.4705882352941
,Yes,2.0,Graduate,,3083,2083,97,120.0,0.0,Semiurban,N,5166,52.71428571428572,53.25773195876289
Male,,,Not Graduate,Yes,5316,3263,44,300.0,0.0,Rural,N,8579,190.64444444444445,194.97727272727272
,Yes,,Graduate,,3625,2142,700,,0.0,Urban,Y,5767,8.226818830242511,8.23857142857143
Male,Yes,1.0,Graduate,,5000,3022,66,60.0,1.0,Rural,Y,8022,119.73134328358208,121.54545454545455
Male,Yes,1.0,Not Graduate,Yes,2708,1300,152,84.0,0.0,Semiurban,N,4008,26.19607843137255,26.36842105263158
Female,Yes,2.0,Graduate,No,4000,500,210,480.0,0.0,Rural,N,4500,21.32701421800948,21.428571428571427
,No,,Not Graduate,Yes,5500,1250,67,60.0,0.0,Rural,N,6750,99.26470588235294,100.74626865671642
,Yes,,Graduate,Yes,7333,3583,175,84.0,1.0,Rural,Y,10916,62.02272727272727,62.37714285714286
Male,Yes,3.0,Graduate,No,6400,4300,187,480.0,1.0,Rural,N,10700,56.91489361702128,57.219251336898395
Male,,3.0,Graduate,,5266,2750,133,480.0,,Semiurban,N,8016,59.82089552238806,60.27067669172932
Male,No,3.0,Not Graduate,Yes,2799,1929,150,60.0,1.0,Rural,Y,4728,31.311258278145694,31.52
,No,3.0,Not Graduate,No,5417,3583,182,480.0,0.0,Semiurban,N,9000,49.18032786885246,49.45054945054945
Male,Yes,,Not Graduate,Yes,2183,1500,128,300.0,,Urban,Y,3683,28.550387596899224,28.7734375
Female,,1.0,Graduate,,7100,4750,187,480.0,,Semiurban,N,11850,63.03191489361702,63.36898395721925
Female,No,3.0,Graduate,Yes,2333,1330,350,120.0,0.0,Urban,Y,3663,10.435897435897436,10.465714285714286
,,,Graduate,No,7333,1459,275,360.0,1.0,Semiurban,Y,8792,31.85507246376812,31.970909090909092
,,2.0,Not Graduate,Yes,2500,1451,83,300.0,,Rural,N,3951,47.035714285714285,47.602409638554214
Male,Yes,0.0,Graduate,No,3600,5750,76,480.0,0.0,Semiurban,Y,9350,121.42857142857144,123.02631578947368
Female,,3.0,Graduate,No,6400,1590,495,60.0,0.0,Rural,N,7990,16.108870967741936,16.141414141414142
,Yes,,Graduate,Yes,4950,3263,85,300.0,1.0,Urban,N,8213,95.5,96.62352941176471
Female,,2.0,Graduate,,11000,983,96,120.0,0.0,Rural,N,11983,123.5360824742268,124.82291666666667
,No,2.0,Graduate,,3333,5701,131,300.0,,Semiurban,N,9034,68.43939393939394,68.9618320610687
,Yes,,Graduate,No,5000,900,25,180.0,1.0,Rural,N,5900,226.92307692307693,236.0
Male,,3.0,Graduate,No,3083,2900,158,120.0,0.0,Rural,N,5983,37.62893081761006,37.86708860759494
,,2.0,Graduate,No,2600,2330,63,120.0,1.0,Semiurban,N,4930,77.03125,78.25396825396825
Female,No,2.0,Not Graduate,Yes,2000,3066,96,480.0,,Urban,Y,5066,52.22680412371134,52.770833333333336
,,1.0,Not Graduate,Yes,3750,2791,85,360.0,,Semiurban,Y,6541,76.05813953488372,76.95294117647059
Female,Yes,0.0,Graduate,,6080,1300,182,60.0,,Rural,N,7380,40.32786885245902,40.54945054945055
Male,No,2.0,Graduate,,10513,1083,158,,1.0,Rural,N,11596,72.93081761006289,73.39240506329114
Female,No,1.0,Graduate,Yes,3666,3750,600,240.0,0.0,Rural,N,7416,12.339434276206322,12.36
Male,,0.0,Not Graduate,Yes,2395,3583,210,180.0,,Urban,N,5978,28.33175355450237,28.466666666666665
Male,,2.0,Not Graduate,Yes,3750,688,59,180.0,1.0,Semiurban,N,4438,73.96666666666667,75.22033898305085
Male,Yes,2.0,Not Graduate,No,3522,5701,180,480.0,1.0,Semiurban,Y,9223,50.95580110497237,51.23888888888889
,Yes,,Not Graduate,No,2178,4000,98,84.0,,Rural,Y,6178,62.4040404040404,63.04081632653061
,,,Not Graduate,Yes,2500,3263,118,360.0,,Urban,N,5763,48.42857142857143,48.83898305084746
Female,,0.0,Graduate,,3073,1590,66,480.0,1.0,Urban,Y,4663,69.59701492537313,70.65151515151516
Male,Yes,2.0,Not Graduate,Yes,2340,1250,158,300.0,1.0,Urban,N,3590,22.57861635220126,22.72151898734177
,No,,Not Graduate,Yes,13650,1800,50,180.0,0.0,Rural,Y,15450,302.94117647058823,309.0
,Yes,2.0,Not Graduate,No,3083,1250,131,84.0,0.0,Urban,N,4333,32.82575757575758,33.0763358778626
Male,No,3.0,Not Graduate,Yes,2875,3600,152,60.0,1.0,Rural,Y,6475,42.3202614379085,42.598684210526315
Female,,,Not Graduate,Yes,3167,4595,210,84.0,,Semiurban,N,7762,36.78672985781991,36.96190476190476
,No,0.0,Graduate,,2183,2250,650,300.0,,Semiurban,N,4433,6.809523809523809,6.82
,No,3.0,Graduate,,3250,5250,315,360.0,0.0,Semiurban,N,8500,26.89873417721519,26.984126984126984
,No,0.0,Graduate,No,2491,2791,201,120.0,1.0,Rural,N,5282,26.14851485148515,26.27860696517413
Female,No,1.0,Graduate,,2875,1459,118,480.0,,Rural,Y,4334,36.42016806722689,36.728813559322035
Male,No,3.0,Graduate,No,7200,3440,78,480.0,1.0,Semiurban,N,10640,134.68354430379748,136.4102564102564
Female,,1.0,Not Graduate,,5316,0,122,120.0,1.0,Rural,Y,5316,43.21951219512195,43.57377049180328
Female,,3.0,Not Graduate,No,5786,700,114,84.0,1.0,Urban,N,6486,56.4,56.89473684210526
,Yes,,Not Graduate,,2950,1868,131,480.0,0.0,Urban,Y,4818,36.5,36.778625954198475
Female,No,0.0,Graduate,,2439,985,187,300.0,0.0,Rural,N,3424,18.21276595744681,18.310160427807485
Female,Yes,,Not Graduate,No,4950,2083,192,300.0,0.0,Urban,N,7033,36.44041450777202,36.630208333333336
Male,,1.0,Not Graduate,,12000,1083,47,360.0,0.0,Rural,N,13083,272.5625,278.36170212765956
,Yes,2.0,Not Graduate,No,2266,4300,96,,1.0,Semiurban,N,6566,67.69072164948453,68.39583333333333
Male,Yes,0.0,Not Graduate,,2178,1929,312,300.0,,Semiurban,N,4107,13.121405750798722,13.163461538461538
,,2.0,Graduate,No,2645,1083,94,360.0,1.0,Rural,Y,3728,39.242105263157896,39.659574468085104
,Yes,1.0,Not Graduate,,2583,2083,76,84.0,1.0,Rural,N,4666,60.5974025974026,61.39473684210526
Male,,,Graduate,No,2301,3750,95,180.0,0.0,Urban,N,6051,63.03125,63.694736842105264
Male,No,0.0,Graduate,,20166,5625,267,480.0,,Urban,N,25791,96.23507462686568,96.59550561797752
Male,No,2.0,Not Graduate,No,2333,1800,122,360.0,0.0,Rural,N,4133,33.60162601626016,33.877049180327866
Female,No,1.0,Graduate,Yes,2600,800,201,84.0,0.0,Rural,Y,3400,16.831683168316832,16.915422885572138
Male,No,0.0,Not Graduate,,13650,3333,98,60.0,1.0,Rural,N,16983,171.54545454545453,173.29591836734693
Male,,2.0,Not Graduate,,6747,2133,44,300.0,0.0,Semiurban,Y,8880,197.3333333333333,201.8181818181818
Male,No,1.0,Graduate,No,2491,3750,285,120.0,,Semiurban,N,6241,21.821678321678323,21.898245614035087
Male,,0.0,Graduate,No,2400,1590,128,120.0,,Urban,N,3990,30.930232558139537,31.171875
Female,,,Graduate,No,8000,1516,152,180.0,1.0,Urban,N,9516,62.19607843137255,62.60526315789474
Female,No,1.0,Graduate,Yes,4166,4750,97,360.0,1.0,Rural,N,8916,90.9795918367347,91.91752577319588
Male,Yes,1.0,Graduate,Yes,2266,6000,240,60.0,0.0,Urban,N,8266,34.29875518672199,34.44166666666667
Male,,0.0,Graduate,,2071,6250,99,480.0,1.0,Urban,N,8321,83.21,84.05050505050505
Female,No,,Not Graduate,Yes,8000,7750,160,360.0,,Semiurban,N,15750,97.82608695652172,98.4375
,,0.0,Graduate,No,4166,5250,83,60.0,1.0,Rural,N,9416,112.0952380952381,113.44578313253012
Female,,3.0,Not Graduate,No,3666,2000,98,300.0,,Rural,N,5666,57.23232323232323,57.816326530612244
,,3.0,Not Graduate,Yes,1625,4866,50,180.0,,Urban,N,6491,127.27450980392156,129.82
Male,No,3.0,Graduate,,2491,3167,113,360.0,1.0,Rural,N,5658,49.63157894736842,50.07079646017699
Male,Yes,3.0,Graduate,Yes,7333,5250,88,300.0,,Urban,N,12583,141.38202247191012,142.98863636363637
Female,,0.0,Not Graduate,No,2666,6250,160,480.0,,Semiurban,N,8916,55.37888198757764,55.725
Male,Yes,2.0,Graduate,,2014,688,74,,,Semiurban,N,2702,36.026666666666664,36.513513513513516
,,2.0,Graduate,Yes,7200,1800,94,300.0,,Semiurban,Y,9000,94.73684210526316,95.74468085106383
,Yes,,Graduate,,10513,7750,312,60.0,1.0,Urban,N,18263,58.3482428115016,58.53525641025641
Female,Yes,0.0,Not Graduate,Yes,10513,4983,144,120.0,0.0,Urban,N,15496,106.86896551724138,107.61111111111111
Female,Yes,,Not Graduate,,5667,4983,106,240.0,,Rural,N,10650,99.53271028037383,100.47169811320755
Female,No,1.0,Not Graduate,Yes,2577,1030,67,120.0,0.0,Semiurban,Y,3607,53.044117647058826,53.83582089552239
,No,0.0,Graduate,,5786,2853,106,480.0,1.0,Rural,N,8639,80.73831775700934,81.5
,Yes,1.0,Not Graduate,,2275,1451,320,84.0,1.0,Rural,N,3726,11.607476635514018,11.64375
,,,Not Graduate,No,12000,4983,104,180.0,,Semiurban,N,16983,161.74285714285713,163.29807692307693
,Yes,2.0,Graduate,No,2483,0,155,360.0,1.0,Semiurban,N,2483,15.916666666666666,16.019354838709678
,Yes,0.0,Graduate,Yes,2833,900,312,,1.0,Rural,N,3733,11.926517571884984,11.96474358974359
Female,No,1.0,Graduate,Yes,3500,2083,109,180.0,,Semiurban,Y,5583,50.75454545454546,51.22018348623853
Male,,1.0,Not Graduate,Yes,8666,2853,44,120.0,0.0,Semiurban,N,11519,255.9777777777778,261.79545454545456
,Yes,3.0,Graduate,,2483,1964,125,120.0,0.0,Urban,Y,4447,35.29365079365079,35.576
,No,,Not Graduate,,2799,2000,72,480.0,,Semiurban,N,4799,65.73972602739725,66.65277777777777
Male,Yes,,Not Graduate,Yes,1928,1843,180,84.0,1.0,Urban,N,3771,20.834254143646408,20.95
Male,Yes,0.0,Graduate,No,5417,5625,240,240.0,,Urban,N,11042,45.81742738589212,46.00833333333333
Male,No,2.0,Not Graduate,Yes,3666,2750,180,60.0,,Urban,N,6416,35.447513812154696,35.644444444444446
,,2.0,Graduate,No,3500,4000,180,240.0,1.0,Semiurban,Y,7500,41.43646408839779,41.666666666666664
Female,Yes,1.0,Graduate,,7100,4196,94,120.0,1.0,Semiurban,N,11296,118.90526315789474,120.17021276595744
Male,No,,Graduate,No,4583,2133,300,240.0,,Urban,Y,6716,22.312292358803987,22.386666666666667
Male,Yes,,Not Graduate,Yes,2301,3263,175,240.0,0.0,Urban,N,5564,31.613636363636363,31.794285714285714
Male,,0.0,Graduate,Yes,2147,4000,490,480.0,,Urban,Y,6147,12.519348268839105,12.544897959183674
Male,Yes,3.0,Graduate,No,2491,5654,80,120.0,0.0,Rural,N,8145,100.55555555555556,101.8125
,No,1.0,Graduate,Yes,2833,983,74,,1.0,Semiurban,N,3816,50.88,51.567567567567565
Female,,3.0,Graduate,Yes,3200,3167,72,360.0,,Urban,Y,6367,87.21917808219177,88.43055555555556
Female,Yes,,Not Graduate,Yes,5667,1843,208,120.0,0.0,Rural,N,7510,35.933014354066984,36.10576923076923
Female,Yes,1.0,Not Graduate,,2577,688,370,360.0,0.0,Urban,N,3265,8.800539083557952,8.824324324324325
Female,No,1.0,Not Graduate,,3846,1640,600,,1.0,Rural,N,5486,9.12811980033278,9.143333333333333
,,1.0,Not Graduate,No,2395,3369,59,300.0,,Urban,N,5764,96.06666666666666,97.69491525423729
Female,No,1.0,Graduate,,3500,2583,97,180.0,0.0,Urban,Y,6083,62.07142857142857,62.71134020618557
,Yes,,Graduate,,1977,2791,93,60.0,0.0,Semiurban,N,4768,50.723404255319146,51.26881720430107
Male,Yes,2.0,Graduate,No,2483,2900,25,,1.0,Rural,N,5383,207.03846153846155,215.32
Male,,3.0,Graduate,Yes,2383,2142,180,300.0,,Semiurban,N,4525,25.0,25.13888888888889
,Yes,1.0,Not Graduate,,2500,1964,150,84.0,,Rural,N,4464,29.56291390728477,29.76
Female,,2.0,Graduate,No,3416,1868,210,240.0,1.0,Semiurban,N,5284,25.04265402843602,25.16190476190476
Male,No,1.0,Not Graduate,No,5000,5654,100,84.0,0.0,Semiurban,N,10654,105.48514851485147,106.54
,No,3.0,Not Graduate,No,1977,2853,74,120.0,0.0,Urban,Y,4830,64.4,65.27027027027027
,,1.0,Graduate,Yes,2600,1843,25,240.0,0.0,Semiurban,N,4443,170.8846153846154,177.72
Male,Yes,3.0,Graduate,No,3522,3263,320,,0.0,Urban,Y,6785,21.13707165109034,21.203125
Male,No,,Not Graduate,No,3073,3583,113,84.0,1.0,Rural,N,6656,58.3859649122807,58.902654867256636
,Yes,0.0,Not Graduate,No,3625,1330,90,,0.0,Semiurban,N,4955,54.45054945054945,55.05555555555556
Male,,0.0,Graduate,,2014,1030,182,180.0,1.0,Semiurban,Y,3044,16.633879781420767,16.725274725274726
Female,Yes,1.0,Not Graduate,No,5000,2330,44,60.0,,Semiurban,N,7330,162.88888888888889,166.5909090909091
Female,No,0.0,Not Graduate,Yes,20166,3333,125,240.0,1.0,Rural,N,23499,186.5,187.992
Male,No,,Not Graduate,No,2266,5250,63,300.0,0.0,Semiurban,N,7516,117.4375,119.3015873015873
Male,No,2.0,Graduate,No,3750,1800,192,120.0,1.0,Rural,N,5550,28.756476683937823,28.90625
Male,No,1.0,Not Graduate,Yes,3500,983,136,84.0,,Rural,N,4483,32.72262773722628,32.963235294117645
Female,Yes,,Graduate,Yes,3666,1640,139,,0.0,Urban,N,5306,37.9,38.172661870503596
,No,1.0,Graduate,No,2645,1451,228,180.0,,Semiurban,Y,4096,17.88646288209607,17.964912280701753
Female,No,2.0,Graduate,,2927,2383,490,480.0,,Semiurban,N,5310,10.814663951120163,10.83673469387755
Female,Yes,,Not Graduate,No,7100,1330,140,84.0,1.0,Rural,N,8430,59.7872340425532,60.214285714285715
Female,Yes,0.0,Graduate,No,20166,700,94,,1.0,Semiurban,Y,20866,219.6421052631579,221.9787234042553
,,,Graduate,,1800,1300,83,360.0,0.0,Rural,Y,3100,36.90476190476191,37.34939759036145
Male,,0.0,Graduate,No,2395,3167,320,300.0,0.0,Semiurban,N,5562,17.327102803738317,17.38125
Male,No,,Not Graduate,Yes,12841,7210,112,480.0,1.0,Rural,N,20051,177.44247787610618,179.02678571428572
,,0.0,Not Graduate,No,3750,1516,80,480.0,0.0,Urban,Y,5266,65.01234567901234,65.825
Female,,3.0,Not Graduate,No,150,1929,144,300.0,,Semiurban,N,2079,14.33793103448276,14.4375
Male,Yes,1.0,Graduate,,2147,1250,225,480.0,,Rural,N,3397,15.030973451327434,15.097777777777777
,No,2.0,Not Graduate,Yes,12000,3369,175,480.0,,Urban,N,15369,87.32386363636364,87.82285714285715
,Yes,0.0,Graduate,,2301,3369,158,60.0,,Rural,N,5670,35.660377358490564,35.88607594936709
Male,Yes,0.0,Graduate,,3333,2330,700,120.0,,Urban,N,5663,8.078459343794579,8.09
,,3.0,Not Graduate,No,7451,2900,320,300.0,1.0,Rural,Y,10351,32.246105919003114,32.346875
,,0.0,Not Graduate,No,2645,1500,106,180.0,0.0,Rural,Y,4145,38.73831775700935,39.10377358490566
Male,No,2.0,Graduate,,2301,736,80,480.0,1.0,Urban,N,3037,37.49382716049383,37.9625
Male,,,Graduate,No,3000,830,80,,1.0,Semiurban,N,3830,47.28395061728395,47.875
,,3.0,Graduate,,4583,3167,312,120.0,0.0,Urban,N,7750,24.76038338658147,24.83974358974359
,,,Graduate,,3029,3167,184,,,Rural,N,6196,33.49189189189189,33.67391304347826
,,1.0,Not Graduate,No,4000,5654,182,60.0,0.0,Rural,N,9654,52.75409836065574,53.043956043956044
Male,No,3.0,Graduate,Yes,4000,1964,109,60.0,0.0,Semiurban,N,5964,54.21818181818182,54.71559633027523
Male,Yes,0.0,Graduate,Yes,7100,900,330,240.0,1.0,Rural,N,8000,24.169184290030213,24.242424242424242
Female,No,,Graduate,,3200,5266,118,360.0,0.0,Rural,N,8466,71.14285714285714,71.7457627118644
Female,,,Graduate,Yes,4300,0,95,360.0,0.0,Urban,Y,4300,44.79166666666666,45.26315789473684
Female,No,1.0,Graduate,,2383,1250,158,360.0,,Semiurban,Y,3633,22.849056603773583,22.99367088607595
Male,No,2.0,Graduate,No,7333,3263,275,240.0,,Rural,Y,10596,38.391304347826086,38.53090909090909
Male,No,,Not Graduate,Yes,2718,4167,128,480.0,0.0,Urban,N,6885,53.372093023255815,53.7890625
Female,Yes,2.0,Not Graduate,,8333,983,93,,1.0,Urban,Y,9316,99.1063829787234,100.17204301075269
,,,Graduate,,5786,1516,76,84.0,,Urban,Y,7302,94.83116883116882,96.07894736842105
Female,No,1.0,Not Graduate,,3250,1516,137,240.0,1.0,Urban,N,4766,34.53623188405797,34.78832116788321
Male,,,Not Graduate,,7100,2133,490,240.0,0.0,Urban,N,9233,18.80448065173116,18.84285714285714
Female,,2.0,Not Graduate,,2853,4196,436,120.0,1.0,Rural,Y,7049,16.130434782608695,16.16743119266055
Male,Yes,3.0,Graduate,,3167,830,99,180.0,,Rural,N,3997,39.97,40.37373737373738
Female,Yes,0.0,Graduate,No,1000,4167,308,120.0,1.0,Urban,N,5167,16.72168284789644,16.775974025974026
Female,No,,Not Graduate,,3522,2383,128,,1.0,Semiurban,N,5905,45.775193798449614,46.1328125
Female,Yes,3.0,Not Graduate,No,3073,3263,100,300.0,,Semiurban,Y,6336,62.73267326732673,63.36
Female,,1.0,Not Graduate,No,3800,4750,182,300.0,0.0,Semiurban,N,8550,46.72131147540984,46.97802197802198
,,1.0,Graduate,Yes,7451,2416,55,240.0,1.0,Semiurban,N,9867,176.19642857142858,179.4
Female,Yes,2.0,Graduate,No,2400,4196,228,60.0,1.0,Urban,Y,6596,28.80349344978166,28.92982456140351
Male,No,,Graduate,No,3416,6250,320,60.0,,Rural,N,9666,30.11214953271028,30.20625
Female,No,0.0,Not Graduate,,3846,3500,267,480.0,0.0,Urban,Y,7346,27.41044776119403,27.51310861423221
,No,2.0,Graduate,,2333,985,208,60.0,0.0,Urban,N,3318,15.875598086124402,15.951923076923077
Male,,,Not Graduate,,2799,2000,208,84.0,1.0,Urban,N,4799,22.96172248803828,23.072115384615383
Female,,1.0,Graduate,No,3500,5701,495,,1.0,Rural,N,9201,18.55040322580645,18.587878787878786
,,2.0,Graduate,,2439,5250,255,120.0,1.0,Semiurban,N,7689,30.03515625,30.152941176470588
Male,No,3.0,Not Graduate,Yes,1863,5654,30,180.0,0.0,Semiurban,N,7517,242.48387096774192,250.56666666666666
,,,Not Graduate,Yes,1863,900,83,84.0,,Semiurban,N,2763,32.892857142857146,33.28915662650602
,No,,Not Graduate,,24763,4750,376,300.0,,Urban,N,29513,78.28381962864721,78.49202127659575
Male,,,Not Graduate,No,2600,3369,168,480.0,,Rural,Y,5969,35.319526627218934,35.529761904761905
,No,2.0,Graduate,,2950,1640,192,,1.0,Semiurban,Y,4590,23.78238341968912,23.90625
Female,,2.0,Not Graduate,,2583,0,168,360.0,,Rural,N,2583,15.284023668639051,15.375
Female,No,,Graduate,,2395,3600,58,,0.0,Rural,N,5995,101.61016949152544,103.36206896551724
Male,,,Not Graduate,Yes,7100,1459,267,120.0,,Urban,N,8559,31.936567164179102,32.056179775280896
Female,No,1.0,Graduate,,6400,1800,370,84.0,1.0,Semiurban,N,8200,22.10242587601078,22.16216216216216
Male,,0.0,Graduate,No,2400,3066,182,180.0,,Semiurban,N,5466,29.868852459016395,30.032967032967033
Male,No,1.0,Not Graduate,No,2333,2791,308,480.0,,Urban,N,5124,16.58252427184466,16.636363636363637
Male,,0.0,Graduate,No,2799,3600,600,60.0,1.0,Semiurban,N,6399,10.647254575707157,10.665
Male,No,1.0,Graduate,No,3750,2000,88,360.0,1.0,Semiurban,Y,5750,64.6067415730337,65.3409090909091
Male,No,2.0,Graduate,No,24763,4300,350,180.0,0.0,Semiurban,Y,29063,82.8005698005698,83.03714285714285
Female,No,0.0,Not Graduate,No,3052,7750,376,60.0,1.0,Urban,N,10802,28.652519893899203,28.72872340425532
Male,Yes,1.0,Not Graduate,Yes,7200,5654,133,,,Rural,Y,12854,95.92537313432835,96.64661654135338
Female,No,0.0,Not Graduate,,3522,5701,113,84.0,0.0,Rural,Y,9223,80.90350877192982,81.61946902654867
Male,Yes,0.0,Not Graduate,,4000,700,118,360.0,1.0,Urban,N,4700,39.49579831932773,39.83050847457627
Male,No,,Graduate,No,4166,4750,139,240.0,0.0,Urban,N,8916,63.68571428571428,64.14388489208633
Male,No,1.0,Not Graduate,Yes,5786,4866,98,120.0,0.0,Urban,N,10652,107.5959595959596,108.6938775510204
Female,,,Not Graduate,Yes,2833,4167,114,480.0,0.0,Urban,N,7000,60.869565217391305,61.40350877192982
Male,Yes,2.0,Graduate,,3600,1516,240,300.0,,Urban,Y,5116,21.22821576763485,21.316666666666666
,No,1.0,Not Graduate,,11000,5625,90,60.0,0.0,Rural,N,16625,182.69230769230768,184.72222222222223
Female,,,Graduate,Yes,3167,5266,228,120.0,,Semiurban,N,8433,36.82532751091703,36.98684210526316
Female,Yes,1.0,Not Graduate,,2266,3066,81,60.0,1.0,Rural,N,5332,65.02439024390245,65.82716049382717
,Yes,0.0,Not Graduate,Yes,5786,3066,88,360.0,,Semiurban,N,8852,99.46067415730336,100.5909090909091
Male,No,3.0,Not Graduate,No,2666,2000,83,,1.0,Semiurban,Y,4666,55.54761904761905,56.21686746987952
Male,,0.0,Graduate,Yes,24763,7750,80,84.0,,Urban,N,32513,401.39506172839504,406.4125
,,0.0,Not Graduate,No,1800,3449,63,180.0,1.0,Semiurban,N,5249,82.015625,83.31746031746032
Female,Yes,2.0,Not Graduate,No,1977,2416,114,60.0,1.0,Urban,N,4393,38.2,38.53508771929825
,,2.0,Graduate,Yes,2708,2133,120,180.0,0.0,Rural,N,4841,40.00826446280992,40.34166666666667
Male,No,2.0,Not Graduate,,13650,1868,490,300.0,0.0,Rural,N,15518,31.60488798370672,31.66938775510204
Female,No,,Not Graduate,Yes,3189,1500,240,240.0,1.0,Semiurban,Y,4689,19.456431535269708,19.5375
Female,Yes,0.0,Graduate,,2483,2383,50,240.0,0.0,Rural,N,4866,95.41176470588236,97.32
Male,Yes,3.0,Graduate,,7451,2667,300,360.0,0.0,Urban,N,10118,33.61461794019934,33.72666666666667
,,,Graduate,Yes,2927,3449,124,84.0,1.0,Urban,N,6376,51.008,51.41935483870968
Male,No,1.0,Not Graduate,,3750,4866,182,120.0,0.0,Semiurban,N,8616,47.08196721311475,47.34065934065934
Female,Yes,1.0,Not Graduate,No,3366,754,208,180.0,1.0,Semiurban,Y,4120,19.71291866028708,19.807692307692307
Male,,3.0,Graduate,,2178,2750,158,,0.0,Semiurban,N,4928,30.9937106918239,31.189873417721518
Female,No,2.0,Not Graduate,,1625,1516,370,300.0,1.0,Rural,N,3141,8.466307277628033,8.489189189189188
,No,3.0,Not Graduate,No,3029,3750,116,60.0,,Semiurban,N,6779,57.94017094017094,58.439655172413794
Male,Yes,,Graduate,Yes,2340,2133,201,120.0,0.0,Urban,N,4473,22.143564356435643,22.253731343283583
,,3.0,Graduate,No,3073,2667,144,120.0,1.0,Semiurban,N,5740,39.58620689655172,39.861111111111114
Male,Yes,,Not Graduate,No,12841,4167,120,240.0,0.0,Semiurban,Y,17008,140.56198347107437,141.73333333333332
Female,No,2.0,Graduate,No,2340,7210,110,,1.0,Urban,N,9550,86.03603603603604,86.81818181818181
Male,No,1.0,Graduate,Yes,3750,5625,100,120.0,,Rural,N,9375,92.82178217821782,93.75
,,1.0,Not Graduate,Yes,8666,900,350,480.0,1.0,Urban,Y,9566,27.25356125356125,27.33142857142857
,No,2.0,Not Graduate,Yes,6080,754,137,120.0,0.0,Semiurban,Y,6834,49.52173913043478,49.88321167883212
,,2.0,Graduate,Yes,3666,5266,109,120.0,1.0,Urban,Y,8932,81.2,81.94495412844037
Male,No,1.0,Not Graduate,,2266,4486,74,240.0,1.0,Urban,N,6752,90.02666666666667,91.24324324324324
Female,Yes,3.0,Graduate,Yes,2000,7210,96,300.0,0.0,Semiurban,N,9210,94.94845360824742,95.9375
Male,No,1.0,Graduate,No,2014,2416,50,240.0,0.0,Rural,N,4430,86.86274509803921,88.6
Male,Yes,3.0,Graduate,Yes,6250,736,210,60.0,0.0,Semiurban,N,6986,33.10900473933649,33.266666666666666
,Yes,0.0,Graduate,Yes,2439,985,320,60.0,,Urban,N,3424,10.666666666666666,10.7
Female,No,2.0,Not Graduate,No,4843,2083,600,,,Urban,N,6926,11.524126455906822,11.543333333333333
Female,Yes,0.0,Graduate,,1000,1590,35,,0.0,Rural,Y,2590,71.94444444444444,74.0
,No,,Graduate,Yes,3200,5625,320,120.0,1.0,Semiurban,N,8825,27.49221183800623,27.578125
Male,No,,Graduate,Yes,2875,4866,187,300.0,1.0,Rural,N,7741,41.17553191489362,41.39572192513369
Female,Yes,,Not Graduate,No,2583,1213,98,180.0,0.0,Rural,N,3796,38.343434343434346,38.734693877551024
Female,Yes,3.0,Graduate,,3750,1213,315,180.0,,Urban,Y,4963,15.705696202531646,15.755555555555556
Male,Yes,,Graduate,,4583,3806,255,480.0,1.0,Rural,Y,8389,32.76953125,32.898039215686275
,Yes,1.0,Not Graduate,,6400,1800,70,60.0,,Rural,Y,8200,115.49295774647888,117.14285714285714
Female,No,3.0,Not Graduate,No,7200,983,116,,,Rural,N,8183,69.94017094017094,70.54310344827586
Male,,2.0,Graduate,,3167,4300,436,180.0,0.0,Semiurban,N,7467,17.08695652173913,17.126146788990827
,No,,Graduate,Yes,2147,3806,70,180.0,,Rural,N,5953,83.84507042253522,85.04285714285714
Male,,3.0,Graduate,Yes,3522,0,275,120.0,,Semiurban,N,3522,12.76086956521739,12.807272727272727
,Yes,,Not Graduate,,3052,1030,131,60.0,1.0,Urban,N,4082,30.924242424242426,31.16030534351145
Female,Yes,,Graduate,,3600,4196,140,300.0,1.0,Rural,Y,7796,55.290780141843975,55.68571428571428
Male,Yes,3.0,Graduate,Yes,5042,1868,25,,,Semiurban,N,6910,265.7692307692308,276.4
,No,3.0,Not Graduate,Yes,1625,2083,700,,0.0,Urban,N,3708,5.289586305278174,5.297142857142857
Male,Yes,3.0,Not Graduate,No,9323,900,93,84.0,,Urban,N,10223,108.75531914893617,109.9247311827957
Female,No,1.0,Not Graduate,,2645,754,308,360.0,,Semiurban,Y,3399,11.0,11.035714285714286
,Yes,2.0,Not Graduate,No,2853,6000,122,120.0,0.0,Semiurban,N,8853,71.97560975609755,72.56557377049181
Female,Yes,0.0,Not Graduate,No,2708,4196,25,,,Rural,Y,6904,265.53846153846155,276.16
,Yes,2.0,Graduate,No,3750,736,128,120.0,0.0,Urban,Y,4486,34.775193798449614,35.046875
Female,Yes,1.0,Not Graduate,No,3800,983,55,84.0,0.0,Semiurban,N,4783,85.41071428571429,86.96363636363637
Male,No,1.0,Not Graduate,No,1625,4300,240,84.0,,Urban,N,5925,24.585062240663905,24.6875
Female,,1.0,Not Graduate,No,2333,3333,300,300.0,0.0,Rural,N,5666,18.82392026578073,18.886666666666667
Female,No,2.0,Graduate,Yes,3625,5750,63,300.0,1.0,Urban,Y,9375,146.484375,148.8095238095238
Female,,1.0,Graduate,No,7100,1964,330,360.0,,Semiurban,N,9064,27.38368580060423,27.466666666666665
Male,No,1.0,Graduate,,6080,4595,85,60.0,0.0,Rural,N,10675,124.1279069767442,125.58823529411765
,,1.0,Graduate,Yes,3600,1640,74,300.0,0.0,Semiurban,N,5240,69.86666666666666,70.8108108108108
Female,Yes,3.0,Graduate,Yes,3073,6250,122,120.0,1.0,Rural,N,9323,75.79674796747967,76.41803278688525
Male,,2.0,Not Graduate,No,3750,4196,275,300.0,,Rural,Y,7946,28.78985507246377,28.894545454545455
Female,,2.0,Graduate,,15000,2045,225,84.0,,Semiurban,N,17045,75.42035398230088,75.75555555555556
Female,,,Not Graduate,Yes,150,1843,187,360.0,,Semiurban,N,1993,10.601063829787234,10.657754010695188
Male,Yes,0.0,Graduate,,2666,800,154,120.0,,Urban,N,3466,22.361290322580643,22.506493506493506
Male,,1.0,Not Graduate,No,6250,2667,93,,,Rural,N,8917,94.86170212765956,95.88172043010752
Male,Yes,0.0,Not Graduate,Yes,2479,500,120,360.0,1.0,Urban,Y,2979,24.6198347107438,24.825
Male,,,Graduate,Yes,1928,1868,47,360.0,,Semiurban,N,3796,79.08333333333333,80.76595744680851
,No,1.0,Graduate,Yes,1800,2583,168,120.0,1.0,Semiurban,N,4383,25.93491124260355,26.089285714285715
,No,0.0,Not Graduate,,1000,1213,158,60.0,,Urban,N,2213,13.918238993710691,14.00632911392405
,,,Graduate,,11000,5625,112,60.0,,Rural,Y,16625,147.1238938053097,148.4375
Male,,3.0,Not Graduate,No,2266,1868,290,240.0,,Rural,N,4134,14.206185567010309,14.255172413793103
Female,Yes,3.0,Graduate,Yes,2853,0,83,180.0,0.0,Semiurban,Y,2853,33.964285714285715,34.373493975903614
Female,No,,Graduate,Yes,6747,1030,290,120.0,0.0,Rural,N,7777,26.72508591065292,26.817241379310346
Male,No,3.0,Not Graduate,,4950,2500,160,300.0,0.0,Semiurban,N,7450,46.27329192546584,46.5625
Female,,2.0,Graduate,Yes,2340,5654,308,300.0,1.0,Semiurban,N,7994,25.870550161812297,25.954545454545453
Female,,1.0,Graduate,No,3189,2583,152,60.0,1.0,Urban,N,5772,37.72549019607843,37.973684210526315
,,,Graduate,Yes,2237,0,113,,1.0,Semiurban,N,2237,19.62280701754386,19.79646017699115
Female,Yes,2.0,Graduate,Yes,5316,4866,160,84.0,1.0,Semiurban,N,10182,63.24223602484472,63.6375
Female,,0.0,Not Graduate,,7451,1030,166,240.0,,Urban,Y,8481,50.78443113772455,51.09036144578313
,,1.0,Graduate,Yes,2950,4486,165,,,Urban,N,7436,44.795180722891565,45.06666666666667
Female,,1.0,Graduate,No,3846,3806,255,120.0,0.0,Semiurban,N,7652,29.890625,30.007843137254902
,Yes,0.0,Graduate,,6080,2853,349,84.0,,Semiurban,N,8933,25.52285714285714,25.595988538681947
Female,,1.0,Graduate,,5500,1330,67,240.0,0.0,Urban,N,6830,100.44117647058825,101.94029850746269
Male,Yes,,Not Graduate,No,5500,2583,436,120.0,0.0,Urban,Y,8083,18.496567505720822,18.538990825688074
,Yes,2.0,Graduate,No,2400,2531,155,,,Rural,Y,4931,31.60897435897436,31.81290322580645
Male,,0.0,Graduate,Yes,10000,2667,158,480.0,0.0,Semiurban,N,12667,79.66666666666667,80.17088607594937
,No,1.0,Graduate,,2301,5750,152,360.0,0.0,Urban,N,8051,52.62091503267974,52.9671052631579
,No,0.0,Not Graduate,Yes,8000,1083,184,84.0,0.0,Urban,N,9083,49.097297297297295,49.36413043478261
Female,,1.0,Graduate,No,2014,5625,350,300.0,,Rural,Y,7639,21.76353276353276,21.825714285714287
Male,Yes,2.0,Not Graduate,No,2483,2900,90,300.0,1.0,Urban,N,5383,59.15384615384615,59.81111111111111
,No,2.0,Graduate,,8333,4983,120,180.0,,Rural,Y,13316,110.0495867768595,110.96666666666667
,No,,Not Graduate,,10513,983,35,240.0,1.0,Rural,N,11496,319.3333333333333,328.45714285714286
Female,,,Not Graduate,,4166,1843,200,180.0,0.0,Semiurban,N,6009,29.895522388059703,30.045
Male,No,,Not Graduate,No,3416,2133,133,300.0,,Semiurban,N,5549,41.41044776119403,41.721804511278194
,,,Graduate,,5417,1451,158,60.0,,Rural,N,6868,43.19496855345912,43.46835443037975
,,3.0,Not Graduate,,1000,688,495,60.0,,Semiurban,Y,1688,3.403225806451613,3.4101010101010103
,,,Graduate,Yes,2071,5250,25,240.0,,Semiurban,N,7321,281.5769230769231,292.84
Male,Yes,,Graduate,,2275,1330,182,120.0,1.0,Semiurban,Y,3605,19.69945355191257,19.807692307692307
Female,No,,Not Graduate,No,5042,983,308,360.0,1.0,Rural,Y,6025,19.49838187702265,19.56168831168831
,,2.0,Graduate,Yes,2266,1868,35,60.0,0.0,Urban,N,4134,114.83333333333331,118.11428571428571
,,,Not Graduate,Yes,3750,754,168,480.0,0.0,Semiurban,N,4504,26.650887573964496,26.80952380952381
,Yes,3.0,Not Graduate,No,3846,4300,83,120.0,0.0,Semiurban,Y,8146,96.97619047619048,98.144578313253
Female,,2.0,Not Graduate,No,3846,5250,240,300.0,1.0,Rural,N,9096,37.74273858921162,37.9
Female,,3.0,Not Graduate,No,3073,2133,290,120.0,0.0,Semiurban,N,5206,17.89003436426117,17.951724137931034
Male,No,0.0,Not Graduate,Yes,4166,1929,285,480.0,0.0,Rural,N,6095,21.31118881118881,21.385964912280702
Female,,,Not Graduate,No,3200,3806,76,180.0,0.0,Rural,Y,7006,90.987012987013,92.1842105263158
,No,1.0,Not Graduate,,1928,4595,228,180.0,0.0,Rural,N,6523,28.48471615720524,28.609649122807017
,Yes,0.0,Graduate,No,5166,4486,72,480.0,0.0,Urban,N,9652,132.21917808219175,134.05555555555554
,,1.0,Graduate,No,2178,2383,285,84.0,1.0,Urban,N,4561,15.947552447552448,16.003508771929823
Female,,0.0,Graduate,,4843,1868,131,240.0,,Rural,N,6711,50.84090909090909,51.229007633587784
Female,,0.0,Graduate,Yes,7451,3333,50,,,Urban,N,10784,211.45098039215685,215.68
Female,No,,Graduate,No,3000,6000,124,60.0,1.0,Semiurban,N,9000,72.0,72.58064516129032
Male,No,2.0,Not Graduate,Yes,8333,3583,152,,,Rural,N,11916,77.88235294117646,78.39473684210526
Male,No,1.0,Not Graduate,Yes,2833,1451,168,300.0,,Semiurban,Y,4284,25.349112426035504,25.5
Female,No,3.0,Graduate,No,2718,983,320,240.0,,Urban,Y,3701,11.529595015576325,11.565625
Female,No,2.0,Not Graduate,No,2400,900,140,60.0,1.0,Rural,Y,3300,23.404255319148938,23.571428571428573
Female,No,3.0,Not Graduate,,3000,4167,96,240.0,0.0,Semiurban,N,7167,73.88659793814433,74.65625
Male,Yes,0.0,Not Graduate,No,2400,3583,650,360.0,0.0,Rural,Y,5983,9.19047619047619,9.204615384615385
,No,,Graduate,No,3846,4167,376,60.0,1.0,Semiurban,N,8013,21.254641909814325,21.31117021276596
,,2.0,Graduate,,7100,3263,330,480.0,0.0,Rural,Y,10363,31.308157099697887,31.403030303030302
Male,No,2.0,Not Graduate,,2583,2083,201,60.0,,Urban,N,4666,23.099009900990097,23.213930348258707
Male,No,0.0,Graduate,,2147,1590,275,84.0,1.0,Rural,N,3737,13.539855072463768,13.58909090909091
Female,,3.0,Graduate,Yes,6400,2000,99,120.0,1.0,Rural,N,8400,84.0,84.84848484848484
Male,,3.0,Not Graduate,,5000,5266,495,120.0,,Rural,N,10266,20.69758064516129,20.73939393939394
,,,Graduate,No,5000,2330,78,84.0,0.0,Rural,N,7330,92.78481012658229,93.97435897435898
Female,Yes,3.0,Graduate,No,7200,2667,140,240.0,1.0,Semiurban,N,9867,69.97872340425532,70.47857142857143
,,3.0,Not Graduate,No,8000,5063,78,240.0,0.0,Urban,Y,13063,165.35443037974684,167.47435897435898
,No,2.0,Not Graduate,,3200,4417,152,84.0,,Rural,N,7617,49.78431372549019,50.11184210526316
,Yes,2.0,Not Graduate,No,5417,3750,137,300.0,1.0,Semiurban,N,9167,66.42753623188406,66.91240875912409
,,1.0,Graduate,Yes,2439,4196,109,480.0,1.0,Semiurban,Y,6635,60.31818181818182,60.87155963302752
Male,Yes,0.0,Not Graduate,Yes,8666,1330,349,,,Rural,N,9996,28.56,28.64183381088825
Male,Yes,0.0,Not Graduate,No,2483,3750,95,,1.0,Semiurban,Y,6233,64.92708333333333,65.61052631578947
,,3.0,Graduate,Yes,1800,1250,290,240.0,,Urban,Y,3050,10.481099656357388,10.517241379310345
Female,,,Not Graduate,No,3200,1459,436,60.0,1.0,Urban,N,4659,10.661327231121282,10.685779816513762
Female,Yes,,Not Graduate,,24763,5654,128,60.0,,Rural,Y,30417,235.7906976744186,237.6328125
Male,,0.0,Graduate,,6400,700,97,120.0,1.0,Urban,N,7100,72.44897959183673,73.19587628865979
Male,Yes,1.0,Not Graduate,No,7100,754,118,240.0,,Semiurban,N,7854,66.0,66.55932203389831
,No,2.0,Graduate,Yes,7200,1843,72,,1.0,Urban,N,9043,123.87671232876713,125.59722222222223
,Yes,1.0,Graduate,Yes,8666,4167,122,480.0,1.0,Rural,N,12833,104.33333333333331,105.18852459016394
Female,,1.0,Graduate,No,2950,1459,59,60.0,,Urban,N,4409,73.48333333333333,74.72881355932203
,Yes,3.0,Not Graduate,,5417,2750,240,60.0,1.0,Rural,Y,8167,33.88796680497925,34.02916666666667
,No,2.0,Graduate,No,3029,2583,154,84.0,0.0,Semiurban,N,5612,36.20645161290322,36.44155844155844
,Yes,,Graduate,,5266,5654,228,300.0,0.0,Rural,N,10920,47.685589519650655,47.89473684210526
Female,,2.0,Not Graduate,No,9323,4167,63,180.0,0.0,Rural,N,13490,210.78125,214.12698412698413
,No,,Not Graduate,Yes,2718,2791,180,360.0,,Semiurban,N,5509,30.43646408839779,30.605555555555554
,No,0.0,Not Graduate,No,24763,4167,349,120.0,0.0,Semiurban,N,28930,82.65714285714286,82.89398280802293
Male,,0.0,Not Graduate,No,2266,1929,144,360.0,1.0,Semiurban,N,4195,28.93103448275862,29.131944444444443
Female,,,Graduate,Yes,2147,6250,122,240.0,0.0,Semiurban,N,8397,68.26829268292683,68.82786885245902
Male,No,1.0,Not Graduate,Yes,4950,3750,275,,1.0,Rural,Y,8700,31.52173913043478,31.636363636363637
Female,No,2.0,Not Graduate,Yes,20166,3449,120,180.0,1.0,Urban,Y,23615,195.16528925619835,196.79166666666666
Female,Yes,3.0,Graduate,Yes,4300,4866,192,60.0,0.0,Rural,N,9166,47.49222797927461,47.739583333333336
Male,Yes,2.0,Not Graduate,Yes,7200,6000,98,360.0,0.0,Rural,N,13200,133.33333333333334,134.69387755102042
Female,No,2.0,Not Graduate,Yes,3600,1330,78,120.0,1.0,Semiurban,N,4930,62.40506329113924,63.205128205128204
,No,3.0,Graduate,Yes,3522,2667,168,300.0,0.0,Urban,Y,6189,36.62130177514793,36.839285714285715
,,1.0,Not Graduate,Yes,2200,1516,155,120.0,,Rural,N,3716,23.82051282051282,23.974193548387095
Female,,3.0,Graduate,Yes,2645,3449,78,60.0,1.0,Semiurban,N,6094,77.13924050632912,78.12820512820512
Male,,2.0,Not Graduate,No,11000,4750,144,480.0,1.0,Urban,Y,15750,108.6206896551724,109.375
,No,3.0,Not Graduate,No,2333,1030,228,300.0,1.0,Urban,N,3363,14.685589519650655,14.75
Male,,1.0,Not Graduate,Yes,2439,500,139,60.0,1.0,Semiurban,N,2939,20.992857142857144,21.14388489208633
Male,Yes,0.0,Not Graduate,,5667,5654,184,120.0,0.0,Rural,Y,11321,61.1945945945946,61.52717391304348
Male,No,0.0,Not Graduate,Yes,5316,1459,228,60.0,0.0,Urban,N,6775,29.58515283842795,29.714912280701753
Male,Yes,0.0,Not Graduate,Yes,5000,2791,109,120.0,1.0,Semiurban,N,7791,70.82727272727273,71.4770642201835
,,2.0,Not Graduate,,2060,2250,122,180.0,,Semiurban,N,4310,35.040650406504064,35.32786885245902
,,3.0,Graduate,No,3846,2853,150,60.0,1.0,Semiurban,N,6699,44.36423841059602,44.66
Male,No,0.0,Graduate,No,11000,1640,113,240.0,1.0,Urban,N,12640,110.87719298245614,111.85840707964601
,,2.0,Graduate,No,8666,1590,320,240.0,1.0,Rural,N,10256,31.95015576323988,32.05
Female,No,,Not Graduate,,2708,2083,267,180.0,0.0,Rural,N,4791,17.87686567164179,17.9438202247191
Female,No,0.0,Not Graduate,Yes,15000,3066,160,120.0,1.0,Rural,N,18066,112.2111801242236,112.9125
,,0.0,Graduate,No,3800,5250,200,480.0,,Rural,N,9050,45.024875621890544,45.25
Female,No,,Not Graduate,Yes,2853,2330,228,84.0,0.0,Urban,N,5183,22.63318777292577,22.732456140350877
Female,Yes,,Not Graduate,No,1928,5266,120,,0.0,Urban,N,7194,59.45454545454545,59.95
Female,No,,Not Graduate,Yes,2718,5625,139,300.0,,Urban,N,8343,59.59285714285714,60.02158273381295
Female,Yes,0.0,Not Graduate,,2718,1083,88,180.0,1.0,Rural,N,3801,42.70786516853933,43.19318181818182
,,2.0,Graduate,No,2439,500,97,84.0,0.0,Semiurban,N,2939,29.989795918367346,30.298969072164947
Male,No,3.0,Not Graduate,,4843,3449,95,,0.0,Urban,Y,8292,86.375,87.28421052631579
Female,Yes,,Not Graduate,No,2266,1030,228,180.0,,Semiurban,N,3296,14.39301310043668,14.456140350877194
Female,,,Graduate,,5500,800,133,60.0,,Rural,N,6300,47.014925373134325,47.36842105263158
Female,No,3.0,Graduate,Yes,8333,3333,80,180.0,1.0,Rural,Y,11666,144.02469135802468,145.825
,No,2.0,Graduate,,3522,1516,114,240.0,0.0,Rural,Y,5038,43.80869565217391,44.19298245614035
,,2.0,Graduate,Yes,5667,1516,109,300.0,1.0,Semiurban,Y,7183,65.3,65.89908256880734
Female,Yes,,Not Graduate,,1000,4595,140,84.0,1.0,Semiurban,Y,5595,39.680851063829785,39.964285714285715
,,,Graduate,Yes,8000,3263,96,120.0,0.0,Semiurban,Y,11263,116.11340206185568,117.32291666666667
,Yes,1.0,Not Graduate,,6250,4595,74,,,Rural,N,10845,144.6,146.55405405405406
,,,Not Graduate,,5000,5250,67,480.0,,Rural,N,10250,150.73529411764707,152.98507462686567
Female,No,3.0,Not Graduate,No,3366,688,154,360.0,0.0,Urban,Y,4054,26.15483870967742,26.324675324675326
Male,Yes,2.0,Not Graduate,,3000,4750,600,120.0,0.0,Urban,N,7750,12.895174708818637,12.916666666666666
Male,Yes,1.0,Not Graduate,No,6747,3022,184,,0.0,Semiurban,N,9769,52.8054054054054,53.09239130434783
,No,1.0,Graduate,No,5166,3583,240,300.0,0.0,Urban,Y,8749,36.30290456431536,36.454166666666666
Male,,0.0,Graduate,,3000,4866,99,60.0,,Urban,Y,7866,78.66,79.45454545454545
,,1.0,Not Graduate,,2237,4000,97,180.0,1.0,Semiurban,N,6237,63.642857142857146,64.29896907216495
,,0.0,Graduate,No,1800,1868,144,180.0,1.0,Urban,Y,3668,25.29655172413793,25.47222222222222
Female,No,0.0,Graduate,Yes,4950,6000,131,84.0,,Rural,N,10950,82.95454545454545,83.58778625954199
,No,1.0,Graduate,,2950,4595,17,60.0,,Rural,N,7545,419.1666666666667,443.8235294117647
Female,Yes,1.0,Not Graduate,No,1863,1516,158,300.0,,Semiurban,Y,3379,21.251572327044027,21.38607594936709
Female,No,1.0,Not Graduate,,2491,6000,228,84.0,,Urban,Y,8491,37.07860262008734,37.24122807017544
Female,No,0.0,Not Graduate,,2000,4750,116,480.0,,Urban,N,6750,57.69230769230769,58.189655172413794
,Yes,3.0,Not Graduate,No,5000,3369,113,120.0,,Semiurban,N,8369,73.41228070175438,74.06194690265487
Female,Yes,1.0,Not Graduate,Yes,2718,1250,66,180.0,,Semiurban,Y,3968,59.223880597014926,60.121212121212125
,No,,Graduate,,15000,3333,141,60.0,,Rural,N,18333,129.1056338028169,130.0212765957447
Male,,2.0,Not Graduate,Yes,3500,1083,376,300.0,1.0,Urban,N,4583,12.156498673740051,12.188829787234043
Female,,0.0,Graduate,Yes,6080,830,330,60.0,,Urban,N,6910,20.876132930513595,20.939393939393938
Male,,2.0,Graduate,Yes,4300,2531,700,300.0,1.0,Semiurban,N,6831,9.744650499286733,9.758571428571429
Male,No,,Not Graduate,No,2666,4983,122,480.0,1.0,Urban,N,7649,62.1869918699187,62.69672131147541
Female,No,1.0,Graduate,,1863,2045,267,360.0,1.0,Rural,N,3908,14.582089552238806,14.636704119850187
,Yes,2.0,Graduate,,3200,4750,110,,0.0,Semiurban,Y,7950,71.62162162162163,72.27272727272727
Male,,0.0,Not Graduate,,3750,2750,118,120.0,,Semiurban,Y,6500,54.6218487394958,55.08474576271186
Female,No,3.0,Graduate,,3083,3449,30,300.0,1.0,Rural,N,6532,210.70967741935485,217.73333333333332
Male,No,2.0,Not Graduate,Yes,4843,4866,182,60.0,,Rural,Y,9709,53.05464480874317,53.34615384615385
Female,,1.0,Graduate,Yes,9323,1213,315,180.0,,Rural,Y,10536,33.34177215189873,33.44761904761905
Female,No,0.0,Graduate,,2237,3449,300,300.0,0.0,Urban,N,5686,18.890365448504983,18.953333333333333
,No,2.0,Graduate,,4000,900,35,180.0,,Semiurban,N,4900,136.11111111111111,140.0
Female,Yes,3.0,Graduate,,2875,1030,75,240.0,0.0,Rural,Y,3905,51.38157894736842,52.06666666666667
Male,No,1.0,Graduate,No,4166,2853,99,360.0,,Rural,N,7019,70.19,70.8989898989899
Male,No,1.0,Not Graduate,,2500,2083,106,,,Urban,N,4583,42.83177570093458,43.235849056603776
,Yes,0.0,Not Graduate,Yes,20166,1300,141,60.0,0.0,Urban,N,21466,151.16901408450704,152.24113475177305
,,,Not Graduate,Yes,8000,5654,81,240.0,0.0,Semiurban,N,13654,166.5121951219512,168.5679012345679
Female,Yes,1.0,Not Graduate,No,10513,5654,300,120.0,0.0,Semiurban,Y,16167,53.7109634551495,53.89
,Yes,3.0,Not Graduate,,5667,4983,104,180.0,0.0,Urban,N,10650,101.42857142857144,102.40384615384616
,Yes,0.0,Graduate,No,2483,2045,67,360.0,0.0,Urban,N,4528,66.58823529411765,67.58208955223881
Male,Yes,3.0,Graduate,No,8333,2583,137,240.0,0.0,Urban,N,10916,79.10144927536231,79.67883211678833
Female,,1.0,Graduate,No,5417,1640,81,240.0,0.0,Rural,N,7057,86.0609756097561,87.12345679012346
Female,No,,Graduate,Yes,5500,4417,99,84.0,0.0,Semiurban,N,9917,99.17,100.17171717171718
Male,No,3.0,Not Graduate,Yes,6080,4300,75,84.0,0.0,Rural,N,10380,136.57894736842104,138.4
Female,,3.0,Graduate,,2875,1300,141,180.0,1.0,Rural,Y,4175,29.401408450704224,29.609929078014183
Female,No,2.0,Graduate,Yes,3073,2900,312,,1.0,Rural,Y,5973,19.08306709265176,19.14423076923077
Female,,1.0,Not Graduate,Yes,2275,1868,137,60.0,,Urban,N,4143,30.02173913043478,30.240875912408757
Female,Yes,2.0,Not Graduate,,3000,0,139,480.0,0.0,Urban,N,3000,21.428571428571427,21.58273381294964
Female,No,0.0,Graduate,,5166,2250,78,240.0,0.0,Semiurban,N,7416,93.873417721519,95.07692307692308
,Yes,2.0,Graduate,,12841,3500,308,480.0,0.0,Semiurban,Y,16341,52.883495145631066,53.0551948051948
,Yes,2.0,Not Graduate,No,150,5250,168,240.0,0.0,Semiurban,Y,5400,31.952662721893493,32.142857142857146
,,3.0,Not Graduate,No,1977,4983,94,120.0,,Rural,Y,6960,73.26315789473684,74.04255319148936
Female,No,2.0,Not Graduate,,8666,4866,201,240.0,0.0,Urban,N,13532,66.99009900990099,67.32338308457712
Male,No,1.0,Graduate,,1000,1929,30,180.0,1.0,Rural,Y,2929,94.48387096774194,97.63333333333334
Male,Yes,,Not Graduate,Yes,3666,7210,78,480.0,0.0,Rural,N,10876,137.67088607594937,139.43589743589743
,No,,Graduate,,13650,754,350,300.0,0.0,Semiurban,N,14404,41.03703703703704,41.15428571428571
Male,,3.0,Graduate,,2473,3750,349,360.0,1.0,Rural,N,6223,17.78,17.830945558739256
Male,Yes,1.0,Graduate,Yes,2000,1929,187,120.0,1.0,Semiurban,N,3929,20.898936170212767,21.010695187165776
Female,No,2.0,Not Graduate,Yes,2483,4196,55,84.0,,Urban,Y,6679,119.26785714285714,121.43636363636364
,Yes,3.0,Not Graduate,Yes,2645,2791,166,,,Urban,N,5436,32.550898203592816,32.74698795180723
Male,,3.0,Graduate,Yes,4950,7750,47,60.0,0.0,Rural,Y,12700,264.5833333333333,270.21276595744683
Female,,3.0,Graduate,,3333,2500,122,240.0,,Urban,Y,5833,47.42276422764228,47.81147540983606
,,3.0,Not Graduate,No,3416,3750,139,180.0,0.0,Urban,N,7166,51.18571428571428,51.55395683453237
,No,0.0,Graduate,Yes,2577,4167,116,480.0,1.0,Rural,N,6744,57.64102564102564,58.13793103448276
Female,Yes,3.0,Graduate,No,13650,3022,255,360.0,,Urban,Y,16672,65.125,65.38039215686274
Female,,0.0,Not Graduate,Yes,2266,5701,106,300.0,0.0,Semiurban,N,7967,74.45794392523365,75.16037735849056
,Yes,,Graduate,Yes,7451,2330,72,300.0,0.0,Urban,N,9781,133.986301369863,135.84722222222223
,No,1.0,Graduate,Yes,11000,1213,376,480.0,,Semiurban,N,12213,32.39522546419098,32.4813829787234
Female,,2.0,Not Graduate,,5417,2416,201,84.0,1.0,Semiurban,N,7833,38.777227722772274,38.97014925373134
,,0.0,Not Graduate,,3500,2531,136,,,Rural,Y,6031,44.02189781021898,44.345588235294116
Male,No,,Not Graduate,Yes,20166,2416,300,84.0,1.0,Urban,N,22582,75.02325581395348,75.27333333333333
Female,,0.0,Graduate,No,4000,5250,370,300.0,0.0,Semiurban,Y,9250,24.932614555256063,25.0
,,1.0,Not Graduate,Yes,150,5701,182,60.0,0.0,Semiurban,N,5851,31.97267759562841,32.14835164835165
,,0.0,Not Graduate,,5667,1666,300,360.0,0.0,Semiurban,N,7333,24.36212624584717,24.44333333333333
Male,,0.0,Not Graduate,Yes,2275,3369,176,60.0,0.0,Urban,N,5644,31.88700564971752,32.06818181818182
Male,No,2.0,Graduate,Yes,4843,1964,97,300.0,0.0,Rural,N,6807,69.45918367346938,70.17525773195877
Female,Yes,2.0,Not Graduate,Yes,3800,4196,155,60.0,,Urban,N,7996,51.256410256410255,51.58709677419355
Female,Yes,0.0,Graduate,Yes,2147,1666,74,,,Urban,N,3813,50.84,51.527027027027025
,,2.0,Graduate,No,2340,3600,58,120.0,,Semiurban,N,5940,100.67796610169492,102.41379310344827
,,3.0,Graduate,No,2178,754,44,,,Rural,N,2932,65.15555555555555,66.63636363636364
Female,Yes,0.0,Not Graduate,No,7100,1868,35,300.0,,Semiurban,N,8968,249.11111111111111,256.22857142857146
,No,3.0,Not Graduate,,2333,1843,160,60.0,1.0,Rural,Y,4176,25.937888198757765,26.1
Male,,2.0,Graduate,No,2473,6250,70,,0.0,Semiurban,Y,8723,122.85915492957749,124.61428571428571
Male,,0.0,Not Graduate,,3666,1250,136,240.0,,Rural,N,4916,35.88321167883212,36.14705882352941
Male,Yes,1.0,Not Graduate,No,1977,6250,436,480.0,,Rural,N,8227,18.82608695652174,18.869266055045873
,,0.0,Not Graduate,No,2645,1666,80,480.0,1.0,Urban,N,4311,53.22222222222222,53.8875
,Yes,,Graduate,,5000,3600,150,480.0,1.0,Semiurban,N,8600,56.95364238410596,57.333333333333336
,No,2.0,Not Graduate,,7100,0,63,360.0,0.0,Rural,Y,7100,110.9375,112.6984126984127
Female,Yes,3.0,Not Graduate,Yes,2383,2900,30,84.0,1.0,Rural,N,5283,170.4193548387097,176.1
,Yes,,Not Graduate,No,2491,0,131,480.0,1.0,Rural,N,2491,18.87121212121212,19.015267175572518
Male,Yes,,Not Graduate,,3366,2750,118,240.0,1.0,Semiurban,N,6116,51.39495798319328,51.83050847457627
,Yes,2.0,Graduate,No,2383,1590,184,,0.0,Rural,N,3973,21.475675675675674,21.592391304347824
Female,,1.0,Graduate,No,3500,4866,600,84.0,,Rural,N,8366,13.920133111480864,13.943333333333333
,,1.0,Graduate,Yes,2645,4196,144,360.0,0.0,Urban,N,6841,47.179310344827584,47.50694444444444
Male,No,3.0,Not Graduate,Yes,10513,3440,166,360.0,,Semiurban,N,13953,83.55089820359281,84.05421686746988
Male,No,1.0,Not Graduate,Yes,3416,4000,113,60.0,1.0,Rural,N,7416,65.05263157894737,65.6283185840708
Male,Yes,1.0,Not Graduate,Yes,7333,2900,110,84.0,,Urban,N,10233,92.1891891891892,93.02727272727273
Male,No,1.0,Graduate,Yes,5166,736,35,240.0,,Rural,N,5902,163.94444444444446,168.62857142857143
Female,,2.0,Not Graduate,Yes,2799,2667,76,120.0,,Urban,N,5466,70.98701298701299,71.92105263157895
Male,,,Graduate,Yes,3333,7210,74,,0.0,Urban,Y,10543,140.57333333333332,142.47297297297297
,No,0.0,Not Graduate,No,2333,500,106,84.0,,Semiurban,N,2833,26.47663551401869,26.72641509433962
,Yes,0.0,Graduate,,7200,3750,59,300.0,,Semiurban,Y,10950,182.5,185.59322033898306
Female,Yes,1.0,Not Graduate,Yes,4000,2791,125,300.0,,Rural,Y,6791,53.8968253968254,54.328
Male,No,1.0,Graduate,,3083,5750,168,360.0,0.0,Urban,Y,8833,52.26627218934911,52.57738095238095
,No,,Graduate,,8666,985,160,240.0,0.0,Urban,Y,9651,59.94409937888199,60.31875
,,3.0,Not Graduate,,2000,5625,109,,1.0,Rural,N,7625,69.31818181818181,69.95412844036697
Male,Yes,1.0,Not Graduate,,2799,1300,160,60.0,,Urban,Y,4099,25.459627329192543,25.61875
Male,,0.0,Not Graduate,Yes,5316,2250,133,60.0,,Urban,N,7566,56.46268656716418,56.88721804511278
Male,No,1.0,Graduate,,13650,2083,125,360.0,0.0,Semiurban,N,15733,124.86507936507935,125.864
Male,No,0.0,Not Graduate,No,2000,5654,152,120.0,,Rural,N,7654,50.02614379084967,50.35526315789474
Male,Yes,1.0,Not Graduate,Yes,5316,3369,63,300.0,0.0,Semiurban,N,8685,135.703125,137.85714285714286
,No,2.0,Not Graduate,Yes,4843,2142,176,300.0,1.0,Semiurban,N,6985,39.463276836158194,39.6875
Male,,1.0,Graduate,No,3167,2083,113,120.0,0.0,Rural,Y,5250,46.05263157894737,46.46017699115044
Male,,1.0,Not Graduate,Yes,2708,2667,140,300.0,,Urban,N,5375,38.12056737588652,38.392857142857146
,No,0.0,Not Graduate,Yes,8666,2853,308,480.0,1.0,Semiurban,N,11519,37.27831715210356,37.39935064935065
Male,No,,Not Graduate,,5316,2531,99,480.0,,Rural,Y,7847,78.47,79.26262626262626
,,2.0,Not Graduate,No,2491,1500,700,60.0,1.0,Semiurban,Y,3991,5.693295292439372,5.701428571428571
Female,,2.0,Graduate,,3189,800,114,120.0,,Urban,Y,3989,34.68695652173913,34.99122807017544
Female,Yes,,Graduate,Yes,4166,7210,133,120.0,,Urban,N,11376,84.8955223880597,85.53383458646617
Female,Yes,2.0,Not Graduate,No,1625,1516,44,180.0,,Semiurban,N,3141,69.8,71.38636363636364
Female,No,3.0,Graduate,Yes,2237,1843,30,360.0,0.0,Rural,N,4080,131.61290322580646,136.0
Male,Yes,3.0,Not Graduate,No,2500,3333,50,360.0,0.0,Semiurban,N,5833,114.37254901960785,116.66
,,1.0,Not Graduate,Yes,24763,1964,93,240.0,0.0,Urban,Y,26727,284.32978723404256,287.38709677419354
Male,,3.0,Not Graduate,No,2853,3750,240,,0.0,Rural,Y,6603,27.39834024896265,27.5125
Male,,,Graduate,,12841,4300,55,84.0,,Semiurban,Y,17141,306.0892857142857,311.6545454545454
Female,,,Graduate,No,3522,6000,160,84.0,,Semiurban,N,9522,59.142857142857146,59.5125
,,1.0,Not Graduate,Yes,2439,5654,436,180.0,0.0,Semiurban,N,8093,18.519450800915333,18.56192660550459
Female,,0.0,Not Graduate,No,2483,3333,110,180.0,,Urban,N,5816,52.3963963963964,52.872727272727275
Female,,0.0,Not Graduate,,2060,3449,124,,,Rural,Y,5509,44.072,44.42741935483871
,No,0.0,Graduate,No,2383,5063,285,,,Urban,N,7446,26.03496503496504,26.126315789473683
Female,Yes,2.0,Graduate,,2577,1213,59,360.0,0.0,Rural,N,3790,63.16666666666666,64.23728813559322
,No,0.0,Not Graduate,,2439,3022,210,300.0,1.0,Rural,N,5461,25.881516587677726,26.004761904761907
,No,3.0,Graduate,Yes,3750,830,67,120.0,1.0,Semiurban,Y,4580,67.3529411764706,68.35820895522389
,,1.0,Graduate,Yes,10513,1213,128,240.0,0.0,Rural,N,11726,90.89922480620154,91.609375
,,,Not Graduate,No,5667,1590,180,180.0,1.0,Semiurban,N,7257,40.0939226519337,40.31666666666667
Female,,,Not Graduate,,5500,3167,112,,,Rural,Y,8667,76.69911504424779,77.38392857142857
Male,No,1.0,Graduate,,4583,1250,290,240.0,0.0,Semiurban,Y,5833,20.0446735395189,20.113793103448277
Male,No,,Not Graduate,Yes,3846,1590,165,60.0,0.0,Rural,Y,5436,32.74698795180723,32.945454545454545
Female,No,2.0,Not Graduate,Yes,2833,3333,650,240.0,0.0,Urban,N,6166,9.4715821812596,9.486153846153845
Female,Yes,1.0,Not Graduate,,3029,1640,83,360.0,0.0,Rural,N,4669,55.583333333333336,56.25301204819277
Female,Yes,,Graduate,Yes,3800,6000,95,60.0,0.0,Urban,N,9800,102.08333333333331,103.15789473684211
,,,Graduate,No,3189,1800,139,360.0,1.0,Urban,Y,4989,35.635714285714286,35.89208633093525
Female,,0.0,Not Graduate,Yes,2666,0,228,,,Semiurban,N,2666,11.641921397379912,11.692982456140351
Female,No,0.0,Not Graduate,No,8000,1929,133,240.0,,Rural,N,9929,74.09701492537313,74.65413533834587
Male,,2.0,Not Graduate,Yes,2833,3167,600,240.0,1.0,Rural,Y,6000,9.983361064891849,10.0
Female,No,1.0,Graduate,No,2577,2250,160,84.0,0.0,Urban,Y,4827,29.981366459627328,30.16875
Female,,1.0,Graduate,,2237,1500,225,300.0,1.0,Urban,N,3737,16.535398230088497,16.608888888888888
,Yes,2.0,Graduate,Yes,2200,2000,300,180.0,,Rural,N,4200,13.953488372093023,14.0
Male,Yes,1.0,Not Graduate,No,2577,2500,63,300.0,0.0,Semiurban,N,5077,79.328125,80.58730158730158
,Yes,2.0,Graduate,No,3600,3750,104,120.0,,Urban,N,7350,70.0,70.67307692307692
Male,No,3.0,Graduate,Yes,5266,2250,436,360.0,0.0,Semiurban,Y,7516,17.19908466819222,17.238532110091743
Female,No,3.0,Graduate,Yes,2200,2250,150,360.0,,Rural,Y,4450,29.47019867549669,29.666666666666668
Female,No,,Not Graduate,,3625,3369,78,84.0,0.0,Rural,N,6994,88.53164556962025,89.66666666666667
,,0.0,Not Graduate,,4300,983,85,180.0,1.0,Semiurban,N,5283,61.43023255813954,62.15294117647059
Male,Yes,1.0,Graduate,No,7333,5625,88,240.0,0.0,Rural,N,12958,145.59550561797752,147.25
,,3.0,Graduate,Yes,3073,1666,113,180.0,0.0,Semiurban,Y,4739,41.57017543859649,41.93805309734513
,,,Not Graduate,No,5500,1843,180,84.0,,Rural,Y,7343,40.569060773480665,40.794444444444444
Male,Yes,2.0,Not Graduate,No,150,0,98,84.0,1.0,Rural,Y,150,1.5151515151515151,1.530612244897959
Male,Yes,1.0,Not Graduate,Yes,2577,2142,275,84.0,0.0,Rural,Y,4719,17.097826086956523,17.16
,No,,Not Graduate,No,7451,5266,122,84.0,0.0,Semiurban,Y,12717,103.39024390243902,104.23770491803279
,,,Not Graduate,No,3189,1459,59,180.0,,Rural,N,4648,77.46666666666667,78.77966101694915
,Yes,2.0,Not Graduate,Yes,12841,1516,370,84.0,0.0,Urban,N,14357,38.698113207547166,38.8027027027027
Male,Yes,0.0,Not Graduate,No,2000,1083,109,300.0,1.0,Semiurban,Y,3083,28.027272727272727,28.28440366972477
Female,,3.0,Not Graduate,No,2666,1929,94,120.0,1.0,Rural,N,4595,48.36842105263158,48.88297872340426
,No,2.0,Not Graduate,Yes,7333,7210,116,84.0,0.0,Rural,Y,14543,124.2991452991453,125.37068965517241
,Yes,,Not Graduate,No,2301,4595,155,84.0,1.0,Urban,Y,6896,44.20512820512821,44.49032258064516
Female,,0.0,Graduate,No,8000,688,201,,0.0,Urban,N,8688,43.00990099009901,43.223880597014926
,Yes,,Not Graduate,Yes,3200,983,255,60.0,,Semiurban,Y,4183,16.33984375,16.40392156862745
,,1.0,Graduate,,2178,3022,350,360.0,0.0,Semiurban,Y,5200,14.814814814814817,14.857142857142858
,No,1.0,Not Graduate,,6747,1300,312,60.0,1.0,Rural,N,8047,25.70926517571885,25.791666666666668
Female,No,0.0,Not Graduate,Yes,3200,4486,141,120.0,0.0,Semiurban,Y,7686,54.12676056338028,54.51063829787234
Female,Yes,,Graduate,No,8666,3583,100,120.0,1.0,Rural,N,12249,121.27722772277228,122.49
,,3.0,Not Graduate,,2583,1451,50,480.0,1.0,Urban,N,4034,79.09803921568627,80.68
,No,1.0,Not Graduate,No,9323,4417,154,360.0,0.0,Rural,N,13740,88.64516129032258,89.22077922077922
Female,Yes,3.0,Not Graduate,Yes,3083,900,187,120.0,0.0,Rural,Y,3983,21.18617021276596,21.299465240641712
Female,No,3.0,Graduate,No,3189,4417,85,180.0,,Rural,N,7606,88.44186046511628,89.48235294117647
Female,Yes,3.0,Not Graduate,Yes,2583,3263,176,300.0,0.0,Rural,N,5846,33.02824858757062,33.21590909090909
,,0.0,Not Graduate,Yes,2071,4750,192,60.0,,Rural,Y,6821,35.3419689119171,35.526041666666664
,,,Graduate,Yes,13650,1929,93,180.0,0.0,Rural,N,15579,165.7340425531915,167.51612903225808
,Yes,0.0,Graduate,Yes,3846,2667,74,60.0,0.0,Rural,N,6513,86.84,88.01351351351352
,No,2.0,Graduate,Yes,5786,1500,184,60.0,0.0,Urban,N,7286,39.38378378378378,39.59782608695652
,,1.0,Graduate,,5786,983,83,60.0,,Urban,Y,6769,80.58333333333333,81.55421686746988
,No,3.0,Not Graduate,,3750,2250,158,60.0,,Semiurban,N,6000,37.735849056603776,37.9746835443038
Male,Yes,,Graduate,,2439,2853,650,240.0,1.0,Semiurban,N,5292,8.129032258064516,8.141538461538461
Male,No,3.0,Graduate,No,3416,754,99,180.0,,Urban,N,4170,41.7,42.121212121212125
Female,Yes,0.0,Not Graduate,,3600,3369,99,120.0,,Urban,N,6969,69.69,70.39393939393939
,,,Not Graduate,,1000,1640,320,84.0,0.0,Semiurban,N,2640,8.22429906542056,8.25
Female,Yes,2.0,Graduate,Yes,2718,1929,285,360.0,1.0,Semiurban,N,4647,16.248251748251747,16.305263157894736
Female,No,0.0,Not Graduate,,5417,3449,155,84.0,1.0,Urban,N,8866,56.833333333333336,57.2
Female,No,,Graduate,No,2383,1868,184,120.0,1.0,Semiurban,Y,4251,22.978378378378377,23.10326086956522
Female,,1.0,Not Graduate,,4000,1500,88,,1.0,Rural,N,5500,61.79775280898876,62.5
Female,No,0.0,Not Graduate,,2132,5625,120,240.0,0.0,Urban,N,7757,64.10743801652893,64.64166666666667
,,,Graduate,,2600,6000,144,480.0,,Semiurban,Y,8600,59.310344827586206,59.72222222222222
,Yes,,Not Graduate,,2340,830,350,300.0,,Urban,N,3170,9.031339031339032,9.057142857142857
Male,No,2.0,Not Graduate,Yes,20166,2531,180,180.0,1.0,Rural,Y,22697,125.39779005524862,126.09444444444445
Female,Yes,,Not Graduate,No,2014,3369,150,60.0,,Rural,N,5383,35.64900662251656,35.88666666666666
,No,,Not Graduate,,8000,3600,83,,,Urban,Y,11600,138.0952380952381,139.75903614457832
,No,3.0,Graduate,,1625,1250,255,84.0,1.0,Rural,N,2875,11.23046875,11.27450980392157
Female,Yes,2.0,Graduate,Yes,4843,1451,63,480.0,1.0,Semiurban,N,6294,98.34375,99.9047619047619
,No,0.0,Graduate,No,5266,2133,175,60.0,0.0,Rural,Y,7399,42.03977272727273,42.28
Male,Yes,2.0,Graduate,,3250,2000,120,84.0,0.0,Rural,Y,5250,43.38842975206612,43.75
Male,No,2.0,Graduate,,3366,1459,600,360.0,1.0,Rural,N,4825,8.028286189683861,8.041666666666666
Female,,1.0,Graduate,No,11000,6000,72,,1.0,Rural,Y,17000,232.8767123287672,236.11111111111111
,Yes,,Graduate,No,150,1516,350,120.0,,Rural,N,1666,4.746438746438747,4.76
,No,3.0,Not Graduate,,3600,2791,650,480.0,1.0,Urban,N,6391,9.817204301075268,9.832307692307692
Female,,,Not Graduate,Yes,13650,5250,225,60.0,0.0,Urban,N,18900,83.6283185840708,84.0
,,0.0,Not Graduate,,3800,2142,85,360.0,,Semiurban,N,5942,69.09302325581395,69.90588235294118
,,1.0,Graduate,Yes,7451,2853,267,480.0,,Semiurban,N,10304,38.44776119402985,38.59176029962547
Female,Yes,,Not Graduate,Yes,3333,4000,160,480.0,0.0,Semiurban,N,7333,45.54658385093168,45.83125
,,2.0,Graduate,Yes,3846,3600,285,84.0,0.0,Semiurban,N,7446,26.03496503496504,26.126315789473683
,Yes,,Not Graduate,,3600,3369,168,120.0,,Rural,Y,6969,41.23668639053255,41.482142857142854
Male,No,,Graduate,No,2833,5625,200,84.0,1.0,Rural,Y,8458,42.07960199004975,42.29
Male,Yes,2.0,Not Graduate,,15000,1330,166,240.0,0.0,Rural,N,16330,97.78443113772455,98.37349397590361
,No,0.0,Graduate,Yes,150,700,78,480.0,0.0,Rural,Y,850,10.759493670886076,10.897435897435898
,,,Graduate,No,2237,3806,120,240.0,0.0,Urban,N,6043,49.94214876033058,50.358333333333334
,Yes,3.0,Not Graduate,No,2340,4000,88,480.0,,Rural,N,6340,71.23595505617978,72.04545454545455
Female,No,0.0,Not Graduate,Yes,1000,2000,30,,0.0,Urban,N,3000,96.7741935483871,100.0
,No,2.0,Not Graduate,Yes,5500,700,312,120.0,1.0,Semiurban,N,6200,19.80830670926517,19.871794871794872
Male,Yes,,Not Graduate,Yes,5667,900,436,,1.0,Urban,N,6567,15.027459954233407,15.061926605504587
,No,3.0,Graduate,,3052,1666,200,120.0,1.0,Semiurban,Y,4718,23.4726368159204,23.59
,,1.0,Not Graduate,Yes,2950,800,75,84.0,0.0,Semiurban,N,3750,49.3421052631579,50.0
,No,2.0,Not Graduate,Yes,4300,1590,128,480.0,,Rural,N,5890,45.65891472868217,46.015625
,No,3.0,Graduate,,2383,2583,96,60.0,0.0,Urban,N,4966,51.1958762886598,51.729166666666664
Male,,0.0,Not Graduate,,5417,4000,141,360.0,0.0,Semiurban,N,9417,66.3169014084507,66.7872340425532
Male,Yes,3.0,Graduate,,3750,500,55,480.0,,Rural,N,4250,75.89285714285714,77.27272727272727
,,3.0,Not Graduate,,24763,1590,192,360.0,0.0,Semiurban,N,26353,136.5440414507772,137.25520833333334
Male,,3.0,Graduate,,2600,3263,208,360.0,1.0,Semiurban,Y,5863,28.05263157894737,28.1875
Female,Yes,1.0,Graduate,,2577,1250,58,480.0,1.0,Semiurban,N,3827,64.86440677966101,65.98275862068965
Female,,1.0,Not Graduate,Yes,5786,800,152,,1.0,Rural,Y,6586,43.04575163398693,43.328947368421055
Male,Yes,0.0,Graduate,Yes,3500,754,63,,0.0,Urban,N,4254,66.46875,67.52380952380952
Female,Yes,3.0,Not Graduate,Yes,3189,2667,176,180.0,1.0,Rural,N,5856,33.08474576271186,33.27272727272727
Male,No,2.0,Not Graduate,No,2708,4417,285,60.0,1.0,Semiurban,N,7125,24.912587412587413,25.0
Female,No,,Graduate,,2491,1083,128,60.0,,Rural,N,3574,27.705426356589147,27.921875
,No,0.0,Not Graduate,No,20166,2500,600,120.0,0.0,Rural,N,22666,37.71381031613976,37.776666666666664
Male,Yes,0.0,Graduate,No,4950,3449,25,300.0,0.0,Urban,N,8399,323.03846153846155,335.96
Male,Yes,3.0,Not Graduate,,2950,3167,95,120.0,0.0,Urban,N,6117,63.71875,64.38947368421053
Male,Yes,,Not Graduate,Yes,3167,1459,80,240.0,0.0,Urban,N,4626,57.11111111111112,57.825
Female,,3.0,Graduate,No,5417,3263,312,120.0,1.0,Urban,N,8680,27.731629392971247,27.82051282051282
,Yes,,Graduate,Yes,1800,0,240,480.0,1.0,Urban,N,1800,7.468879668049793,7.5
,,3.0,Graduate,Yes,2950,2900,100,300.0,0.0,Semiurban,N,5850,57.92079207920792,58.5
Female,Yes,2.0,Not Graduate,,2333,5701,63,60.0,,Urban,Y,8034,125.53125,127.52380952380952
Female,,1.0,Graduate,,12841,3500,330,180.0,0.0,Semiurban,Y,16341,49.36858006042296,49.518181818181816
,Yes,0.0,Graduate,No,13650,2045,133,480.0,0.0,Rural,N,15695,117.1268656716418,118.00751879699249
Male,,3.0,Not Graduate,No,3333,4486,76,240.0,,Semiurban,N,7819,101.54545454545456,102.88157894736842
Female,No,1.0,Graduate,No,6250,7210,175,120.0,0.0,Rural,N,13460,76.47727272727273,76.91428571428571
Female,No,3.0,Graduate,No,2266,4866,98,480.0,0.0,Urban,N,7132,72.04040404040404,72.77551020408163
,Yes,0.0,Graduate,Yes,2395,5701,83,,,Urban,N,8096,96.38095238095238,97.5421686746988
Female,No,1.0,Graduate,Yes,2853,7750,158,60.0,0.0,Semiurban,N,10603,66.68553459119497,67.10759493670886
Female,Yes,,Not Graduate,,4950,1500,83,120.0,,Semiurban,N,6450,76.78571428571429,77.71084337349397
,No,1.0,Not Graduate,No,3800,1451,201,240.0,0.0,Urban,Y,5251,25.995049504950494,26.124378109452735
,,3.0,Graduate,,5786,3167,120,,1.0,Semiurban,N,8953,73.99173553719008,74.60833333333333
Female,,0.0,Not Graduate,,1928,3440,133,60.0,,Semiurban,Y,5368,40.059701492537314,40.3609022556391
Male,,2.0,Graduate,No,5316,2142,17,,,Urban,N,7458,414.3333333333333,438.70588235294116
Female,No,0.0,Graduate,No,2132,3369,70,60.0,1.0,Semiurban,Y,5501,77.47887323943662,78.58571428571429
Male,,1.0,Not Graduate,,3600,3600,25,480.0,1.0,Urban,N,7200,276.9230769230769,288.0
,Yes,0.0,Not Graduate,Yes,20166,3022,25,480.0,1.0,Rural,N,23188,891.8461538461538,927.52
,Yes,0.0,Graduate,Yes,3189,1213,187,120.0,0.0,Urban,Y,4402,23.41489361702128,23.540106951871657
,Yes,2.0,Not Graduate,Yes,6080,1451,30,180.0,0.0,Rural,N,7531,242.9354838709677,251.03333333333333
,Yes,1.0,Not Graduate,,2200,1330,200,300.0,1.0,Semiurban,Y,3530,17.562189054726367,17.65
Male,,0.0,Graduate,,3052,3066,83,360.0,,Urban,N,6118,72.83333333333333,73.71084337349397
Female,Yes,3.0,Not Graduate,,8666,3500,136,120.0,0.0,Semiurban,N,12166,88.8029197080292,89.45588235294117
,No,0.0,Not Graduate,No,2799,5654,141,480.0,1.0,Semiurban,N,8453,59.5281690140845,59.95035460992908
,,0.0,Not Graduate,Yes,3052,1666,83,84.0,0.0,Semiurban,N,4718,56.16666666666666,56.8433734939759
,No,1.0,Graduate,,5667,1666,81,360.0,,Rural,N,7333,89.42682926829268,90.53086419753086
,Yes,0.0,Graduate,Yes,5786,2531,109,60.0,,Rural,N,8317,75.60909090909091,76.30275229357798
Male,,,Not Graduate,,3800,5063,255,360.0,1.0,Semiurban,N,8863,34.62109375,34.75686274509804
Male,Yes,,Graduate,Yes,4166,2667,133,360.0,1.0,Rural,N,6833,50.992537313432834,51.37593984962406
Female,Yes,1.0,Not Graduate,Yes,15000,2853,155,60.0,0.0,Urban,N,17853,114.4423076923077,115.18064516129033
Male,No,1.0,Not Graduate,Yes,2473,736,120,60.0,1.0,Semiurban,N,3209,26.5206611570248,26.741666666666667
Female,Yes,0.0,Not Graduate,No,7200,6000,140,,1.0,Rural,N,13200,93.61702127659576,94.28571428571429
,Yes,1.0,Graduate,,4300,4167,308,240.0,1.0,Rural,N,8467,27.40129449838188,27.49025974025974
,,2.0,Not Graduate,Yes,2147,1451,106,180.0,,Rural,N,3598,33.626168224299064,33.943396226415096
Female,,3.0,Graduate,,2183,1330,228,60.0,1.0,Semiurban,N,3513,15.34061135371179,15.407894736842104
,No,,Graduate,,1000,5063,700,,1.0,Rural,N,6063,8.649072753209701,8.661428571428571
Female,No,3.0,Not Graduate,No,5417,5654,90,180.0,,Rural,Y,11071,121.65934065934066,123.0111111111111
Male,Yes,0.0,Graduate,Yes,2178,1451,63,84.0,,Urban,N,3629,56.703125,57.6031746031746
Female,Yes,,Not Graduate,Yes,2600,2583,600,120.0,,Urban,Y,5183,8.62396006655574,8.638333333333334
Male,Yes,1.0,Graduate,,3200,1868,110,360.0,0.0,Semiurban,Y,5068,45.65765765765766,46.07272727272727
,No,3.0,Not Graduate,,2266,1640,137,240.0,,Semiurban,N,3906,28.30434782608696,28.51094890510949
Male,Yes,3.0,Graduate,No,2340,688,47,480.0,0.0,Rural,N,3028,63.083333333333336,64.42553191489361
Male,,2.0,Graduate,Yes,2178,4167,290,120.0,1.0,Rural,N,6345,21.804123711340207,21.879310344827587
Female,No,3.0,Graduate,,2645,7750,110,60.0,1.0,Semiurban,Y,10395,93.64864864864865,94.5
,No,0.0,Not Graduate,No,5500,1590,97,,,Semiurban,N,7090,72.34693877551021,73.09278350515464
Female,,,Graduate,No,7333,2750,600,,1.0,Rural,Y,10083,16.777038269550747,16.805
Female,,2.0,Not Graduate,Yes,2132,2330,116,120.0,0.0,Rural,N,4462,38.136752136752136,38.46551724137931
,Yes,1.0,Not Graduate,,2060,2853,240,480.0,1.0,Urban,N,4913,20.38589211618257,20.470833333333335
Male,No,2.0,Graduate,,6747,4750,166,240.0,0.0,Rural,N,11497,68.8443113772455,69.25903614457832
,No,,Graduate,No,2395,500,97,180.0,1.0,Urban,N,2895,29.540816326530614,29.84536082474227
,,0.0,Graduate,No,7451,3167,152,60.0,1.0,Rural,N,10618,69.39869281045752,69.85526315789474
Male,No,,Not Graduate,Yes,3846,1516,25,180.0,,Rural,N,5362,206.23076923076923,214.48
,No,2.0,Graduate,Yes,2833,3449,349,180.0,,Rural,N,6282,17.94857142857143,18.0
Female,No,0.0,Not Graduate,Yes,6747,6250,100,84.0,0.0,Semiurban,N,12997,128.68316831683168,129.97
Female,Yes,,Graduate,Yes,3416,1500,35,360.0,0.0,Urban,Y,4916,136.55555555555554,140.45714285714286
Male,,,Not Graduate,No,2927,1030,120,84.0,,Urban,Y,3957,32.70247933884298,32.975
Female,Yes,3.0,Not Graduate,Yes,1928,2083,95,,1.0,Urban,N,4011,41.78125,42.22105263157895
Female,No,1.0,Graduate,,5500,5625,290,,1.0,Semiurban,N,11125,38.23024054982818,38.36206896551724
Female,No,0.0,Not Graduate,Yes,5042,3449,70,480.0,,Semiurban,Y,8491,119.59154929577464,121.3
Female,No,2.0,Not Graduate,Yes,20166,4750,17,360.0,1.0,Urban,N,24916,1384.2222222222222,1465.6470588235295
Male,No,1.0,Not Graduate,No,10513,2083,66,360.0,,Rural,N,12596,188.0,190.84848484848484
Male,,3.0,Not Graduate,No,3200,4167,187,180.0,,Urban,Y,7367,39.18617021276596,39.39572192513369
Male,Yes,2.0,Not Graduate,Yes,3333,0,490,120.0,,Urban,Y,3333,6.788187372708758,6.802040816326531
Male,Yes,1.0,Graduate,No,15000,3022,72,120.0,,Rural,Y,18022,246.8767123287672,250.30555555555554
Female,No,0.0,Not Graduate,Yes,8000,3500,133,300.0,,Semiurban,N,11500,85.82089552238806,86.46616541353383
Female,Yes,0.0,Graduate,Yes,2183,3583,137,,,Urban,Y,5766,41.78260869565217,42.08759124087591
,No,3.0,Not Graduate,No,2237,1030,70,84.0,,Urban,Y,3267,46.014084507042256,46.67142857142857
Male,,2.0,Graduate,,4166,800,95,300.0,,Rural,Y,4966,51.72916666666666,52.27368421052632
Male,,1.0,Not Graduate,Yes,2853,1250,187,,,Semiurban,Y,4103,21.824468085106385,21.941176470588236
Male,Yes,3.0,Not Graduate,No,7100,3750,59,300.0,0.0,Rural,N,10850,180.8333333333333,183.89830508474577
,Yes,,Graduate,,7451,1843,30,240.0,0.0,Rural,N,9294,299.80645161290323,309.8
Male,Yes,2.0,Not Graduate,No,7451,3066,83,60.0,1.0,Semiurban,N,10517,125.20238095238096,126.71084337349397
Female,No,3.0,Not Graduate,,3625,2750,192,180.0,1.0,Rural,N,6375,33.031088082901555,33.203125
Female,Yes,2.0,Graduate,No,4000,1083,370,,0.0,Rural,Y,5083,13.700808625336927,13.737837837837837
Female,No,,Graduate,Yes,3416,5701,176,360.0,,Urban,N,9117,51.50847457627118,51.80113636363637
,Yes,,Not Graduate,Yes,5266,4300,158,84.0,1.0,Semiurban,N,9566,60.16352201257862,60.54430379746835
Male,Yes,1.0,Graduate,No,5166,736,59,360.0,0.0,Semiurban,Y,5902,98.36666666666666,100.03389830508475
Female,No,3.0,Graduate,No,12000,4750,95,180.0,0.0,Rural,N,16750,174.47916666666666,176.31578947368422
Male,,0.0,Not Graduate,No,12000,4750,200,240.0,0.0,Urban,N,16750,83.33333333333333,83.75
Female,No,3.0,Graduate,Yes,13650,3167,315,120.0,1.0,Urban,N,16817,53.21835443037975,53.387301587301586
,Yes,0.0,Not Graduate,No,1863,2142,58,,,Urban,Y,4005,67.88135593220339,69.05172413793103
,Yes,0.0,Graduate,,8666,5063,133,180.0,0.0,Rural,N,13729,102.45522388059702,103.22556390977444
Female,,3.0,Graduate,,150,2500,110,60.0,,Rural,Y,2650,23.873873873873872,24.09090909090909
Female,No,1.0,Graduate,No,4583,2667,139,120.0,0.0,Rural,N,7250,51.785714285714285,52.15827338129496
Female,Yes,0.0,Not Graduate,Yes,2500,3369,144,480.0,,Rural,N,5869,40.47586206896552,40.75694444444444
Female,,1.0,Not Graduate,,3167,700,95,480.0,,Semiurban,N,3867,40.28125,40.705263157894734
Male,Yes,1.0,Not Graduate,,10513,4417,152,120.0,1.0,Semiurban,N,14930,97.58169934640524,98.22368421052632
Female,Yes,,Graduate,,3625,1330,315,300.0,0.0,Semiurban,N,4955,15.680379746835444,15.73015873015873
Female,No,1.0,Graduate,No,2577,1590,17,480.0,1.0,Urban,N,4167,231.5,245.11764705882354
Male,No,2.0,Not Graduate,,3200,3600,94,120.0,0.0,Rural,N,6800,71.57894736842105,72.34042553191489
,No,,Graduate,,5316,6250,96,180.0,1.0,Semiurban,N,11566,119.23711340206184,120.47916666666667
,Yes,3.0,Graduate,,15000,1666,184,120.0,0.0,Urban,Y,16666,90.08648648648648,90.57608695652173
,,,Graduate,Yes,2340,500,35,300.0,0.0,Urban,Y,2840,78.88888888888889,81.14285714285714
Female,Yes,0.0,Not Graduate,Yes,3625,1459,308,180.0,0.0,Semiurban,Y,5084,16.45307443365696,16.506493506493506
Female,No,2.0,Graduate,Yes,2583,1250,63,60.0,1.0,Rural,N,3833,59.890625,60.84126984126984
Female,,0.0,Not Graduate,No,10513,700,376,84.0,1.0,Semiurban,Y,11213,29.742705570291776,29.8218085106383
Female,No,3.0,Not Graduate,No,2875,736,136,60.0,1.0,Semiurban,Y,3611,26.35766423357664,26.551470588235293
Female,Yes,3.0,Graduate,,10513,500,144,300.0,,Rural,N,11013,75.95172413793104,76.47916666666667
,,0.0,Not Graduate,No,2275,1451,201,180.0,,Urban,N,3726,18.445544554455445,18.53731343283582
Male,Yes,0.0,Graduate,No,24763,900,109,,,Urban,N,25663,233.3,235.44036697247705
Male,Yes,3.0,Graduate,No,2927,6000,495,120.0,0.0,Urban,N,8927,17.99798387096774,18.034343434343434
Female,Yes,2.0,Not Graduate,,2500,688,136,240.0,1.0,Semiurban,N,3188,23.27007299270073,23.441176470588236
Female,,,Graduate,Yes,2301,1843,90,84.0,0.0,Semiurban,Y,4144,45.53846153846154,46.044444444444444
,No,3.0,Graduate,Yes,2853,5063,140,360.0,,Urban,N,7916,56.1418439716312,56.542857142857144
Female,Yes,,Graduate,,2600,4983,140,240.0,0.0,Rural,N,7583,53.780141843971634,54.16428571428571
,,2.0,Not Graduate,,3167,830,124,120.0,1.0,Urban,Y,3997,31.976,32.233870967741936
Male,,3.0,Graduate,,7451,1516,99,480.0,0.0,Semiurban,N,8967,89.67,90.57575757575758
Male,Yes,,Graduate,,12000,1800,308,84.0,,Urban,Y,13800,44.66019417475728,44.8051948051948
Male,Yes,1.0,Not Graduate,,7451,4196,114,84.0,,Rural,N,11647,101.27826086956522,102.16666666666667
Male,No,,Not Graduate,No,2200,1590,110,240.0,,Urban,N,3790,34.14414414414414,34.45454545454545
Female,No,3.0,Not Graduate,,12000,2142,349,300.0,,Rural,N,14142,40.40571428571429,40.5214899713467
,No,3.0,Not Graduate,No,3600,4417,93,240.0,0.0,Rural,N,8017,85.2872340425532,86.20430107526882
Male,Yes,0.0,Graduate,Yes,3083,4167,155,120.0,0.0,Urban,Y,7250,46.47435897435897,46.774193548387096
Female,Yes,3.0,Not Graduate,,2927,5063,94,120.0,1.0,Semiurban,N,7990,84.10526315789474,85.0
,,3.0,Graduate,Yes,2000,900,187,120.0,0.0,Rural,N,2900,15.425531914893616,15.508021390374331
Female,No,,Not Graduate,,7333,5063,55,120.0,0.0,Semiurban,N,12396,221.3571428571429,225.38181818181818
,Yes,1.0,Graduate,No,2340,1590,88,120.0,1.0,Semiurban,N,3930,44.15730337078652,44.65909090909091
,No,1.0,Not Graduate,,5000,2383,70,480.0,,Urban,Y,7383,103.98591549295774,105.47142857142858
Female,,,Graduate,,2178,1213,370,240.0,0.0,Urban,N,3391,9.140161725067385,9.164864864864866
Female,No,0.0,Graduate,,5316,5266,131,480.0,,Rural,N,10582,80.16666666666667,80.77862595419847
Male,Yes,2.0,Not Graduate,No,15000,688,144,84.0,1.0,Urban,N,15688,108.19310344827586,108.94444444444444
Male,,0.0,Graduate,,3167,5750,152,120.0,0.0,Urban,N,8917,58.28104575163399,58.66447368421053
,Yes,3.0,Not Graduate,No,2577,5701,225,60.0,1.0,Rural,N,8278,36.6283185840708,36.791111111111114
,,3.0,Not Graduate,,5667,688,208,300.0,0.0,Urban,Y,6355,30.406698564593302,30.552884615384617
Male,,3.0,Not Graduate,No,2132,1964,168,240.0,1.0,Semiurban,N,4096,24.236686390532544,24.38095238095238
,,2.0,Graduate,,3073,800,66,60.0,0.0,Rural,N,3873,57.80597014925373,58.68181818181818
Male,Yes,3.0,Graduate,No,12000,5266,131,180.0,0.0,Rural,Y,17266,130.8030303030303,131.80152671755727
Female,,1.0,Not Graduate,No,2000,3600,55,360.0,0.0,Urban,N,5600,100.0,101.81818181818181
Male,No,2.0,Not Graduate,,6400,4300,137,120.0,1.0,Rural,Y,10700,77.53623188405797,78.10218978102189
Female,,3.0,Not Graduate,No,2853,4866,140,480.0,1.0,Urban,N,7719,54.74468085106383,55.135714285714286
,,,Graduate,,2666,3066,315,180.0,,Rural,N,5732,18.13924050632912,18.196825396825396
Female,,2.0,Graduate,,2014,4595,285,300.0,1.0,Semiurban,N,6609,23.10839160839161,23.189473684210526
,No,1.0,Graduate,,3029,4167,131,84.0,1.0,Urban,N,7196,54.51515151515152,54.93129770992366
Female,No,2.0,Graduate,,2200,1590,136,120.0,0.0,Urban,N,3790,27.66423357664233,27.86764705882353
,No,0.0,Graduate,,2060,4486,139,360.0,0.0,Urban,N,6546,46.75714285714286,47.093525179856115
,Yes,1.0,Graduate,Yes,150,2900,175,480.0,,Urban,N,3050,17.329545454545453,17.428571428571427
Male,,,Not Graduate,,1625,2330,175,480.0,0.0,Urban,N,3955,22.47159090909091,22.6
,No,,Graduate,Yes,3073,3333,125,240.0,1.0,Semiurban,Y,6406,50.84126984126984,51.248
Female,,2.0,Graduate,No,2178,3449,97,84.0,1.0,Semiurban,N,5627,57.41836734693877,58.01030927835052
,Yes,0.0,Not Graduate,No,5000,1964,225,180.0,1.0,Urban,N,6964,30.8141592920354,30.95111111111111
Female,,1.0,Graduate,Yes,150,2667,125,480.0,1.0,Rural,Y,2817,22.357142857142858,22.536
,No,0.0,Graduate,,3846,1500,116,480.0,,Semiurban,N,5346,45.69230769230769,46.08620689655172
,Yes,3.0,Graduate,Yes,1863,3369,125,60.0,,Rural,N,5232,41.523809523809526,41.856
Male,Yes,1.0,Graduate,Yes,7100,4595,50,360.0,0.0,Rural,Y,11695,229.31372549019608,233.9
,,0.0,Not Graduate,,7200,900,113,360.0,0.0,Urban,N,8100,71.05263157894737,71.68141592920354
Male,No,1.0,Not Graduate,,3625,5654,118,300.0,1.0,Rural,Y,9279,77.97478991596638,78.63559322033899
,Yes,1.0,Not Graduate,Yes,2439,5750,154,300.0,0.0,Rural,N,8189,52.83225806451613,53.175324675324674
,Yes,3.0,Graduate,Yes,8666,900,208,240.0,1.0,Urban,Y,9566,45.77033492822967,45.99038461538461
Female,Yes,,Graduate,No,7333,3583,650,120.0,1.0,Urban,N,10916,16.768049155145928,16.793846153846154
,,2.0,Not Graduate,No,5266,3333,650,,0.0,Urban,N,8599,13.208909370199692,13.22923076923077
,Yes,2.0,Graduate,Yes,3073,5625,490,120.0,,Urban,Y,8698,17.71486761710794,17.751020408163264
Male,No,3.0,Graduate,No,3522,830,90,60.0,,Semiurban,N,4352,47.82417582417583,48.355555555555554
Female,,2.0,Graduate,,2439,1640,200,180.0,1.0,Rural,Y,4079,20.29353233830846,20.395
Female,No,3.0,Not Graduate,Yes,3666,1800,120,60.0,1.0,Urban,N,5466,45.17355371900826,45.55
Female,Yes,2.0,Not Graduate,,3846,4000,175,360.0,0.0,Rural,N,7846,44.57954545454545,44.83428571428571
,No,0.0,Not Graduate,,2395,5654,70,120.0,0.0,Urban,N,8049,113.3661971830986,114.98571428571428
,No,1.0,Not Graduate,No,4583,5750,17,240.0,1.0,Urban,Y,10333,574.0555555555555,607.8235294117648
Female,Yes,0.0,Graduate,No,2479,1590,90,180.0,0.0,Semiurban,N,4069,44.71428571428572,45.21111111111111
Female,,2.0,Graduate,Yes,2645,3333,210,180.0,1.0,Rural,N,5978,28.33175355450237,28.466666666666665
Female,No,,Not Graduate,No,3333,5625,192,240.0,0.0,Rural,Y,8958,46.41450777202073,46.65625
Female,Yes,,Graduate,Yes,4583,4196,300,360.0,1.0,Rural,N,8779,29.16611295681064,29.263333333333332
,No,0.0,Not Graduate,Yes,3250,1300,136,480.0,1.0,Semiurban,N,4550,33.21167883211679,33.455882352941174
Male,,1.0,Not Graduate,Yes,3500,900,376,180.0,1.0,Semiurban,N,4400,11.671087533156498,11.702127659574469
Male,Yes,3.0,Graduate,Yes,13650,3500,137,120.0,,Semiurban,Y,17150,124.27536231884058,125.18248175182482
Female,Yes,0.0,Not Graduate,Yes,12841,1451,290,,,Rural,N,14292,49.11340206185567,49.282758620689656
Male,,,Graduate,,3167,900,25,60.0,0.0,Urban,N,4067,156.42307692307693,162.68
,Yes,3.0,Graduate,Yes,2333,2500,290,300.0,,Urban,N,4833,16.608247422680414,16.66551724137931
Female,Yes,1.0,Not Graduate,No,10513,6250,168,180.0,1.0,Semiurban,N,16763,99.18934911242604,99.7797619047619
,,1.0,Graduate,Yes,5042,3500,55,360.0,,Urban,Y,8542,152.53571428571428,155.3090909090909
Male,,0.0,Graduate,,7333,5701,72,240.0,1.0,Rural,Y,13034,178.54794520547946,181.02777777777777
,,3.0,Graduate,Yes,4843,2142,175,60.0,0.0,Urban,N,6985,39.6875,39.91428571428571
Female,No,2.0,Graduate,No,4300,2416,58,84.0,1.0,Semiurban,N,6716,113.83050847457628,115.79310344827586
Female,,2.0,Graduate,,2147,2853,155,480.0,,Rural,Y,5000,32.05128205128205,32.25806451612903
Male,No,1.0,Not Graduate,Yes,3083,4300,116,480.0,0.0,Rural,N,7383,63.1025641025641,63.64655172413793
Female,,3.0,Not Graduate,,6080,3263,436,240.0,0.0,Urban,N,9343,21.37986270022884,21.428899082568808
,Yes,1.0,Graduate,Yes,7200,1451,98,84.0,,Rural,Y,8651,87.38383838383838,88.27551020408163
Male,,2.0,Not Graduate,,2237,900,155,180.0,1.0,Urban,Y,3137,20.10897435897436,20.238709677419354
Male,Yes,1.0,Graduate,No,4000,2330,255,84.0,,Rural,N,6330,24.7265625,24.823529411764707
Male,,2.0,Not Graduate,No,1863,1459,88,360.0,1.0,Semiurban,N,3322,37.325842696629216,37.75
Male,,1.0,Not Graduate,Yes,10000,2750,72,480.0,1.0,Rural,N,12750,174.65753424657535,177.08333333333334
Female,Yes,,Not Graduate,Yes,9323,688,140,300.0,0.0,Semiurban,N,10011,71.0,71.50714285714285
,,1.0,Not Graduate,Yes,2132,1929,120,,1.0,Semiurban,N,4061,33.56198347107438,33.84166666666667
,No,,Not Graduate,No,4583,3500,376,60.0,0.0,Urban,N,8083,21.44031830238727,21.497340425531913
Female,Yes,2.0,Graduate,,3522,3333,165,480.0,0.0,Rural,Y,6855,41.295180722891565,41.54545454545455
Male,Yes,3.0,Graduate,No,2147,5654,160,240.0,1.0,Urban,N,7801,48.453416149068325,48.75625
Female,No,3.0,Graduate,Yes,2479,5266,114,60.0,1.0,Urban,N,7745,67.34782608695652,67.93859649122807
,No,0.0,Not Graduate,,3083,2000,98,,1.0,Rural,Y,5083,51.343434343434346,51.86734693877551
,,2.0,Not Graduate,No,10513,1843,275,84.0,,Semiurban,Y,12356,44.76811594202898,44.93090909090909
Female,No,2.0,Graduate,,2071,2142,275,84.0,1.0,Urban,Y,4213,15.264492753623188,15.32
Male,No,,Graduate,No,5166,1640,267,60.0,0.0,Urban,Y,6806,25.395522388059703,25.49063670411985
,,0.0,Graduate,Yes,5000,985,90,,1.0,Rural,N,5985,65.76923076923077,66.5
Female,No,3.0,Graduate,Yes,3189,7750,376,60.0,0.0,Rural,N,10939,29.015915119363395,29.09308510638298
,Yes,3.0,Not Graduate,,3846,2330,285,360.0,,Semiurban,Y,6176,21.5944055944056,21.67017543859649
Male,Yes,2.0,Not Graduate,Yes,12841,1516,100,300.0,0.0,Rural,N,14357,142.14851485148515,143.57
Male,Yes,1.0,Not Graduate,No,3666,5701,370,60.0,,Rural,N,9367,25.24797843665768,25.316216216216215
Female,Yes,,Not Graduate,No,20166,1083,158,120.0,1.0,Semiurban,N,21249,133.64150943396226,134.4873417721519
Male,No,1.0,Not Graduate,,2439,1964,58,60.0,,Rural,Y,4403,74.62711864406779,75.91379310344827
,No,1.0,Not Graduate,No,2708,2667,112,60.0,1.0,Urban,N,5375,47.56637168141593,47.99107142857143
Female,Yes,2.0,Not Graduate,,3625,2853,175,60.0,,Urban,N,6478,36.80681818181818,37.01714285714286
,No,1.0,Not Graduate,Yes,6400,2531,150,120.0,0.0,Urban,Y,8931,59.145695364238414,59.54
Male,,0.0,Graduate,,2718,1843,184,480.0,,Rural,N,4561,24.65405405405405,24.78804347826087
,Yes,0.0,Not Graduate,,2200,3167,90,360.0,1.0,Semiurban,N,5367,58.97802197802198,59.63333333333333
,No,,Graduate,Yes,1977,2500,70,480.0,0.0,Urban,N,4477,63.056338028169016,63.957142857142856
,,0.0,Not Graduate,No,6747,6000,141,180.0,1.0,Urban,N,12747,89.76760563380282,90.40425531914893
,,0.0,Graduate,No,3083,2383,176,60.0,,Semiurban,N,5466,30.88135593220339,31.056818181818183
,,2.0,Not Graduate,No,2200,2900,131,300.0,,Urban,N,5100,38.63636363636363,38.93129770992366
,,,Graduate,,3500,2133,76,480.0,,Semiurban,N,5633,73.15584415584415,74.11842105263158
Female,No,1.0,Graduate,Yes,2395,1083,120,180.0,,Urban,N,3478,28.74380165289256,28.983333333333334
Female,No,,Not Graduate,Yes,2439,6000,81,300.0,0.0,Urban,N,8439,102.91463414634148,104.18518518518519
Male,,3.0,Graduate,No,1000,2791,131,240.0,0.0,Rural,N,3791,28.71969696969697,28.938931297709924
,Yes,0.0,Graduate,No,7333,1330,650,84.0,,Rural,N,8663,13.307219662058372,13.327692307692308
,No,0.0,Not Graduate,No,2383,7750,50,120.0,0.0,Semiurban,N,10133,198.68627450980392,202.66
Male,,3.0,Graduate,,4950,7750,115,60.0,0.0,Rural,N,12700,109.48275862068964,110.43478260869566
Male,Yes,2.0,Graduate,No,3200,985,436,120.0,1.0,Urban,Y,4185,9.5766590389016,9.59862385321101
Male,,,Graduate,Yes,2483,2500,182,120.0,1.0,Urban,Y,4983,27.229508196721312,27.37912087912088
,No,,Graduate,Yes,6747,2142,85,480.0,1.0,Semiurban,N,8889,103.36046511627907,104.5764705882353
,Yes,3.0,Graduate,No,13650,3022,350,360.0,0.0,Semiurban,N,16672,47.4985754985755,47.63428571428572
Female,Yes,3.0,Graduate,No,2183,5063,50,,0.0,Rural,N,7246,142.07843137254903,144.92
Female,Yes,1.0,Graduate,No,2060,2583,168,180.0,,Rural,N,4643,27.473372781065088,27.636904761904763
,No,2.0,Graduate,No,2275,800,50,480.0,0.0,Semiurban,Y,3075,60.294117647058826,61.5
Female,No,,Graduate,,20166,1300,182,480.0,0.0,Semiurban,Y,21466,117.30054644808745,117.94505494505495
Female,,3.0,Graduate,Yes,2666,2791,200,60.0,0.0,Urban,N,5457,27.149253731343283,27.285
,,2.0,Not Graduate,Yes,2060,1030,131,,0.0,Semiurban,N,3090,23.40909090909091,23.587786259541986
Female,,1.0,Not Graduate,,2479,1964,187,84.0,0.0,Rural,N,4443,23.632978723404257,23.759358288770052
Female,No,1.0,Not Graduate,Yes,3000,2330,97,360.0,1.0,Semiurban,Y,5330,54.38775510204081,54.94845360824742
Male,No,2.0,Graduate,,2718,800,184,240.0,0.0,Semiurban,Y,3518,19.01621621621621,19.119565217391305
Male,No,2.0,Not Graduate,Yes,4000,1516,290,120.0,,Semiurban,Y,5516,18.9553264604811,19.020689655172415
Male,Yes,3.0,Graduate,No,5786,0,88,300.0,,Semiurban,Y,5786,65.01123595505618,65.75
,Yes,3.0,Not Graduate,No,2183,985,104,60.0,0.0,Semiurban,Y,3168,30.17142857142857,30.46153846153846
Male,,,Not Graduate,,9323,2133,81,360.0,0.0,Rural,Y,11456,139.70731707317074,141.4320987654321
Male,No,0.0,Not Graduate,,7100,3583,144,360.0,1.0,Rural,N,10683,73.67586206896551,74.1875
,No,3.0,Graduate,Yes,20166,6000,109,60.0,1.0,Rural,N,26166,237.87272727272727,240.05504587155963
Male,No,1.0,Not Graduate,,2473,754,81,180.0,,Urban,Y,3227,39.35365853658536,39.839506172839506
,No,1.0,Graduate,No,1928,3369,700,120.0,1.0,Rural,N,5297,7.556348074179743,7.567142857142857
,Yes,1.0,Graduate,Yes,2400,2045,175,240.0,0.0,Rural,N,4445,25.255681818181817,25.4
,Yes,2.0,Graduate,,2400,983,115,,1.0,Rural,N,3383,29.16379310344828,29.417391304347827
Female,,1.0,Not Graduate,No,13650,1516,83,480.0,,Semiurban,N,15166,180.54761904761904,182.72289156626505
,,2.0,Not Graduate,,3083,1300,175,84.0,1.0,Semiurban,Y,4383,24.90340909090909,25.045714285714286
Male,No,,Graduate,,2927,1868,208,360.0,1.0,Urban,N,4795,22.94258373205741,23.052884615384617
,,,Not Graduate,,2071,2531,58,60.0,0.0,Semiurban,Y,4602,78.0,79.34482758620689
Male,No,,Graduate,,2666,985,106,480.0,0.0,Semiurban,Y,3651,34.12149532710281,34.443396226415096
Male,No,,Not Graduate,,2183,7750,104,60.0,1.0,Urban,N,9933,94.6,95.50961538461539
,No,1.0,Graduate,,3189,2791,290,84.0,1.0,Rural,N,5980,20.54982817869416,20.620689655172413
Male,,3.0,Not Graduate,,2833,4866,95,60.0,1.0,Urban,N,7699,80.19791666666667,81.0421052631579
,Yes,,Not Graduate,No,2833,800,320,84.0,0.0,Urban,N,3633,11.317757009345794,11.353125
Male,,3.0,Not Graduate,No,3083,1868,110,240.0,1.0,Semiurban,Y,4951,44.6036036036036,45.00909090909091
Female,No,,Graduate,,2645,1800,125,180.0,0.0,Rural,N,4445,35.27777777777778,35.56
,,2.0,Graduate,,3200,4300,30,480.0,0.0,Semiurban,N,7500,241.9354838709677,250.0
Male,,1.0,Graduate,No,1800,3066,187,60.0,,Rural,N,4866,25.882978723404257,26.02139037433155
,,,Graduate,No,6747,4167,80,180.0,0.0,Rural,N,10914,134.74074074074073,136.425
Male,Yes,3.0,Graduate,No,2927,700,70,120.0,1.0,Semiurban,Y,3627,51.08450704225352,51.81428571428572
Male,Yes,0.0,Graduate,,6250,1330,376,480.0,0.0,Urban,Y,7580,20.106100795755967,20.159574468085108
,Yes,2.0,Not Graduate,,6747,736,180,120.0,,Urban,Y,7483,41.34254143646409,41.57222222222222
Female,Yes,3.0,Graduate,No,150,754,150,480.0,1.0,Semiurban,Y,904,5.986754966887418,6.026666666666666
Female,Yes,,Not Graduate,Yes,10513,3583,112,360.0,,Urban,N,14096,124.7433628318584,125.85714285714286
Male,,,Graduate,No,3052,1640,290,240.0,0.0,Urban,N,4692,16.123711340206185,16.179310344827588
Female,,3.0,Graduate,No,3250,6000,90,360.0,1.0,Rural,Y,9250,101.64835164835164,102.77777777777777
Female,,,Graduate,,8000,3066,160,84.0,,Rural,N,11066,68.73291925465838,69.1625
Male,,,Graduate,Yes,2927,5063,95,180.0,0.0,Semiurban,Y,7990,83.22916666666667,84.10526315789474
Male,,3.0,Not Graduate,No,6747,2133,150,360.0,1.0,Rural,N,8880,58.80794701986755,59.2
Female,,3.0,Graduate,,13650,4300,184,180.0,0.0,Rural,N,17950,97.02702702702705,97.55434782608695
Female,No,1.0,Graduate,,4843,3333,94,360.0,0.0,Semiurban,N,8176,86.06315789473685,86.97872340425532
Female,Yes,0.0,Not Graduate,No,3052,1459,116,180.0,0.0,Semiurban,N,4511,38.55555555555556,38.88793103448276
Male,No,3.0,Not Graduate,Yes,13650,1459,95,480.0,0.0,Semiurban,N,15109,157.38541666666666,159.0421052631579
Female,No,3.0,Not Graduate,Yes,13650,1666,100,120.0,0.0,Semiurban,Y,15316,151.64356435643563,153.16
Male,Yes,1.0,Graduate,,2132,2667,312,60.0,1.0,Rural,Y,4799,15.332268370607029,15.381410256410257
Female,Yes,,Not Graduate,,5417,4595,120,360.0,,Semiurban,Y,10012,82.74380165289256,83.43333333333334
,No,0.0,Not Graduate,No,2147,4300,116,120.0,,Urban,Y,6447,55.1025641025641,55.577586206896555
Male,No,2.0,Graduate,No,3666,1459,315,300.0,,Rural,N,5125,16.218354430379748,16.26984126984127
Male,No,3.0,Graduate,Yes,2583,2583,25,300.0,,Urban,N,5166,198.69230769230768,206.64
Male,,0.0,Graduate,,2718,2667,175,480.0,1.0,Semiurban,N,5385,30.59659090909091,30.771428571428572
Male,No,2.0,Graduate,,3522,754,436,60.0,,Semiurban,Y,4276,9.784897025171624,9.807339449541285
Male,Yes,0.0,Not Graduate,,2132,2045,139,84.0,0.0,Rural,Y,4177,29.835714285714285,30.050359712230215
Male,Yes,1.0,Not Graduate,No,24763,1590,155,84.0,1.0,Rural,N,26353,168.92948717948718,170.0193548387097
Female,Yes,2.0,Not Graduate,,3600,3333,180,480.0,,Semiurban,N,6933,38.30386740331492,38.516666666666666
,No,2.0,Graduate,No,2708,1590,94,360.0,0.0,Semiurban,N,4298,45.242105263157896,45.723404255319146
Male,No,0.0,Graduate,Yes,3189,2383,136,240.0,1.0,Semiurban,N,5572,40.67153284671533,40.970588235294116
Female,No,3.0,Graduate,No,3333,4983,93,84.0,,Semiurban,Y,8316,88.46808510638297,89.41935483870968
Male,Yes,2.0,Graduate,,2853,2045,67,60.0,,Urban,Y,4898,72.02941176470588,73.1044776119403
,,3.0,Graduate,Yes,2178,5250,109,300.0,0.0,Semiurban,N,7428,67.52727272727273,68.14678899082568
,,1.0,Graduate,No,2853,3750,275,84.0,1.0,Urban,Y,6603,23.92391304347826,24.01090909090909
,,1.0,Not Graduate,Yes,2500,4866,75,480.0,,Semiurban,N,7366,96.92105263157896,98.21333333333334
,Yes,2.0,Graduate,Yes,3189,1451,150,60.0,0.0,Rural,N,4640,30.728476821192054,30.933333333333334
Female,No,3.0,Not Graduate,Yes,5667,1640,285,180.0,,Urban,Y,7307,25.54895104895105,25.63859649122807
,,1.0,Graduate,Yes,13650,4196,95,240.0,0.0,Rural,N,17846,185.8958333333333,187.85263157894738
Male,Yes,1.0,Graduate,,13650,688,137,360.0,0.0,Urban,Y,14338,103.89855072463769,104.65693430656934
Female,,0.0,Graduate,,3600,4300,160,84.0,,Rural,N,7900,49.06832298136646,49.375
,No,0.0,Graduate,,1800,1083,200,180.0,1.0,Urban,N,2883,14.343283582089551,14.415
Female,,2.0,Graduate,Yes,7451,2330,320,240.0,1.0,Semiurban,Y,9781,30.47040498442368,30.565625
,,0.0,Graduate,No,15000,2583,150,360.0,1.0,Urban,Y,17583,116.44370860927152,117.22
Female,No,2.0,Not Graduate,Yes,2491,688,128,240.0,,Urban,Y,3179,24.643410852713178,24.8359375
Male,Yes,,Not Graduate,No,10513,2791,312,240.0,1.0,Rural,Y,13304,42.50479233226837,42.64102564102564
,Yes,0.0,Graduate,,2301,4866,128,240.0,,Urban,N,7167,55.55813953488372,55.9921875
Male,,,Graduate,,2853,1030,285,360.0,1.0,Semiurban,Y,3883,13.576923076923077,13.624561403508771
,No,0.0,Graduate,,5786,500,93,240.0,,Semiurban,Y,6286,66.87234042553192,67.59139784946237
Male,Yes,0.0,Not Graduate,No,2200,2416,376,180.0,1.0,Semiurban,N,4616,12.244031830238727,12.27659574468085
Female,,2.0,Graduate,,2275,5750,320,240.0,0.0,Rural,N,8025,25.0,25.078125
,No,,Not Graduate,,5500,2500,98,360.0,1.0,Rural,N,8000,80.8080808080808,81.63265306122449
Female,No,0.0,Graduate,Yes,3250,1640,128,360.0,,Urban,N,4890,37.906976744186046,38.203125
Male,No,3.0,Not Graduate,No,6250,2500,44,,0.0,Urban,N,8750,194.44444444444449,198.86363636363637
Male,,3.0,Not Graduate,,6080,3066,176,,1.0,Rural,Y,9146,51.67231638418079,51.96590909090909
Male,No,0.0,Not Graduate,No,4300,4300,78,300.0,1.0,Rural,Y,8600,108.86075949367088,110.25641025641026
Male,Yes,0.0,Not Graduate,Yes,5042,1213,140,360.0,0.0,Rural,N,6255,44.361702127659576,44.67857142857143
Female,Yes,0.0,Graduate,Yes,3000,1300,128,360.0,,Semiurban,Y,4300,33.333333333333336,33.59375
,Yes,,Graduate,Yes,1000,2330,370,180.0,1.0,Urban,Y,3330,8.975741239892184,9.0
Female,No,2.0,Graduate,No,6080,1300,320,480.0,0.0,Urban,Y,7380,22.99065420560748,23.0625
Female,No,,Not Graduate,No,3750,3333,165,480.0,1.0,Semiurban,Y,7083,42.66867469879518,42.92727272727273
,Yes,3.0,Graduate,No,2178,1666,80,60.0,0.0,Urban,N,3844,47.45679012345679,48.05
Female,,2.0,Not Graduate,,2500,6250,182,480.0,,Semiurban,N,8750,47.814207650273225,48.07692307692308
,No,0.0,Not Graduate,No,2060,3167,600,,1.0,Rural,N,5227,8.697171381031614,8.711666666666666
Female,Yes,2.0,Not Graduate,,2833,2500,106,360.0,0.0,Semiurban,N,5333,49.8411214953271,50.31132075471698
,,2.0,Graduate,,5500,7210,63,480.0,,Semiurban,N,12710,198.59375,201.74603174603175
,,3.0,Not Graduate,Yes,5500,3750,88,480.0,,Urban,Y,9250,103.93258426966293,105.11363636363636
Female,,1.0,Graduate,Yes,2483,1030,144,180.0,,Rural,Y,3513,24.22758620689655,24.395833333333332
Female,No,0.0,Not Graduate,No,2014,4167,109,300.0,,Rural,Y,6181,56.19090909090909,56.706422018348626
Male,Yes,,Graduate,Yes,3500,3263,109,240.0,0.0,Semiurban,N,6763,61.48181818181818,62.04587155963303
Male,Yes,,Not Graduate,No,1625,1300,192,360.0,0.0,Rural,N,2925,15.155440414507773,15.234375
Male,No,2.0,Graduate,,5316,3066,176,300.0,1.0,Urban,N,8382,47.35593220338984,47.625
Male,No,3.0,Not Graduate,No,5266,1516,166,480.0,0.0,Semiurban,Y,6782,40.61077844311377,40.855421686746986
Female,Yes,,Not Graduate,No,1800,2667,30,120.0,1.0,Rural,N,4467,144.09677419354838,148.9
Female,Yes,3.0,Not Graduate,No,2132,6000,370,480.0,0.0,Rural,Y,8132,21.91913746630728,21.978378378378377
Male,Yes,2.0,Not Graduate,,11000,1800,168,180.0,,Urban,N,12800,75.7396449704142,76.19047619047619
Female,Yes,0.0,Not Graduate,No,3200,2383,93,240.0,,Urban,N,5583,59.3936170212766,60.03225806451613
Male,No,2.0,Graduate,Yes,3625,1666,320,180.0,1.0,Rural,N,5291,16.482866043613708,16.534375
Female,No,3.0,Graduate,,3073,0,116,240.0,1.0,Urban,Y,3073,26.264957264957264,26.49137931034483
Male,Yes,3.0,Not Graduate,Yes,5166,3440,113,240.0,,Rural,N,8606,75.49122807017544,76.15929203539822
Male,No,3.0,Not Graduate,,2708,3449,83,,1.0,Urban,N,6157,73.29761904761905,74.18072289156626
Female,No,3.0,Graduate,,2439,2133,136,360.0,,Urban,N,4572,33.372262773722625,33.61764705882353
Female,No,,Not Graduate,Yes,2645,1451,100,480.0,0.0,Rural,N,4096,40.55445544554456,40.96
Female,,1.0,Graduate,No,8000,4196,100,360.0,,Rural,Y,12196,120.75247524752476,121.96
Female,No,2.0,Not Graduate,Yes,3052,1516,176,480.0,,Urban,N,4568,25.80790960451977,25.954545454545453
Female,No,1.0,Not Graduate,Yes,2266,5266,98,360.0,1.0,Semiurban,N,7532,76.08080808080808,76.85714285714286
Male,No,2.0,Not Graduate,No,2237,7750,80,240.0,,Urban,Y,9987,123.29629629629628,124.8375
Female,Yes,0.0,Not Graduate,No,1800,2900,81,480.0,0.0,Rural,N,4700,57.31707317073171,58.02469135802469
Female,Yes,2.0,Graduate,No,2833,2667,115,480.0,1.0,Rural,N,5500,47.41379310344828,47.82608695652174
Female,Yes,3.0,Graduate,No,3052,2383,72,360.0,0.0,Rural,Y,5435,74.45205479452055,75.48611111111111
Male,Yes,1.0,Not Graduate,No,3083,1500,180,,1.0,Semiurban,Y,4583,25.320441988950275,25.461111111111112
Male,Yes,0.0,Graduate,No,6250,900,113,84.0,0.0,Rural,N,7150,62.719298245614034,63.27433628318584
Female,No,2.0,Graduate,,1863,2330,100,84.0,,Urban,Y,4193,41.51485148514851,41.93
Female,Yes,,Not Graduate,Yes,1000,2583,104,180.0,,Semiurban,Y,3583,34.12380952380953,34.45192307692308
,No,2.0,Graduate,No,2853,700,165,480.0,0.0,Urban,Y,3553,21.403614457831324,21.533333333333335
,Yes,,Not Graduate,,3250,4167,158,84.0,,Semiurban,Y,7417,46.64779874213836,46.94303797468354
Female,Yes,1.0,Graduate,No,2275,5701,83,,1.0,Semiurban,N,7976,94.95238095238096,96.09638554216868
Male,,3.0,Not Graduate,,2333,6000,141,240.0,,Rural,N,8333,58.683098591549296,59.09929078014184
,Yes,3.0,Not Graduate,Yes,10513,2250,80,84.0,1.0,Semiurban,Y,12763,157.5679012345679,159.5375
,No,1.0,Not Graduate,No,4166,1451,90,180.0,1.0,Semiurban,N,5617,61.72527472527472,62.41111111111111
Female,No,0.0,Not Graduate,,150,1640,113,180.0,1.0,Rural,N,1790,15.701754385964913,15.84070796460177
,No,1.0,Graduate,Yes,3666,2750,113,300.0,1.0,Urban,N,6416,56.280701754385966,56.7787610619469
Male,,3.0,Graduate,,2333,2416,141,120.0,1.0,Urban,N,4749,33.443661971830984,33.680851063829785
Female,No,3.0,Graduate,No,3000,983,144,480.0,,Semiurban,N,3983,27.46896551724138,27.65972222222222
,No,,Graduate,No,2927,3263,120,300.0,0.0,Rural,N,6190,51.15702479338843,51.583333333333336
Male,No,1.0,Not Graduate,No,5786,3583,94,300.0,0.0,Urban,N,9369,98.62105263157896,99.67021276595744
Female,No,,Graduate,No,2708,1330,136,240.0,1.0,Urban,Y,4038,29.474452554744527,29.691176470588236
Female,,,Graduate,,5042,1083,349,300.0,0.0,Semiurban,N,6125,17.5,17.550143266475644
,Yes,2.0,Graduate,Yes,4300,2900,106,480.0,,Rural,N,7200,67.28971962616822,67.9245283018868
,Yes,3.0,Graduate,No,2583,4167,154,480.0,1.0,Semiurban,N,6750,43.54838709677419,43.83116883116883
Female,No,1.0,Not Graduate,Yes,3600,5654,136,60.0,0.0,Semiurban,N,9254,67.54744525547446,68.04411764705883
Male,Yes,1.0,Not Graduate,,8666,3449,376,360.0,0.0,Rural,N,12115,32.13527851458886,32.22074468085106
Male,,,Graduate,Yes,13650,983,35,84.0,,Urban,N,14633,406.47222222222223,418.0857142857143
Female,No,1.0,Graduate,No,8666,1929,100,360.0,1.0,Urban,N,10595,104.9009900990099,105.95
,Yes,,Graduate,,5316,1516,93,120.0,1.0,Rural,Y,6832,72.68085106382979,73.46236559139786
Male,No,2.0,Graduate,No,2400,2416,90,360.0,0.0,Semiurban,N,4816,52.92307692307692,53.51111111111111
,No,,Not Graduate,No,2645,4000,300,60.0,,Rural,N,6645,22.07641196013289,22.15
Female,No,2.0,Graduate,Yes,2301,2583,225,,0.0,Urban,N,4884,21.61061946902655,21.706666666666667
,Yes,3.0,Not Graduate,No,2383,1868,122,180.0,,Rural,Y,4251,34.5609756097561,34.84426229508197
,No,2.0,Not Graduate,No,150,4300,312,240.0,,Urban,N,4450,14.217252396166137,14.262820512820513
,No,0.0,Not Graduate,Yes,4843,2500,139,360.0,0.0,Semiurban,N,7343,52.45,52.827338129496404
Female,,1.0,Not Graduate,,5786,1929,94,480.0,0.0,Semiurban,N,7715,81.21052631578948,82.07446808510639
Male,Yes,,Not Graduate,,2577,1213,312,,1.0,Semiurban,N,3790,12.108626198083067,12.147435897435898
Female,No,,Not Graduate,,4583,2000,650,480.0,,Urban,Y,6583,10.112135176651304,10.127692307692307
Female,,,Graduate,Yes,3500,4750,495,300.0,,Semiurban,N,8250,16.633064516129032,16.666666666666668
Female,Yes,2.0,Not Graduate,,1800,2900,225,300.0,,Semiurban,N,4700,20.79646017699115,20.88888888888889
Male,No,0.0,Graduate,,2340,1083,116,120.0,1.0,Rural,N,3423,29.25641025641025,29.50862068965517
Male,,3.0,Not Graduate,Yes,2395,2250,290,,,Urban,Y,4645,15.962199312714777,16.017241379310345
Female,Yes,3.0,Not Graduate,,1863,5250,55,300.0,1.0,Urban,N,7113,127.01785714285714,129.3272727272727
,,3.0,Not Graduate,Yes,7100,2500,320,120.0,,Semiurban,N,9600,29.90654205607477,30.0
Female,Yes,3.0,Not Graduate,,3366,6250,63,60.0,1.0,Rural,N,9616,150.25,152.63492063492063
,Yes,,Graduate,,5266,2853,30,480.0,0.0,Urban,N,8119,261.9032258064516,270.6333333333333
Female,,3.0,Graduate,No,2340,7750,90,60.0,1.0,Rural,Y,10090,110.87912087912088,112.11111111111111
,No,3.0,Graduate,No,7451,5250,150,480.0,1.0,Semiurban,N,12701,84.11258278145695,84.67333333333333
Female,No,1.0,Graduate,Yes,3500,6000,67,480.0,0.0,Urban,N,9500,139.7058823529412,141.7910447761194
,,0.0,Graduate,,5667,3806,110,,,Urban,N,9473,85.34234234234235,86.11818181818182
Male,,3.0,Not Graduate,,5786,2791,144,240.0,0.0,Urban,N,8577,59.15172413793103,59.5625
,Yes,0.0,Graduate,,6400,2330,152,120.0,1.0,Semiurban,N,8730,57.05882352941177,57.43421052631579
,No,2.0,Graduate,No,24763,0,490,120.0,0.0,Rural,Y,24763,50.43380855397149,50.53673469387755
Male,,1.0,Graduate,No,2718,4750,17,300.0,1.0,Semiurban,N,7468,414.8888888888889,439.29411764705884
Male,,0.0,Graduate,No,2577,700,58,,,Rural,N,3277,55.54237288135593,56.5
Female,Yes,3.0,Not Graduate,,2439,4983,25,60.0,,Rural,N,7422,285.46153846153845,296.88
Male,No,,Not Graduate,,5266,1451,113,360.0,0.0,Rural,N,6717,58.92105263157895,59.442477876106196
Male,No,1.0,Not Graduate,Yes,6250,1451,240,84.0,,Semiurban,N,7701,31.95435684647303,32.0875
Male,,3.0,Graduate,No,2600,4417,141,,1.0,Semiurban,Y,7017,49.41549295774648,49.765957446808514
Female,,2.0,Not Graduate,No,3625,1083,228,480.0,0.0,Semiurban,N,4708,20.558951965065503,20.649122807017545
Male,Yes,1.0,Graduate,No,2395,4300,200,480.0,1.0,Rural,N,6695,33.308457711442784,33.475
Female,Yes,2.0,Not Graduate,No,5000,3369,330,300.0,,Semiurban,N,8369,25.283987915407856,25.36060606060606
,,0.0,Graduate,,3200,1929,308,300.0,1.0,Rural,N,5129,16.598705501618124,16.6525974025974
Male,Yes,1.0,Not Graduate,No,1800,3440,96,84.0,,Urban,Y,5240,54.02061855670103,54.583333333333336
,Yes,3.0,Graduate,No,2600,2142,144,300.0,1.0,Urban,N,4742,32.703448275862065,32.93055555555556
,Yes,0.0,Not Graduate,Yes,1977,6000,81,480.0,,Semiurban,Y,7977,97.28048780487804,98.48148148148148
Male,No,3.0,Not Graduate,,3000,1330,165,480.0,1.0,Semiurban,N,4330,26.08433734939759,26.242424242424242
,No,3.0,Not Graduate,No,20166,2853,44,,0.0,Urban,N,23019,511.53333333333336,523.1590909090909
Female,,3.0,Not Graduate,No,1800,688,700,480.0,1.0,Rural,Y,2488,3.549215406562054,3.5542857142857143
Male,Yes,2.0,Graduate,,2333,4486,137,300.0,0.0,Urban,N,6819,49.41304347826087,49.77372262773723
Male,Yes,,Graduate,Yes,12000,3806,125,180.0,0.0,Semiurban,N,15806,125.44444444444444,126.448
,No,3.0,Graduate,Yes,5786,1590,436,180.0,,Semiurban,N,7376,16.87871853546911,16.91743119266055
Male,,3.0,Graduate,Yes,10000,2045,25,180.0,1.0,Urban,Y,12045,463.2692307692308,481.8
Female,No,2.0,Graduate,No,5166,2083,133,120.0,1.0,Rural,N,7249,54.09701492537314,54.50375939849624
Male,Yes,0.0,Graduate,,150,2583,95,360.0,,Rural,N,2733,28.46875,28.768421052631577
Female,,3.0,Not Graduate,,3000,3600,158,240.0,,Rural,N,6600,41.50943396226416,41.77215189873418
Female,No,0.0,Graduate,,2799,985,290,,0.0,Urban,Y,3784,13.003436426116838,13.048275862068966
Female,Yes,2.0,Not Graduate,No,3167,1030,255,360.0,0.0,Rural,N,4197,16.39453125,16.458823529411763
Male,Yes,2.0,Graduate,No,2439,2383,650,480.0,,Semiurban,N,4822,7.407066052227343,7.418461538461538
Female,,1.0,Graduate,No,3416,736,110,84.0,1.0,Rural,N,4152,37.4054054054054,37.74545454545454
Male,No,1.0,Graduate,No,2600,1640,112,180.0,1.0,Semiurban,N,4240,37.52212389380531,37.857142857142854
,No,,Not Graduate,Yes,2875,5750,96,84.0,0.0,Rural,N,8625,88.91752577319588,89.84375
Male,Yes,1.0,Not Graduate,,2666,5266,124,240.0,,Urban,Y,7932,63.456,63.96774193548387
Male,,1.0,Graduate,Yes,2875,1500,176,300.0,0.0,Rural,Y,4375,24.717514124293785,24.857954545454547
Male,No,0.0,Graduate,No,3522,1330,72,,1.0,Urban,N,4852,66.46575342465754,67.38888888888889
Male,,1.0,Not Graduate,No,24763,900,72,,0.0,Semiurban,N,25663,351.54794520547944,356.43055555555554
,Yes,,Not Graduate,No,2147,2531,175,480.0,0.0,Urban,Y,4678,26.579545454545453,26.731428571428573
,,1.0,Graduate,Yes,2473,4983,184,240.0,1.0,Semiurban,Y,7456,40.3027027027027,40.52173913043478
,Yes,,Not Graduate,Yes,6250,900,118,84.0,1.0,Rural,N,7150,60.08403361344538,60.59322033898305
Male,,,Not Graduate,,2473,736,113,84.0,1.0,Rural,N,3209,28.149122807017545,28.398230088495577
Female,Yes,3.0,Graduate,,8666,2330,700,120.0,0.0,Rural,N,10996,15.686162624821684,15.708571428571428
,Yes,,Graduate,,3333,800,312,240.0,0.0,Semiurban,N,4133,13.20447284345048,13.246794871794872
Male,,0.0,Graduate,No,3600,7750,700,360.0,1.0,Rural,N,11350,16.191155492154067,16.214285714285715
Female,,3.0,Not Graduate,No,2183,688,131,120.0,1.0,Rural,N,2871,21.75,21.916030534351144
,Yes,2.0,Not Graduate,,11000,754,58,120.0,0.0,Urban,N,11754,199.22033898305085,202.6551724137931
Male,Yes,0.0,Graduate,,6747,500,75,60.0,,Urban,Y,7247,95.35526315789474,96.62666666666667
,No,0.0,Graduate,No,2178,2083,192,60.0,1.0,Semiurban,N,4261,22.077720207253886,22.192708333333332
Male,No,,Not Graduate,Yes,150,4866,144,480.0,1.0,Urban,N,5016,34.59310344827586,34.833333333333336
,No,,Not Graduate,No,5316,5063,290,120.0,,Semiurban,N,10379,35.666666666666664,35.789655172413795
,No,2.0,Not Graduate,Yes,5667,983,133,120.0,1.0,Rural,N,6650,49.62686567164179,50.0
Male,,0.0,Graduate,Yes,8333,3022,700,480.0,0.0,Semiurban,N,11355,16.198288159771753,16.22142857142857
Male,Yes,3.0,Graduate,No,1625,4196,25,480.0,,Semiurban,N,5821,223.8846153846154,232.84
Male,No,0.0,Not Graduate,Yes,8333,3369,210,,1.0,Urban,N,11702,55.459715639810426,55.72380952380952
Male,,2.0,Graduate,No,3366,2416,35,84.0,1.0,Rural,N,5782,160.61111111111111,165.2
Female,Yes,0.0,Graduate,Yes,12000,3369,66,,,Semiurban,N,15369,229.38805970149247,232.86363636363637
Female,,1.0,Graduate,No,2400,1964,155,240.0,1.0,Urban,N,4364,27.97435897435897,28.15483870967742
,,0.0,Graduate,Yes,1800,2250,155,84.0,,Semiurban,N,4050,25.96153846153846,26.129032258064516
Male,,,Not Graduate,No,1000,4486,182,480.0,0.0,Semiurban,N,5486,29.97814207650273,30.142857142857142
Male,Yes,3.0,Graduate,,8000,4595,139,240.0,,Rural,N,12595,89.96428571428571,90.61151079136691
Male,No,0.0,Not Graduate,,3800,983,166,120.0,1.0,Urban,N,4783,28.64071856287425,28.813253012048193
,Yes,0.0,Graduate,Yes,3029,900,436,240.0,1.0,Semiurban,Y,3929,8.990846681922196,9.011467889908257
Male,Yes,,Graduate,,2383,2750,175,240.0,,Rural,Y,5133,29.164772727272727,29.33142857142857
Male,Yes,2.0,Graduate,Yes,3029,6000,300,300.0,,Urban,Y,9029,29.996677740863788,30.096666666666668
,No,2.0,Not Graduate,Yes,7451,2791,131,,0.0,Urban,N,10242,77.5909090909091,78.18320610687023
Female,No,1.0,Not Graduate,,24763,983,180,60.0,0.0,Semiurban,N,25746,142.24309392265192,143.03333333333333
,,,Not Graduate,Yes,2301,1640,85,84.0,1.0,Rural,N,3941,45.825581395348834,46.36470588235294
,No,2.0,Not Graduate,Yes,2071,2045,44,360.0,,Urban,Y,4116,91.46666666666668,93.54545454545455
,Yes,2.0,Graduate,Yes,5266,2250,93,300.0,1.0,Rural,N,7516,79.95744680851064,80.81720430107526
,,,Graduate,,1977,2900,152,480.0,1.0,Rural,N,4877,31.875816993464053,32.08552631578947
Female,,,Not Graduate,,3083,2416,113,180.0,0.0,Urban,Y,5499,48.23684210526316,48.663716814159294
,,,Not Graduate,Yes,3846,4595,200,120.0,,Urban,Y,8441,41.99502487562189,42.205
,,1.0,Graduate,,3029,3022,122,480.0,1.0,Rural,Y,6051,49.19512195121951,49.59836065573771
Male,,0.0,Not Graduate,,1800,5625,192,60.0,0.0,Rural,N,7425,38.47150259067357,38.671875
Male,Yes,3.0,Not Graduate,No,2237,1800,122,60.0,0.0,Rural,Y,4037,32.82113821138211,33.09016393442623
Female,No,0.0,Not Graduate,No,8333,1800,350,480.0,,Semiurban,N,10133,28.86894586894587,28.951428571428572
Female,No,,Not Graduate,No,2600,500,110,,0.0,Semiurban,Y,3100,27.92792792792793,28.181818181818183
Female,No,3.0,Graduate,Yes,4300,2667,255,240.0,1.0,Semiurban,N,6967,27.21484375,27.32156862745098
Male,No,,Graduate,,4843,4595,104,84.0,1.0,Rural,Y,9438,89.88571428571429,90.75
Female,Yes,2.0,Graduate,No,5266,3022,175,60.0,,Rural,N,8288,47.09090909090909,47.36
Male,Yes,2.0,Not Graduate,,2071,983,267,480.0,,Semiurban,N,3054,11.3955223880597,11.438202247191011
Female,No,,Not Graduate,Yes,6250,2791,228,120.0,,Rural,N,9041,39.480349344978166,39.65350877192982
Female,No,0.0,Not Graduate,Yes,3200,2142,225,84.0,,Rural,Y,5342,23.63716814159292,23.74222222222222
,No,2.0,Not Graduate,,2147,983,315,300.0,,Semiurban,N,3130,9.90506329113924,9.936507936507937
Male,No,3.0,Graduate,,2266,2133,97,180.0,1.0,Urban,N,4399,44.88775510204081,45.350515463917525
,Yes,3.0,Graduate,No,7100,800,144,300.0,,Semiurban,N,7900,54.48275862068966,54.861111111111114
Male,Yes,,Not Graduate,Yes,3333,2250,600,84.0,1.0,Semiurban,N,5583,9.289517470881863,9.305
,Yes,,Not Graduate,Yes,3600,2000,100,180.0,1.0,Semiurban,N,5600,55.445544554455445,56.0
,No,0.0,Graduate,No,12841,4000,114,180.0,,Rural,Y,16841,146.44347826086957,147.7280701754386
Male,,2.0,Not Graduate,,8666,3500,141,,0.0,Urban,N,12166,85.67605633802818,86.28368794326241
Female,Yes,1.0,Graduate,No,4166,5654,275,180.0,,Semiurban,N,9820,35.57971014492754,35.70909090909091
Female,Yes,2.0,Graduate,Yes,3625,5625,210,120.0,,Rural,N,9250,43.8388625592417,44.04761904761905
Female,No,2.0,Not Graduate,No,24763,2133,74,480.0,1.0,Urban,Y,26896,358.61333333333334,363.4594594594595
,Yes,2.0,Not Graduate,,2708,2500,59,480.0,1.0,Semiurban,N,5208,86.8,88.27118644067797
,Yes,,Not Graduate,Yes,5500,2330,74,120.0,0.0,Semiurban,N,7830,104.4,105.8108108108108
,,,Not Graduate,,2132,1083,308,180.0,1.0,Rural,N,3215,10.40453074433657,10.438311688311689
Female,,2.0,Graduate,No,12000,2531,106,84.0,1.0,Semiurban,N,14531,135.80373831775702,137.08490566037736
Female,No,,Graduate,Yes,2132,3066,35,180.0,,Urban,N,5198,144.38888888888889,148.5142857142857
Male,Yes,0.0,Not Graduate,Yes,2383,1800,255,240.0,,Semiurban,N,4183,16.33984375,16.40392156862745
,No,3.0,Graduate,Yes,13650,3449,81,360.0,1.0,Rural,Y,17099,208.52439024390245,211.09876543209876
Female,No,3.0,Graduate,,4843,1500,140,180.0,1.0,Semiurban,N,6343,44.98581560283688,45.30714285714286
Female,Yes,3.0,Graduate,Yes,5417,3066,17,300.0,,Urban,Y,8483,471.27777777777777,499.0
Male,No,0.0,Not Graduate,,7451,736,120,120.0,0.0,Rural,N,8187,67.66115702479338,68.225
Male,Yes,2.0,Graduate,,3522,736,116,120.0,,Semiurban,N,4258,36.39316239316239,36.706896551724135
Female,Yes,1.0,Not Graduate,No,20166,1516,47,60.0,0.0,Semiurban,Y,21682,451.7083333333333,461.3191489361702
Male,No,,Not Graduate,Yes,5667,2531,109,60.0,,Urban,Y,8198,74.52727272727273,75.21100917431193
Female,Yes,1.0,Graduate,No,3052,500,495,,,Urban,N,3552,7.161290322580645,7.175757575757576
,,2.0,Not Graduate,Yes,4300,1868,90,240.0,0.0,Rural,N,6168,67.78021978021978,68.53333333333333
Male,,0.0,Graduate,Yes,2853,1800,155,480.0,0.0,Rural,Y,4653,29.82692307692308,30.019354838709678
,No,2.0,Not Graduate,Yes,2340,983,700,60.0,1.0,Urban,N,3323,4.74037089871612,4.747142857142857
,,2.0,Graduate,No,2479,1666,106,300.0,0.0,Urban,N,4145,38.73831775700935,39.10377358490566
,No,,Not Graduate,Yes,7451,2045,175,60.0,,Rural,Y,9496,53.95454545454545,54.26285714285714
Female,No,0.0,Graduate,Yes,1977,3583,187,60.0,1.0,Rural,N,5560,29.574468085106385,29.732620320855617
,Yes,3.0,Graduate,No,1000,3369,144,300.0,,Rural,N,4369,30.131034482758626,30.34027777777778
Female,,3.0,Graduate,Yes,2266,4300,267,300.0,0.0,Semiurban,N,6566,24.5,24.591760299625467
Male,No,1.0,Not Graduate,Yes,5042,5250,93,240.0,1.0,Rural,N,10292,109.48936170212764,110.66666666666667
,No,,Not Graduate,,2147,2900,120,360.0,1.0,Rural,N,5047,41.710743801652896,42.05833333333333
,Yes,0.0,Graduate,No,8666,3750,285,60.0,1.0,Urban,N,12416,43.41258741258741,43.564912280701755
,Yes,0.0,Not Graduate,Yes,2583,2416,137,180.0,0.0,Urban,N,4999,36.22463768115942,36.48905109489051
Female,Yes,3.0,Graduate,,15000,3600,99,84.0,1.0,Urban,N,18600,186.0,187.87878787878788
Female,Yes,3.0,Not Graduate,No,2927,2900,100,180.0,,Urban,Y,5827,57.693069306930695,58.27
Male,No,0.0,Graduate,No,13650,4196,436,60.0,,Urban,N,17846,40.837528604118994,40.93119266055046
,No,,Graduate,Yes,3083,2750,106,300.0,,Urban,N,5833,54.51401869158879,55.028301886792455
Female,,1.0,Not Graduate,,4583,500,128,180.0,0.0,Rural,Y,5083,39.4031007751938,39.7109375
Male,,0.0,Graduate,Yes,8666,1868,124,84.0,,Urban,N,10534,84.272,84.95161290322581
,,0.0,Graduate,,3416,5063,90,240.0,,Urban,Y,8479,93.17582417582418,94.21111111111111
,,3.0,Graduate,,3167,1964,600,,0.0,Rural,N,5131,8.537437603993345,8.551666666666666
,No,0.0,Not Graduate,Yes,1863,1590,495,300.0,1.0,Semiurban,N,3453,6.961693548387097,6.975757575757576
Female,Yes,0.0,Not Graduate,,2500,2133,330,480.0,0.0,Urban,N,4633,13.996978851963746,14.039393939393939
Female,,,Not Graduate,No,2275,3369,140,300.0,,Urban,N,5644,40.02836879432624,40.31428571428572
Female,Yes,0.0,Not Graduate,Yes,3666,2045,137,480.0,0.0,Rural,N,5711,41.38405797101449,41.68613138686131
Female,Yes,0.0,Not Graduate,,11000,6250,118,360.0,,Semiurban,N,17250,144.9579831932773,146.1864406779661
,Yes,,Graduate,Yes,3522,2667,152,,1.0,Rural,Y,6189,40.45098039215687,40.7171052631579
Female,No,3.0,Not Graduate,,8666,2750,210,60.0,0.0,Rural,N,11416,54.1042654028436,54.36190476190476
,No,,Not Graduate,,2577,700,700,360.0,1.0,Urban,N,3277,4.674750356633381,4.6814285714285715
,,,Not Graduate,,2178,5625,74,84.0,1.0,Rural,Y,7803,104.04,105.44594594594595
,Yes,1.0,Graduate,,5786,1459,131,360.0,0.0,Rural,N,7245,54.88636363636363,55.30534351145038
,,3.0,Graduate,,12000,3750,495,84.0,,Urban,N,15750,31.75403225806452,31.818181818181817
Male,No,3.0,Not Graduate,Yes,3000,3500,120,84.0,0.0,Urban,N,6500,53.71900826446281,54.166666666666664
Female,,0.0,Not Graduate,Yes,9323,736,128,180.0,0.0,Rural,Y,10059,77.97674418604652,78.5859375
Female,,1.0,Not Graduate,,5042,1451,700,240.0,1.0,Semiurban,N,6493,9.262482168330957,9.275714285714285
,Yes,,Not Graduate,No,2237,1843,83,300.0,1.0,Semiurban,N,4080,48.57142857142857,49.1566265060241
Male,No,1.0,Not Graduate,,5417,2791,376,120.0,1.0,Semiurban,N,8208,21.77188328912467,21.829787234042552
Male,,2.0,Not Graduate,Yes,2708,3369,144,60.0,1.0,Semiurban,N,6077,41.91034482758621,42.201388888888886
,,2.0,Graduate,Yes,10513,4750,255,240.0,1.0,Urban,Y,15263,59.62109375,59.85490196078431
,No,,Not Graduate,Yes,8333,2667,175,60.0,1.0,Rural,N,11000,62.5,62.857142857142854
Female,No,2.0,Graduate,No,11000,1459,70,240.0,,Urban,N,12459,175.4788732394366,177.9857142857143
Male,,,Graduate,No,2400,2900,184,,,Rural,Y,5300,28.64864864864865,28.804347826086957
Male,No,,Graduate,No,3200,2583,255,300.0,,Rural,Y,5783,22.58984375,22.67843137254902
Female,No,,Graduate,Yes,2439,1640,50,240.0,1.0,Urban,N,4079,79.98039215686275,81.58
Female,,3.0,Not Graduate,Yes,2473,3167,99,120.0,0.0,Urban,Y,5640,56.4,56.96969696969697
,No,3.0,Not Graduate,Yes,3625,1640,114,300.0,1.0,Urban,Y,5265,45.78260869565217,46.18421052631579
Female,No,,Graduate,Yes,5042,3750,370,480.0,0.0,Rural,Y,8792,23.69811320754717,23.762162162162163
,,3.0,Not Graduate,,24763,5063,168,60.0,,Rural,Y,29826,176.4852071005917,177.53571428571428
Male,,3.0,Graduate,No,4300,1083,17,84.0,1.0,Urban,N,5383,299.05555555555554,316.6470588235294
,No,3.0,Graduate,,1800,2250,350,480.0,,Rural,N,4050,11.538461538461538,11.571428571428571
,Yes,1.0,Graduate,No,3250,754,600,480.0,0.0,Urban,N,4004,6.662229617304493,6.673333333333333
,No,2.0,Graduate,,7451,3440,225,180.0,,Urban,N,10891,48.190265486725664,48.404444444444444
Male,No,0.0,Not Graduate,,3846,5625,67,360.0,0.0,Rural,Y,9471,139.27941176470588,141.3582089552239
Male,,1.0,Graduate,,2600,5654,133,180.0,1.0,Rural,N,8254,61.59701492537314,62.06015037593985
,No,1.0,Graduate,Yes,1863,754,93,120.0,1.0,Rural,N,2617,27.84042553191489,28.13978494623656
Male,Yes,,Not Graduate,,8333,1516,290,84.0,1.0,Urban,N,9849,33.845360824742265,33.96206896551724
Female,,0.0,Not Graduate,Yes,2200,2900,30,60.0,,Semiurban,N,5100,164.51612903225808,170.0
Male,No,,Not Graduate,Yes,2333,3369,17,120.0,0.0,Rural,Y,5702,316.77777777777777,335.4117647058824
Male,No,1.0,Graduate,,2439,4000,200,300.0,0.0,Rural,N,6439,32.03482587064676,32.195
Female,,,Graduate,Yes,1800,4417,144,,,Rural,N,6217,42.87586206896552,43.173611111111114
Female,No,,Graduate,,5000,4486,55,360.0,0.0,Urban,N,9486,169.39285714285714,172.47272727272727
Female,No,3.0,Graduate,No,2577,1640,436,,,Urban,N,4217,9.649885583524028,9.672018348623853
Female,,1.0,Graduate,No,2600,3750,35,60.0,1.0,Rural,N,6350,176.38888888888889,181.42857142857142
Female,No,1.0,Graduate,Yes,2833,3369,182,300.0,,Rural,N,6202,33.89071038251366,34.07692307692308
,No,3.0,Graduate,,3052,4196,93,84.0,,Rural,N,7248,77.1063829787234,77.93548387096774
,No,3.0,Graduate,Yes,2266,5266,75,360.0,0.0,Urban,N,7532,99.10526315789474,100.42666666666666
,No,1.0,Not Graduate,,1863,5701,122,300.0,,Rural,N,7564,61.49593495934959,62.0
Female,,,Not Graduate,,3800,2383,155,,1.0,Rural,Y,6183,39.63461538461539,39.89032258064516
Male,No,1.0,Graduate,Yes,2183,3600,228,360.0,1.0,Rural,N,5783,25.253275109170307,25.364035087719298
Female,,3.0,Graduate,Yes,8666,3022,267,84.0,1.0,Rural,N,11688,43.61194029850746,43.7752808988764
Female,,0.0,Not Graduate,Yes,2147,1250,308,180.0,,Rural,N,3397,10.993527508090615,11.029220779220779
Male,,3.0,Not Graduate,,2708,900,165,360.0,,Rural,Y,3608,21.734939759036145,21.866666666666667
Male,No,2.0,Graduate,Yes,2833,830,136,240.0,1.0,Rural,N,3663,26.73722627737226,26.933823529411764
,,2.0,Not Graduate,Yes,2718,4417,228,,1.0,Urban,Y,7135,31.157205240174672,31.29385964912281
Female,Yes,1.0,Graduate,,150,4595,95,480.0,0.0,Rural,N,4745,49.427083333333336,49.94736842105263
,,2.0,Not Graduate,,4950,1250,208,480.0,1.0,Semiurban,N,6200,29.66507177033493,29.807692307692307
,No,2.0,Not Graduate,No,3800,1666,320,60.0,,Semiurban,N,5466,17.02803738317757,17.08125
Female,Yes,0.0,Graduate,Yes,1625,736,72,300.0,0.0,Semiurban,Y,2361,32.342465753424655,32.791666666666664
Female,,,Graduate,No,24763,1843,225,240.0,1.0,Semiurban,N,26606,117.72566371681415,118.24888888888889
Female,Yes,,Not Graduate,,10000,7210,70,180.0,0.0,Urban,N,17210,242.3943661971831,245.85714285714286
Male,No,,Not Graduate,No,1625,1459,176,180.0,0.0,Semiurban,N,3084,17.423728813559322,17.522727272727273
Female,No,1.0,Not Graduate,Yes,5000,4866,125,60.0,0.0,Urban,Y,9866,78.3015873015873,78.928
Male,,0.0,Graduate,Yes,2266,3369,495,240.0,0.0,Semiurban,Y,5635,11.360887096774194,11.383838383838384
,,1.0,Graduate,No,5166,1800,83,360.0,1.0,Urban,N,6966,82.92857142857143,83.92771084337349
Female,No,0.0,Graduate,Yes,3250,5250,83,60.0,1.0,Urban,N,8500,101.1904761904762,102.40963855421687
Male,No,,Graduate,Yes,3333,1800,114,60.0,0.0,Rural,N,5133,44.63478260869565,45.026315789473685
Male,No,0.0,Graduate,Yes,5042,3600,290,360.0,0.0,Rural,Y,8642,29.69759450171821,29.8
,,2.0,Not Graduate,,5266,2000,25,120.0,,Rural,N,7266,279.46153846153845,290.64
,Yes,,Not Graduate,Yes,7333,7750,330,84.0,1.0,Rural,Y,15083,45.56797583081571,45.7060606060606
Male,,3.0,Graduate,,2473,700,187,60.0,1.0,Semiurban,N,3173,16.877659574468087,16.967914438502675
Female,No,0.0,Graduate,,10513,4196,67,300.0,0.0,Rural,N,14709,216.30882352941177,219.53731343283582
,Yes,2.0,Not Graduate,,2266,4417,160,300.0,1.0,Rural,N,6683,41.50931677018634,41.76875
Female,,3.0,Graduate,No,4300,2416,285,84.0,0.0,Urban,Y,6716,23.482517482517483,23.564912280701755
Male,,3.0,Not Graduate,Yes,3200,3167,192,240.0,1.0,Urban,N,6367,32.98963730569948,33.161458333333336
Female,Yes,,Graduate,No,2600,754,495,360.0,,Semiurban,N,3354,6.762096774193548,6.775757575757575
,Yes,2.0,Graduate,,6080,5063,155,,,Urban,N,11143,71.42948717948718,71.89032258064516
,Yes,3.0,Not Graduate,,2183,3583,144,180.0,0.0,Rural,N,5766,39.765517241379314,40.041666666666664
Female,,3.0,Not Graduate,Yes,1800,2853,125,84.0,,Urban,N,4653,36.92857142857143,37.224
Male,,3.0,Not Graduate,,3200,736,137,120.0,0.0,Semiurban,N,3936,28.52173913043478,28.72992700729927
,,,Graduate,Yes,15000,4486,228,300.0,0.0,Rural,N,19486,85.09170305676857,85.46491228070175
Female,Yes,0.0,Not Graduate,No,3416,2531,106,84.0,0.0,Urban,N,5947,55.57943925233645,56.10377358490566
,No,,Graduate,,2178,1666,184,120.0,,Semiurban,Y,3844,20.778378378378378,20.891304347826086
Female,,,Graduate,,2178,2531,495,180.0,0.0,Semiurban,N,4709,9.493951612903226,9.513131313131312
,,1.0,Not Graduate,No,5042,3333,98,300.0,1.0,Urban,N,8375,84.5959595959596,85.45918367346938
Male,No,0.0,Not Graduate,No,2060,1300,166,84.0,0.0,Rural,N,3360,20.119760479041915,20.240963855421686
Female,Yes,1.0,Not Graduate,,12841,3583,436,,1.0,Urban,Y,16424,37.58352402745995,37.669724770642205
Female,Yes,0.0,Not Graduate,Yes,5500,1459,160,480.0,0.0,Rural,N,6959,43.22360248447205,43.49375
Male,,,Not Graduate,,2000,3167,312,,,Urban,N,5167,16.507987220447284,16.560897435897434
Female,No,3.0,Not Graduate,Yes,5316,1640,275,,0.0,Urban,Y,6956,25.20289855072464,25.294545454545453
Male,Yes,1.0,Not Graduate,,1863,900,104,120.0,1.0,Semiurban,N,2763,26.31428571428572,26.567307692307693
Female,Yes,3.0,Not Graduate,Yes,3366,700,182,300.0,,Urban,N,4066,22.21857923497268,22.34065934065934
Male,,,Not Graduate,No,2178,2500,201,480.0,1.0,Rural,Y,4678,23.15841584158416,23.27363184079602
Male,,0.0,Graduate,Yes,7200,5701,55,300.0,,Semiurban,N,12901,230.375,234.56363636363636
Female,,0.0,Graduate,Yes,15000,1843,17,300.0,1.0,Semiurban,N,16843,935.7222222222222,990.7647058823529
Male,,2.0,Not Graduate,No,2000,4983,25,180.0,0.0,Urban,Y,6983,268.5769230769231,279.32
Female,No,0.0,Not Graduate,No,3200,3066,300,300.0,0.0,Rural,Y,6266,20.817275747508305,20.886666666666667
Male,Yes,0.0,Graduate,Yes,5417,1030,240,360.0,0.0,Rural,N,6447,26.75103734439834,26.8625
Male,Yes,,Not Graduate,No,3000,4866,141,240.0,,Semiurban,N,7866,55.394366197183096,55.787234042553195
Female,,0.0,Graduate,No,2340,1964,118,,1.0,Rural,Y,4304,36.16806722689076,36.47457627118644
Female,No,,Graduate,Yes,3333,4866,152,240.0,,Semiurban,N,8199,53.588235294117645,53.94078947368421
Female,,2.0,Not Graduate,,9323,3806,176,84.0,,Urban,N,13129,74.17514124293785,74.5965909090909
Male,,2.0,Not Graduate,Yes,11000,2583,285,240.0,0.0,Semiurban,N,13583,47.49300699300699,47.65964912280702
Male,No,0.0,Graduate,No,3333,1083,94,480.0,0.0,Urban,N,4416,46.48421052631579,46.97872340425532
Female,No,1.0,Not Graduate,Yes,8000,830,150,240.0,,Semiurban,Y,8830,58.47682119205298,58.86666666666667
Female,No,1.0,Graduate,,2178,3440,128,180.0,0.0,Rural,N,5618,43.55038759689923,43.890625
Female,No,3.0,Not Graduate,Yes,6080,1083,320,120.0,,Urban,N,7163,22.31464174454829,22.384375
Male,No,3.0,Not Graduate,No,5667,2791,184,,,Semiurban,Y,8458,45.71891891891892,45.96739130434783
Female,No,2.0,Not Graduate,No,3052,5063,330,240.0,1.0,Semiurban,N,8115,24.5166163141994,24.59090909090909
Female,Yes,,Not Graduate,Yes,15000,1250,436,,0.0,Urban,N,16250,37.18535469107552,37.27064220183486
Male,,3.0,Graduate,No,2950,3022,124,84.0,,Urban,N,5972,47.776,48.16129032258065
Male,No,3.0,Graduate,No,2853,2750,182,120.0,,Urban,N,5603,30.61748633879781,30.785714285714285
Male,,3.0,Graduate,Yes,6400,985,99,300.0,0.0,Urban,Y,7385,73.85,74.5959595959596
Male,Yes,2.0,Not Graduate,Yes,10000,4983,67,84.0,1.0,Rural,Y,14983,220.33823529411765,223.62686567164178
,,,Graduate,No,2014,1330,160,480.0,0.0,Urban,Y,3344,20.770186335403725,20.9
Female,,,Graduate,,3000,754,166,300.0,1.0,Rural,N,3754,22.479041916167663,22.6144578313253
Female,Yes,2.0,Not Graduate,,1928,900,95,480.0,0.0,Semiurban,Y,2828,29.45833333333333,29.768421052631577
Male,Yes,1.0,Graduate,No,3250,4983,150,84.0,1.0,Semiurban,Y,8233,54.52317880794702,54.88666666666666
,Yes,3.0,Not Graduate,No,5667,6250,290,360.0,1.0,Rural,Y,11917,40.95189003436426,41.09310344827586
Male,No,2.0,Not Graduate,No,3250,1451,267,120.0,,Rural,Y,4701,17.541044776119403,17.60674157303371
,No,1.0,Graduate,,1863,2750,58,240.0,1.0,Semiurban,N,4613,78.1864406779661,79.53448275862068
,No,1.0,Not Graduate,No,5316,983,118,480.0,,Urban,N,6299,52.9327731092437,53.38135593220339
,,1.0,Not Graduate,Yes,13650,4196,180,60.0,,Semiurban,N,17846,98.59668508287292,99.14444444444445
Female,Yes,1.0,Not Graduate,Yes,5266,2531,17,60.0,1.0,Urban,N,7797,433.1666666666667,458.6470588235294
,No,3.0,Not Graduate,Yes,2500,2667,650,60.0,,Urban,Y,5167,7.937019969278034,7.949230769230769
Male,Yes,1.0,Not Graduate,,5000,3500,255,,,Rural,N,8500,33.203125,33.333333333333336
,No,2.0,Graduate,Yes,2950,2900,115,84.0,1.0,Semiurban,N,5850,50.43103448275862,50.869565217391305
Female,,,Graduate,,1800,2791,44,180.0,,Urban,N,4591,102.02222222222224,104.3409090909091
Male,Yes,,Graduate,No,2237,3167,700,360.0,0.0,Rural,Y,5404,7.708987161198288,7.72
,,1.0,Graduate,,3200,1250,90,240.0,0.0,Urban,N,4450,48.9010989010989,49.44444444444444
Female,Yes,1.0,Not Graduate,No,3083,1083,650,300.0,1.0,Semiurban,Y,4166,6.399385560675883,6.409230769230769
Male,Yes,0.0,Graduate,,5316,4196,94,360.0,0.0,Urban,N,9512,100.12631578947368,101.19148936170212
Male,,1.0,Graduate,No,3333,1459,160,180.0,1.0,Rural,N,4792,29.763975155279503,29.95
Male,Yes,2.0,Not Graduate,Yes,150,4866,436,,0.0,Urban,N,5016,11.478260869565217,11.504587155963304
,No,,Not Graduate,No,3500,1330,255,300.0,0.0,Urban,N,4830,18.8671875,18.941176470588236
Male,Yes,0.0,Not Graduate,No,6250,1516,200,60.0,0.0,Semiurban,N,7766,38.63681592039801,38.83
Female,,1.0,Not Graduate,Yes,5500,830,144,,1.0,Rural,N,6330,43.6551724137931,43.958333333333336
Male,,,Not Graduate,,1977,4866,136,480.0,,Semiurban,N,6843,49.948905109489054,50.31617647058823
Female,Yes,3.0,Graduate,,5786,736,208,120.0,,Rural,N,6522,31.205741626794257,31.35576923076923
,No,1.0,Not Graduate,Yes,3073,2416,59,360.0,,Semiurban,N,5489,91.48333333333332,93.03389830508475
Female,,,Not Graduate,No,3846,3806,88,300.0,0.0,Semiurban,N,7652,85.97752808988764,86.95454545454545
,,,Graduate,No,2479,3066,128,60.0,1.0,Urban,N,5545,42.98449612403101,43.3203125
Female,Yes,3.0,Not Graduate,No,2147,5063,192,480.0,,Semiurban,Y,7210,37.35751295336787,37.552083333333336
Male,No,,Not Graduate,,3666,2750,93,360.0,1.0,Semiurban,Y,6416,68.25531914893617,68.98924731182795
Male,Yes,2.0,Graduate,,3000,2583,376,240.0,,Urban,N,5583,14.809018567639257,14.84840425531915
Male,No,2.0,Graduate,No,3250,1964,75,480.0,1.0,Semiurban,N,5214,68.60526315789474,69.52
Male,Yes,3.0,Graduate,No,4950,4417,90,84.0,0.0,Rural,N,9367,102.93406593406591,104.07777777777778
Male,No,,Graduate,No,3250,5625,116,180.0,0.0,Rural,N,8875,75.85470085470085,76.50862068965517
,No,3.0,Not Graduate,,5000,2133,168,240.0,0.0,Rural,N,7133,42.20710059171598,42.458333333333336
Male,Yes,,Not Graduate,Yes,8333,2142,128,,,Semiurban,N,10475,81.2015503875969,81.8359375
,,2.0,Graduate,,8666,2330,376,120.0,0.0,Urban,N,10996,29.16710875331565,29.24468085106383
,No,0.0,Not Graduate,No,3052,3167,267,120.0,0.0,Rural,N,6219,23.20522388059701,23.292134831460675
,Yes,2.0,Not Graduate,Yes,7333,5266,50,180.0,1.0,Urban,Y,12599,247.0392156862745,251.98
Female,,,Not Graduate,,13650,3333,93,360.0,1.0,Urban,N,16983,180.67021276595744,182.61290322580646
,No,2.0,Not Graduate,,2301,3583,95,60.0,,Urban,Y,5884,61.29166666666666,61.93684210526316
,,,Not Graduate,No,3600,3806,55,84.0,,Rural,Y,7406,132.25,134.65454545454546
,Yes,3.0,Graduate,Yes,2577,2000,81,180.0,,Semiurban,N,4577,55.81707317073171,56.50617283950617
Female,No,1.0,Not Graduate,Yes,2060,2853,63,,,Rural,N,4913,76.765625,77.98412698412699
Female,,0.0,Graduate,No,2178,2900,240,,1.0,Rural,N,5078,21.070539419087137,21.158333333333335
Male,,,Graduate,Yes,2645,800,116,60.0,0.0,Semiurban,N,3445,29.444444444444443,29.698275862068964
Female,,3.0,Graduate,,3500,1213,140,300.0,1.0,Rural,Y,4713,33.42553191489362,33.66428571428571
Female,Yes,0.0,Graduate,Yes,1000,4167,152,,,Rural,Y,5167,33.77124183006536,33.99342105263158
,Yes,2.0,Graduate,Yes,2333,1590,35,120.0,,Rural,N,3923,108.97222222222224,112.08571428571429
,No,3.0,Graduate,,6747,3449,158,360.0,1.0,Rural,N,10196,64.12578616352201,64.53164556962025
,Yes,0.0,Graduate,,5316,1459,76,120.0,1.0,Semiurban,N,6775,87.98701298701299,89.14473684210526
Female,Yes,,Graduate,,3666,4750,436,480.0,,Semiurban,N,8416,19.25858123569794,19.30275229357798
,Yes,0.0,Not Graduate,No,2491,2416,154,300.0,,Urban,N,4907,31.65806451612903,31.863636363636363
,,1.0,Not Graduate,,1625,1030,150,60.0,,Urban,Y,2655,17.582781456953644,17.7
Female,No,3.0,Graduate,No,13650,3369,350,,1.0,Urban,Y,17019,48.48717948717949,48.62571428571429
,,1.0,Graduate,Yes,5786,4000,67,,0.0,Urban,N,9786,143.91176470588235,146.0597014925373
Male,Yes,0.0,Graduate,,5166,2330,208,300.0,,Rural,N,7496,35.866028708133975,36.03846153846154
,Yes,,Not Graduate,Yes,2400,3066,320,360.0,1.0,Semiurban,Y,5466,17.02803738317757,17.08125
,Yes,3.0,Not Graduate,No,2718,736,255,60.0,,Rural,N,3454,13.4921875,13.545098039215686
Male,Yes,1.0,Not Graduate,Yes,3846,2250,137,180.0,1.0,Urban,N,6096,44.17391304347826,44.496350364963504
Female,No,,Graduate,No,7451,2083,78,300.0,,Semiurban,N,9534,120.68354430379746,122.23076923076923
,,,Not Graduate,Yes,20166,1843,139,300.0,,Rural,Y,22009,157.20714285714286,158.33812949640287
Male,No,,Graduate,Yes,4950,3066,55,84.0,1.0,Urban,Y,8016,143.14285714285714,145.74545454545455
Female,No,3.0,Graduate,No,2577,5063,700,,0.0,Rural,N,7640,10.898716119828816,10.914285714285715
Male,,,Not Graduate,,3750,3369,96,300.0,,Urban,N,7119,73.3917525773196,74.15625
Female,,1.0,Graduate,Yes,5667,3369,154,480.0,1.0,Urban,N,9036,58.29677419354839,58.675324675324674
Female,,,Not Graduate,,5417,3022,63,180.0,1.0,Rural,N,8439,131.859375,133.95238095238096
Male,No,,Not Graduate,,2600,1590,141,60.0,,Rural,N,4190,29.507042253521128,29.71631205673759
,No,,Graduate,No,2718,3369,150,300.0,1.0,Rural,N,6087,40.311258278145694,40.58
Male,,1.0,Not Graduate,Yes,3522,1459,168,240.0,0.0,Semiurban,Y,4981,29.473372781065088,29.648809523809526
Female,No,,Graduate,,2439,1640,114,,,Semiurban,N,4079,35.469565217391306,35.780701754385966
,No,0.0,Graduate,No,3846,4000,137,480.0,0.0,Rural,N,7846,56.85507246376812,57.27007299270073
,Yes,3.0,Not Graduate,No,3200,1640,66,240.0,1.0,Rural,N,4840,72.23880597014926,73.33333333333333
Female,No,3.0,Not Graduate,,6400,2900,90,120.0,1.0,Urban,Y,9300,102.1978021978022,103.33333333333333
,Yes,2.0,Not Graduate,,2266,4983,74,60.0,1.0,Urban,Y,7249,96.65333333333334,97.95945945945945
Male,Yes,,Graduate,,2600,1800,128,300.0,0.0,Urban,N,4400,34.10852713178294,34.375
,No,2.0,Not Graduate,No,2147,2750,58,180.0,,Semiurban,N,4897,83.0,84.43103448275862
,Yes,1.0,Graduate,Yes,5316,1640,63,60.0,1.0,Rural,N,6956,108.6875,110.41269841269842
,,0.0,Not Graduate,,2301,5625,58,84.0,,Rural,Y,7926,134.33898305084745,136.6551724137931
,,0.0,Not Graduate,,4950,1030,490,,1.0,Urban,N,5980,12.179226069246436,12.204081632653061
Male,No,0.0,Not Graduate,Yes,7333,5063,133,480.0,1.0,Urban,Y,12396,92.50746268656717,93.203007518797
Male,No,,Not Graduate,Yes,6250,5063,85,120.0,0.0,Semiurban,N,11313,131.54651162790697,133.09411764705882
Male,,3.0,Not Graduate,Yes,12000,2000,267,180.0,1.0,Rural,Y,14000,52.23880597014925,52.43445692883895
,,3.0,Not Graduate,,5166,2250,113,,0.0,Rural,N,7416,65.05263157894737,65.6283185840708
Female,No,1.0,Graduate,,5786,2142,90,240.0,0.0,Urban,N,7928,87.12087912087912,88.08888888888889
Male,No,1.0,Not Graduate,Yes,3073,2330,67,360.0,1.0,Rural,Y,5403,79.45588235294117,80.64179104477611
,No,2.0,Not Graduate,,7451,2133,225,120.0,0.0,Rural,Y,9584,42.4070796460177,42.595555555555556
Female,Yes,,Graduate,Yes,7100,900,120,,1.0,Urban,Y,8000,66.11570247933884,66.66666666666667
Male,Yes,3.0,Graduate,Yes,2583,4486,490,480.0,1.0,Urban,N,7069,14.39714867617108,14.426530612244898
,Yes,0.0,Not Graduate,No,4000,500,349,120.0,,Rural,N,4500,12.857142857142858,12.893982808022923
,,3.0,Graduate,,2708,1964,176,360.0,1.0,Rural,N,4672,26.3954802259887,26.545454545454547
,Yes,,Not Graduate,Yes,2147,4000,75,480.0,0.0,Semiurban,N,6147,80.88157894736842,81.96
Male,,0.0,Not Graduate,Yes,2950,1800,350,300.0,1.0,Urban,N,4750,13.532763532763532,13.571428571428571
,,2.0,Not Graduate,,7333,2142,200,180.0,1.0,Semiurban,Y,9475,47.13930348258707,47.375
Female,,0.0,Graduate,Yes,10513,3500,495,84.0,,Rural,Y,14013,28.25201612903226,28.30909090909091
,Yes,3.0,Not Graduate,,10513,4595,275,120.0,1.0,Rural,N,15108,54.73913043478261,54.93818181818182
,,,Not Graduate,No,7200,3369,700,240.0,0.0,Semiurban,N,10569,15.077032810271042,15.098571428571429
Male,No,1.0,Graduate,No,5417,6000,81,360.0,0.0,Rural,N,11417,139.23170731707316,140.9506172839506
Male,,,Graduate,Yes,2439,830,88,120.0,,Rural,N,3269,36.73033707865169,37.14772727272727
Male,Yes,2.0,Not Graduate,,2060,5266,182,360.0,,Semiurban,N,7326,40.03278688524591,40.252747252747255
Male,,0.0,Not Graduate,,2799,1451,115,300.0,0.0,Semiurban,N,4250,36.63793103448276,36.95652173913044
,No,1.0,Not Graduate,Yes,20166,3500,137,240.0,0.0,Semiurban,N,23666,171.4927536231884,172.74452554744525
Male,Yes,1.0,Not Graduate,,4166,1929,88,180.0,,Urban,Y,6095,68.48314606741573,69.26136363636364
Female,No,0.0,Not Graduate,,3625,3583,490,240.0,,Semiurban,N,7208,14.680244399185336,14.710204081632654
Male,,,Not Graduate,Yes,6400,7210,155,60.0,0.0,Semiurban,N,13610,87.24358974358974,87.80645161290323
Male,No,0.0,Not Graduate,,11000,2900,600,84.0,0.0,Rural,N,13900,23.12811980033278,23.166666666666668
Female,,,Not Graduate,No,3250,5063,255,,0.0,Urban,N,8313,32.47265625,32.6
Male,No,1.0,Not Graduate,No,3625,2583,600,120.0,0.0,Rural,N,6208,10.32945091514143,10.346666666666666
,,,Not Graduate,No,6080,983,67,360.0,0.0,Semiurban,N,7063,103.86764705882354,105.41791044776119
Female,,0.0,Graduate,,2479,4417,85,84.0,,Semiurban,N,6896,80.18604651162791,81.12941176470588
Female,,3.0,Not Graduate,No,2439,4983,349,120.0,1.0,Urban,N,7422,21.205714285714286,21.266475644699142
Male,No,2.0,Graduate,Yes,3366,6250,104,84.0,1.0,Rural,N,9616,91.58095238095238,92.46153846153847
,Yes,,Not Graduate,No,2183,736,90,360.0,0.0,Urban,N,2919,32.07692307692308,32.43333333333333
,Yes,,Graduate,,6400,700,370,480.0,,Urban,Y,7100,19.137466307277627,19.18918918918919
Female,No,2.0,Graduate,,24763,983,320,120.0,1.0,Urban,N,25746,80.20560747663552,80.45625
Female,No,,Not Graduate,,3000,2667,182,360.0,0.0,Urban,N,5667,30.9672131147541,31.13736263736264
,No,2.0,Not Graduate,No,7100,1459,124,120.0,,Rural,Y,8559,68.472,69.0241935483871
Male,Yes,,Not Graduate,Yes,2718,3333,187,360.0,0.0,Rural,N,6051,32.18617021276596,32.35828877005348
,No,,Not Graduate,,2014,1929,136,180.0,,Urban,N,3943,28.78102189781022,28.99264705882353
Female,,3.0,Graduate,,4950,4196,267,360.0,0.0,Semiurban,Y,9146,34.12686567164179,34.254681647940075
,Yes,2.0,Graduate,Yes,2577,1213,700,180.0,1.0,Urban,N,3790,5.4065620542082735,5.414285714285715
Male,,1.0,Graduate,No,6250,2583,650,360.0,0.0,Urban,Y,8833,13.568356374807989,13.589230769230769
,No,1.0,Graduate,No,2600,5750,118,360.0,0.0,Semiurban,Y,8350,70.16806722689076,70.76271186440678
,,0.0,Not Graduate,No,2708,4750,96,120.0,0.0,Rural,N,7458,76.88659793814433,77.6875
Male,Yes,2.0,Not Graduate,,7200,1590,75,240.0,0.0,Urban,N,8790,115.65789473684212,117.2
Male,,,Graduate,,2071,5266,120,240.0,,Semiurban,N,7337,60.63636363636363,61.141666666666666
Male,Yes,1.0,Graduate,No,5166,5063,139,84.0,0.0,Rural,N,10229,73.06428571428572,73.58992805755396
,No,0.0,Not Graduate,No,2500,1300,152,120.0,1.0,Semiurban,Y,3800,24.836601307189543,25.0
Female,,3.0,Not Graduate,Yes,3800,4196,35,60.0,0.0,Rural,N,7996,222.11111111111111,228.45714285714286
Male,,0.0,Graduate,,5500,2045,70,360.0,0.0,Semiurban,N,7545,106.26760563380282,107.78571428571429
,,,Not Graduate,No,2183,3369,165,,,Urban,N,5552,33.44578313253012,33.64848484848485
Female,Yes,0.0,Not Graduate,Yes,4166,6250,490,240.0,1.0,Semiurban,N,10416,21.213849287169044,21.257142857142856
Female,No,1.0,Not Graduate,,2645,1516,154,,,Semiurban,N,4161,26.84516129032258,27.01948051948052
Female,No,,Graduate,,2577,2791,90,180.0,,Semiurban,N,5368,58.989010989010985,59.644444444444446
,Yes,3.0,Not Graduate,No,3073,3750,90,180.0,0.0,Rural,N,6823,74.97802197802197,75.81111111111112
,Yes,1.0,Graduate,Yes,2395,2045,350,240.0,,Rural,N,4440,12.649572649572647,12.685714285714285
,No,3.0,Graduate,Yes,2071,4196,154,360.0,,Rural,N,6267,40.43225806451613,40.6948051948052
Male,,,Graduate,No,4300,1250,176,480.0,,Rural,Y,5550,31.35593220338983,31.53409090909091
,Yes,3.0,Graduate,,5667,2083,83,360.0,0.0,Semiurban,N,7750,92.26190476190476,93.37349397590361
,,0.0,Not Graduate,Yes,2200,3369,228,480.0,0.0,Semiurban,Y,5569,24.31877729257642,24.42543859649123
Male,Yes,0.0,Not Graduate,No,7100,2083,275,84.0,1.0,Urban,N,9183,33.27173913043478,33.39272727272727
Female,Yes,0.0,Graduate,,4000,5063,350,180.0,0.0,Semiurban,N,9063,25.82051282051282,25.894285714285715
,No,3.0,Not Graduate,No,3500,700,25,180.0,,Rural,N,4200,161.53846153846155,168.0
Female,No,,Graduate,No,3846,4417,182,180.0,1.0,Semiurban,N,8263,45.15300546448088,45.4010989010989
Male,,0.0,Graduate,Yes,5042,2045,75,240.0,0.0,Semiurban,N,7087,93.25,94.49333333333334
,,,Not Graduate,Yes,3052,1330,225,60.0,,Urban,N,4382,19.38938053097345,19.475555555555555
,,1.0,Graduate,No,2147,1250,112,180.0,,Urban,Y,3397,30.061946902654867,30.330357142857142
Female,No,1.0,Graduate,Yes,2237,500,436,,1.0,Rural,Y,2737,6.2631578947368425,6.277522935779817
,,,Graduate,Yes,3200,1330,320,360.0,,Urban,Y,4530,14.11214953271028,14.15625
Male,No,1.0,Not Graduate,No,3666,3500,184,360.0,0.0,Semiurban,Y,7166,38.73513513513514,38.94565217391305
Male,No,2.0,Not Graduate,No,3167,754,139,240.0,,Urban,N,3921,28.007142857142856,28.20863309352518
Male,,2.0,Not Graduate,No,5166,2250,58,480.0,1.0,Semiurban,Y,7416,125.69491525423727,127.86206896551724
Male,,2.0,Not Graduate,No,5000,7210,320,240.0,0.0,Semiurban,N,12210,38.03738317757009,38.15625
,Yes,,Not Graduate,,3200,800,67,300.0,1.0,Semiurban,N,4000,58.8235294117647,59.701492537313435
,No,1.0,Not Graduate,No,2000,2853,158,360.0,1.0,Rural,Y,4853,30.52201257861635,30.71518987341772
Female,No,3.0,Graduate,No,7200,2250,67,60.0,0.0,Urban,N,9450,138.97058823529412,141.044776119403
,No,,Graduate,No,3500,2667,131,480.0,,Urban,N,6167,46.71969696969697,47.0763358778626
,Yes,1.0,Not Graduate,Yes,4843,2791,312,180.0,0.0,Urban,N,7634,24.38977635782748,24.46794871794872
Female,,1.0,Graduate,Yes,20166,2853,700,,0.0,Urban,N,23019,32.83737517831669,32.88428571428572
,Yes,,Graduate,Yes,10000,1929,210,360.0,,Rural,N,11929,56.535545023696685,56.804761904761904
,No,3.0,Not Graduate,No,7200,1030,67,300.0,,Semiurban,Y,8230,121.02941176470588,122.83582089552239
Female,,0.0,Not Graduate,No,6747,3066,184,360.0,,Semiurban,N,9813,53.043243243243246,53.33152173913044
,,2.0,Not Graduate,,2000,4167,78,84.0,1.0,Urban,N,6167,78.0632911392405,79.06410256410257
Female,,3.0,Not Graduate,No,1928,7750,141,360.0,1.0,Urban,N,9678,68.15492957746478,68.63829787234043
Female,No,,Graduate,,3522,500,290,84.0,0.0,Urban,Y,4022,13.8213058419244,13.86896551724138
Male,No,0.0,Graduate,Yes,3052,5654,115,120.0,1.0,Urban,N,8706,75.05172413793103,75.70434782608696
Female,No,0.0,Not Graduate,,8000,4866,35,60.0,0.0,Semiurban,Y,12866,357.3888888888889,367.6
Female,,2.0,Not Graduate,Yes,4166,2250,67,120.0,1.0,Rural,N,6416,94.3529411764706,95.76119402985074
Female,,2.0,Not Graduate,Yes,3073,1843,154,180.0,1.0,Rural,N,4916,31.716129032258063,31.92207792207792
,No,1.0,Not Graduate,,2400,1800,290,180.0,0.0,Rural,N,4200,14.43298969072165,14.482758620689655
Male,No,1.0,Not Graduate,,2333,1030,208,84.0,,Rural,Y,3363,16.09090909090909,16.16826923076923
,Yes,1.0,Graduate,No,2577,2083,495,120.0,,Urban,N,4660,9.39516129032258,9.414141414141413
,Yes,2.0,Not Graduate,,3250,5654,116,240.0,0.0,Rural,N,8904,76.1025641025641,76.75862068965517
Male,Yes,2.0,Not Graduate,No,2833,5750,131,360.0,,Rural,N,8583,65.02272727272727,65.51908396946565
Female,Yes,3.0,Not Graduate,No,2147,4196,112,,0.0,Urban,N,6343,56.13274336283186,56.63392857142857
Male,,1.0,Graduate,,10513,688,490,240.0,,Semiurban,N,11201,22.81262729124236,22.85918367346939
,No,0.0,Graduate,,12000,5654,140,120.0,0.0,Urban,N,17654,125.20567375886525,126.1
Male,,3.0,Not Graduate,Yes,11000,1843,44,240.0,1.0,Urban,Y,12843,285.4,291.8863636363636
Male,,,Graduate,Yes,2183,3583,154,300.0,0.0,Semiurban,Y,5766,37.2,37.44155844155844
,Yes,1.0,Graduate,No,2645,1868,275,360.0,,Urban,Y,4513,16.35144927536232,16.41090909090909
Female,No,0.0,Graduate,No,2000,4196,225,120.0,,Semiurban,N,6196,27.41592920353982,27.537777777777777
Female,,3.0,Graduate,Yes,5786,1929,66,84.0,0.0,Rural,N,7715,115.14925373134328,116.89393939393939
,Yes,0.0,Graduate,No,3800,3333,97,180.0,1.0,Urban,N,7133,72.78571428571429,73.5360824742268
Male,No,1.0,Not Graduate,Yes,5266,2250,74,180.0,,Urban,Y,7516,100.21333333333334,101.56756756756756
,,0.0,Graduate,No,2583,1964,94,300.0,,Urban,N,4547,47.86315789473685,48.37234042553192
Male,No,1.0,Graduate,Yes,2301,4983,182,84.0,0.0,Semiurban,Y,7284,39.80327868852459,40.02197802197802
Male,Yes,0.0,Graduate,Yes,2718,0,160,180.0,1.0,Urban,Y,2718,16.88198757763975,16.9875
,Yes,,Not Graduate,,11000,2133,50,300.0,0.0,Semiurban,Y,13133,257.5098039215686,262.66
Female,No,3.0,Not Graduate,No,2491,7750,350,480.0,1.0,Semiurban,N,10241,29.17663817663818,29.26
Male,No,1.0,Graduate,,6400,6000,285,480.0,1.0,Rural,N,12400,43.35664335664335,43.50877192982456
,Yes,3.0,Not Graduate,,2333,3369,125,60.0,,Semiurban,N,5702,45.25396825396825,45.616
,No,1.0,Graduate,,3250,5625,376,,1.0,Urban,N,8875,23.54111405835544,23.60372340425532
Male,,0.0,Graduate,No,2950,3167,47,84.0,0.0,Semiurban,N,6117,127.4375,130.14893617021278
,No,,Graduate,,4300,2383,350,180.0,1.0,Rural,N,6683,19.03988603988604,19.094285714285714
Female,Yes,0.0,Graduate,Yes,2927,5750,225,300.0,,Urban,N,8677,38.39380530973451,38.56444444444445
Female,No,,Not Graduate,Yes,2473,2900,182,360.0,,Semiurban,N,5373,29.36065573770492,29.521978021978022
Female,,0.0,Not Graduate,No,2666,2531,97,,1.0,Semiurban,N,5197,53.03061224489796,53.577319587628864
,No,3.0,Graduate,,2014,2791,88,360.0,0.0,Rural,N,4805,53.98876404494382,54.60227272727273
,Yes,1.0,Not Graduate,,8333,1250,187,60.0,,Semiurban,N,9583,50.973404255319146,51.24598930481283
Female,No,1.0,Graduate,,3600,2667,490,240.0,,Semiurban,N,6267,12.763747454175151,12.789795918367346
Male,Yes,,Not Graduate,Yes,2600,4983,155,180.0,1.0,Semiurban,Y,7583,48.60897435897436,48.92258064516129
Male,Yes,3.0,Not Graduate,Yes,5266,4167,180,120.0,,Urban,N,9433,52.11602209944751,52.40555555555556
Male,No,2.0,Not Graduate,,5000,1250,141,180.0,1.0,Urban,N,6250,44.014084507042256,44.326241134751776
Male,,2.0,Not Graduate,No,15000,5625,184,120.0,,Urban,Y,20625,111.48648648648648,112.09239130434783
Female,No,2.0,Not Graduate,,2132,7210,182,360.0,0.0,Semiurban,N,9342,51.04918032786885,51.32967032967033
Female,Yes,2.0,Not Graduate,No,5500,2583,155,120.0,1.0,Rural,N,8083,51.81410256410256,52.148387096774194
Female,,0.0,Not Graduate,,3052,1300,349,240.0,1.0,Rural,N,4352,12.434285714285714,12.469914040114613
Male,,,Not Graduate,Yes,2645,1300,140,360.0,0.0,Semiurban,N,3945,27.97872340425532,28.178571428571427
Female,No,1.0,Not Graduate,No,11000,1459,165,60.0,1.0,Semiurban,N,12459,75.05421686746988,75.50909090909092
Female,Yes,,Not Graduate,Yes,15000,3369,58,60.0,,Urban,N,18369,311.33898305084745,316.7068965517241
Female,No,2.0,Graduate,,7333,500,350,360.0,0.0,Semiurban,N,7833,22.316239316239315,22.38
Male,No,2.0,Graduate,Yes,3800,5250,99,84.0,,Rural,N,9050,90.5,91.41414141414141
Female,,3.0,Not Graduate,,2178,1451,75,360.0,,Semiurban,N,3629,47.75,48.38666666666666
Male,,,Not Graduate,Yes,3666,985,94,300.0,0.0,Urban,Y,4651,48.95789473684211,49.47872340425532
Male,No,3.0,Not Graduate,Yes,2718,2250,75,180.0,,Rural,N,4968,65.36842105263158,66.24
Female,Yes,3.0,Not Graduate,,6250,500,300,360.0,1.0,Urban,Y,6750,22.42524916943521,22.5
Female,No,1.0,Not Graduate,Yes,8666,3583,25,60.0,,Rural,N,12249,471.11538461538464,489.96
,No,3.0,Graduate,,2071,2083,155,240.0,,Urban,N,4154,26.628205128205128,26.8
,,2.0,Not Graduate,Yes,4000,6000,155,60.0,1.0,Semiurban,Y,10000,64.1025641025641,64.51612903225806
Female,Yes,2.0,Not Graduate,No,7333,4196,97,300.0,1.0,Semiurban,Y,11529,117.64285714285714,118.85567010309278
Male,No,0.0,Not Graduate,No,3500,2133,114,120.0,,Semiurban,N,5633,48.982608695652175,49.41228070175438
Female,No,2.0,Not Graduate,Yes,4166,4167,112,,1.0,Rural,N,8333,73.7433628318584,74.40178571428571
,Yes,,Graduate,Yes,5266,4486,370,60.0,,Urban,N,9752,26.285714285714285,26.356756756756756
,No,,Not Graduate,,1928,700,150,300.0,,Rural,N,2628,17.403973509933774,17.52
,No,2.0,Graduate,No,3500,4300,158,180.0,1.0,Urban,N,7800,49.0566037735849,49.36708860759494
Male,,,Not Graduate,No,5042,2500,118,480.0,1.0,Rural,Y,7542,63.37815126050421,63.91525423728814
Male,No,2.0,Not Graduate,Yes,1000,5063,113,120.0,1.0,Semiurban,Y,6063,53.18421052631579,53.65486725663717
Female,No,1.0,Not Graduate,,2237,3066,113,,,Rural,N,5303,46.51754385964912,46.92920353982301
Male,,,Not Graduate,,2718,688,376,,,Urban,N,3406,9.03448275862069,9.058510638297872
Male,No,0.0,Graduate,,2600,4417,182,60.0,,Rural,N,7017,38.34426229508197,38.55494505494506
,,0.0,Not Graduate,,2708,4417,136,240.0,0.0,Rural,Y,7125,52.00729927007299,52.38970588235294
,No,1.0,Not Graduate,No,3416,736,106,180.0,0.0,Rural,Y,4152,38.80373831775701,39.16981132075472
Female,,0.0,Graduate,No,1928,2083,267,,1.0,Rural,Y,4011,14.96641791044776,15.02247191011236
,,3.0,Not Graduate,Yes,2383,1083,104,60.0,0.0,Semiurban,N,3466,33.00952380952381,33.32692307692308
Female,,2.0,Not Graduate,Yes,1000,2853,255,240.0,1.0,Urban,N,3853,15.05078125,15.109803921568627
Male,No,3.0,Graduate,,9323,1030,201,180.0,0.0,Semiurban,N,10353,51.25247524752475,51.507462686567166
Female,No,3.0,Not Graduate,,3416,4417,100,480.0,1.0,Semiurban,N,7833,77.55445544554455,78.33
,Yes,3.0,Not Graduate,No,2395,5250,83,480.0,1.0,Rural,N,7645,91.01190476190476,92.10843373493977
,No,1.0,Graduate,Yes,3052,5654,83,60.0,0.0,Rural,N,8706,103.64285714285714,104.89156626506023
,Yes,2.0,Graduate,No,2200,2583,201,,0.0,Semiurban,N,4783,23.678217821782177,23.796019900497512
Female,Yes,2.0,Graduate,,5166,736,436,300.0,1.0,Semiurban,Y,5902,13.505720823798628,13.536697247706423
Male,Yes,1.0,Not Graduate,,3052,2583,70,360.0,,Urban,N,5635,79.36619718309859,80.5
Female,,0.0,Not Graduate,No,6400,4196,80,84.0,1.0,Semiurban,N,10596,130.8148148148148,132.45
,No,1.0,Graduate,Yes,2833,3806,192,120.0,0.0,Rural,N,6639,34.398963730569946,34.578125
,Yes,0.0,Not Graduate,,2340,2750,285,60.0,0.0,Semiurban,Y,5090,17.797202797202797,17.859649122807017
,No,3.0,Graduate,No,1000,4196,131,,1.0,Semiurban,N,5196,39.36363636363637,39.66412213740458
Male,,1.0,Not Graduate,Yes,2479,1300,600,180.0,1.0,Urban,N,3779,6.287853577371048,6.298333333333333
Male,No,1.0,Not Graduate,Yes,5166,736,125,120.0,,Rural,N,5902,46.84126984126984,47.216
Male,No,2.0,Graduate,No,3052,985,201,360.0,,Rural,N,4037,19.985148514851485,20.084577114427862
Female,,,Graduate,Yes,1625,2142,650,,,Rural,Y,3767,5.786482334869432,5.795384615384616
,,,Graduate,No,1800,2583,81,240.0,1.0,Semiurban,Y,4383,53.45121951219512,54.111111111111114
,Yes,0.0,Not Graduate,Yes,5266,2500,97,,0.0,Semiurban,N,7766,79.24489795918367,80.0618556701031
Female,No,1.0,Not Graduate,,4300,3167,225,,1.0,Semiurban,N,7467,33.03982300884956,33.18666666666667
,Yes,3.0,Graduate,,4166,4000,285,84.0,0.0,Semiurban,N,8166,28.55244755244756,28.652631578947368
Male,No,1.0,Not Graduate,,13650,3750,165,240.0,,Rural,Y,17400,104.81927710843374,105.45454545454545
,No,1.0,Graduate,,5500,2500,94,180.0,1.0,Semiurban,Y,8000,84.21052631578948,85.1063829787234
,,2.0,Graduate,,2645,1666,95,360.0,0.0,Semiurban,N,4311,44.90625,45.37894736842105
Male,No,3.0,Graduate,Yes,3800,2416,165,180.0,1.0,Semiurban,N,6216,37.44578313253012,37.67272727272727
Female,Yes,3.0,Not Graduate,Yes,3600,754,90,360.0,,Rural,Y,4354,47.84615384615385,48.37777777777778
Male,,,Graduate,No,2645,4750,200,60.0,,Semiurban,Y,7395,36.791044776119406,36.975
,No,3.0,Graduate,,2060,7750,144,480.0,,Semiurban,N,9810,67.65517241379311,68.125
Female,,,Graduate,No,2400,3750,80,,,Urban,N,6150,75.92592592592592,76.875
Male,,3.0,Not Graduate,Yes,5786,2531,122,360.0,1.0,Urban,N,8317,67.6178861788618,68.17213114754098
Female,,1.0,Graduate,No,2333,1030,72,360.0,1.0,Urban,N,3363,46.06849315068493,46.708333333333336
Female,,0.0,Graduate,No,3083,1330,58,84.0,1.0,Semiurban,Y,4413,74.79661016949153,76.08620689655173
Female,No,3.0,Not Graduate,Yes,3500,3333,168,360.0,1.0,Rural,N,6833,40.43195266272189,40.67261904761905
,,,Not Graduate,No,7100,1083,74,120.0,0.0,Semiurban,N,8183,109.10666666666668,110.58108108108108
,Yes,0.0,Not Graduate,,2577,1459,63,300.0,0.0,Rural,N,4036,63.0625,64.06349206349206
Female,,3.0,Graduate,No,6080,2083,81,60.0,0.0,Urban,N,8163,99.54878048780488,100.77777777777777
Female,,0.0,Graduate,No,3666,2133,315,360.0,,Urban,N,5799,18.35126582278481,18.409523809523808
Female,,0.0,Graduate,,3029,6250,47,240.0,0.0,Semiurban,N,9279,193.3125,197.4255319148936
,,2.0,Graduate,No,4950,5654,131,,,Rural,Y,10604,80.33333333333333,80.94656488549619
Female,Yes,3.0,Not Graduate,Yes,6250,1868,300,240.0,,Rural,N,8118,26.97009966777409,27.06
Female,,2.0,Graduate,,3083,6000,50,84.0,,Rural,N,9083,178.09803921568627,181.66
Female,,,Not Graduate,,2473,1843,25,480.0,1.0,Urban,Y,4316,166.0,172.64
,Yes,2.0,Graduate,No,8333,1929,81,120.0,,Rural,N,10262,125.14634146341464,126.69135802469135
Female,Yes,2.0,Graduate,Yes,3250,3449,72,,,Urban,N,6699,91.76712328767124,93.04166666666667
Female,Yes,1.0,Not Graduate,,2383,5266,110,480.0,,Rural,N,7649,68.90990990990991,69.53636363636363
,,3.0,Graduate,No,1977,800,240,480.0,,Urban,N,2777,11.522821576763484,11.570833333333333
,Yes,1.0,Graduate,No,2275,4595,160,60.0,,Rural,N,6870,42.67080745341615,42.9375
,No,,Not Graduate,No,2491,688,144,84.0,1.0,Rural,N,3179,21.924137931034483,22.07638888888889
Male,Yes,0.0,Not Graduate,No,2395,3806,290,60.0,0.0,Rural,N,6201,21.309278350515463,21.382758620689657
Female,No,,Not Graduate,Yes,3366,4196,131,300.0,0.0,Semiurban,N,7562,57.28787878787879,57.725190839694655
,,2.0,Graduate,Yes,6747,736,290,120.0,1.0,Urban,N,7483,25.714776632302407,25.80344827586207
,No,3.0,Not Graduate,Yes,2395,1929,122,240.0,1.0,Urban,N,4324,35.15447154471545,35.442622950819676
Female,Yes,1.0,Not Graduate,No,3750,2045,113,60.0,,Urban,N,5795,50.833333333333336,51.283185840707965
Male,No,2.0,Graduate,Yes,2301,4300,113,,,Semiurban,Y,6601,57.90350877192982,58.415929203539825
Female,No,0.0,Not Graduate,Yes,2600,1516,124,300.0,,Semiurban,Y,4116,32.928,33.193548387096776
Male,Yes,0.0,Graduate,No,5316,3369,128,300.0,0.0,Semiurban,N,8685,67.32558139534883,67.8515625
Female,,0.0,Graduate,Yes,2473,1666,315,,1.0,Semiurban,N,4139,13.098101265822784,13.13968253968254
Male,Yes,,Graduate,,2479,3600,165,84.0,1.0,Rural,N,6079,36.62048192771084,36.842424242424244
,,0.0,Not Graduate,Yes,2147,983,106,120.0,0.0,Rural,Y,3130,29.252336448598133,29.528301886792452
,No,3.0,Graduate,Yes,3029,1868,240,360.0,0.0,Semiurban,N,4897,20.3195020746888,20.404166666666665
Female,,,Graduate,Yes,4166,1083,240,360.0,1.0,Urban,Y,5249,21.780082987551868,21.870833333333334
Male,Yes,2.0,Graduate,,3600,4300,208,,0.0,Urban,Y,7900,37.79904306220096,37.98076923076923
,No,2.0,Not Graduate,,4843,1330,158,300.0,,Urban,N,6173,38.82389937106918,39.06962025316456
,Yes,2.0,Graduate,,2071,2667,184,180.0,0.0,Semiurban,Y,4738,25.61081081081081,25.75
,,0.0,Graduate,,15000,2330,99,480.0,1.0,Rural,N,17330,173.3,175.05050505050505
,,1.0,Not Graduate,,2833,7750,168,480.0,1.0,Urban,N,10583,62.62130177514793,62.99404761904762
,No,,Not Graduate,,5000,1868,70,60.0,1.0,Rural,N,6868,96.73239436619718,98.11428571428571
Male,,,Not Graduate,No,2483,2083,109,300.0,,Semiurban,N,4566,41.50909090909091,41.88990825688074
Male,,3.0,Not Graduate,Yes,3750,2667,67,180.0,1.0,Rural,Y,6417,94.36764705882354,95.77611940298507
,Yes,2.0,Not Graduate,,24763,2853,650,300.0,,Semiurban,N,27616,42.42089093701997,42.48615384615385
Male,,0.0,Graduate,No,2014,983,63,180.0,1.0,Rural,N,2997,46.828125,47.57142857142857
Male,Yes,0.0,Not Graduate,,11000,3333,50,60.0,0.0,Semiurban,N,14333,281.03921568627453,286.66
Female,,0.0,Not Graduate,No,4300,7750,88,480.0,,Rural,N,12050,135.3932584269663,136.9318181818182
Male,No,0.0,Graduate,,2666,2045,490,180.0,,Rural,N,4711,9.59470468431772,9.614285714285714
Female,Yes,0.0,Graduate,No,2237,800,94,360.0,,Urban,N,3037,31.96842105263158,32.308510638297875
Female,,2.0,Graduate,Yes,1800,500,109,84.0,0.0,Rural,N,2300,20.90909090909091,21.10091743119266
,No,2.0,Not Graduate,Yes,2875,5750,240,120.0,1.0,Rural,Y,8625,35.788381742738586,35.9375
Female,Yes,,Graduate,,2600,4595,85,300.0,0.0,Rural,N,7195,83.66279069767442,84.6470588235294
Female,No,3.0,Graduate,,1928,1640,600,480.0,0.0,Semiurban,N,3568,5.936772046589018,5.946666666666666
Male,,0.0,Not Graduate,,2340,1868,116,240.0,,Urban,Y,4208,35.965811965811966,36.275862068965516
,,1.0,Not Graduate,No,2718,2250,350,300.0,0.0,Semiurban,N,4968,14.153846153846152,14.194285714285714
Male,No,,Not Graduate,Yes,5266,2900,315,300.0,,Semiurban,N,8166,25.84177215189873,25.923809523809524
,No,3.0,Not Graduate,Yes,2833,2083,17,60.0,0.0,Urban,N,4916,273.1111111111111,289.1764705882353
Female,No,,Graduate,,8666,1213,112,60.0,1.0,Urban,N,9879,87.42477876106194,88.20535714285714
Male,No,2.0,Not Graduate,No,2200,3167,255,300.0,1.0,Urban,N,5367,20.96484375,21.04705882352941
,Yes,,Not Graduate,No,2645,1083,113,480.0,,Urban,N,3728,32.70175438596491,32.991150442477874
Female,,2.0,Not Graduate,,3625,1330,208,84.0,,Urban,N,4955,23.708133971291865,23.822115384615383
,Yes,0.0,Graduate,Yes,8333,2250,154,60.0,,Urban,Y,10583,68.27741935483871,68.72077922077922
,Yes,2.0,Not Graduate,Yes,10000,1843,376,360.0,1.0,Semiurban,Y,11843,31.41379310344828,31.497340425531913
,No,2.0,Not Graduate,No,3189,4300,104,120.0,,Rural,N,7489,71.32380952380953,72.00961538461539
Female,,1.0,Not Graduate,No,8000,5654,160,480.0,,Rural,Y,13654,84.80745341614907,85.3375
Male,No,1.0,Not Graduate,No,3052,2045,120,360.0,,Rural,N,5097,42.12396694214876,42.475
,Yes,,Not Graduate,,4000,4866,330,300.0,,Semiurban,N,8866,26.785498489425983,26.866666666666667
Male,,0.0,Graduate,,3666,3440,63,120.0,1.0,Semiurban,N,7106,111.03125,112.7936507936508
Male,No,0.0,Graduate,,1000,500,182,180.0,0.0,Rural,Y,1500,8.19672131147541,8.241758241758241
Male,Yes,2.0,Not Graduate,,9323,7210,66,240.0,1.0,Rural,N,16533,246.7611940298508,250.5
Female,Yes,,Graduate,,3750,1929,106,60.0,1.0,Rural,N,5679,53.07476635514018,53.575471698113205
Female,No,,Not Graduate,No,3333,3449,44,,1.0,Rural,N,6782,150.7111111111111,154.13636363636363
Male,No,0.0,Graduate,,2200,5750,112,360.0,,Urban,N,7950,70.35398230088495,70.98214285714286
,,,Not Graduate,No,3416,1459,155,360.0,1.0,Urban,N,4875,31.25,31.451612903225808
,,3.0,Not Graduate,No,3167,5266,160,180.0,,Semiurban,N,8433,52.37888198757764,52.70625
Female,No,3.0,Graduate,No,2645,2791,495,,0.0,Urban,N,5436,10.959677419354838,10.981818181818182
,,,Graduate,,3500,754,70,480.0,,Rural,N,4254,59.91549295774648,60.77142857142857
Female,Yes,1.0,Graduate,,3189,1516,120,,1.0,Rural,N,4705,38.88429752066116,39.208333333333336
Female,No,,Graduate,,2950,2791,104,300.0,0.0,Urban,N,5741,54.67619047619048,55.20192307692308
,,3.0,Graduate,No,15000,1250,184,300.0,1.0,Urban,Y,16250,87.83783783783784,88.31521739130434
Female,,,Not Graduate,,2178,1030,182,,,Semiurban,N,3208,17.530054644808743,17.626373626373628
Female,Yes,1.0,Not Graduate,Yes,2666,3449,85,360.0,1.0,Urban,N,6115,71.1046511627907,71.94117647058823
,No,,Not Graduate,Yes,3625,2583,85,240.0,1.0,Rural,N,6208,72.18604651162791,73.03529411764706
Female,Yes,2.0,Graduate,,2927,0,63,180.0,1.0,Rural,Y,2927,45.734375,46.46031746031746
,Yes,,Not Graduate,Yes,1000,2133,50,120.0,,Urban,Y,3133,61.431372549019606,62.66
Female,Yes,1.0,Not Graduate,Yes,2340,2083,240,,0.0,Semiurban,Y,4423,18.352697095435683,18.429166666666667
Female,,3.0,Graduate,No,7333,1964,139,,,Urban,N,9297,66.40714285714286,66.88489208633094
,Yes,,Not Graduate,Yes,5166,1868,208,240.0,,Semiurban,Y,7034,33.655502392344495,33.81730769230769
Female,,3.0,Not Graduate,,2400,4983,93,300.0,,Semiurban,N,7383,78.54255319148936,79.38709677419355
,No,3.0,Not Graduate,No,2200,3263,116,360.0,1.0,Semiurban,N,5463,46.69230769230769,47.0948275862069
Male,Yes,3.0,Graduate,No,2340,3022,47,60.0,,Rural,Y,5362,111.70833333333331,114.08510638297872
Male,No,,Graduate,Yes,2600,2853,55,60.0,1.0,Rural,N,5453,97.375,99.14545454545454
Female,Yes,3.0,Not Graduate,No,10000,1213,312,120.0,1.0,Urban,N,11213,35.82428115015974,35.93910256410256
Female,Yes,3.0,Graduate,Yes,2014,5654,158,60.0,1.0,Semiurban,Y,7668,48.22641509433962,48.53164556962025
Male,No,0.0,Not Graduate,No,4000,4595,137,120.0,0.0,Rural,N,8595,62.28260869565217,62.737226277372265
,,1.0,Not Graduate,Yes,8333,4196,192,480.0,1.0,Urban,Y,12529,64.91709844559585,65.25520833333333
Male,,0.0,Not Graduate,,8333,4417,115,480.0,0.0,Urban,Y,12750,109.91379310344828,110.8695652173913
Female,No,,Not Graduate,No,2200,4866,72,60.0,1.0,Semiurban,N,7066,96.7945205479452,98.13888888888889
Male,,1.0,Graduate,No,10513,3750,96,120.0,1.0,Urban,N,14263,147.04123711340208,148.57291666666666
Female,,,Not Graduate,No,2132,1250,115,84.0,1.0,Urban,N,3382,29.155172413793103,29.408695652173915
Male,,1.0,Not Graduate,No,9323,2667,118,84.0,1.0,Urban,Y,11990,100.7563025210084,101.61016949152543
Female,,,Not Graduate,Yes,3083,4866,320,84.0,1.0,Semiurban,N,7949,24.76323987538941,24.840625
Male,Yes,2.0,Not Graduate,Yes,2799,4983,182,240.0,0.0,Rural,N,7782,42.52459016393443,42.75824175824176
,No,0.0,Not Graduate,No,15000,4866,184,180.0,0.0,Rural,N,19866,107.38378378378378,107.96739130434783
Male,No,2.0,Graduate,Yes,3500,5750,59,480.0,,Urban,N,9250,154.16666666666666,156.77966101694915
Male,,0.0,Graduate,,12841,500,165,84.0,1.0,Urban,Y,13341,80.36746987951807,80.85454545454546
,,,Not Graduate,Yes,5266,1300,83,300.0,1.0,Urban,N,6566,78.16666666666667,79.10843373493977
Male,,0.0,Not Graduate,Yes,2666,3750,650,300.0,,Urban,N,6416,9.855606758832565,9.87076923076923
Male,Yes,,Graduate,Yes,7200,700,125,480.0,0.0,Urban,N,7900,62.698412698412696,63.2
Female,No,,Not Graduate,Yes,13650,3583,67,,,Urban,Y,17233,253.4264705882353,257.2089552238806
Female,No,,Graduate,Yes,5667,2853,44,360.0,0.0,Urban,N,8520,189.3333333333333,193.63636363636363
Female,,,Graduate,Yes,3666,830,35,360.0,0.0,Rural,N,4496,124.88888888888889,128.45714285714286
,Yes,,Graduate,,2183,1083,25,,0.0,Rural,Y,3266,125.6153846153846,130.64
Female,,,Graduate,,3052,4486,176,,0.0,Urban,N,7538,42.58757062146893,42.82954545454545
Male,,2.0,Graduate,Yes,3625,1300,47,180.0,0.0,Urban,Y,4925,102.60416666666669,104.7872340425532
Female,Yes,,Graduate,No,2479,3333,72,,,Urban,N,5812,79.61643835616438,80.72222222222223
Female,,0.0,Graduate,Yes,2178,2045,166,180.0,,Semiurban,N,4223,25.2874251497006,25.43975903614458
Female,No,,Graduate,Yes,3333,900,315,60.0,1.0,Rural,N,4233,13.395569620253164,13.438095238095238
Male,,,Graduate,No,5417,1964,160,,0.0,Rural,N,7381,45.84472049689441,46.13125
,Yes,,Graduate,Yes,3800,3369,17,120.0,1.0,Semiurban,N,7169,398.27777777777777,421.70588235294116
,No,0.0,Not Graduate,Yes,3073,1500,201,,,Urban,N,4573,22.638613861386137,22.751243781094526
Male,Yes,3.0,Not Graduate,Yes,8000,4486,85,120.0,0.0,Semiurban,N,12486,145.1860465116279,146.89411764705883
Female,,0.0,Graduate,,10000,4000,88,360.0,0.0,Rural,Y,14000,157.3033707865169,159.0909090909091
,Yes,,Graduate,Yes,2600,1500,128,60.0,0.0,Semiurban,N,4100,31.782945736434108,32.03125
Female,Yes,1.0,Graduate,Yes,3666,3583,115,180.0,1.0,Semiurban,N,7249,62.491379310344826,63.03478260869565
,Yes,1.0,Not Graduate,Yes,2708,2045,154,180.0,1.0,Semiurban,N,4753,30.664516129032258,30.863636363636363
Female,No,,Not Graduate,Yes,7100,5063,75,480.0,0.0,Rural,Y,12163,160.03947368421052,162.17333333333335
Female,No,1.0,Graduate,,2645,2667,115,60.0,1.0,Rural,N,5312,45.793103448275865,46.19130434782609
Male,,2.0,Not Graduate,,20166,2500,124,,0.0,Urban,N,22666,181.328,182.79032258064515
,,1.0,Graduate,,20166,830,376,60.0,0.0,Urban,Y,20996,55.69230769230769,55.840425531914896
Male,No,,Not Graduate,,3600,983,128,180.0,,Semiurban,N,4583,35.52713178294574,35.8046875
,,3.0,Graduate,Yes,3189,983,267,300.0,,Rural,N,4172,15.567164179104475,15.625468164794007
Male,,1.0,Graduate,No,4300,830,72,360.0,0.0,Rural,N,5130,70.27397260273973,71.25
Male,,1.0,Graduate,No,2000,4300,225,240.0,1.0,Rural,Y,6300,27.876106194690266,28.0
Female,Yes,3.0,Not Graduate,No,2275,2142,114,300.0,,Rural,N,4417,38.40869565217391,38.74561403508772
,,1.0,Graduate,Yes,2178,4866,650,300.0,1.0,Semiurban,N,7044,10.820276497695852,10.836923076923076
Male,,1.0,Not Graduate,,7100,2133,99,,1.0,Rural,N,9233,92.33,93.26262626262626
Male,No,,Graduate,No,3083,5654,255,,,Semiurban,Y,8737,34.12890625,34.26274509803922
Male,,3.0,Not Graduate,,2200,2900,74,300.0,1.0,Urban,N,5100,68.0,68.91891891891892
Male,No,2.0,Graduate,Yes,8000,2583,76,480.0,1.0,Urban,Y,10583,137.44155844155844,139.25
Male,,1.0,Not Graduate,Yes,2395,4486,44,60.0,,Semiurban,N,6881,152.9111111111111,156.38636363636363
,,2.0,Not Graduate,No,2333,1083,137,60.0,1.0,Semiurban,N,3416,24.7536231884058,24.934306569343065
,,1.0,Graduate,No,3522,1964,176,360.0,0.0,Semiurban,N,5486,30.994350282485875,31.170454545454547
,,0.0,Graduate,,4000,3167,370,120.0,0.0,Rural,N,7167,19.318059299191376,19.37027027027027
Female,Yes,3.0,Graduate,No,4166,830,44,84.0,1.0,Rural,N,4996,111.02222222222224,113.54545454545455
Male,Yes,2.0,Not Graduate,No,2439,3600,176,180.0,1.0,Urban,Y,6039,34.11864406779661,34.3125
Female,Yes,3.0,Not Graduate,Yes,2708,2900,154,480.0,,Rural,N,5608,36.18064516129032,36.41558441558441
Female,No,0.0,Not Graduate,Yes,8666,1640,125,180.0,0.0,Semiurban,Y,10306,81.7936507936508,82.448
Male,Yes,0.0,Graduate,Yes,20166,830,192,84.0,,Rural,Y,20996,108.78756476683938,109.35416666666667
Male,,,Graduate,No,2237,6250,112,84.0,,Urban,N,8487,75.10619469026548,75.77678571428571
Female,Yes,,Graduate,,2875,2500,166,240.0,0.0,Urban,Y,5375,32.18562874251497,32.37951807228916
Male,No,2.0,Not Graduate,No,12000,2416,118,180.0,0.0,Urban,Y,14416,121.14285714285714,122.16949152542372
Male,Yes,3.0,Not Graduate,No,2275,1330,160,240.0,0.0,Urban,N,3605,22.39130434782609,22.53125
Female,No,0.0,Not Graduate,No,2600,5250,95,480.0,1.0,Urban,N,7850,81.77083333333333,82.63157894736842
Female,,1.0,Not Graduate,Yes,2014,2531,80,180.0,,Urban,N,4545,56.11111111111112,56.8125
Female,,1.0,Graduate,No,10513,3806,255,480.0,,Urban,N,14319,55.93359375,56.15294117647059
,Yes,3.0,Graduate,No,5786,5701,650,360.0,,Semiurban,N,11487,17.64516129032258,17.672307692307694
Female,,3.0,Not Graduate,Yes,2600,4196,128,60.0,0.0,Urban,N,6796,52.68217054263566,53.09375
,,1.0,Not Graduate,,2950,5250,35,360.0,0.0,Rural,Y,8200,227.77777777777777,234.28571428571428
,No,2.0,Not Graduate,,2275,5625,104,84.0,,Rural,N,7900,75.23809523809524,75.96153846153847
,No,2.0,Graduate,,2237,2667,137,84.0,0.0,Semiurban,N,4904,35.53623188405797,35.7956204379562
,Yes,0.0,Not Graduate,Yes,2439,2853,285,180.0,,Semiurban,Y,5292,18.503496503496503,18.568421052631578
,No,0.0,Not Graduate,Yes,5667,2250,600,240.0,1.0,Semiurban,N,7917,13.173044925124792,13.195
,Yes,2.0,Not Graduate,Yes,1000,6250,155,84.0,1.0,Semiurban,Y,7250,46.47435897435897,46.774193548387096
Female,,0.0,Not Graduate,No,1928,7210,122,180.0,1.0,Semiurban,Y,9138,74.29268292682927,74.90163934426229
Male,,3.0,Graduate,,2927,688,370,180.0,0.0,Rural,Y,3615,9.743935309973043,9.77027027027027
Male,,2.0,Not Graduate,Yes,20166,1300,140,120.0,,Urban,N,21466,152.24113475177305,153.32857142857142
,No,0.0,Not Graduate,Yes,6747,900,370,60.0,0.0,Rural,N,7647,20.61185983827493,20.667567567567566
Female,Yes,0.0,Not Graduate,No,5417,5750,44,120.0,,Rural,N,11167,248.1555555555556,253.79545454545453
,Yes,3.0,Graduate,,3522,5063,228,120.0,1.0,Urban,N,8585,37.48908296943232,37.65350877192982
,No,2.0,Not Graduate,Yes,3600,1640,88,60.0,1.0,Semiurban,N,5240,58.87640449438202,59.54545454545455
Female,Yes,3.0,Not Graduate,,6080,1843,47,240.0,1.0,Semiurban,Y,7923,165.0625,168.5744680851064
,Yes,,Graduate,No,20166,2083,255,240.0,0.0,Urban,N,22249,86.91015625,87.25098039215686
Female,,,Graduate,,2060,1300,115,,1.0,Rural,Y,3360,28.96551724137931,29.217391304347824
Male,,2.0,Graduate,Yes,8666,4866,201,,0.0,Urban,N,13532,66.99009900990099,67.32338308457712
Female,Yes,1.0,Graduate,,2275,3066,300,180.0,0.0,Rural,N,5341,17.74418604651163,17.803333333333335
Male,Yes,0.0,Not Graduate,Yes,2301,2667,255,84.0,0.0,Rural,Y,4968,19.40625,19.48235294117647
Female,,1.0,Not Graduate,,2132,4486,160,60.0,,Rural,N,6618,41.1055900621118,41.3625
Male,No,1.0,Not Graduate,Yes,2479,3022,350,480.0,1.0,Rural,N,5501,15.672364672364672,15.717142857142857
Female,,,Graduate,No,3167,2900,78,480.0,1.0,Semiurban,Y,6067,76.79746835443038,77.78205128205128
Female,,0.0,Not Graduate,,5166,3500,166,180.0,1.0,Rural,N,8666,51.89221556886228,52.204819277108435
,,2.0,Graduate,No,5786,3066,165,84.0,0.0,Urban,N,8852,53.32530120481928,53.64848484848485
,Yes,2.0,Not Graduate,,2266,4167,285,84.0,1.0,Urban,N,6433,22.493006993007,22.571929824561405
Male,No,2.0,Not Graduate,,1800,1300,350,84.0,,Rural,Y,3100,8.831908831908832,8.857142857142858
,No,,Not Graduate,No,5667,3583,66,480.0,,Rural,Y,9250,138.0597014925373,140.15151515151516
Male,,3.0,Graduate,,1000,1459,118,120.0,0.0,Semiurban,N,2459,20.66386554621849,20.838983050847457
Male,No,1.0,Not Graduate,No,5000,5654,255,,,Rural,N,10654,41.6171875,41.780392156862746
Male,No,0.0,Graduate,No,6080,900,30,60.0,,Semiurban,N,6980,225.16129032258064,232.66666666666666
Female,,1.0,Graduate,Yes,1863,1250,93,360.0,1.0,Rural,Y,3113,33.11702127659574,33.473118279569896
Male,No,3.0,Graduate,Yes,1977,7210,50,,0.0,Urban,N,9187,180.13725490196077,183.74
,,,Not Graduate,Yes,2340,0,97,120.0,,Semiurban,Y,2340,23.877551020408163,24.123711340206185
Male,Yes,1.0,Graduate,No,5667,4750,275,84.0,0.0,Rural,N,10417,37.742753623188406,37.88
Male,,3.0,Graduate,Yes,3625,2250,85,120.0,1.0,Semiurban,N,5875,68.31395348837209,69.11764705882354
Female,No,0.0,Graduate,Yes,3800,4300,182,84.0,1.0,Rural,N,8100,44.26229508196721,44.505494505494504
Female,,0.0,Graduate,No,5500,1030,166,120.0,0.0,Urban,Y,6530,39.10179640718563,39.33734939759036
Male,,,Graduate,Yes,4166,2900,95,120.0,0.0,Semiurban,N,7066,73.60416666666667,74.37894736842105
,,2.0,Graduate,Yes,3522,3369,95,180.0,0.0,Semiurban,N,6891,71.78125,72.53684210526316
Male,,,Graduate,,10000,3066,267,360.0,,Rural,Y,13066,48.75373134328358,48.93632958801498
,Yes,0.0,Graduate,,2200,4000,180,300.0,,Urban,Y,6200,34.25414364640884,34.44444444444444
Male,No,0.0,Graduate,Yes,7100,1250,83,240.0,0.0,Semiurban,Y,8350,99.4047619047619,100.60240963855422
Male,,,Graduate,No,1625,1964,267,60.0,,Urban,N,3589,13.39179104477612,13.441947565543071
Male,,3.0,Graduate,,1977,6250,201,120.0,,Rural,Y,8227,40.727722772277225,40.930348258706466
Male,Yes,0.0,Graduate,,3333,7750,139,60.0,,Urban,N,11083,79.16428571428571,79.73381294964028
Male,,3.0,Not Graduate,No,2340,2416,93,120.0,0.0,Semiurban,N,4756,50.59574468085106,51.13978494623656
,Yes,,Graduate,,15000,4486,93,360.0,1.0,Semiurban,N,19486,207.2978723404256,209.5268817204301
Male,No,0.0,Not Graduate,Yes,3333,2142,120,180.0,1.0,Urban,N,5475,45.24793388429752,45.625
Female,,1.0,Not Graduate,No,2833,1666,144,180.0,,Semiurban,N,4499,31.02758620689655,31.243055555555557
Female,Yes,,Graduate,,10513,5625,55,360.0,,Semiurban,N,16138,288.17857142857144,293.41818181818184
Male,Yes,2.0,Not Graduate,Yes,24763,985,67,60.0,,Urban,N,25748,378.6470588235294,384.2985074626866
,Yes,,Graduate,Yes,24763,700,114,300.0,,Semiurban,N,25463,221.41739130434783,223.359649122807
,Yes,2.0,Graduate,No,1625,2045,55,,0.0,Rural,N,3670,65.53571428571429,66.72727272727273
Male,,3.0,Not Graduate,No,9323,3583,131,480.0,0.0,Rural,N,12906,97.77272727272728,98.51908396946565
Male,,2.0,Not Graduate,,8333,2900,80,300.0,0.0,Semiurban,Y,11233,138.679012345679,140.4125
,Yes,0.0,Graduate,Yes,2266,1459,168,84.0,1.0,Semiurban,Y,3725,22.0414201183432,22.172619047619047
Female,Yes,2.0,Graduate,,4000,4595,300,180.0,0.0,Semiurban,N,8595,28.55481727574751,28.65
Female,Yes,0.0,Not Graduate,No,3750,2853,94,300.0,1.0,Semiurban,N,6603,69.50526315789473,70.24468085106383
Male,Yes,1.0,Not Graduate,,4000,3806,118,,0.0,Semiurban,Y,7806,65.59663865546219,66.15254237288136
Male,,1.0,Not Graduate,No,2666,900,187,,,Rural,N,3566,18.96808510638298,19.06951871657754
Female,,2.0,Graduate,,2799,4196,141,300.0,1.0,Rural,N,6995,49.26056338028169,49.60992907801418
Female,Yes,1.0,Not Graduate,,4300,2142,125,84.0,1.0,Urban,N,6442,51.12698412698413,51.536
,Yes,0.0,Not Graduate,Yes,13650,2750,150,240.0,1.0,Semiurban,N,16400,108.6092715231788,109.33333333333333
Male,,2.0,Graduate,Yes,4583,2900,187,300.0,,Rural,Y,7483,39.8031914893617,40.01604278074866
Female,Yes,3.0,Graduate,Yes,2853,2383,113,,0.0,Rural,N,5236,45.92982456140351,46.336283185840706
,No,2.0,Graduate,,20166,7210,58,480.0,,Rural,N,27376,464.0,472.0
Male,Yes,0.0,Graduate,Yes,11000,4983,182,360.0,,Urban,N,15983,87.33879781420765,87.81868131868131
Male,Yes,3.0,Graduate,Yes,2473,2750,285,360.0,,Rural,N,5223,18.262237762237763,18.326315789473686
Female,No,2.0,Graduate,Yes,2237,1868,160,300.0,,Urban,N,4105,25.496894409937887,25.65625
Female,Yes,3.0,Graduate,Yes,3000,4417,106,480.0,0.0,Urban,N,7417,69.3177570093458,69.97169811320755
,Yes,1.0,Graduate,Yes,3500,2791,182,360.0,,Rural,N,6291,34.377049180327866,34.565934065934066
Male,,0.0,Graduate,Yes,1000,700,315,60.0,,Semiurban,Y,1700,5.379746835443038,5.396825396825397
Male,,1.0,Not Graduate,,4000,0,66,,,Urban,N,4000,59.70149253731344,60.60606060606061
Female,No,2.0,Not Graduate,No,12000,1451,376,84.0,1.0,Urban,N,13451,35.679045092838194,35.773936170212764
Male,,2.0,Not Graduate,No,2132,4196,150,240.0,0.0,Rural,Y,6328,41.90728476821192,42.18666666666667
Female,Yes,3.0,Not Graduate,No,5667,1929,133,84.0,0.0,Rural,Y,7596,56.6865671641791,57.11278195488722
Male,Yes,2.0,Graduate,No,3189,5250,124,,,Urban,N,8439,67.512,68.05645161290323
,No,2.0,Not Graduate,Yes,4583,1516,63,180.0,0.0,Rural,N,6099,95.296875,96.80952380952381
Male,,,Not Graduate,,10000,2900,285,60.0,1.0,Urban,N,12900,45.10489510489511,45.26315789473684
Male,,2.0,Not Graduate,Yes,3167,2853,88,480.0,,Semiurban,N,6020,67.64044943820225,68.4090909090909
,No,2.0,Not Graduate,,11000,5625,109,180.0,,Semiurban,Y,16625,151.13636363636363,152.52293577981652
Male,No,2.0,Not Graduate,Yes,8333,1250,133,360.0,0.0,Semiurban,N,9583,71.51492537313433,72.05263157894737
,,,Graduate,Yes,2132,1500,349,,,Semiurban,Y,3632,10.377142857142855,10.406876790830946
Female,No,2.0,Graduate,Yes,3333,1666,59,,0.0,Rural,N,4999,83.31666666666666,84.72881355932203
Male,,2.0,Not Graduate,No,3250,1640,66,480.0,,Rural,N,4890,72.98507462686567,74.0909090909091
,Yes,2.0,Graduate,Yes,5500,3167,267,360.0,0.0,Rural,N,8667,32.33955223880597,32.46067415730337
Female,,3.0,Graduate,Yes,2183,2000,50,300.0,0.0,Urban,N,4183,82.01960784313725,83.66
Female,,2.0,Graduate,Yes,7333,5266,122,480.0,,Semiurban,N,12599,102.4308943089431,103.27049180327869
,,1.0,Not Graduate,,13650,4750,95,60.0,1.0,Rural,N,18400,191.66666666666663,193.68421052631578
Female,,,Not Graduate,Yes,2132,3369,155,300.0,1.0,Semiurban,N,5501,35.26282051282051,35.49032258064516
,Yes,0.0,Graduate,No,1977,3449,275,120.0,,Urban,N,5426,19.65942028985508,19.73090909090909
Male,Yes,0.0,Graduate,,13650,2330,99,300.0,1.0,Urban,N,15980,159.8,161.41414141414143
Male,Yes,3.0,Graduate,Yes,4000,2045,182,180.0,,Urban,N,6045,33.032786885245905,33.214285714285715
Female,,1.0,Graduate,,2479,2133,125,120.0,0.0,Urban,Y,4612,36.6031746031746,36.896
Male,No,,Not Graduate,,2875,5250,184,360.0,0.0,Rural,N,8125,43.91891891891892,44.15760869565217
Female,No,3.0,Not Graduate,No,2491,5250,210,60.0,,Semiurban,N,7741,36.6872037914692,36.86190476190476
Female,,,Not Graduate,Yes,3846,3167,495,360.0,1.0,Urban,N,7013,14.139112903225806,14.167676767676769
Male,No,1.0,Graduate,Yes,3416,3369,184,240.0,,Urban,Y,6785,36.67567567567568,36.875
,No,0.0,Graduate,Yes,2183,3066,94,480.0,1.0,Rural,Y,5249,55.252631578947366,55.840425531914896
Female,,1.0,Not Graduate,,2491,6250,63,120.0,,Rural,N,8741,136.578125,138.74603174603175
Male,No,3.0,Not Graduate,,5316,7750,30,300.0,,Urban,N,13066,421.483870967742,435.53333333333336
Male,No,3.0,Graduate,Yes,3083,5250,290,180.0,0.0,Urban,N,8333,28.63573883161512,28.73448275862069
Male,Yes,2.0,Not Graduate,Yes,12000,1640,17,120.0,1.0,Semiurban,Y,13640,757.7777777777778,802.3529411764706
Male,No,,Not Graduate,No,3333,1640,330,180.0,,Semiurban,Y,4973,15.024169184290033,15.06969696969697
Male,No,2.0,Not Graduate,Yes,1977,2853,75,60.0,1.0,Semiurban,N,4830,63.55263157894737,64.4
Male,Yes,3.0,Graduate,No,2491,4196,200,120.0,,Semiurban,N,6687,33.26865671641791,33.435
Female,No,0.0,Graduate,,8333,2667,47,480.0,0.0,Semiurban,N,11000,229.16666666666663,234.04255319148936
Female,Yes,3.0,Not Graduate,,3250,1516,106,300.0,0.0,Semiurban,N,4766,44.54205607476636,44.9622641509434
Male,Yes,3.0,Not Graduate,Yes,7200,500,141,240.0,0.0,Rural,N,7700,54.225352112676056,54.60992907801418
,,1.0,Graduate,,2178,4983,376,120.0,1.0,Rural,Y,7161,18.9946949602122,19.045212765957448
Male,No,0.0,Not Graduate,,4843,3369,112,180.0,1.0,Semiurban,N,8212,72.67256637168141,73.32142857142857
,No,1.0,Not Graduate,No,2178,1800,125,120.0,,Rural,N,3978,31.571428571428573,31.824
Female,,0.0,Not Graduate,,2147,4300,150,480.0,1.0,Urban,Y,6447,42.6953642384106,42.98
,Yes,,Not Graduate,No,5166,4983,85,120.0,,Semiurban,N,10149,118.01162790697674,119.4
Male,No,3.0,Not Graduate,,3073,1590,100,84.0,0.0,Rural,Y,4663,46.16831683168317,46.63
Male,,3.0,Not Graduate,,4843,4983,308,480.0,0.0,Urban,N,9826,31.79935275080906,31.9025974025974
Female,No,3.0,Graduate,Yes,2853,0,116,60.0,1.0,Semiurban,N,2853,24.384615384615383,24.594827586206897
Male,,3.0,Not Graduate,No,4166,4595,208,240.0,1.0,Rural,Y,8761,41.91866028708134,42.12019230769231
Female,,3.0,Graduate,No,3800,2330,200,360.0,,Rural,Y,6130,30.497512437810947,30.65
,No,2.0,Graduate,No,2708,1213,17,120.0,1.0,Semiurban,N,3921,217.8333333333333,230.64705882352942
,No,1.0,Not Graduate,Yes,2479,1964,99,60.0,0.0,Semiurban,N,4443,44.43,44.878787878787875
Female,Yes,0.0,Graduate,No,5417,0,330,240.0,,Rural,N,5417,16.365558912386707,16.415151515151514
,Yes,2.0,Graduate,,3500,5654,436,360.0,,Urban,N,9154,20.94736842105263,20.995412844036696
,,,Graduate,Yes,4950,3022,104,480.0,0.0,Rural,N,7972,75.92380952380952,76.65384615384616
Male,No,0.0,Graduate,Yes,5667,5654,330,60.0,1.0,Urban,N,11321,34.202416918429,34.306060606060605
,,,Graduate,Yes,4583,5063,100,300.0,0.0,Rural,Y,9646,95.5049504950495,96.46
Male,No,2.0,Graduate,No,5166,2133,25,240.0,,Rural,N,7299,280.7307692307692,291.96
Male,Yes,3.0,Not Graduate,No,3416,3333,208,120.0,1.0,Rural,N,6749,32.291866028708135,32.44711538461539
Male,Yes,3.0,Graduate,Yes,6400,1030,267,,1.0,Semiurban,N,7430,27.72388059701493,27.827715355805243
Male,Yes,,Graduate,No,3416,2750,44,480.0,1.0,Rural,N,6166,137.0222222222222,140.13636363636363
,Yes,1.0,Not Graduate,No,1863,1800,187,240.0,1.0,Rural,Y,3663,19.48404255319149,19.58823529411765
Male,No,,Not Graduate,,8333,2853,50,240.0,1.0,Rural,N,11186,219.3333333333333,223.72
Male,,,Graduate,No,2132,3263,192,180.0,0.0,Semiurban,N,5395,27.95336787564767,28.098958333333332
Male,Yes,0.0,Not Graduate,,3366,5654,58,240.0,,Urban,N,9020,152.88135593220338,155.51724137931035
Female,Yes,0.0,Not Graduate,No,3522,4417,122,60.0,1.0,Urban,N,7939,64.54471544715447,65.07377049180327
Male,,0.0,Graduate,,2799,2900,320,480.0,,Urban,N,5699,17.753894080996886,17.809375
Male,No,,Not Graduate,Yes,5042,3066,350,480.0,0.0,Rural,N,8108,23.09971509971509,23.165714285714287
Female,Yes,1.0,Not Graduate,No,15000,7750,650,60.0,,Urban,N,22750,34.946236559139784,35.0
Female,No,2.0,Not Graduate,,5500,2500,267,180.0,1.0,Semiurban,Y,8000,29.85074626865672,29.9625468164794
,Yes,,Graduate,No,2439,4196,600,,0.0,Rural,N,6635,11.039933444259567,11.058333333333334
Male,,2.0,Not Graduate,Yes,7333,7210,83,180.0,1.0,Urban,N,14543,173.13095238095238,175.21686746987953
Female,Yes,,Not Graduate,No,2950,3066,118,480.0,,Rural,N,6016,50.55462184873949,50.983050847457626
Male,Yes,,Not Graduate,Yes,3846,1868,80,480.0,1.0,Urban,N,5714,70.54320987654322,71.425
Male,,0.0,Not Graduate,Yes,7451,1590,131,120.0,,Rural,N,9041,68.49242424242425,69.01526717557252
Female,,2.0,Not Graduate,No,3625,1459,700,360.0,1.0,Rural,N,5084,7.252496433666191,7.2628571428571425
Female,No,0.0,Not Graduate,,2395,5250,133,180.0,0.0,Rural,N,7645,57.05223880597015,57.4812030075188
Male,No,0.0,Not Graduate,No,2853,2416,155,300.0,0.0,Rural,N,5269,33.77564102564103,33.99354838709677
Male,No,0.0,Not Graduate,,1863,2500,154,240.0,0.0,Semiurban,N,4363,28.1483870967742,28.33116883116883
Female,Yes,3.0,Not Graduate,No,15000,5701,80,,,Urban,N,20701,255.5679012345679,258.7625
Male,No,1.0,Not Graduate,No,2927,1213,330,84.0,1.0,Rural,Y,4140,12.507552870090636,12.545454545454545
,,2.0,Not Graduate,No,2400,2900,330,,0.0,Semiurban,N,5300,16.012084592145015,16.060606060606062
Female,Yes,0.0,Graduate,No,2132,5266,349,360.0,0.0,Rural,Y,7398,21.13714285714286,21.197707736389685
Male,,0.0,Graduate,,5417,5266,35,360.0,1.0,Rural,N,10683,296.75,305.22857142857146
,No,0.0,Graduate,,2395,2900,112,84.0,0.0,Urban,Y,5295,46.85840707964602,47.276785714285715
Female,,2.0,Graduate,,3333,3806,88,180.0,,Urban,N,7139,80.21348314606742,81.125
,Yes,,Graduate,,2853,1451,83,84.0,0.0,Rural,N,4304,51.23809523809524,51.855421686746986
,Yes,1.0,Not Graduate,No,20166,2416,436,60.0,1.0,Semiurban,N,22582,51.67505720823799,51.793577981651374
,No,3.0,Graduate,Yes,2927,4167,700,,,Urban,N,7094,10.119828815977176,10.134285714285713
Female,,1.0,Not Graduate,,3416,6250,44,60.0,1.0,Urban,N,9666,214.8,219.6818181818182
Male,No,0.0,Graduate,,2000,754,312,,,Rural,N,2754,8.798722044728434,8.826923076923077
Male,No,1.0,Not Graduate,No,1000,4000,95,360.0,,Semiurban,Y,5000,52.083333333333336,52.63157894736842
Female,No,3.0,Not Graduate,Yes,3083,3449,113,480.0,1.0,Rural,Y,6532,57.29824561403509,57.80530973451327
Male,,,Graduate,No,4000,1300,110,84.0,1.0,Rural,N,5300,47.74774774774775,48.18181818181818
,,,Not Graduate,,2340,1800,98,300.0,,Rural,N,4140,41.81818181818182,42.244897959183675
Male,No,1.0,Not Graduate,Yes,6080,1843,290,240.0,0.0,Urban,N,7923,27.22680412371134,27.320689655172412
Male,Yes,2.0,Not Graduate,,2071,1868,349,120.0,1.0,Rural,N,3939,11.254285714285714,11.286532951289399
,No,1.0,Not Graduate,Yes,2645,3263,267,,0.0,Urban,Y,5908,22.044776119402982,22.127340823970037
,Yes,,Not Graduate,No,6080,4595,139,480.0,,Semiurban,Y,10675,76.25,76.79856115107914
Female,No,2.0,Graduate,No,2500,3369,78,480.0,1.0,Urban,N,5869,74.29113924050633,75.24358974358974
Female,No,0.0,Not Graduate,,10000,2500,300,300.0,1.0,Semiurban,N,12500,41.52823920265781,41.666666666666664
Male,Yes,2.0,Not Graduate,No,20166,6250,140,180.0,,Semiurban,N,26416,187.3475177304965,188.68571428571428
,No,3.0,Not Graduate,,7451,1868,85,180.0,,Urban,Y,9319,108.36046511627907,109.63529411764706
Male,No,1.0,Graduate,,11000,1300,136,84.0,0.0,Urban,N,12300,89.78102189781022,90.44117647058823
Female,,2.0,Not Graduate,Yes,2577,5266,50,120.0,,Urban,Y,7843,153.7843137254902,156.86
Female,No,0.0,Not Graduate,No,4950,1030,75,,0.0,Rural,Y,5980,78.6842105263158,79.73333333333333
Female,,1.0,Graduate,,5316,4595,225,240.0,0.0,Urban,N,9911,43.85398230088496,44.04888888888889
Male,No,1.0,Graduate,No,3416,1330,312,84.0,1.0,Rural,N,4746,15.1629392971246,15.211538461538462
,Yes,0.0,Graduate,Yes,20166,4417,80,60.0,,Urban,Y,24583,303.4938271604938,307.2875
,,3.0,Graduate,No,2147,2750,436,,1.0,Rural,Y,4897,11.205949656750573,11.23165137614679
Female,No,1.0,Graduate,,5042,5654,240,120.0,1.0,Urban,Y,10696,44.38174273858921,44.56666666666667
,,1.0,Not Graduate,Yes,2500,4750,176,180.0,0.0,Semiurban,N,7250,40.96045197740113,41.19318181818182
,Yes,2.0,Graduate,,3029,5266,312,,1.0,Urban,N,8295,26.50159744408945,26.58653846153846
Male,,0.0,Graduate,,3167,2583,160,84.0,0.0,Rural,N,5750,35.714285714285715,35.9375
,Yes,,Graduate,No,2183,1843,267,60.0,0.0,Semiurban,N,4026,15.022388059701491,15.07865168539326
,,,Graduate,,3416,6250,300,480.0,1.0,Semiurban,Y,9666,32.11295681063123,32.22
Male,,,Graduate,No,9323,5654,133,,1.0,Rural,Y,14977,111.76865671641792,112.60902255639098
Female,No,2.0,Graduate,Yes,2275,4000,104,,1.0,Rural,N,6275,59.76190476190476,60.33653846153846
Male,Yes,0.0,Not Graduate,Yes,2237,1459,240,,1.0,Semiurban,N,3696,15.33609958506224,15.4
Female,,,Graduate,Yes,3666,1300,228,84.0,,Rural,N,4966,21.68558951965065,21.780701754385966
,Yes,1.0,Not Graduate,Yes,13650,0,184,480.0,0.0,Urban,N,13650,73.78378378378379,74.18478260869566
Male,No,0.0,Not Graduate,Yes,5667,2750,152,,,Urban,N,8417,55.01307189542484,55.375
Female,,2.0,Graduate,No,3666,4983,436,240.0,1.0,Rural,N,8649,19.791762013729976,19.837155963302752
,,2.0,Graduate,Yes,3416,1516,154,300.0,0.0,Rural,N,4932,31.81935483870968,32.02597402597402
Male,No,3.0,Not Graduate,No,2645,1516,114,180.0,0.0,Semiurban,N,4161,36.18260869565217,36.5
Male,No,2.0,Graduate,No,24763,2045,133,360.0,1.0,Urban,N,26808,200.0597014925373,201.5639097744361
Male,Yes,,Not Graduate,No,5316,3263,187,240.0,,Semiurban,Y,8579,45.63297872340426,45.87700534759358
Female,Yes,3.0,Graduate,,2178,1590,63,480.0,,Rural,N,3768,58.875,59.80952380952381
Female,No,0.0,Graduate,,3250,1500,267,480.0,1.0,Rural,N,4750,17.723880597014926,17.790262172284645
,No,3.0,Graduate,,5417,3333,106,,1.0,Rural,N,8750,81.77570093457943,82.54716981132076
,Yes,1.0,Graduate,,5786,4300,275,360.0,0.0,Rural,N,10086,36.54347826086956,36.67636363636364
Female,,2.0,Not Graduate,Yes,2439,3263,128,300.0,,Rural,Y,5702,44.201550387596896,44.546875
Male,Yes,2.0,Not Graduate,Yes,7451,3583,47,60.0,1.0,Rural,Y,11034,229.875,234.7659574468085
,,2.0,Graduate,Yes,6250,3583,116,,0.0,Urban,N,9833,84.04273504273505,84.76724137931035
Male,No,,Not Graduate,,3800,900,600,84.0,0.0,Urban,N,4700,7.820299500831947,7.833333333333333
Female,No,0.0,Not Graduate,,3189,5654,495,240.0,0.0,Semiurban,N,8843,17.828629032258064,17.864646464646466
Male,Yes,0.0,Graduate,No,5316,754,490,120.0,1.0,Rural,N,6070,12.362525458248472,12.387755102040817
Female,Yes,,Graduate,Yes,4950,700,99,360.0,1.0,Urban,N,5650,56.5,57.07070707070707
,,3.0,Graduate,Yes,2479,3263,35,84.0,0.0,Urban,Y,5742,159.5,164.05714285714285
,No,2.0,Graduate,Yes,3750,1929,114,60.0,,Rural,N,5679,49.38260869565217,49.81578947368421
Male,,0.0,Graduate,No,2950,4000,141,,0.0,Urban,N,6950,48.94366197183098,49.290780141843975
Female,No,1.0,Graduate,Yes,1977,900,72,300.0,0.0,Semiurban,Y,2877,39.41095890410959,39.958333333333336
,Yes,0.0,Not Graduate,,3029,3449,144,60.0,1.0,Urban,N,6478,44.67586206896552,44.986111111111114
,No,0.0,Graduate,Yes,2301,1964,63,240.0,1.0,Urban,Y,4265,66.640625,67.6984126984127
Male,Yes,,Not Graduate,,3000,1516,133,180.0,0.0,Semiurban,N,4516,33.701492537313435,33.954887218045116
,Yes,2.0,Graduate,No,2237,4750,152,120.0,,Rural,N,6987,45.66666666666666,45.9671052631579
Male,Yes,2.0,Graduate,Yes,10000,3600,131,360.0,0.0,Rural,Y,13600,103.03030303030305,103.81679389312977
,,0.0,Not Graduate,No,12841,3167,176,60.0,,Urban,N,16008,90.44067796610167,90.95454545454545
Male,No,1.0,Not Graduate,,3250,688,650,180.0,1.0,Urban,Y,3938,6.04915514592934,6.058461538461539
,,,Not Graduate,Yes,5166,1590,112,360.0,1.0,Rural,N,6756,59.78761061946903,60.32142857142857
Male,,1.0,Graduate,No,2060,5266,104,480.0,,Rural,N,7326,69.77142857142857,70.4423076923077
,No,0.0,Graduate,Yes,3625,3369,187,,1.0,Rural,N,6994,37.20212765957447,37.401069518716575
,,2.0,Graduate,No,2237,500,114,360.0,1.0,Urban,Y,2737,23.8,24.00877192982456
Female,,2.0,Graduate,Yes,1863,1640,83,300.0,1.0,Semiurban,Y,3503,41.70238095238095,42.204819277108435
Male,,,Graduate,,2491,1868,63,,,Semiurban,N,4359,68.109375,69.19047619047619
Female,No,2.0,Not Graduate,,2183,7750,116,240.0,0.0,Semiurban,Y,9933,84.8974358974359,85.62931034482759
Female,No,3.0,Not Graduate,No,2147,2583,116,60.0,1.0,Rural,N,4730,40.427350427350426,40.775862068965516
Male,,1.0,Not Graduate,,2853,4196,95,480.0,0.0,Urban,N,7049,73.42708333333333,74.2
,Yes,2.0,Graduate,Yes,4583,2383,150,84.0,0.0,Semiurban,N,6966,46.13245033112583,46.44
Male,Yes,3.0,Not Graduate,Yes,9323,2330,97,480.0,0.0,Rural,N,11653,118.90816326530611,120.1340206185567
Female,,,Not Graduate,No,6747,2330,180,84.0,1.0,Rural,N,9077,50.14917127071824,50.42777777777778
,,2.0,Not Graduate,Yes,3500,1666,187,84.0,,Semiurban,N,5166,27.47872340425532,27.62566844919786
Female,,0.0,Not Graduate,No,9323,3440,315,60.0,0.0,Semiurban,N,12763,40.38924050632912,40.51746031746032
,,2.0,Graduate,Yes,3083,3806,290,84.0,1.0,Urban,Y,6889,23.673539518900345,23.755172413793105
Male,Yes,3.0,Not Graduate,Yes,3052,4000,150,60.0,,Semiurban,Y,7052,46.70198675496689,47.013333333333335
Male,No,1.0,Graduate,No,2799,4000,100,360.0,,Semiurban,N,6799,67.31683168316832,67.99
Female,Yes,0.0,Not Graduate,Yes,2950,1666,95,,0.0,Urban,N,4616,48.083333333333336,48.589473684210525
Male,,0.0,Graduate,No,7451,1459,165,180.0,0.0,Urban,N,8910,53.67469879518072,54.0
Male,Yes,0.0,Graduate,No,2645,985,99,300.0,1.0,Urban,Y,3630,36.3,36.666666666666664
Male,No,0.0,Graduate,,2500,2000,118,480.0,0.0,Semiurban,N,4500,37.81512605042017,38.13559322033898
Male,No,1.0,Not Graduate,,3366,3583,176,300.0,,Rural,Y,6949,39.25988700564972,39.48295454545455
,No,,Not Graduate,No,4166,2000,312,120.0,1.0,Urban,N,6166,19.69968051118211,19.762820512820515
Male,No,1.0,Not Graduate,,5266,4167,74,480.0,1.0,Rural,N,9433,125.77333333333333,127.47297297297297
Male,Yes,,Graduate,Yes,5316,4486,75,240.0,,Urban,Y,9802,128.97368421052633,130.69333333333333
Male,Yes,2.0,Not Graduate,Yes,2708,5063,136,60.0,1.0,Urban,N,7771,56.72262773722628,57.13970588235294
Male,Yes,,Not Graduate,No,6400,1213,141,300.0,1.0,Urban,N,7613,53.61267605633803,53.99290780141844
Female,,1.0,Not Graduate,Yes,2200,3333,44,480.0,0.0,Semiurban,N,5533,122.95555555555556,125.75
,No,0.0,Graduate,Yes,3333,2853,97,300.0,,Rural,N,6186,63.12244897959184,63.77319587628866
Female,Yes,2.0,Not Graduate,No,6080,3750,75,84.0,,Semiurban,N,9830,129.3421052631579,131.06666666666666
Male,Yes,3.0,Not Graduate,Yes,2132,2416,495,180.0,,Semiurban,N,4548,9.169354838709678,9.187878787878788
Female,No,0.0,Graduate,,2183,1868,168,,0.0,Rural,N,4051,23.97041420118343,24.113095238095237
Male,No,3.0,Not Graduate,No,2275,754,201,180.0,,Urban,Y,3029,14.995049504950495,15.069651741293532
Male,,,Not Graduate,Yes,3600,2500,180,300.0,0.0,Rural,N,6100,33.70165745856354,33.888888888888886
Male,Yes,0.0,Not Graduate,,2395,1330,120,360.0,,Rural,N,3725,30.785123966942148,31.041666666666668
Male,,3.0,Graduate,No,2600,5701,192,240.0,1.0,Semiurban,N,8301,43.01036269430052,43.234375
,No,3.0,Not Graduate,No,3083,2750,131,84.0,,Urban,Y,5833,44.18939393939394,44.52671755725191
,No,1.0,Graduate,,3200,5063,225,84.0,0.0,Semiurban,N,8263,36.56194690265487,36.724444444444444
Female,,0.0,Not Graduate,,3522,3066,650,60.0,,Semiurban,N,6588,10.119815668202763,10.135384615384615
Female,No,0.0,Not Graduate,Yes,3522,1500,376,60.0,1.0,Rural,N,5022,13.320954907161804,13.356382978723405
Female,No,1.0,Not Graduate,Yes,8000,2750,120,480.0,0.0,Urban,N,10750,88.84297520661157,89.58333333333333
Female,,1.0,Graduate,Yes,8666,830,109,360.0,0.0,Semiurban,Y,9496,86.32727272727273,87.11926605504587
,No,,Graduate,Yes,2577,1250,285,120.0,0.0,Rural,Y,3827,13.381118881118882,13.428070175438597
Male,,,Graduate,No,2383,1500,30,360.0,1.0,Semiurban,Y,3883,125.25806451612904,129.43333333333334
Female,No,1.0,Graduate,,4950,1800,267,,,Rural,Y,6750,25.186567164179102,25.280898876404493
Female,No,3.0,Graduate,No,4300,3333,113,60.0,0.0,Urban,Y,7633,66.95614035087719,67.54867256637168
Male,Yes,2.0,Not Graduate,Yes,2439,4300,285,180.0,0.0,Semiurban,Y,6739,23.562937062937063,23.645614035087718
,No,3.0,Not Graduate,,2577,1640,55,180.0,0.0,Semiurban,Y,4217,75.30357142857143,76.67272727272727
,,3.0,Not Graduate,,2395,6000,66,180.0,1.0,Rural,N,8395,125.29850746268656,127.1969696969697
,,1.0,Graduate,,2439,688,436,300.0,0.0,Rural,N,3127,7.155606407322654,7.172018348623853
,,3.0,Not Graduate,No,20166,3806,104,120.0,,Rural,N,23972,228.3047619047619,230.5
Female,,,Graduate,Yes,8333,4750,96,480.0,1.0,Rural,N,13083,134.8762886597938,136.28125
Male,No,0.0,Graduate,,5786,1083,168,120.0,1.0,Rural,Y,6869,40.64497041420118,40.88690476190476
,,2.0,Not Graduate,,3073,5250,155,240.0,,Rural,N,8323,53.3525641025641,53.696774193548386
Female,,,Graduate,,3167,736,70,480.0,1.0,Semiurban,N,3903,54.971830985915496,55.75714285714286
,No,3.0,Not Graduate,No,6400,4000,200,240.0,1.0,Rural,N,10400,51.74129353233831,52.0
Male,Yes,2.0,Graduate,Yes,2132,2000,208,360.0,0.0,Urban,N,4132,19.770334928229666,19.865384615384617
,No,3.0,Not Graduate,Yes,6747,985,116,84.0,0.0,Urban,Y,7732,66.08547008547009,66.65517241379311
,,,Not Graduate,,11000,3806,490,180.0,1.0,Rural,Y,14806,30.15478615071283,30.216326530612246
Male,,0.0,Not Graduate,Yes,2333,1451,201,480.0,,Urban,N,3784,18.73267326732673,18.82587064676617
,,1.0,Not Graduate,,24763,3333,44,,,Urban,N,28096,624.3555555555556,638.5454545454545
Female,,3.0,Not Graduate,No,2708,2133,47,,0.0,Rural,N,4841,100.85416666666669,103.0
,,1.0,Not Graduate,Yes,4950,1868,112,120.0,1.0,Urban,N,6818,60.33628318584071,60.875
Male,Yes,2.0,Graduate,Yes,6250,1083,125,120.0,1.0,Rural,Y,7333,58.198412698412696,58.664
Female,Yes,1.0,Graduate,,9323,4300,110,60.0,,Semiurban,N,13623,122.72972972972973,123.84545454545454
Male,No,3.0,Graduate,Yes,4300,3369,165,360.0,0.0,Semiurban,Y,7669,46.19879518072289,46.47878787878788
,No,,Graduate,Yes,11000,3440,315,360.0,1.0,Semiurban,Y,14440,45.69620253164557,45.84126984126984
,No,,Not Graduate,No,6400,1964,144,300.0,1.0,Rural,Y,8364,57.68275862068965,58.083333333333336
Male,,3.0,Graduate,,2237,1666,95,240.0,,Rural,N,3903,40.65625,41.084210526315786
Female,Yes,,Graduate,Yes,7333,1868,225,360.0,,Rural,N,9201,40.71238938053097,40.89333333333333
Female,,1.0,Not Graduate,Yes,11000,2383,70,84.0,1.0,Semiurban,N,13383,188.49295774647888,191.18571428571428
Female,,3.0,Not Graduate,,2383,2853,376,240.0,0.0,Urban,Y,5236,13.888594164456231,13.925531914893616
Male,Yes,0.0,Not Graduate,No,8333,5750,650,480.0,,Semiurban,N,14083,21.632872503840247,21.666153846153847
Male,,3.0,Graduate,,2060,4866,110,480.0,1.0,Semiurban,N,6926,62.3963963963964,62.96363636363636
,Yes,3.0,Graduate,No,3500,1590,74,60.0,1.0,Rural,Y,5090,67.86666666666666,68.78378378378379
,Yes,0.0,Not Graduate,Yes,5166,2853,312,84.0,0.0,Urban,N,8019,25.619808306709267,25.701923076923077
Male,,,Graduate,Yes,5316,2416,106,240.0,,Semiurban,N,7732,72.26168224299066,72.94339622641509
,Yes,3.0,Not Graduate,,4000,1666,55,,,Rural,Y,5666,101.17857142857144,103.01818181818182
,Yes,,Graduate,No,2071,1590,184,120.0,1.0,Urban,N,3661,19.78918918918919,19.89673913043478
,,0.0,Not Graduate,,6747,1516,158,480.0,1.0,Rural,N,8263,51.9685534591195,52.29746835443038
Female,No,1.0,Graduate,,4166,4300,94,84.0,1.0,Urban,N,8466,89.11578947368422,90.06382978723404
Female,,2.0,Graduate,Yes,2479,4750,267,60.0,0.0,Rural,N,7229,26.97388059701493,27.074906367041198
Female,Yes,2.0,Graduate,Yes,3750,1868,96,240.0,,Rural,N,5618,57.91752577319588,58.520833333333336
Female,No,0.0,Not Graduate,,3083,3440,255,180.0,1.0,Rural,N,6523,25.48046875,25.580392156862747
Male,No,1.0,Graduate,Yes,2473,3066,225,480.0,,Urban,N,5539,24.50884955752212,24.61777777777778
,,,Graduate,,2473,5266,275,60.0,,Urban,N,7739,28.03985507246377,28.14181818181818
Male,,,Graduate,Yes,2071,1500,115,480.0,,Semiurban,N,3571,30.78448275862069,31.05217391304348
Male,Yes,0.0,Graduate,,2473,3333,290,84.0,,Rural,N,5806,19.95189003436426,20.020689655172415
Female,No,2.0,Not Graduate,No,2853,5266,330,60.0,,Urban,Y,8119,24.52870090634441,24.6030303030303
Male,No,,Not Graduate,No,3000,983,312,360.0,,Rural,N,3983,12.725239616613418,12.76602564102564
Female,Yes,2.0,Graduate,Yes,5266,1516,184,360.0,0.0,Semiurban,N,6782,36.65945945945946,36.858695652173914
Female,No,0.0,Not Graduate,Yes,2400,1330,225,360.0,1.0,Rural,N,3730,16.504424778761063,16.57777777777778
,Yes,2.0,Not Graduate,No,3052,4595,160,480.0,1.0,Rural,N,7647,47.49689440993789,47.79375
Female,No,2.0,Graduate,,2491,688,90,84.0,0.0,Urban,Y,3179,34.934065934065934,35.32222222222222
,No,3.0,Not Graduate,,3846,2791,112,84.0,,Rural,Y,6637,58.73451327433628,59.25892857142857
,No,3.0,Graduate,Yes,4950,4300,98,360.0,0.0,Semiurban,N,9250,93.43434343434345,94.38775510204081
Female,Yes,3.0,Not Graduate,Yes,2439,1213,63,360.0,0.0,Semiurban,Y,3652,57.0625,57.96825396825397
Female,No,,Not Graduate,No,2491,3500,165,480.0,0.0,Rural,N,5991,36.09036144578313,36.30909090909091
Female,,0.0,Not Graduate,,3083,4000,210,180.0,,Urban,N,7083,33.56872037914692,33.72857142857143
,No,0.0,Not Graduate,,3625,1516,228,84.0,1.0,Urban,Y,5141,22.449781659388645,22.54824561403509
Female,Yes,2.0,Not Graduate,,7100,3600,76,480.0,,Semiurban,N,10700,138.96103896103895,140.78947368421052
Female,,3.0,Graduate,No,2200,2531,180,,0.0,Rural,N,4731,26.13812154696133,26.283333333333335
,No,,Graduate,No,4843,2583,47,60.0,0.0,Urban,N,7426,154.70833333333334,158.0
,No,0.0,Not Graduate,,2577,4866,176,60.0,0.0,Urban,Y,7443,42.05084745762712,42.28977272727273
Male,No,,Not Graduate,Yes,2200,3806,25,300.0,0.0,Urban,N,6006,231.0,240.24
,Yes,0.0,Graduate,No,6250,3500,285,120.0,,Rural,N,9750,34.09090909090909,34.21052631578947
Female,No,0.0,Graduate,No,5786,1800,55,240.0,0.0,Rural,Y,7586,135.46428571428572,137.92727272727274
Female,,2.0,Graduate,No,6250,1459,192,60.0,0.0,Semiurban,N,7709,39.943005181347154,40.151041666666664
Female,No,0.0,Not Graduate,Yes,3333,830,30,360.0,0.0,Semiurban,Y,4163,134.29032258064515,138.76666666666668
,,1.0,Not Graduate,,2147,1640,349,300.0,0.0,Semiurban,N,3787,10.82,10.851002865329512
Female,No,1.0,Not Graduate,Yes,3200,3583,312,480.0,,Semiurban,N,6783,21.670926517571885,21.740384615384617
,Yes,2.0,Not Graduate,,2500,2083,150,120.0,1.0,Urban,N,4583,30.350993377483444,30.553333333333335
Male,,,Not Graduate,No,3800,5266,116,,1.0,Rural,N,9066,77.48717948717949,78.15517241379311
Female,Yes,3.0,Graduate,,2577,900,106,120.0,0.0,Rural,N,3477,32.495327102803735,32.801886792452834
Male,,1.0,Not Graduate,No,4000,3500,155,300.0,1.0,Rural,N,7500,48.07692307692308,48.38709677419355
Male,Yes,2.0,Graduate,Yes,1800,2250,97,240.0,1.0,Urban,N,4050,41.326530612244895,41.75257731958763
Female,Yes,0.0,Graduate,,2275,5250,137,180.0,,Urban,N,7525,54.528985507246375,54.92700729927007
,No,3.0,Graduate,Yes,4300,2045,74,,,Rural,N,6345,84.6,85.74324324324324
Male,Yes,1.0,Graduate,No,2400,2142,370,120.0,0.0,Rural,Y,4542,12.242587601078167,12.275675675675675
Male,Yes,0.0,Graduate,Yes,4950,2133,58,180.0,,Urban,N,7083,120.05084745762711,122.12068965517241
Female,No,0.0,Graduate,No,5667,2142,187,84.0,,Semiurban,N,7809,41.5372340425532,41.75935828877005
Male,Yes,0.0,Not Graduate,No,5500,2045,152,120.0,0.0,Semiurban,N,7545,49.31372549019608,49.63815789473684
,No,3.0,Not Graduate,,2000,5266,120,84.0,1.0,Semiurban,N,7266,60.04958677685951,60.55
,No,,Graduate,Yes,3600,3022,85,480.0,0.0,Urban,N,6622,77.0,77.90588235294118
Female,,,Not Graduate,,13650,3167,330,360.0,,Urban,Y,16817,50.80664652567976,50.96060606060606
Female,Yes,3.0,Graduate,,2200,830,114,300.0,,Semiurban,Y,3030,26.347826086956523,26.57894736842105
,No,1.0,Graduate,,2132,5701,128,480.0,1.0,Semiurban,N,7833,60.72093023255814,61.1953125
,,0.0,Not Graduate,Yes,3052,5701,115,360.0,1.0,Semiurban,N,8753,75.45689655172414,76.11304347826086
Male,No,1.0,Graduate,No,2718,1640,106,,,Semiurban,Y,4358,40.728971962616825,41.113207547169814
Female,No,,Graduate,Yes,3600,2853,350,,0.0,Semiurban,N,6453,18.384615384615383,18.437142857142856
Female,Yes,3.0,Graduate,,4843,3263,85,180.0,,Urban,Y,8106,94.25581395348836,95.36470588235294
Female,,2.0,Not Graduate,No,1625,800,131,60.0,,Urban,Y,2425,18.37121212121212,18.51145038167939
Male,Yes,,Not Graduate,Yes,4300,2142,81,84.0,1.0,Semiurban,N,6442,78.5609756097561,79.53086419753086
Male,Yes,0.0,Not Graduate,,4843,1666,106,120.0,1.0,Rural,N,6509,60.83177570093458,61.405660377358494
,No,3.0,Not Graduate,Yes,5000,7210,120,360.0,,Semiurban,N,12210,100.9090909090909,101.75
,No,2.0,Not Graduate,,6400,500,124,60.0,,Semiurban,N,6900,55.2,55.645161290322584
Male,,,Not Graduate,Yes,2301,2416,152,480.0,,Urban,Y,4717,30.830065359477125,31.032894736842106
Male,,,Graduate,No,8333,5250,131,60.0,,Semiurban,Y,13583,102.90151515151516,103.68702290076335
,No,0.0,Not Graduate,,4000,2133,180,180.0,,Rural,N,6133,33.88397790055249,34.07222222222222
Male,Yes,1.0,Graduate,Yes,2799,754,17,300.0,0.0,Semiurban,N,3553,197.38888888888889,209.0
Male,Yes,2.0,Graduate,,2439,736,95,84.0,1.0,Semiurban,Y,3175,33.072916666666664,33.421052631578945
,Yes,0.0,Graduate,,11000,1451,144,120.0,1.0,Urban,Y,12451,85.86896551724138,86.46527777777777
,No,3.0,Not Graduate,,20166,2142,122,120.0,0.0,Semiurban,Y,22308,181.3658536585366,182.85245901639345
,Yes,,Graduate,,1625,983,267,300.0,0.0,Semiurban,N,2608,9.73134328358209,9.767790262172285
Male,Yes,1.0,Not Graduate,,3416,2083,141,240.0,0.0,Rural,Y,5499,38.725352112676056,39.0
Male,No,1.0,Graduate,Yes,5266,2900,122,180.0,0.0,Urban,Y,8166,66.39024390243902,66.93442622950819
,,1.0,Not Graduate,Yes,2479,1459,290,120.0,0.0,Rural,N,3938,13.532646048109966,13.579310344827586
Male,,2.0,Not Graduate,No,1000,1843,70,,0.0,Urban,N,2843,40.04225352112676,40.614285714285714
,Yes,0.0,Graduate,Yes,4843,830,124,60.0,,Urban,N,5673,45.384,45.75
Female,,3.0,Not Graduate,Yes,10513,3449,285,300.0,1.0,Urban,N,13962,48.81818181818182,48.98947368421052
Female,No,0.0,Graduate,No,4300,2383,436,300.0,,Semiurban,N,6683,15.292906178489703,15.327981651376147
,No,,Graduate,,2383,2531,116,240.0,0.0,Rural,Y,4914,42.0,42.36206896551724
Female,,1.0,Not Graduate,,3189,2083,141,84.0,1.0,Semiurban,Y,5272,37.12676056338028,37.39007092198582
,Yes,,Not Graduate,No,5786,2853,128,,1.0,Rural,N,8639,66.96899224806202,67.4921875
Female,,1.0,Not Graduate,,3366,6250,99,240.0,0.0,Rural,N,9616,96.16,97.13131313131314
,,1.0,Graduate,Yes,2479,3600,436,180.0,,Rural,N,6079,13.91075514874142,13.942660550458715
,,0.0,Not Graduate,Yes,10000,1516,315,480.0,1.0,Semiurban,N,11516,36.44303797468354,36.55873015873016
Male,No,0.0,Graduate,Yes,2400,2416,300,240.0,,Semiurban,N,4816,16.0,16.053333333333335
,No,,Not Graduate,,3250,4866,114,480.0,1.0,Semiurban,N,8116,70.57391304347826,71.19298245614036
Male,,2.0,Graduate,No,2853,700,35,120.0,1.0,Semiurban,N,3553,98.69444444444444,101.51428571428572
Female,Yes,1.0,Graduate,No,8333,1640,350,120.0,0.0,Urban,N,9973,28.413105413105413,28.494285714285713
Male,No,2.0,Graduate,,2473,1590,140,,1.0,Rural,Y,4063,28.81560283687943,29.021428571428572
Male,No,,Not Graduate,No,2301,500,81,,1.0,Rural,Y,2801,34.15853658536585,34.58024691358025
,,,Graduate,Yes,3000,3263,47,84.0,1.0,Urban,Y,6263,130.47916666666666,133.25531914893617
Female,No,0.0,Not Graduate,Yes,11000,2142,63,120.0,1.0,Semiurban,N,13142,205.34375,208.6031746031746
Male,,,Graduate,Yes,5266,2133,176,60.0,1.0,Urban,N,7399,41.80225988700565,42.03977272727273
Female,,0.0,Graduate,,2500,4866,109,,0.0,Rural,N,7366,66.96363636363637,67.57798165137615
Male,Yes,3.0,Not Graduate,,4300,3806,210,120.0,,Rural,N,8106,38.41706161137441,38.6
,Yes,2.0,Graduate,No,6250,1030,113,120.0,1.0,Rural,N,7280,63.85964912280702,64.42477876106194
Male,No,1.0,Not Graduate,,2577,2900,228,240.0,1.0,Rural,N,5477,23.91703056768559,24.021929824561404
Male,Yes,0.0,Graduate,,3052,3263,90,120.0,1.0,Rural,N,6315,69.3956043956044,70.16666666666667
Male,No,2.0,Not Graduate,,2439,2750,137,120.0,,Semiurban,N,5189,37.60144927536232,37.87591240875913
,Yes,3.0,Not Graduate,Yes,15000,2531,140,,,Semiurban,Y,17531,124.33333333333331,125.22142857142858
Male,No,,Graduate,,2132,1516,175,360.0,,Semiurban,Y,3648,20.727272727272727,20.845714285714287
Female,,2.0,Graduate,No,4583,4196,114,60.0,,Urban,Y,8779,76.3391304347826,77.00877192982456
,Yes,1.0,Not Graduate,Yes,6080,1030,320,,1.0,Semiurban,Y,7110,22.14953271028037,22.21875
Female,No,3.0,Graduate,Yes,2275,2583,70,180.0,,Urban,Y,4858,68.4225352112676,69.4
Female,Yes,3.0,Not Graduate,,3029,5701,81,180.0,0.0,Rural,N,8730,106.46341463414636,107.77777777777777
Female,No,,Graduate,Yes,4300,2142,124,60.0,,Rural,N,6442,51.536,51.95161290322581
Female,No,,Graduate,Yes,2500,1640,81,240.0,0.0,Rural,N,4140,50.48780487804878,51.111111111111114
,Yes,0.0,Not Graduate,No,4583,5250,81,180.0,,Semiurban,N,9833,119.91463414634148,121.39506172839506
Male,,3.0,Not Graduate,Yes,2333,1459,113,,,Urban,Y,3792,33.26315789473684,33.557522123893804
,No,,Graduate,No,3800,4595,144,,,Semiurban,Y,8395,57.89655172413793,58.298611111111114
Female,No,2.0,Not Graduate,No,2479,2250,128,360.0,,Urban,N,4729,36.65891472868217,36.9453125
,,,Not Graduate,No,2266,3333,166,84.0,1.0,Rural,N,5599,33.52694610778443,33.7289156626506
Female,No,3.0,Not Graduate,,3600,1459,137,360.0,0.0,Semiurban,N,5059,36.65942028985507,36.92700729927007
,No,0.0,Not Graduate,No,4843,1459,350,300.0,1.0,Rural,N,6302,17.954415954415953,18.005714285714287
,Yes,,Graduate,,5316,3369,200,84.0,,Rural,N,8685,43.208955223880594,43.425
,Yes,2.0,Not Graduate,Yes,3800,2750,182,240.0,0.0,Urban,N,6550,35.79234972677595,35.989010989010985
Female,Yes,1.0,Graduate,,3625,1030,114,60.0,1.0,Rural,N,4655,40.47826086956522,40.833333333333336
Male,,1.0,Graduate,,5417,700,93,120.0,1.0,Semiurban,N,6117,65.07446808510639,65.7741935483871
Female,Yes,2.0,Graduate,Yes,2927,700,201,60.0,0.0,Urban,N,3627,17.955445544554454,18.044776119402986
,No,,Not Graduate,,1000,2133,312,360.0,1.0,Urban,Y,3133,10.00958466453674,10.041666666666666
,Yes,,Graduate,Yes,6080,2500,74,300.0,0.0,Semiurban,N,8580,114.4,115.94594594594595
Male,Yes,1.0,Not Graduate,Yes,10513,3600,94,300.0,1.0,Urban,N,14113,148.55789473684212,150.13829787234042
Male,Yes,0.0,Graduate,,3522,2667,67,300.0,,Urban,Y,6189,91.01470588235294,92.3731343283582
Male,No,1.0,Graduate,Yes,6080,4167,600,240.0,,Semiurban,N,10247,17.04991680532446,17.078333333333333
Female,Yes,2.0,Graduate,Yes,2950,800,176,240.0,0.0,Semiurban,N,3750,21.1864406779661,21.306818181818183
,No,0.0,Not Graduate,Yes,7200,5750,200,120.0,1.0,Rural,N,12950,64.42786069651741,64.75
Female,,2.0,Not Graduate,No,5042,4866,44,180.0,1.0,Semiurban,Y,9908,220.17777777777772,225.1818181818182
Male,No,1.0,Not Graduate,,2178,1213,122,,,Rural,Y,3391,27.56910569105691,27.795081967213115
,Yes,1.0,Graduate,No,1928,2900,114,180.0,0.0,Semiurban,N,4828,41.982608695652175,42.35087719298246
Male,Yes,0.0,Graduate,Yes,7200,1213,192,300.0,0.0,Rural,N,8413,43.590673575129536,43.817708333333336
Male,Yes,,Not Graduate,Yes,150,6250,350,480.0,0.0,Semiurban,Y,6400,18.23361823361824,18.285714285714285
Female,Yes,,Not Graduate,,8000,900,113,300.0,0.0,Urban,Y,8900,78.0701754385965,78.76106194690266
Female,Yes,1.0,Graduate,Yes,12841,1250,17,240.0,,Semiurban,N,14091,782.8333333333334,828.8823529411765
Female,No,,Not Graduate,Yes,3073,1083,67,60.0,0.0,Rural,N,4156,61.11764705882353,62.02985074626866
,Yes,2.0,Graduate,Yes,6250,1300,131,60.0,1.0,Rural,Y,7550,57.196969696969695,57.63358778625954
,Yes,2.0,Graduate,,3366,1330,59,180.0,0.0,Urban,Y,4696,78.26666666666667,79.59322033898304
Female,,,Not Graduate,,6400,5250,113,480.0,0.0,Rural,Y,11650,102.19298245614036,103.09734513274336
Male,No,0.0,Graduate,No,3625,2500,315,84.0,0.0,Semiurban,Y,6125,19.382911392405063,19.444444444444443
Female,No,2.0,Graduate,,2600,7210,152,300.0,1.0,Urban,Y,9810,64.11764705882354,64.53947368421052
Male,No,2.0,Not Graduate,Yes,5667,4983,136,480.0,,Urban,N,10650,77.73722627737226,78.30882352941177
Female,,2.0,Not Graduate,Yes,1863,3583,228,300.0,1.0,Semiurban,Y,5446,23.78165938864629,23.885964912280702
,,2.0,Not Graduate,Yes,2071,3022,78,84.0,0.0,Urban,Y,5093,64.46835443037975,65.2948717948718
Male,Yes,1.0,Graduate,,2275,1640,85,180.0,,Rural,N,3915,45.52325581395349,46.05882352941177
,,2.0,Graduate,Yes,2060,4417,133,480.0,1.0,Rural,Y,6477,48.33582089552239,48.69924812030075
,No,0.0,Not Graduate,No,8333,2531,210,180.0,1.0,Urban,N,10864,51.48815165876777,51.733333333333334
,,3.0,Not Graduate,No,3073,688,59,360.0,0.0,Urban,Y,3761,62.68333333333333,63.74576271186441
Female,Yes,2.0,Graduate,Yes,2875,1213,97,60.0,1.0,Urban,N,4088,41.71428571428572,42.144329896907216
Female,,0.0,Graduate,,2178,1330,120,,0.0,Urban,Y,3508,28.99173553719008,29.233333333333334
Male,No,2.0,Graduate,Yes,1863,1868,175,60.0,,Semiurban,Y,3731,21.19886363636364,21.32
,Yes,0.0,Graduate,No,2237,6000,136,,1.0,Semiurban,N,8237,60.12408759124087,60.56617647058823
,Yes,3.0,Not Graduate,,3366,1964,175,240.0,0.0,Urban,Y,5330,30.28409090909091,30.457142857142856
,,0.0,Graduate,No,10513,1451,131,180.0,,Urban,N,11964,90.63636363636364,91.32824427480917
Male,Yes,,Graduate,Yes,2927,1964,116,360.0,0.0,Rural,N,4891,41.8034188034188,42.16379310344828
,,2.0,Graduate,,2645,3583,90,180.0,0.0,Semiurban,N,6228,68.43956043956044,69.2
Female,,,Not Graduate,Yes,5500,1250,88,240.0,0.0,Semiurban,N,6750,75.84269662921348,76.70454545454545
Male,No,2.0,Graduate,Yes,2275,2330,312,480.0,1.0,Semiurban,N,4605,14.712460063897764,14.759615384615385
Female,No,2.0,Not Graduate,,13650,5250,349,60.0,0.0,Semiurban,N,18900,54.0,54.154727793696274
Female,No,,Not Graduate,,2237,2900,312,240.0,1.0,Urban,N,5137,16.41214057507987,16.46474358974359
Female,Yes,2.0,Graduate,Yes,2491,4750,166,180.0,0.0,Rural,N,7241,43.35928143712575,43.62048192771084
,No,0.0,Not Graduate,No,2014,2667,70,180.0,0.0,Rural,N,4681,65.92957746478874,66.87142857142857
Male,,0.0,Graduate,No,3846,2791,116,84.0,0.0,Semiurban,Y,6637,56.72649572649573,57.21551724137931
,,3.0,Not Graduate,No,3750,3750,94,,1.0,Urban,Y,7500,78.94736842105263,79.7872340425532
Male,No,,Graduate,Yes,3073,1500,175,180.0,1.0,Urban,N,4573,25.982954545454547,26.13142857142857
Female,No,3.0,Graduate,,12000,4750,35,480.0,,Rural,Y,16750,465.27777777777777,478.57142857142856
,No,3.0,Graduate,Yes,6400,2750,98,60.0,0.0,Rural,Y,9150,92.42424242424242,93.36734693877551
Male,Yes,0.0,Not Graduate,No,3600,4595,350,60.0,,Urban,N,8195,23.34757834757835,23.414285714285715
,No,3.0,Not Graduate,,3625,1459,300,480.0,0.0,Semiurban,N,5084,16.890365448504983,16.946666666666665
Male,Yes,2.0,Graduate,Yes,2833,5701,35,,,Semiurban,Y,8534,237.0555555555556,243.82857142857142
,No,,Not Graduate,Yes,2718,7750,315,84.0,1.0,Rural,N,10468,33.12658227848101,33.231746031746034
Female,Yes,3.0,Not Graduate,No,3333,3167,83,180.0,1.0,Urban,N,6500,77.38095238095238,78.3132530120482
Male,,3.0,Not Graduate,Yes,2473,1843,78,180.0,0.0,Urban,Y,4316,54.63291139240506,55.333333333333336
Female,Yes,,Graduate,No,8000,1868,350,480.0,0.0,Rural,N,9868,28.113960113960115,28.194285714285716
Female,No,,Graduate,,5042,4000,104,120.0,0.0,Semiurban,Y,9042,86.11428571428571,86.9423076923077
Male,No,3.0,Not Graduate,Yes,1000,2383,141,360.0,,Semiurban,N,3383,23.823943661971832,23.99290780141844
,Yes,2.0,Graduate,No,2395,4300,116,240.0,1.0,Urban,N,6695,57.22222222222222,57.71551724137931
Male,,1.0,Graduate,Yes,3750,830,155,60.0,0.0,Rural,N,4580,29.35897435897436,29.548387096774192
Male,,,Not Graduate,Yes,6747,1250,141,180.0,1.0,Rural,N,7997,56.316901408450704,56.716312056737586
,,3.0,Not Graduate,,1625,800,59,,,Urban,Y,2425,40.41666666666666,41.101694915254235
Female,,2.0,Graduate,,2200,1868,150,240.0,1.0,Urban,Y,4068,26.94039735099338,27.12
Male,Yes,1.0,Not Graduate,,2483,4486,97,360.0,1.0,Semiurban,N,6969,71.11224489795919,71.84536082474227
Male,No,3.0,Not Graduate,Yes,8000,3066,192,120.0,0.0,Rural,N,11066,57.33678756476684,57.635416666666664
Male,No,1.0,Graduate,No,10513,1500,154,480.0,1.0,Urban,N,12013,77.50322580645161,78.00649350649351
Male,,3.0,Not Graduate,No,2060,0,70,360.0,0.0,Urban,Y,2060,29.01408450704225,29.428571428571427
Male,,2.0,Graduate,No,8333,830,97,120.0,1.0,Semiurban,N,9163,93.5,94.4639175257732
Male,,0.0,Not Graduate,,150,800,110,240.0,1.0,Urban,Y,950,8.558558558558559,8.636363636363637
Female,,2.0,Graduate,,4000,7750,330,480.0,0.0,Rural,N,11750,35.49848942598187,35.60606060606061
Male,No,2.0,Not Graduate,,2014,1640,78,180.0,1.0,Rural,N,3654,46.25316455696203,46.84615384615385
,No,0.0,Graduate,,9323,1250,180,180.0,0.0,Semiurban,Y,10573,58.41436464088398,58.73888888888889
Female,No,2.0,Graduate,Yes,13650,4486,152,300.0,,Rural,Y,18136,118.5359477124183,119.3157894736842
,No,0.0,Graduate,,4166,5701,44,360.0,,Semiurban,Y,9867,219.26666666666668,224.25
,,,Graduate,Yes,2340,5625,436,120.0,1.0,Rural,N,7965,18.226544622425628,18.26834862385321
Male,Yes,1.0,Graduate,,3083,1213,320,360.0,0.0,Rural,Y,4296,13.38317757009346,13.425
,,,Graduate,Yes,2833,688,63,60.0,,Semiurban,Y,3521,55.015625,55.888888888888886
Male,Yes,,Not Graduate,No,7200,800,137,360.0,1.0,Rural,N,8000,57.971014492753625,58.394160583941606
Female,No,3.0,Graduate,,1977,3449,139,120.0,,Semiurban,N,5426,38.75714285714286,39.03597122302158
,,1.0,Graduate,,4950,3066,495,360.0,1.0,Urban,N,8016,16.161290322580644,16.193939393939395
Male,,3.0,Not Graduate,No,8333,0,122,120.0,,Rural,Y,8333,67.7479674796748,68.30327868852459
Male,No,0.0,Not Graduate,No,3625,3583,312,300.0,1.0,Urban,N,7208,23.028753993610223,23.102564102564102
,No,2.0,Not Graduate,Yes,1977,4417,104,60.0,0.0,Rural,N,6394,60.89523809523809,61.48076923076923
Female,Yes,,Not Graduate,Yes,11000,2853,228,360.0,,Semiurban,N,13853,60.493449781659386,60.75877192982456
,No,0.0,Graduate,Yes,1800,700,158,180.0,0.0,Rural,N,2500,15.723270440251572,15.822784810126583
Female,Yes,,Graduate,,3073,2083,76,240.0,,Rural,N,5156,66.96103896103897,67.84210526315789
Female,No,3.0,Graduate,Yes,2333,4866,110,180.0,0.0,Semiurban,N,7199,64.85585585585585,65.44545454545455
Female,Yes,0.0,Not Graduate,,2071,6250,58,360.0,0.0,Urban,Y,8321,141.03389830508473,143.4655172413793
Male,No,,Graduate,No,3500,900,81,480.0,,Urban,N,4400,53.65853658536585,54.32098765432099
Female,No,,Not Graduate,,13650,2383,44,480.0,,Urban,N,16033,356.2888888888889,364.3863636363636
Female,No,,Graduate,No,2200,1666,133,360.0,1.0,Urban,N,3866,28.85074626865672,29.06766917293233
,Yes,,Not Graduate,No,6250,3066,308,120.0,0.0,Urban,N,9316,30.14886731391585,30.246753246753247
,No,0.0,Not Graduate,No,8000,688,137,360.0,1.0,Rural,N,8688,62.95652173913044,63.416058394160586
Male,,0.0,Graduate,Yes,24763,1083,30,240.0,1.0,Rural,N,25846,833.741935483871,861.5333333333333
Male,No,1.0,Not Graduate,Yes,6400,3333,228,84.0,1.0,Semiurban,N,9733,42.50218340611354,42.68859649122807
,Yes,2.0,Not Graduate,Yes,2183,2000,600,180.0,0.0,Semiurban,N,4183,6.960066555740433,6.971666666666667
Male,Yes,0.0,Graduate,,8333,3449,140,480.0,0.0,Rural,Y,11782,83.56028368794327,84.15714285714286
Male,No,0.0,Not Graduate,Yes,7100,3066,160,360.0,0.0,Rural,Y,10166,63.142857142857146,63.5375
,,0.0,Not Graduate,,3800,2045,76,180.0,1.0,Semiurban,N,5845,75.9090909090909,76.90789473684211
,,1.0,Not Graduate,No,3189,2000,152,480.0,0.0,Semiurban,N,5189,33.91503267973856,34.13815789473684
Male,Yes,0.0,Graduate,Yes,2183,2531,184,180.0,,Rural,N,4714,25.481081081081083,25.619565217391305
Male,,,Not Graduate,Yes,7200,6000,168,360.0,1.0,Rural,N,13200,78.10650887573965,78.57142857142857
Male,No,3.0,Not Graduate,Yes,1800,4417,267,240.0,0.0,Urban,N,6217,23.19776119402985,23.284644194756556
Male,No,2.0,Graduate,No,2183,2416,76,84.0,0.0,Urban,N,4599,59.72727272727273,60.51315789473684
Female,,,Not Graduate,No,3029,1640,100,84.0,,Urban,N,4669,46.227722772277225,46.69
Female,No,0.0,Graduate,Yes,3800,3750,165,360.0,,Urban,Y,7550,45.48192771084337,45.75757575757576
Male,Yes,0.0,Not Graduate,Yes,5500,2531,290,300.0,,Semiurban,N,8031,27.5979381443299,27.693103448275863
Female,Yes,0.0,Not Graduate,Yes,13650,2416,125,60.0,0.0,Rural,N,16066,127.5079365079365,128.528
Male,No,1.0,Not Graduate,No,2600,4486,315,,,Rural,N,7086,22.424050632911392,22.495238095238093
Female,Yes,2.0,Graduate,,5417,2583,76,,,Semiurban,Y,8000,103.8961038961039,105.26315789473684
,No,3.0,Not Graduate,Yes,2473,4983,35,360.0,0.0,Urban,N,7456,207.11111111111111,213.02857142857144
Female,,,Graduate,Yes,10000,1929,150,,0.0,Urban,N,11929,79.0,79.52666666666667
Male,No,0.0,Not Graduate,No,9323,1300,114,,,Urban,N,10623,92.37391304347824,93.1842105263158
Female,,3.0,Not Graduate,,2473,2083,192,480.0,1.0,Rural,Y,4556,23.60621761658031,23.729166666666668
Male,Yes,0.0,Graduate,Yes,13650,900,136,180.0,,Rural,N,14550,106.2043795620438,106.98529411764706
Male,,0.0,Not Graduate,,8666,4983,114,84.0,0.0,Rural,N,13649,118.68695652173912,119.7280701754386
Female,,0.0,Not Graduate,Yes,2340,2583,96,84.0,1.0,Semiurban,N,4923,50.75257731958763,51.28125
Male,Yes,1.0,Graduate,,5316,4750,137,,,Urban,N,10066,72.94202898550725,73.47445255474453
,,2.0,Graduate,No,2927,1500,141,,,Urban,N,4427,31.176056338028168,31.397163120567377
,No,0.0,Graduate,No,3522,2853,315,480.0,0.0,Rural,N,6375,20.174050632911392,20.238095238095237
Female,,0.0,Not Graduate,Yes,3333,2531,201,84.0,,Semiurban,N,5864,29.02970297029703,29.17412935323383
Female,Yes,0.0,Graduate,Yes,2237,2900,300,120.0,,Rural,Y,5137,17.06644518272425,17.123333333333335
Male,No,0.0,Not Graduate,,3333,3600,17,,,Urban,Y,6933,385.1666666666667,407.8235294117647
Female,,,Not Graduate,Yes,2708,7750,154,360.0,,Urban,N,10458,67.47096774193548,67.9090909090909
Male,No,0.0,Graduate,Yes,2645,5250,128,300.0,,Semiurban,Y,7895,61.201550387596896,61.6796875
Female,No,2.0,Graduate,Yes,4300,2791,650,,,Rural,Y,7091,10.89247311827957,10.909230769230769
,Yes,3.0,Graduate,Yes,5266,4983,370,120.0,0.0,Semiurban,N,10249,27.62533692722372,27.7
,,1.0,Graduate,Yes,4843,6250,600,84.0,,Rural,N,11093,18.45757071547421,18.488333333333333
Male,No,3.0,Graduate,No,2333,3750,192,120.0,0.0,Rural,N,6083,31.518134715025905,31.682291666666668
,No,,Not Graduate,,3250,736,106,240.0,1.0,Rural,N,3986,37.25233644859813,37.60377358490566
,No,0.0,Graduate,,2500,2667,113,360.0,1.0,Urban,N,5167,45.32456140350877,45.72566371681416
Male,No,2.0,Graduate,Yes,10513,4167,67,300.0,1.0,Rural,Y,14680,215.8823529411765,219.1044776119403
Male,Yes,1.0,Not Graduate,Yes,2708,2142,124,480.0,0.0,Rural,N,4850,38.8,39.11290322580645
Male,No,1.0,Not Graduate,No,4166,2383,83,120.0,,Rural,N,6549,77.96428571428571,78.90361445783132
Male,No,,Not Graduate,,1000,3263,495,120.0,,Urban,Y,4263,8.59475806451613,8.612121212121211
Male,Yes,1.0,Not Graduate,,6747,2531,700,120.0,,Semiurban,N,9278,13.235378031383735,13.254285714285714
,Yes,2.0,Not Graduate,Yes,4000,2045,90,60.0,1.0,Urban,N,6045,66.42857142857143,67.16666666666667
Female,Yes,3.0,Not Graduate,Yes,2237,1083,350,240.0,,Urban,Y,3320,9.45868945868946,9.485714285714286
Male,Yes,0.0,Graduate,Yes,150,1030,182,60.0,1.0,Urban,Y,1180,6.448087431693989,6.483516483516484
Male,,3.0,Graduate,,2340,1213,98,,1.0,Rural,N,3553,35.888888888888886,36.255102040816325
,,2.0,Graduate,No,2491,1500,47,360.0,,Semiurban,Y,3991,83.14583333333333,84.91489361702128
Male,Yes,3.0,Not Graduate,,3500,3066,128,480.0,1.0,Urban,N,6566,50.89922480620155,51.296875
Female,,0.0,Not Graduate,,8333,3583,312,84.0,0.0,Urban,N,11916,38.0702875399361,38.19230769230769
Female,No,,Graduate,Yes,2950,830,90,60.0,,Semiurban,N,3780,41.53846153846154,42.0
,No,1.0,Graduate,No,12841,2750,290,84.0,,Urban,N,15591,53.577319587628864,53.762068965517244
Female,Yes,2.0,Not Graduate,Yes,7451,4000,182,480.0,0.0,Semiurban,N,11451,62.57377049180328,62.917582417582416
Male,No,3.0,Not Graduate,No,1800,1459,100,480.0,1.0,Rural,Y,3259,32.26732673267327,32.59
,No,1.0,Graduate,,2577,2133,168,300.0,1.0,Rural,N,4710,27.869822485207106,28.035714285714285
,No,0.0,Not Graduate,,3000,2583,165,360.0,,Semiurban,N,5583,33.63253012048193,33.836363636363636
Male,No,3.0,Graduate,No,1000,2142,495,,0.0,Semiurban,N,3142,6.334677419354839,6.347474747474747
Female,Yes,2.0,Graduate,Yes,6080,1083,350,84.0,1.0,Rural,N,7163,20.40740740740741,20.465714285714284
Female,No,0.0,Graduate,Yes,8000,3440,141,300.0,1.0,Urban,Y,11440,80.56338028169014,81.13475177304964
Female,No,2.0,Not Graduate,No,3167,2383,81,180.0,1.0,Rural,N,5550,67.6829268292683,68.51851851851852
Male,No,3.0,Graduate,No,5667,754,114,240.0,1.0,Urban,N,6421,55.83478260869565,56.324561403508774
Male,,3.0,Not Graduate,No,7451,4000,50,,0.0,Rural,Y,11451,224.52941176470588,229.02
Female,No,0.0,Not Graduate,Yes,2718,5701,436,60.0,0.0,Rural,N,8419,19.26544622425629,19.309633027522935
Female,,2.0,Not Graduate,Yes,3250,2045,210,480.0,,Semiurban,Y,5295,25.09478672985782,25.214285714285715
Male,Yes,,Not Graduate,,4166,1083,109,360.0,,Semiurban,N,5249,47.71818181818182,48.15596330275229
Male,Yes,0.0,Graduate,No,5417,2083,67,180.0,1.0,Semiurban,Y,7500,110.29411764705884,111.94029850746269
Female,Yes,1.0,Graduate,No,13650,1800,75,84.0,,Urban,Y,15450,203.2894736842105,206.0
Female,,3.0,Graduate,No,12841,1800,182,180.0,,Urban,N,14641,80.00546448087432,80.44505494505495
,,0.0,Not Graduate,,3366,688,315,300.0,1.0,Rural,Y,4054,12.829113924050631,12.86984126984127
Female,Yes,,Not Graduate,,2708,4000,225,,0.0,Rural,N,6708,29.68141592920354,29.813333333333333
Male,No,3.0,Graduate,,4300,4750,17,120.0,0.0,Urban,N,9050,502.77777777777777,532.3529411764706
,Yes,2.0,Not Graduate,Yes,3846,1459,208,120.0,,Rural,Y,5305,25.382775119617225,25.504807692307693
Male,No,1.0,Graduate,Yes,3083,2330,90,,0.0,Urban,N,5413,59.48351648351648,60.144444444444446
Female,No,0.0,Not Graduate,,4000,3449,650,120.0,1.0,Semiurban,Y,7449,11.442396313364055,11.46
,No,3.0,Not Graduate,Yes,2200,3600,150,84.0,,Rural,Y,5800,38.41059602649007,38.666666666666664
Female,Yes,,Not Graduate,,4000,1929,94,360.0,0.0,Urban,Y,5929,62.41052631578948,63.07446808510638
Male,,3.0,Graduate,No,12841,5701,300,180.0,1.0,Semiurban,Y,18542,61.60132890365448,61.806666666666665
Male,,0.0,Not Graduate,,2383,4486,490,300.0,0.0,Rural,N,6869,13.989816700610998,14.018367346938776
Male,No,3.0,Not Graduate,,3500,7750,133,180.0,1.0,Semiurban,N,11250,83.95522388059702,84.58646616541354
Female,,0.0,Graduate,No,4950,7750,201,60.0,1.0,Rural,N,12700,62.87128712871287,63.18407960199005
,No,,Not Graduate,No,11000,5701,350,60.0,,Urban,N,16701,47.58119658119658,47.71714285714286
Male,No,0.0,Graduate,,8333,1843,137,480.0,,Semiurban,N,10176,73.73913043478261,74.27737226277372
Female,Yes,1.0,Graduate,No,1800,2900,83,,1.0,Urban,Y,4700,55.95238095238095,56.626506024096386
Female,Yes,0.0,Not Graduate,,2400,983,96,300.0,,Semiurban,N,3383,34.876288659793815,35.239583333333336
Male,Yes,,Graduate,No,13650,3750,63,300.0,1.0,Semiurban,N,17400,271.875,276.1904761904762
,Yes,1.0,Graduate,,2000,3333,137,480.0,1.0,Urban,N,5333,38.64492753623188,38.92700729927007
,,0.0,Not Graduate,Yes,3750,2083,150,120.0,0.0,Rural,Y,5833,38.629139072847686,38.88666666666666
,Yes,3.0,Graduate,Yes,2266,2853,267,84.0,,Urban,Y,5119,19.10074626865672,19.172284644194757
Female,Yes,2.0,Graduate,Yes,2183,5063,59,360.0,1.0,Rural,Y,7246,120.76666666666668,122.8135593220339
Female,Yes,0.0,Graduate,,5316,4300,30,120.0,,Urban,Y,9616,310.1935483870968,320.53333333333336
Male,,1.0,Graduate,No,4950,3066,50,60.0,0.0,Urban,Y,8016,157.1764705882353,160.32
Female,,0.0,Not Graduate,No,15000,4300,320,60.0,0.0,Urban,Y,19300,60.12461059190032,60.3125
Male,Yes,3.0,Graduate,Yes,8666,3806,75,120.0,,Rural,Y,12472,164.10526315789474,166.29333333333332
,Yes,2.0,Not Graduate,No,2479,1516,175,60.0,1.0,Urban,Y,3995,22.69886363636364,22.82857142857143
,,0.0,Graduate,,3500,4000,208,84.0,,Rural,N,7500,35.88516746411483,36.05769230769231
Male,Yes,3.0,Graduate,,2708,1800,70,84.0,,Semiurban,N,4508,63.49295774647887,64.4
,No,,Not Graduate,Yes,2927,500,72,180.0,0.0,Semiurban,Y,3427,46.945205479452056,47.59722222222222
Female,,1.0,Not Graduate,,3666,4595,100,120.0,,Urban,N,8261,81.79207920792079,82.61
Female,No,1.0,Graduate,No,1977,1083,114,360.0,,Rural,N,3060,26.60869565217392,26.842105263157894
,No,,Not Graduate,No,2237,5063,125,,,Urban,N,7300,57.93650793650794,58.4
Male,Yes,2.0,Not Graduate,Yes,2266,5266,330,60.0,0.0,Semiurban,Y,7532,22.755287009063444,22.824242424242424
,Yes,2.0,Graduate,No,4950,3806,700,180.0,1.0,Rural,N,8756,12.490727532097004,12.508571428571429
Female,No,1.0,Not Graduate,,2178,1083,600,300.0,0.0,Rural,Y,3261,5.425956738768718,5.435
Male,,,Graduate,,2275,6000,166,60.0,1.0,Urban,N,8275,49.550898203592816,49.84939759036145
,Yes,1.0,Not Graduate,Yes,2479,736,210,,1.0,Rural,N,3215,15.236966824644549,15.30952380952381
Female,No,1.0,Not Graduate,Yes,3189,4196,315,120.0,,Rural,N,7385,23.370253164556964,23.444444444444443
Male,,2.0,Not Graduate,No,150,1516,285,480.0,,Urban,N,1666,5.825174825174825,5.84561403508772
Female,,0.0,Graduate,No,2473,3583,99,300.0,0.0,Urban,N,6056,60.56,61.17171717171717
Male,Yes,1.0,Not Graduate,No,2483,2900,136,240.0,,Rural,N,5383,39.29197080291971,39.580882352941174
Male,Yes,1.0,Not Graduate,No,13650,1030,133,480.0,,Semiurban,Y,14680,109.55223880597016,110.37593984962406
Female,Yes,3.0,Graduate,Yes,2483,0,30,300.0,,Urban,N,2483,80.09677419354838,82.76666666666667
Female,No,,Graduate,No,3000,4983,88,360.0,0.0,Semiurban,Y,7983,89.69662921348315,90.7159090909091
Female,No,,Graduate,,6250,4300,47,300.0,,Urban,Y,10550,219.79166666666663,224.46808510638297
,,2.0,Graduate,Yes,2071,1666,137,300.0,1.0,Semiurban,Y,3737,27.07971014492753,27.277372262773724
Female,,,Graduate,No,7333,1590,350,,0.0,Rural,N,8923,25.42165242165242,25.494285714285713
Female,No,1.0,Graduate,,10000,0,80,60.0,1.0,Semiurban,N,10000,123.45679012345678,125.0
Male,No,1.0,Graduate,Yes,3666,2383,25,300.0,1.0,Semiurban,N,6049,232.65384615384616,241.96
,Yes,,Graduate,,15000,4595,275,240.0,1.0,Semiurban,N,19595,70.9963768115942,71.25454545454545
,Yes,2.0,Graduate,No,2071,4167,44,84.0,,Urban,N,6238,138.62222222222223,141.77272727272728
Male,No,1.0,Graduate,,12841,3066,290,120.0,0.0,Rural,N,15907,54.66323024054983,54.851724137931036
,,,Not Graduate,No,2718,500,80,480.0,,Rural,N,3218,39.72839506172839,40.225
Male,Yes,3.0,Not Graduate,Yes,24763,1330,59,60.0,,Urban,Y,26093,434.8833333333333,442.2542372881356
,Yes,3.0,Graduate,No,3750,4000,320,60.0,,Rural,N,7750,24.14330218068536,24.21875
Male,No,0.0,Not Graduate,,2718,1083,349,84.0,0.0,Rural,N,3801,10.86,10.89111747851003
Female,,1.0,Not Graduate,,2014,4417,349,,,Rural,N,6431,18.374285714285715,18.426934097421203
,No,,Graduate,Yes,5667,500,136,120.0,,Urban,N,6167,45.01459854014598,45.345588235294116
Male,,0.0,Graduate,No,2200,2583,35,60.0,,Rural,N,4783,132.86111111111111,136.65714285714284
,Yes,2.0,Graduate,No,6747,4417,94,300.0,0.0,Urban,N,11164,117.5157894736842,118.76595744680851
Female,No,3.0,Graduate,Yes,2491,5063,160,180.0,0.0,Urban,Y,7554,46.91925465838509,47.2125
Male,,2.0,Graduate,Yes,3250,1843,490,300.0,1.0,Urban,N,5093,10.372708757637474,10.393877551020408
Male,Yes,3.0,Not Graduate,Yes,2473,2583,93,180.0,1.0,Rural,N,5056,53.7872340425532,54.365591397849464
Female,,1.0,Graduate,Yes,2583,3369,275,84.0,1.0,Urban,N,5952,21.565217391304348,21.643636363636364
Female,,2.0,Not Graduate,Yes,5042,2500,200,60.0,0.0,Urban,Y,7542,37.52238805970149,37.71
Female,Yes,2.0,Graduate,,2473,736,74,84.0,0.0,Rural,N,3209,42.78666666666667,43.36486486486486
,No,3.0,Not Graduate,Yes,3522,1640,55,60.0,,Semiurban,Y,5162,92.17857142857144,93.85454545454546
,No,2.0,Not Graduate,Yes,13650,5750,115,60.0,0.0,Semiurban,N,19400,167.24137931034485,168.69565217391303
Female,Yes,2.0,Graduate,,1977,4000,90,120.0,1.0,Rural,N,5977,65.68131868131869,66.41111111111111
Male,Yes,3.0,Graduate,No,3000,4000,106,360.0,0.0,Semiurban,N,7000,65.42056074766356,66.0377358490566
Male,No,3.0,Graduate,,2833,754,240,360.0,,Semiurban,N,3587,14.883817427385893,14.945833333333333
Male,Yes,2.0,Not Graduate,No,2275,1964,104,480.0,1.0,Semiurban,N,4239,40.371428571428574,40.75961538461539
Male,No,0.0,Not Graduate,Yes,2237,3449,144,60.0,0.0,Semiurban,N,5686,39.21379310344828,39.486111111111114
,,2.0,Not Graduate,,3846,985,66,480.0,1.0,Semiurban,N,4831,72.1044776119403,73.1969696969697
Female,No,1.0,Not Graduate,No,4000,2667,75,240.0,0.0,Rural,N,6667,87.72368421052632,88.89333333333333
Female,,1.0,Not Graduate,,1000,4000,700,120.0,,Urban,N,5000,7.132667617689016,7.142857142857143
Female,,0.0,Not Graduate,,2200,985,66,360.0,1.0,Urban,N,3185,47.53731343283582,48.25757575757576
,,1.0,Not Graduate,Yes,3029,1459,75,360.0,1.0,Urban,N,4488,59.05263157894737,59.84
Male,No,2.0,Not Graduate,,2400,4750,75,60.0,,Semiurban,N,7150,94.07894736842104,95.33333333333333
Female,Yes,3.0,Graduate,,3052,3600,192,180.0,,Rural,N,6652,34.46632124352332,34.645833333333336
Male,,1.0,Graduate,Yes,2301,2500,158,60.0,,Urban,Y,4801,30.19496855345912,30.38607594936709
Female,Yes,1.0,Graduate,,2132,1964,182,480.0,1.0,Urban,Y,4096,22.382513661202186,22.505494505494507
Female,Yes,,Not Graduate,,5786,1516,154,180.0,0.0,Semiurban,N,7302,47.10967741935484,47.41558441558441
Female,Yes,0.0,Not Graduate,,7451,1800,180,300.0,,Rural,Y,9251,51.11049723756906,51.394444444444446
Female,Yes,1.0,Graduate,No,3083,500,99,240.0,1.0,Urban,Y,3583,35.83,36.19191919191919
Female,,2.0,Not Graduate,Yes,150,1213,350,120.0,,Urban,Y,1363,3.883190883190883,3.894285714285714
,No,1.0,Not Graduate,Yes,2483,500,63,,0.0,Rural,Y,2983,46.609375,47.34920634920635
Male,Yes,2.0,Not Graduate,No,2333,700,66,84.0,0.0,Urban,Y,3033,45.26865671641791,45.95454545454545
Male,No,0.0,Not Graduate,No,2395,900,67,,0.0,Urban,N,3295,48.45588235294117,49.17910447761194
,No,1.0,Graduate,No,2439,900,192,480.0,0.0,Urban,N,3339,17.300518134715027,17.390625
Male,,0.0,Graduate,Yes,3500,2791,285,120.0,0.0,Rural,Y,6291,21.996503496503497,22.073684210526316
,Yes,3.0,Not Graduate,Yes,5667,830,436,300.0,0.0,Semiurban,Y,6497,14.867276887871853,14.90137614678899
Female,No,3.0,Not Graduate,Yes,2340,2500,114,120.0,1.0,Semiurban,N,4840,42.08695652173913,42.45614035087719
Male,Yes,2.0,Graduate,No,3000,2330,152,240.0,1.0,Urban,N,5330,34.83660130718954,35.06578947368421
Male,,1.0,Graduate,,2000,0,93,240.0,,Urban,N,2000,21.27659574468085,21.50537634408602
,No,,Graduate,Yes,12000,3583,350,360.0,,Semiurban,N,15583,44.3960113960114,44.52285714285714
,No,,Not Graduate,No,5266,7210,118,360.0,,Urban,Y,12476,104.84033613445378,105.72881355932203
Female,Yes,0.0,Not Graduate,,2178,4595,349,240.0,,Rural,Y,6773,19.35142857142857,19.406876790830946
Male,Yes,1.0,Not Graduate,No,2237,1590,275,60.0,0.0,Rural,N,3827,13.865942028985508,13.916363636363636
Male,,2.0,Not Graduate,,5000,5250,136,360.0,,Semiurban,N,10250,74.81751824817518,75.36764705882354
Female,No,3.0,Not Graduate,No,3500,4983,70,360.0,,Semiurban,N,8483,119.47887323943662,121.18571428571428
Male,No,,Not Graduate,No,3846,6000,96,300.0,0.0,Semiurban,N,9846,101.50515463917526,102.5625
Male,Yes,1.0,Graduate,,9323,2667,600,84.0,0.0,Urban,Y,11990,19.95008319467554,19.983333333333334
Male,,0.0,Graduate,No,2014,688,58,60.0,0.0,Semiurban,N,2702,45.79661016949152,46.58620689655172
Male,No,0.0,Not Graduate,Yes,4300,4486,47,240.0,0.0,Semiurban,N,8786,183.04166666666663,186.93617021276594
Female,Yes,0.0,Graduate,No,4583,5250,55,360.0,0.0,Rural,N,9833,175.58928571428572,178.78181818181818
Female,Yes,3.0,Not Graduate,,13650,2045,192,84.0,1.0,Semiurban,Y,15695,81.32124352331606,81.74479166666667
Male,No,3.0,Graduate,Yes,7100,1030,110,120.0,1.0,Urban,N,8130,73.24324324324324,73.9090909090909
Male,No,,Graduate,No,3750,4486,70,300.0,,Semiurban,Y,8236,116.0,117.65714285714286
,Yes,1.0,Graduate,Yes,4843,0,55,480.0,,Rural,N,4843,86.48214285714286,88.05454545454545
Male,Yes,2.0,Graduate,Yes,12000,3066,144,300.0,,Semiurban,Y,15066,103.90344827586208,104.625
Male,No,3.0,Not Graduate,,8000,4866,152,240.0,1.0,Semiurban,N,12866,84.09150326797386,84.64473684210526
Female,,1.0,Not Graduate,No,6080,4866,116,60.0,1.0,Urban,N,10946,93.55555555555556,94.36206896551724
Male,,1.0,Not Graduate,No,2473,700,78,180.0,,Urban,N,3173,40.16455696202532,40.67948717948718
Male,Yes,,Graduate,Yes,2340,1843,312,120.0,,Urban,Y,4183,13.364217252396166,13.407051282051283
Male,No,3.0,Graduate,,2014,2330,50,60.0,0.0,Rural,N,4344,85.17647058823529,86.88
,Yes,1.0,Not Graduate,No,3029,3750,104,84.0,0.0,Urban,N,6779,64.56190476190476,65.1826923076923
Female,,1.0,Not Graduate,Yes,3083,3369,308,60.0,1.0,Semiurban,N,6452,20.88025889967637,20.948051948051948
Male,No,2.0,Graduate,,5667,5654,120,480.0,,Semiurban,N,11321,93.56198347107438,94.34166666666667
,No,2.0,Graduate,No,3846,3333,100,,0.0,Rural,N,7179,71.07920792079207,71.79
,,0.0,Graduate,Yes,2853,1500,17,84.0,0.0,Urban,Y,4353,241.8333333333333,256.05882352941177
Male,,0.0,Graduate,No,2266,2133,312,180.0,1.0,Urban,N,4399,14.054313099041533,14.099358974358974
Male,No,1.0,Not Graduate,No,4000,4750,85,120.0,,Semiurban,Y,8750,101.74418604651164,102.94117647058823
Female,Yes,1.0,Graduate,Yes,10513,1459,370,360.0,0.0,Urban,N,11972,32.26954177897574,32.35675675675676
Female,,,Not Graduate,No,15000,4983,131,240.0,,Urban,N,19983,151.38636363636363,152.54198473282443
Male,Yes,2.0,Not Graduate,,2645,1083,139,360.0,,Rural,N,3728,26.62857142857143,26.820143884892087
Male,Yes,2.0,Graduate,No,6747,2083,160,360.0,0.0,Urban,N,8830,54.84472049689441,55.1875
Male,,,Graduate,,12000,5654,349,84.0,,Urban,Y,17654,50.44,50.58452722063037
Male,,1.0,Not Graduate,,2014,1213,300,480.0,1.0,Rural,Y,3227,10.72093023255814,10.756666666666666
Female,Yes,0.0,Graduate,No,24763,2583,88,300.0,,Semiurban,Y,27346,307.2584269662921,310.75
Female,,,Graduate,,1000,3449,30,,1.0,Urban,Y,4449,143.51612903225808,148.3
,,3.0,Graduate,Yes,4950,1500,80,480.0,0.0,Semiurban,N,6450,79.62962962962963,80.625
,No,0.0,Graduate,,5000,1843,240,360.0,0.0,Semiurban,N,6843,28.394190871369293,28.5125
Male,Yes,1.0,Not Graduate,Yes,2645,983,312,180.0,0.0,Semiurban,N,3628,11.591054313099042,11.628205128205128
Female,No,,Not Graduate,,12000,3167,58,360.0,1.0,Semiurban,Y,15167,257.06779661016947,261.5
Male,Yes,1.0,Graduate,No,10513,900,98,180.0,0.0,Semiurban,N,11413,115.28282828282828,116.45918367346938
Male,No,,Not Graduate,,2132,1868,210,,1.0,Semiurban,N,4000,18.95734597156398,19.047619047619047
Male,No,1.0,Not Graduate,No,3167,2500,136,300.0,0.0,Rural,Y,5667,41.36496350364963,41.669117647058826
Female,No,3.0,Graduate,,2395,1868,349,240.0,,Rural,N,4263,12.18,12.214899713467048
Female,No,,Graduate,,1977,5625,600,300.0,,Urban,Y,7602,12.64891846921797,12.67
,,,Graduate,Yes,2400,1300,192,300.0,0.0,Urban,Y,3700,19.17098445595855,19.270833333333332
,Yes,1.0,Not Graduate,Yes,8666,2416,47,180.0,,Rural,Y,11082,230.875,235.7872340425532
,Yes,,Not Graduate,,4166,500,50,84.0,0.0,Urban,Y,4666,91.49019607843135,93.32
,,2.0,Not Graduate,No,2875,700,88,360.0,0.0,Urban,Y,3575,40.16853932584269,40.625
,Yes,,Not Graduate,Yes,11000,4167,25,360.0,,Urban,Y,15167,583.3461538461538,606.68
Female,No,1.0,Not Graduate,Yes,3666,5625,370,360.0,1.0,Semiurban,N,9291,25.04312668463612,25.11081081081081
Female,,2.0,Not Graduate,,3167,1213,115,60.0,1.0,Urban,Y,4380,37.75862068965517,38.08695652173913
,No,,Not Graduate,No,2853,1500,94,84.0,0.0,Semiurban,N,4353,45.82105263157895,46.308510638297875
,No,2.0,Graduate,Yes,5000,1666,25,480.0,,Urban,N,6666,256.38461538461536,266.64
Male,Yes,0.0,Graduate,,7451,2500,315,84.0,,Rural,N,9951,31.490506329113924,31.590476190476192
Male,Yes,2.0,Graduate,No,6080,5266,55,84.0,,Rural,N,11346,202.6071428571429,206.29090909090908
Female,Yes,3.0,Not Graduate,No,13650,3369,95,360.0,0.0,Semiurban,Y,17019,177.28125,179.14736842105262
Male,,2.0,Not Graduate,No,2439,5701,55,180.0,1.0,Rural,N,8140,145.35714285714286,148.0
,Yes,3.0,Graduate,Yes,2060,4417,55,300.0,,Urban,N,6477,115.66071428571428,117.76363636363637
Female,Yes,,Graduate,,8000,6250,81,180.0,,Rural,N,14250,173.78048780487805,175.92592592592592
,No,,Not Graduate,Yes,3167,3022,63,480.0,,Semiurban,Y,6189,96.703125,98.23809523809524
Female,No,1.0,Not Graduate,No,3073,2853,30,300.0,,Rural,N,5926,191.16129032258064,197.53333333333333
,Yes,1.0,Not Graduate,Yes,3200,1500,650,480.0,1.0,Urban,Y,4700,7.219662058371735,7.230769230769231
,No,,Not Graduate,No,5786,3022,152,120.0,1.0,Rural,N,8808,57.5686274509804,57.94736842105263
Male,No,0.0,Not Graduate,Yes,2708,1250,66,480.0,,Urban,N,3958,59.07462686567164,59.96969696969697
,No,1.0,Graduate,,2473,2142,58,240.0,,Urban,N,4615,78.22033898305085,79.56896551724138
,No,3.0,Not Graduate,,24763,1590,267,480.0,,Semiurban,N,26353,98.3320895522388,98.70037453183521
Male,Yes,3.0,Graduate,No,2500,688,182,300.0,0.0,Semiurban,N,3188,17.420765027322403,17.516483516483518
,No,2.0,Graduate,Yes,3250,4750,495,180.0,0.0,Urban,N,8000,16.129032258064516,16.161616161616163
Male,,,Not Graduate,,1800,985,114,300.0,0.0,Semiurban,Y,2785,24.217391304347824,24.42982456140351
Female,No,0.0,Graduate,No,3600,1640,128,84.0,0.0,Urban,Y,5240,40.62015503875969,40.9375
,No,1.0,Not Graduate,Yes,1863,736,88,,1.0,Semiurban,N,2599,29.202247191011235,29.53409090909091
Female,No,2.0,Not Graduate,No,2395,4595,376,300.0,,Semiurban,N,6990,18.54111405835544,18.590425531914892
Male,Yes,0.0,Not Graduate,,3416,2531,210,180.0,,Rural,N,5947,28.18483412322275,28.31904761904762
,No,0.0,Not Graduate,Yes,2927,4000,106,60.0,,Rural,N,6927,64.73831775700934,65.34905660377359
Female,Yes,1.0,Not Graduate,,1928,1459,350,120.0,0.0,Semiurban,N,3387,9.649572649572647,9.677142857142858
Male,Yes,0.0,Not Graduate,,3500,500,370,84.0,1.0,Rural,Y,4000,10.78167115902965,10.81081081081081
Male,No,3.0,Graduate,Yes,2875,7750,50,60.0,0.0,Rural,N,10625,208.3333333333333,212.5
,Yes,1.0,Not Graduate,No,15000,1964,141,480.0,1.0,Urban,N,16964,119.46478873239435,120.31205673758865
Female,,3.0,Not Graduate,,12000,754,495,300.0,1.0,Urban,N,12754,25.71370967741936,25.765656565656567
Male,,1.0,Graduate,Yes,3600,5750,93,120.0,1.0,Urban,N,9350,99.46808510638296,100.53763440860214
,No,3.0,Not Graduate,No,3625,5266,228,120.0,0.0,Semiurban,N,8891,38.82532751091703,38.99561403508772
Female,Yes,1.0,Not Graduate,No,2237,4750,165,360.0,0.0,Rural,N,6987,42.09036144578313,42.345454545454544
,Yes,,Graduate,,3083,1250,200,60.0,,Urban,N,4333,21.55721393034825,21.665
Male,Yes,3.0,Not Graduate,Yes,3522,4983,122,60.0,1.0,Rural,Y,8505,69.14634146341463,69.71311475409836
Male,No,3.0,Graduate,Yes,10513,2791,290,,1.0,Rural,N,13304,45.718213058419245,45.87586206896552
,Yes,,Not Graduate,Yes,150,4167,182,60.0,1.0,Rural,Y,4317,23.59016393442623,23.71978021978022
Female,,2.0,Graduate,,2853,688,255,120.0,,Semiurban,Y,3541,13.83203125,13.886274509803922
,,0.0,Not Graduate,No,2645,6250,201,180.0,0.0,Urban,N,8895,44.03465346534654,44.25373134328358
Male,No,1.0,Not Graduate,,2060,2791,94,480.0,1.0,Semiurban,N,4851,51.06315789473684,51.6063829787234
,Yes,0.0,Graduate,Yes,3250,4750,113,84.0,,Rural,N,8000,70.17543859649123,70.79646017699115
Female,No,0.0,Graduate,,5000,1083,90,60.0,,Urban,N,6083,66.84615384615384,67.58888888888889
,,,Not Graduate,No,2473,1213,131,240.0,0.0,Semiurban,N,3686,27.924242424242426,28.137404580152673
Female,Yes,3.0,Graduate,,2200,4486,166,300.0,1.0,Semiurban,N,6686,40.035928143712574,40.27710843373494
Male,,,Not Graduate,No,3800,1213,137,360.0,1.0,Rural,N,5013,36.32608695652174,36.59124087591241
Male,Yes,,Not Graduate,,2301,7750,17,360.0,1.0,Urban,N,10051,558.3888888888889,591.2352941176471
Female,,,Not Graduate,,3167,4486,267,60.0,1.0,Urban,N,7653,28.55597014925373,28.662921348314608
Male,No,0.0,Not Graduate,No,4300,736,315,120.0,0.0,Urban,N,5036,15.936708860759492,15.987301587301587
Male,No,1.0,Not Graduate,No,3250,7750,104,,1.0,Semiurban,N,11000,104.76190476190476,105.76923076923077
Male,No,0.0,Not Graduate,No,3600,1640,133,480.0,,Urban,Y,5240,39.1044776119403,39.3984962406015
,Yes,,Not Graduate,,8000,2330,88,300.0,0.0,Rural,Y,10330,116.06741573033707,117.38636363636364
Female,Yes,0.0,Not Graduate,Yes,3167,2045,17,480.0,1.0,Urban,N,5212,289.55555555555554,306.5882352941176
,No,,Not Graduate,Yes,3750,5750,17,240.0,,Urban,Y,9500,527.7777777777778,558.8235294117648
Male,,0.0,Not Graduate,Yes,2500,4486,72,360.0,0.0,Urban,N,6986,95.6986301369863,97.02777777777777
Female,Yes,0.0,Graduate,Yes,2927,1459,63,84.0,1.0,Urban,N,4386,68.53125,69.61904761904762
,No,,Graduate,,10513,1590,74,180.0,0.0,Semiurban,Y,12103,161.3733333333333,163.55405405405406
Male,No,,Not Graduate,No,10513,3167,285,120.0,,Semiurban,N,13680,47.83216783216783,48.0
Male,Yes,0.0,Graduate,,3073,2531,55,360.0,0.0,Rural,Y,5604,100.07142857142856,101.89090909090909
Male,No,,Graduate,,2708,2250,70,240.0,,Urban,Y,4958,69.83098591549296,70.82857142857142
Male,,2.0,Graduate,,2060,983,25,300.0,0.0,Rural,N,3043,117.03846153846152,121.72
Male,No,2.0,Not Graduate,,2132,1590,200,180.0,,Urban,N,3722,18.51741293532338,18.61
Female,,,Not Graduate,No,2178,1459,330,300.0,,Rural,Y,3637,10.987915407854985,11.021212121212121
Male,,1.0,Not Graduate,Yes,2666,1030,166,84.0,,Rural,N,3696,22.131736526946103,22.265060240963855
Male,No,3.0,Graduate,,2853,2133,165,,0.0,Urban,N,4986,30.03614457831325,30.21818181818182
Female,Yes,2.0,Graduate,No,24763,4167,113,240.0,1.0,Rural,Y,28930,253.7719298245614,256.01769911504425
Female,No,0.0,Not Graduate,No,2875,4595,136,180.0,,Semiurban,N,7470,54.52554744525548,54.9264705882353
Male,No,2.0,Not Graduate,No,8333,3500,63,180.0,1.0,Urban,N,11833,184.890625,187.82539682539684
Female,Yes,1.0,Not Graduate,Yes,3416,1929,78,84.0,0.0,Rural,N,5345,67.65822784810126,68.52564102564102
Male,No,,Graduate,,3073,7210,312,120.0,1.0,Rural,Y,10283,32.853035143769965,32.958333333333336
,,0.0,Graduate,,1800,1330,95,,,Urban,N,3130,32.604166666666664,32.94736842105263
Male,,0.0,Not Graduate,Yes,7200,4750,50,60.0,,Semiurban,Y,11950,234.31372549019608,239.0
Male,,0.0,Graduate,No,2333,5063,124,60.0,1.0,Semiurban,Y,7396,59.168,59.645161290322584
Male,,2.0,Not Graduate,No,7451,2133,192,300.0,1.0,Urban,N,9584,49.6580310880829,49.916666666666664
Female,No,1.0,Not Graduate,Yes,2600,1590,240,240.0,1.0,Urban,Y,4190,17.38589211618257,17.458333333333332
Female,,,Not Graduate,Yes,2718,4167,490,,0.0,Rural,N,6885,14.022403258655803,14.051020408163266
Female,,0.0,Graduate,Yes,4166,1590,109,240.0,,Urban,N,5756,52.32727272727273,52.80733944954128
Female,Yes,0.0,Graduate,No,2333,1250,99,480.0,,Urban,Y,3583,35.83,36.19191919191919
Female,,,Not Graduate,,6250,3022,78,60.0,,Urban,Y,9272,117.36708860759494,118.87179487179488
Male,Yes,1.0,Not Graduate,No,13650,3750,106,180.0,0.0,Semiurban,N,17400,162.6168224299065,164.1509433962264
Female,,2.0,Graduate,,2178,1250,90,300.0,0.0,Semiurban,N,3428,37.67032967032967,38.08888888888889
,Yes,,Graduate,Yes,3750,1500,308,84.0,1.0,Semiurban,N,5250,16.990291262135923,17.045454545454547
Female,No,,Graduate,Yes,1977,4300,59,360.0,1.0,Rural,N,6277,104.61666666666666,106.38983050847457
Female,,0.0,Graduate,Yes,3846,1666,55,84.0,1.0,Urban,N,5512,98.42857142857144,100.21818181818182
,,3.0,Graduate,No,2875,5250,72,480.0,,Urban,Y,8125,111.3013698630137,112.84722222222223
Male,No,0.0,Graduate,No,12841,1451,136,,,Rural,N,14292,104.32116788321169,105.08823529411765
Male,Yes,2.0,Graduate,Yes,2014,4983,25,240.0,,Semiurban,Y,6997,269.11538461538464,279.88
Female,,2.0,Not Graduate,No,2383,3263,201,480.0,0.0,Semiurban,N,5646,27.95049504950495,28.08955223880597
Female,No,1.0,Not Graduate,,5500,1666,125,180.0,0.0,Rural,Y,7166,56.87301587301587,57.328
Female,Yes,,Not Graduate,Yes,3250,2750,118,120.0,,Rural,N,6000,50.42016806722689,50.847457627118644
Male,Yes,,Not Graduate,,2927,2045,114,360.0,1.0,Semiurban,Y,4972,43.23478260869565,43.6140350877193
Male,No,,Not Graduate,Yes,2014,4866,115,60.0,1.0,Rural,N,6880,59.310344827586206,59.82608695652174
Male,,2.0,Graduate,Yes,3200,2250,128,360.0,,Rural,Y,5450,42.24806201550388,42.578125
Female,No,2.0,Not Graduate,No,7333,2383,109,480.0,,Rural,Y,9716,88.32727272727273,89.13761467889908
Male,No,,Graduate,No,3800,7210,113,480.0,,Urban,N,11010,96.57894736842104,97.43362831858407
,Yes,3.0,Not Graduate,No,5042,2500,255,180.0,0.0,Semiurban,N,7542,29.4609375,29.576470588235296
,,0.0,Graduate,Yes,8666,1929,110,180.0,,Semiurban,N,10595,95.45045045045045,96.31818181818181
,,3.0,Graduate,No,4950,3440,55,360.0,1.0,Urban,N,8390,149.82142857142858,152.54545454545453
Female,Yes,1.0,Not Graduate,Yes,2400,4595,85,360.0,,Urban,N,6995,81.33720930232558,82.29411764705883
,No,,Graduate,Yes,2333,2250,30,360.0,,Semiurban,N,4583,147.83870967741936,152.76666666666668
,,3.0,Graduate,No,10513,4196,81,84.0,0.0,Urban,Y,14709,179.3780487804878,181.59259259259258
,,0.0,Not Graduate,,3600,4750,125,180.0,,Rural,N,8350,66.26984126984127,66.8
Female,,1.0,Graduate,,2439,1666,55,,,Urban,N,4105,73.30357142857143,74.63636363636364
Male,No,,Not Graduate,Yes,3167,4595,490,300.0,1.0,Rural,N,7762,15.80855397148676,15.840816326530613
,,1.0,Not Graduate,,4000,7750,312,84.0,1.0,Semiurban,N,11750,37.539936102236425,37.66025641025641
Male,No,1.0,Not Graduate,No,3666,2500,90,84.0,,Urban,N,6166,67.75824175824175,68.5111111111111
Female,No,3.0,Graduate,,2718,4196,201,,0.0,Urban,N,6914,34.227722772277225,34.398009950248756
Female,,1.0,Graduate,Yes,1977,1800,83,360.0,0.0,Semiurban,N,3777,44.96428571428572,45.506024096385545
,Yes,0.0,Not Graduate,Yes,2853,1451,275,60.0,0.0,Semiurban,Y,4304,15.594202898550725,15.65090909090909
Female,,0.0,Not Graduate,No,12841,2142,136,180.0,0.0,Rural,N,14983,109.36496350364963,110.16911764705883
,No,0.0,Graduate,Yes,4000,1666,110,180.0,0.0,Rural,N,5666,51.04504504504504,51.50909090909091
,No,2.0,Graduate,,7200,3263,90,84.0,0.0,Urban,N,10463,114.97802197802196,116.25555555555556
Female,Yes,1.0,Graduate,Yes,24763,1250,136,300.0,1.0,Rural,Y,26013,189.87591240875912,191.27205882352942
Female,No,1.0,Not Graduate,,20166,1964,240,360.0,0.0,Rural,Y,22130,91.82572614107885,92.20833333333333
Female,,2.0,Not Graduate,,13650,6250,66,480.0,,Urban,Y,19900,297.0149253731343,301.5151515151515
Female,,2.0,Not Graduate,,2439,2083,700,,0.0,Urban,Y,4522,6.4507845934379455,6.46
Male,No,2.0,Not Graduate,,2000,1330,700,180.0,0.0,Urban,Y,3330,4.750356633380885,4.757142857142857
Male,No,0.0,Graduate,,2200,1800,152,60.0,0.0,Urban,Y,4000,26.1437908496732,26.31578947368421
,Yes,,Not Graduate,No,1800,1500,350,,,Semiurban,N,3300,9.401709401709402,9.428571428571429
Male,Yes,2.0,Not Graduate,,12841,736,144,300.0,1.0,Urban,N,13577,93.63448275862068,94.28472222222223
Male,No,1.0,Graduate,,2333,985,187,120.0,,Rural,Y,3318,17.648936170212767,17.74331550802139
Male,,1.0,Graduate,No,2718,0,128,300.0,0.0,Rural,Y,2718,21.069767441860463,21.234375
Female,,,Graduate,Yes,2500,1868,70,60.0,1.0,Semiurban,Y,4368,61.52112676056338,62.4
Female,Yes,1.0,Not Graduate,No,2383,500,17,480.0,1.0,Semiurban,Y,2883,160.16666666666666,169.58823529411765
Female,,0.0,Not Graduate,No,2439,4196,370,84.0,,Urban,N,6635,17.88409703504043,17.93243243243243
Male,Yes,,Not Graduate,No,3750,3449,63,180.0,,Rural,Y,7199,112.484375,114.26984126984127
,Yes,3.0,Not Graduate,No,5166,1083,47,60.0,,Semiurban,Y,6249,130.1875,132.95744680851064
,Yes,,Not Graduate,Yes,12841,3600,267,84.0,0.0,Rural,N,16441,61.34701492537314,61.57677902621723
Female,,2.0,Not Graduate,Yes,3250,0,114,480.0,1.0,Urban,N,3250,28.26086956521739,28.50877192982456
Female,No,0.0,Not Graduate,No,3250,2133,152,240.0,1.0,Urban,N,5383,35.18300653594771,35.41447368421053
Male,No,0.0,Not Graduate,Yes,2275,1500,99,360.0,0.0,Semiurban,N,3775,37.75,38.13131313131313
,No,2.0,Not Graduate,,5500,2531,208,480.0,1.0,Semiurban,N,8031,38.42583732057416,38.61057692307692
,No,,Not Graduate,,20166,5250,330,84.0,1.0,Urban,N,25416,76.78549848942598,77.01818181818182
Female,,1.0,Not Graduate,Yes,13650,1030,150,120.0,,Urban,N,14680,97.2185430463576,97.86666666666666
,,1.0,Not Graduate,Yes,2927,6000,141,60.0,,Urban,N,8927,62.86619718309859,63.312056737588655
,No,,Graduate,No,2833,5266,160,180.0,,Urban,N,8099,50.30434782608695,50.61875
,,3.0,Not Graduate,,3000,1330,47,480.0,,Semiurban,N,4330,90.20833333333331,92.12765957446808
Female,,3.0,Graduate,,3416,1843,131,480.0,0.0,Urban,N,5259,39.84090909090909,40.14503816793893
Male,No,,Graduate,No,9323,2045,17,240.0,,Rural,Y,11368,631.5555555555555,668.7058823529412
,Yes,,Not Graduate,No,3666,736,66,120.0,1.0,Semiurban,N,4402,65.70149253731343,66.6969696969697
,No,,Not Graduate,,4583,2000,141,360.0,0.0,Rural,Y,6583,46.35915492957746,46.687943262411345
Male,No,,Not Graduate,No,2340,3500,131,360.0,0.0,Semiurban,N,5840,44.24242424242424,44.58015267175573
Female,No,1.0,Not Graduate,Yes,2439,5250,240,120.0,1.0,Rural,Y,7689,31.904564315352697,32.0375
Male,Yes,3.0,Graduate,Yes,5786,1590,201,300.0,0.0,Urban,N,7376,36.51485148514851,36.69651741293532
,No,2.0,Not Graduate,,2500,1083,165,120.0,0.0,Rural,Y,3583,21.58433734939759,21.715151515151515
Female,,3.0,Graduate,,7200,1640,74,300.0,1.0,Rural,N,8840,117.86666666666666,119.45945945945945
,No,0.0,Not Graduate,No,2853,3750,85,480.0,1.0,Rural,N,6603,76.77906976744185,77.68235294117648
Male,,0.0,Graduate,,1625,2330,75,60.0,1.0,Rural,Y,3955,52.03947368421053,52.733333333333334
,Yes,0.0,Graduate,No,3189,1330,44,480.0,1.0,Urban,N,4519,100.42222222222222,102.70454545454545
Female,Yes,0.0,Not Graduate,No,6400,4300,30,120.0,0.0,Urban,Y,10700,345.16129032258067,356.6666666666667
,No,1.0,Graduate,,13650,1868,116,300.0,0.0,Urban,N,15518,132.63247863247864,133.77586206896552
Male,No,1.0,Graduate,Yes,6080,5250,349,480.0,,Semiurban,N,11330,32.371428571428574,32.46418338108882
Male,,1.0,Not Graduate,,2666,6250,59,480.0,,Urban,N,8916,148.6,151.11864406779662
,Yes,3.0,Not Graduate,,3500,3583,58,480.0,0.0,Rural,N,7083,120.05084745762711,122.12068965517241
Female,No,2.0,Graduate,No,150,700,30,120.0,0.0,Urban,Y,850,27.41935483870968,28.333333333333332
Female,,0.0,Not Graduate,No,3625,1868,650,360.0,1.0,Rural,N,5493,8.43778801843318,8.45076923076923
Female,Yes,,Graduate,Yes,2237,4866,176,,,Urban,N,7103,40.12994350282486,40.35795454545455
Female,No,,Not Graduate,Yes,5166,5625,182,480.0,1.0,Urban,N,10791,58.967213114754095,59.29120879120879
Male,No,2.0,Graduate,,2183,2330,150,240.0,1.0,Rural,N,4513,29.88741721854305,30.086666666666666
Female,,1.0,Not Graduate,,2799,983,25,480.0,0.0,Semiurban,Y,3782,145.46153846153845,151.28
Male,No,0.0,Graduate,Yes,7200,2383,144,480.0,1.0,Urban,Y,9583,66.0896551724138,66.54861111111111
Female,No,,Not Graduate,Yes,1000,4866,98,60.0,1.0,Semiurban,N,5866,59.25252525252525,59.857142857142854
Male,Yes,2.0,Not Graduate,No,3083,3369,17,240.0,0.0,Semiurban,N,6452,358.44444444444446,379.52941176470586
Male,,0.0,Not Graduate,No,10000,1250,150,84.0,1.0,Rural,Y,11250,74.50331125827815,75.0
Female,No,1.0,Graduate,,2275,830,30,,,Semiurban,Y,3105,100.16129032258064,103.5
Female,No,2.0,Graduate,,2383,2083,112,60.0,1.0,Rural,N,4466,39.52212389380531,39.875
,,0.0,Not Graduate,Yes,2645,2133,116,360.0,0.0,Semiurban,Y,4778,40.83760683760684,41.189655172413794
Male,Yes,0.0,Graduate,No,2645,4486,104,84.0,1.0,Semiurban,Y,7131,67.91428571428571,68.5673076923077
Female,,0.0,Graduate,No,3250,1500,200,,0.0,Semiurban,N,4750,23.6318407960199,23.75
,Yes,0.0,Not Graduate,,2071,1964,104,,1.0,Urban,Y,4035,38.42857142857143,38.79807692307692
,No,0.0,Not Graduate,No,2645,700,267,84.0,0.0,Rural,N,3345,12.48134328358209,12.52808988764045
,No,,Graduate,No,2395,1083,201,60.0,,Rural,N,3478,17.217821782178216,17.303482587064675
Female,,0.0,Not Graduate,No,1000,1250,58,84.0,,Rural,Y,2250,38.13559322033898,38.793103448275865
Male,Yes,2.0,Not Graduate,Yes,3666,5750,187,180.0,1.0,Rural,Y,9416,50.08510638297872,50.35294117647059
Female,No,1.0,Graduate,No,7200,1929,93,240.0,,Urban,N,9129,97.11702127659576,98.16129032258064
Female,No,3.0,Not Graduate,Yes,5166,3806,125,360.0,,Semiurban,N,8972,71.2063492063492,71.776
,,,Not Graduate,,3846,3440,201,240.0,1.0,Rural,N,7286,36.06930693069307,36.24875621890547
Male,Yes,,Not Graduate,Yes,1800,5250,66,,1.0,Rural,N,7050,105.22388059701493,106.81818181818181
,Yes,3.0,Graduate,,3416,1800,175,,0.0,Rural,N,5216,29.63636363636364,29.805714285714284
Male,,,Graduate,,3029,2142,109,,1.0,Semiurban,N,5171,47.00909090909091,47.440366972477065
Female,,2.0,Graduate,Yes,5042,2900,30,60.0,0.0,Semiurban,Y,7942,256.1935483870968,264.73333333333335
,Yes,2.0,Not Graduate,No,3200,4196,98,60.0,1.0,Semiurban,Y,7396,74.70707070707071,75.46938775510205
,Yes,,Not Graduate,No,3666,754,81,60.0,1.0,Urban,N,4420,53.90243902439025,54.5679012345679
,,0.0,Not Graduate,,4950,2853,175,84.0,1.0,Urban,N,7803,44.33522727272727,44.58857142857143
Male,,0.0,Not Graduate,,3052,3263,118,180.0,,Urban,N,6315,53.0672268907563,53.516949152542374
Male,,1.0,Graduate,,2071,3369,97,,0.0,Semiurban,Y,5440,55.51020408163265,56.08247422680412
Male,No,3.0,Graduate,No,1625,2500,25,300.0,1.0,Semiurban,Y,4125,158.65384615384616,165.0
,,3.0,Graduate,Yes,7200,2900,115,180.0,1.0,Rural,N,10100,87.06896551724138,87.82608695652173
Male,,3.0,Graduate,No,7100,7750,312,240.0,0.0,Semiurban,N,14850,47.44408945686901,47.59615384615385
Male,Yes,0.0,Graduate,Yes,10000,1300,175,84.0,1.0,Rural,Y,11300,64.20454545454545,64.57142857142857
Male,,1.0,Not Graduate,,2577,0,118,120.0,0.0,Semiurban,Y,2577,21.65546218487395,21.838983050847457
,Yes,1.0,Graduate,No,13650,3500,30,480.0,0.0,Urban,Y,17150,553.2258064516129,571.6666666666666
Male,No,2.0,Graduate,Yes,5042,2383,17,300.0,0.0,Urban,Y,7425,412.5,436.7647058823529
Female,,0.0,Graduate,Yes,7451,2330,17,,0.0,Semiurban,N,9781,543.3888888888889,575.3529411764706
Female,No,,Not Graduate,No,5042,3167,67,300.0,0.0,Rural,N,8209,120.72058823529412,122.5223880597015
,No,1.0,Graduate,,2577,5654,94,,0.0,Rural,N,8231,86.6421052631579,87.56382978723404
Male,No,,Graduate,Yes,2183,985,141,360.0,1.0,Rural,N,3168,22.309859154929576,22.46808510638298
Male,No,2.0,Graduate,Yes,9323,3369,58,300.0,1.0,Urban,N,12692,215.11864406779665,218.82758620689654
Female,,,Not Graduate,No,8000,7210,75,180.0,1.0,Semiurban,N,15210,200.1315789473684,202.8
Male,,1.0,Graduate,Yes,150,2250,349,120.0,,Urban,N,2400,6.857142857142857,6.876790830945558
Male,No,0.0,Not Graduate,No,2645,1964,141,480.0,1.0,Rural,N,4609,32.45774647887324,32.687943262411345
Female,No,0.0,Graduate,No,1928,6250,128,300.0,1.0,Semiurban,Y,8178,63.395348837209305,63.890625
Male,,1.0,Not Graduate,No,2383,983,376,,1.0,Rural,N,3366,8.928381962864721,8.952127659574469
Male,,3.0,Not Graduate,Yes,4950,4000,67,180.0,,Semiurban,Y,8950,131.61764705882354,133.5820895522388
,Yes,2.0,Graduate,,5417,2083,113,300.0,1.0,Urban,N,7500,65.78947368421052,66.3716814159292
Male,No,3.0,Graduate,,2950,6250,114,240.0,,Urban,N,9200,80.0,80.70175438596492
Female,No,1.0,Not Graduate,,5500,6000,290,60.0,1.0,Urban,Y,11500,39.51890034364261,39.6551724137931
Male,Yes,,Graduate,No,6250,3066,200,240.0,1.0,Rural,N,9316,46.34825870646766,46.58
Female,No,3.0,Graduate,Yes,10513,5654,139,60.0,0.0,Semiurban,N,16167,115.47857142857144,116.30935251798562
Female,Yes,,Graduate,No,3000,4196,30,120.0,1.0,Semiurban,N,7196,232.1290322580645,239.86666666666667
Female,,,Not Graduate,Yes,2060,688,600,480.0,,Urban,N,2748,4.572379367720466,4.58
Male,Yes,2.0,Graduate,,3625,4486,128,,0.0,Rural,N,8111,62.87596899224806,63.3671875
,,1.0,Not Graduate,No,6400,3440,58,60.0,0.0,Semiurban,Y,9840,166.77966101694915,169.6551724137931
Female,No,1.0,Not Graduate,No,2275,2853,112,480.0,1.0,Semiurban,N,5128,45.38053097345133,45.785714285714285
Male,Yes,1.0,Not Graduate,No,5316,2133,95,180.0,,Rural,Y,7449,77.59375,78.41052631578947
Male,,,Graduate,No,3666,4866,76,480.0,0.0,Rural,N,8532,110.8051948051948,112.26315789473684
Female,Yes,3.0,Graduate,No,2483,1590,700,60.0,1.0,Rural,Y,4073,5.8102710413694725,5.8185714285714285
Female,,1.0,Not Graduate,No,4950,7750,58,480.0,,Semiurban,Y,12700,215.2542372881356,218.9655172413793
Male,Yes,1.0,Graduate,No,3250,500,118,84.0,1.0,Urban,N,3750,31.51260504201681,31.779661016949152
Female,,1.0,Not Graduate,,5786,4000,75,180.0,1.0,Urban,N,9786,128.76315789473685,130.48
Male,Yes,3.0,Graduate,,2395,3066,137,300.0,,Semiurban,N,5461,39.572463768115945,39.86131386861314
Male,Yes,2.0,Not Graduate,No,2014,3750,144,180.0,,Semiurban,N,5764,39.75172413793104,40.02777777777778
Male,No,2.0,Not Graduate,,2833,4595,225,60.0,1.0,Semiurban,N,7428,32.86725663716814,33.013333333333335
Male,No,1.0,Graduate,Yes,1928,5701,50,300.0,,Urban,N,7629,149.58823529411765,152.58
,,1.0,Not Graduate,No,13650,5750,350,240.0,1.0,Rural,N,19400,55.27065527065527,55.42857142857143
,,,Not Graduate,No,10513,5625,17,84.0,,Rural,Y,16138,896.5555555555555,949.2941176470588
Female,Yes,,Graduate,Yes,2473,983,182,240.0,,Semiurban,Y,3456,18.885245901639344,18.98901098901099
,,0.0,Not Graduate,No,13650,3333,115,84.0,,Semiurban,N,16983,146.4051724137931,147.6782608695652
,No,,Not Graduate,No,3750,1330,66,360.0,0.0,Urban,N,5080,75.82089552238806,76.96969696969697
Male,,3.0,Not Graduate,Yes,12000,2083,104,240.0,,Semiurban,N,14083,134.1238095238095,135.41346153846155
Female,No,2.0,Not Graduate,Yes,5500,4000,88,84.0,,Semiurban,Y,9500,106.74157303370788,107.95454545454545
Female,No,,Not Graduate,,7200,5063,144,120.0,,Rural,Y,12263,84.57241379310345,85.15972222222223
Male,No,2.0,Not Graduate,,4843,3022,312,360.0,0.0,Semiurban,N,7865,25.12779552715655,25.208333333333332
Male,,3.0,Graduate,,150,2667,80,300.0,,Rural,N,2817,34.77777777777778,35.2125
,Yes,1.0,Graduate,Yes,1625,1030,97,,0.0,Semiurban,Y,2655,27.09183673469388,27.371134020618555
Female,,2.0,Not Graduate,,7200,688,75,240.0,,Urban,N,7888,103.78947368421052,105.17333333333333
,No,0.0,Not Graduate,No,4843,800,136,300.0,,Urban,Y,5643,41.18978102189781,41.49264705882353
Female,No,2.0,Not Graduate,,2853,1030,114,480.0,,Urban,N,3883,33.76521739130435,34.06140350877193
,No,2.0,Not Graduate,,13650,830,113,60.0,0.0,Rural,N,14480,127.01754385964912,128.141592920354
,,3.0,Graduate,,1863,1516,139,84.0,,Rural,N,3379,24.13571428571429,24.309352517985612
Male,No,1.0,Graduate,,2833,3333,184,360.0,,Urban,Y,6166,33.32972972972973,33.51086956521739
,,,Not Graduate,No,4300,2045,44,240.0,,Semiurban,N,6345,141.0,144.20454545454547
Female,,1.0,Not Graduate,Yes,2132,3500,17,360.0,,Urban,Y,5632,312.8888888888889,331.29411764705884
Male,No,3.0,Not Graduate,No,4166,3449,75,180.0,,Urban,N,7615,100.19736842105264,101.53333333333333
Male,No,1.0,Not Graduate,No,3800,4486,175,180.0,,Rural,Y,8286,47.07954545454545,47.348571428571425
,Yes,0.0,Not Graduate,No,3073,1300,120,,,Semiurban,N,4373,36.14049586776859,36.44166666666667
Female,Yes,0.0,Not Graduate,Yes,4583,5063,35,480.0,,Rural,Y,9646,267.94444444444446,275.6
Female,,3.0,Graduate,Yes,2071,4417,35,240.0,0.0,Urban,N,6488,180.22222222222223,185.37142857142857
,,1.0,Graduate,No,2060,688,128,60.0,0.0,Rural,Y,2748,21.302325581395348,21.46875
Female,Yes,0.0,Graduate,No,3666,2750,176,84.0,1.0,Rural,N,6416,36.24858757062147,36.45454545454545
,No,,Not Graduate,No,2583,1500,116,,0.0,Semiurban,Y,4083,34.8974358974359,35.19827586206897
Female,,1.0,Not Graduate,,3846,7210,115,480.0,,Semiurban,N,11056,95.3103448275862,96.13913043478261
Female,No,3.0,Not Graduate,,2708,1843,201,360.0,,Urban,Y,4551,22.52970297029703,22.64179104477612
Male,No,3.0,Not Graduate,,3750,2250,700,60.0,1.0,Semiurban,N,6000,8.559201141226819,8.571428571428571
Female,,0.0,Graduate,Yes,3366,1300,83,84.0,0.0,Rural,Y,4666,55.54761904761905,56.21686746987952
,,,Not Graduate,Yes,2718,983,81,300.0,0.0,Semiurban,N,3701,45.13414634146341,45.69135802469136
,No,,Graduate,No,3600,1868,182,300.0,1.0,Rural,N,5468,29.879781420765028,30.043956043956044
Male,No,,Graduate,Yes,2491,2416,106,120.0,,Urban,N,4907,45.85981308411215,46.29245283018868
,Yes,,Not Graduate,No,3189,1964,320,480.0,1.0,Semiurban,N,5153,16.052959501557634,16.103125
,No,1.0,Not Graduate,Yes,4000,0,144,120.0,0.0,Rural,N,4000,27.58620689655172,27.77777777777778
Male,Yes,,Graduate,Yes,4583,1640,85,60.0,1.0,Rural,N,6223,72.36046511627907,73.21176470588236
Female,No,,Graduate,Yes,3189,3369,74,60.0,1.0,Urban,N,6558,87.44,88.62162162162163
,,2.0,Graduate,,1625,1964,63,120.0,1.0,Rural,N,3589,56.078125,56.96825396825397
Female,Yes,,Graduate,Yes,3200,1500,116,480.0,,Semiurban,N,4700,40.17094017094017,40.51724137931034
Female,Yes,3.0,Graduate,,3666,5654,495,480.0,,Semiurban,N,9320,18.79032258064516,18.828282828282827
,Yes,,Graduate,No,2718,3263,100,180.0,,Rural,N,5981,59.21782178217822,59.81
Male,Yes,3.0,Graduate,Yes,4843,4750,152,180.0,1.0,Rural,N,9593,62.69934640522876,63.11184210526316
Female,No,,Graduate,,2473,0,85,,,Rural,N,2473,28.75581395348837,29.094117647058823
Male,No,0.0,Not Graduate,Yes,3029,1250,99,300.0,0.0,Semiurban,N,4279,42.79,43.22222222222222
Female,Yes,,Graduate,Yes,4300,2583,137,84.0,1.0,Urban,N,6883,49.8768115942029,50.24087591240876
Male,,1.0,Graduate,,5000,688,158,480.0,0.0,Semiurban,N,5688,35.77358490566038,36.0
Female,,0.0,Not Graduate,Yes,20166,4196,144,60.0,,Semiurban,N,24362,168.01379310344828,169.18055555555554
Female,,2.0,Graduate,Yes,2491,700,320,480.0,1.0,Rural,N,3191,9.940809968847352,9.971875
Female,No,2.0,Not Graduate,Yes,1863,3449,75,60.0,1.0,Rural,N,5312,69.89473684210526,70.82666666666667
Female,,,Not Graduate,No,2577,5654,139,180.0,1.0,Semiurban,N,8231,58.79285714285714,59.21582733812949
Female,Yes,3.0,Graduate,No,4300,4983,106,360.0,0.0,Semiurban,N,9283,86.75700934579439,87.5754716981132
,Yes,3.0,Graduate,No,2275,2142,72,360.0,1.0,Urban,N,4417,60.50684931506849,61.34722222222222
,No,0.0,Not Graduate,Yes,6400,2416,228,84.0,,Semiurban,N,8816,38.49781659388646,38.666666666666664
,No,2.0,Not Graduate,No,20166,1800,180,240.0,1.0,Semiurban,N,21966,121.35911602209944,122.03333333333333
,Yes,2.0,Not Graduate,No,3800,4486,81,180.0,,Urban,Y,8286,101.04878048780488,102.29629629629629
,No,2.0,Not Graduate,,7451,1640,96,84.0,,Semiurban,N,9091,93.72164948453609,94.69791666666667
Female,,3.0,Not Graduate,No,2395,2383,50,84.0,0.0,Rural,N,4778,93.68627450980392,95.56
,No,0.0,Graduate,No,2853,1459,225,240.0,1.0,Rural,N,4312,19.079646017699115,19.164444444444445
Female,No,1.0,Graduate,Yes,1928,1083,67,,0.0,Urban,N,3011,44.27941176470589,44.940298507462686
,,0.0,Graduate,No,8666,2330,184,120.0,,Urban,N,10996,59.43783783783784,59.76086956521739
Male,Yes,3.0,Graduate,No,6080,4000,184,300.0,0.0,Semiurban,N,10080,54.48648648648648,54.78260869565217
,,0.0,Not Graduate,No,2071,2083,47,84.0,,Urban,N,4154,86.54166666666667,88.38297872340425
Female,,0.0,Graduate,,3200,3583,225,60.0,0.0,Semiurban,Y,6783,30.013274336283185,30.14666666666667
Male,No,,Graduate,Yes,24763,2083,17,180.0,0.0,Urban,Y,26846,1491.4444444444443,1579.1764705882354
Female,Yes,0.0,Graduate,,2439,1459,25,360.0,0.0,Semiurban,N,3898,149.92307692307693,155.92
Female,No,1.0,Not Graduate,,3073,3263,128,84.0,1.0,Semiurban,N,6336,49.11627906976744,49.5
,Yes,,Not Graduate,No,2395,7750,300,120.0,0.0,Rural,Y,10145,33.70431893687708,33.81666666666667
Female,No,1.0,Graduate,No,2500,4417,300,120.0,,Urban,N,6917,22.980066445182725,23.05666666666667
Male,,3.0,Graduate,Yes,13650,1516,85,60.0,1.0,Rural,Y,15166,176.34883720930233,178.42352941176472
Female,No,3.0,Graduate,No,5266,3583,95,360.0,1.0,Urban,Y,8849,92.17708333333331,93.14736842105263
Male,No,3.0,Not Graduate,No,4950,1590,104,300.0,1.0,Semiurban,N,6540,62.285714285714285,62.88461538461539
Female,Yes,2.0,Not Graduate,Yes,4843,4750,300,180.0,1.0,Urban,N,9593,31.87043189368771,31.976666666666667
Male,,,Graduate,,12000,2750,267,,1.0,Rural,Y,14750,55.03731343283582,55.243445692883896
Male,,,Not Graduate,No,2666,2791,290,120.0,,Semiurban,Y,5457,18.75257731958763,18.817241379310346
Female,Yes,,Graduate,Yes,2583,2250,120,360.0,,Rural,N,4833,39.94214876033058,40.275
Male,,0.0,Not Graduate,,2799,700,182,300.0,,Semiurban,N,3499,19.12021857923497,19.225274725274726
,No,1.0,Not Graduate,Yes,6250,6250,210,180.0,,Rural,N,12500,59.24170616113744,59.523809523809526
,Yes,,Graduate,,2266,5701,128,300.0,1.0,Semiurban,N,7967,61.75968992248062,62.2421875
,,2.0,Not Graduate,No,2383,754,67,,0.0,Rural,N,3137,46.13235294117647,46.82089552238806
Male,No,1.0,Graduate,Yes,3366,830,240,180.0,,Urban,Y,4196,17.410788381742737,17.483333333333334
,,2.0,Not Graduate,,2333,2791,58,240.0,1.0,Rural,N,5124,86.84745762711864,88.34482758620689
Male,No,0.0,Not Graduate,No,2000,4486,114,84.0,1.0,Urban,N,6486,56.4,56.89473684210526
,Yes,0.0,Graduate,Yes,5667,1640,650,120.0,1.0,Rural,N,7307,11.224270353302613,11.241538461538461
Female,No,3.0,Graduate,Yes,10513,4417,133,480.0,0.0,Rural,N,14930,111.4179104477612,112.25563909774436
Male,Yes,1.0,Not Graduate,,4300,3369,128,180.0,0.0,Urban,N,7669,59.44961240310077,59.9140625
,Yes,2.0,Not Graduate,,2340,1083,200,,,Semiurban,N,3423,17.029850746268657,17.115
,Yes,0.0,Not Graduate,,20166,2750,35,360.0,1.0,Rural,N,22916,636.5555555555555,654.7428571428571
Female,No,,Graduate,No,3750,2133,17,,,Rural,Y,5883,326.8333333333333,346.05882352941177
,,1.0,Graduate,Yes,4950,3022,75,300.0,0.0,Rural,Y,7972,104.89473684210526,106.29333333333334
,No,3.0,Graduate,,2014,1330,154,300.0,0.0,Urban,N,3344,21.574193548387097,21.714285714285715
Female,No,1.0,Graduate,,10000,1843,210,480.0,1.0,Semiurban,N,11843,56.127962085308056,56.39523809523809
Female,Yes,0.0,Not Graduate,,9323,3500,35,360.0,,Rural,N,12823,356.19444444444446,366.37142857142857
Female,,2.0,Not Graduate,No,3522,1964,115,,,Rural,Y,5486,47.293103448275865,47.70434782608696
Female,,1.0,Graduate,Yes,3366,1590,30,300.0,0.0,Semiurban,Y,4956,159.8709677419355,165.2
Male,Yes,0.0,Graduate,,7100,5654,44,60.0,,Urban,N,12754,283.4222222222222,289.8636363636364
Male,,0.0,Not Graduate,No,2479,3022,184,240.0,,Semiurban,Y,5501,29.73513513513513,29.89673913043478
,,2.0,Graduate,,6400,5654,133,300.0,,Rural,Y,12054,89.95522388059702,90.63157894736842
Female,,,Not Graduate,Yes,5417,2853,136,240.0,0.0,Urban,N,8270,60.36496350364963,60.80882352941177
Female,,3.0,Graduate,No,3189,3333,182,300.0,1.0,Urban,N,6522,35.63934426229508,35.83516483516483
,,1.0,Graduate,,2395,6250,98,300.0,0.0,Urban,N,8645,87.32323232323232,88.21428571428571
Female,No,2.0,Graduate,,1000,3369,59,180.0,0.0,Urban,Y,4369,72.81666666666666,74.05084745762711
,,0.0,Graduate,Yes,2853,2383,124,,,Urban,N,5236,41.888,42.225806451612904
,,0.0,Graduate,No,2500,4300,83,360.0,1.0,Urban,N,6800,80.95238095238095,81.92771084337349
Male,Yes,1.0,Graduate,,4300,4300,180,180.0,,Semiurban,N,8600,47.51381215469613,47.77777777777778
Female,No,1.0,Not Graduate,Yes,3073,2531,50,60.0,,Urban,N,5604,109.88235294117646,112.08
Female,No,1.0,Not Graduate,Yes,8666,4196,349,60.0,0.0,Urban,Y,12862,36.74857142857143,36.853868194842406
Female,,3.0,Not Graduate,No,6400,2900,30,84.0,0.0,Semiurban,N,9300,300.0,310.0
,No,,Graduate,,4583,6250,76,180.0,1.0,Urban,N,10833,140.6883116883117,142.53947368421052
,,,Graduate,No,6747,3449,112,240.0,0.0,Rural,Y,10196,90.23008849557522,91.03571428571429
,No,,Not Graduate,,15000,2416,144,120.0,1.0,Rural,N,17416,120.1103448275862,120.94444444444444
Female,,3.0,Graduate,Yes,2237,5654,184,480.0,0.0,Urban,Y,7891,42.65405405405406,42.88586956521739
,Yes,1.0,Not Graduate,,5000,5266,155,360.0,0.0,Rural,N,10266,65.8076923076923,66.23225806451613
Female,Yes,3.0,Graduate,,20166,754,124,300.0,0.0,Urban,Y,20920,167.36,168.70967741935485
Male,,,Graduate,Yes,5000,2383,225,60.0,,Urban,N,7383,32.66814159292036,32.81333333333333
Male,,0.0,Not Graduate,No,2178,1459,490,300.0,0.0,Urban,N,3637,7.407331975560082,7.422448979591837
,,2.0,Graduate,Yes,24763,1250,240,180.0,1.0,Semiurban,Y,26013,107.9377593360996,108.3875
,,3.0,Graduate,No,3167,2500,137,240.0,1.0,Urban,N,5667,41.06521739130435,41.36496350364963
,,1.0,Graduate,No,4300,830,72,360.0,0.0,Rural,N,5130,70.27397260273973,71.25
,,2.0,Graduate,No,5266,4983,350,,0.0,Rural,N,10249,29.1994301994302,29.282857142857143
Male,No,,Graduate,No,2333,800,290,300.0,0.0,Urban,Y,3133,10.766323024054984,10.803448275862069
Female,No,2.0,Graduate,,2400,4486,165,240.0,,Urban,N,6886,41.48192771084337,41.733333333333334
,,1.0,Not Graduate,Yes,3800,4196,70,60.0,0.0,Rural,N,7996,112.61971830985917,114.22857142857143
Male,Yes,2.0,Graduate,No,2014,3167,144,360.0,,Rural,N,5181,35.73103448275862,35.979166666666664
,Yes,3.0,Not Graduate,No,7451,1666,44,360.0,1.0,Semiurban,N,9117,202.6,207.20454545454547
,,3.0,Graduate,No,3029,5250,184,,,Semiurban,N,8279,44.75135135135135,44.994565217391305
Female,Yes,0.0,Not Graduate,No,5316,2667,166,300.0,0.0,Urban,Y,7983,47.80239520958084,48.09036144578313
Female,,,Not Graduate,No,2340,5654,350,84.0,,Urban,N,7994,22.77492877492877,22.84
Female,Yes,2.0,Graduate,No,24763,4196,140,120.0,1.0,Semiurban,N,28959,205.38297872340425,206.85
Male,No,,Graduate,,3083,1451,125,240.0,,Semiurban,N,4534,35.98412698412698,36.272
Male,No,2.0,Graduate,,3846,6000,94,180.0,,Urban,Y,9846,103.6421052631579,104.74468085106383
,Yes,1.0,Graduate,,3846,4000,350,480.0,,Rural,Y,7846,22.35327635327636,22.417142857142856
Male,Yes,3.0,Not Graduate,No,2708,1929,490,240.0,0.0,Urban,N,4637,9.443991853360489,9.463265306122448
Male,Yes,1.0,Not Graduate,No,2577,3806,70,480.0,,Urban,Y,6383,89.90140845070422,91.18571428571428
Female,Yes,1.0,Not Graduate,No,2577,1640,44,60.0,,Semiurban,N,4217,93.71111111111112,95.8409090909091
Male,No,,Not Graduate,Yes,2833,6250,95,180.0,,Semiurban,N,9083,94.61458333333331,95.61052631578947
Male,No,1.0,Not Graduate,No,4300,4750,228,480.0,0.0,Urban,N,9050,39.51965065502184,39.69298245614035
Female,,1.0,Graduate,No,2833,4983,125,84.0,0.0,Semiurban,N,7816,62.03174603174603,62.528
,No,0.0,Not Graduate,No,2147,800,131,180.0,1.0,Rural,N,2947,22.32575757575757,22.49618320610687
Female,No,,Graduate,No,3366,4196,94,240.0,0.0,Semiurban,Y,7562,79.6,80.44680851063829
,No,1.0,Graduate,No,2000,2383,85,360.0,0.0,Semiurban,Y,4383,50.96511627906977,51.56470588235294
,,,Not Graduate,,4583,5063,300,300.0,,Rural,N,9646,32.04651162790697,32.153333333333336
Male,,2.0,Not Graduate,,3083,1640,88,60.0,,Semiurban,N,4723,53.06741573033708,53.67045454545455
,No,2.0,Not Graduate,,3366,5063,308,,0.0,Urban,N,8429,27.27831715210356,27.366883116883116
Male,Yes,1.0,Graduate,,6250,900,80,300.0,,Urban,N,7150,88.27160493827161,89.375
Female,,,Graduate,No,2340,2500,175,84.0,1.0,Rural,N,4840,27.5,27.65714285714286
Male,No,1.0,Graduate,Yes,2301,3369,25,180.0,0.0,Urban,N,5670,218.07692307692307,226.8
,No,,Not Graduate,No,2600,1800,109,480.0,1.0,Semiurban,Y,4400,40.0,40.36697247706422
,Yes,,Graduate,No,9323,2531,109,300.0,0.0,Semiurban,N,11854,107.76363636363637,108.75229357798165
,Yes,1.0,Graduate,,3167,4300,436,300.0,,Semiurban,N,7467,17.08695652173913,17.126146788990827
Female,No,0.0,Not Graduate,Yes,3333,1929,201,,1.0,Semiurban,Y,5262,26.04950495049505,26.17910447761194
,Yes,0.0,Graduate,No,4843,1213,80,360.0,1.0,Semiurban,Y,6056,74.76543209876543,75.7
,Yes,2.0,Graduate,,8666,3806,182,,0.0,Semiurban,N,12472,68.15300546448087,68.52747252747253
Male,No,0.0,Graduate,No,2178,2142,59,60.0,1.0,Urban,N,4320,72.0,73.22033898305085
Female,No,3.0,Graduate,,3500,1868,96,84.0,1.0,Semiurban,N,5368,55.34020618556701,55.916666666666664
,,2.0,Graduate,Yes,6400,1250,137,480.0,1.0,Rural,N,7650,55.43478260869565,55.839416058394164
Male,No,1.0,Not Graduate,Yes,2927,1500,113,60.0,0.0,Rural,N,4427,38.833333333333336,39.176991150442475
,,,Graduate,Yes,2645,1213,81,120.0,,Rural,Y,3858,47.04878048780488,47.629629629629626
,Yes,1.0,Not Graduate,Yes,2718,2791,308,360.0,1.0,Urban,N,5509,17.828478964401295,17.886363636363637
,,0.0,Graduate,No,10000,3263,650,240.0,0.0,Semiurban,N,13263,20.37327188940092,20.404615384615386
,,,Not Graduate,No,3333,2142,58,360.0,1.0,Urban,Y,5475,92.79661016949152,94.39655172413794
Female,,2.0,Not Graduate,,13650,985,187,240.0,,Semiurban,N,14635,77.84574468085107,78.2620320855615
Female,No,2.0,Not Graduate,Yes,2473,5750,158,,0.0,Urban,N,8223,51.71698113207548,52.04430379746835
Female,No,1.0,Not Graduate,No,2833,2900,78,180.0,1.0,Urban,Y,5733,72.56962025316456,73.5
Female,No,2.0,Graduate,Yes,5042,2531,90,60.0,,Urban,N,7573,83.21978021978022,84.14444444444445
,,0.0,Graduate,No,10000,3449,90,180.0,,Semiurban,N,13449,147.7912087912088,149.43333333333334
Female,No,0.0,Graduate,Yes,2666,1516,58,60.0,0.0,Semiurban,N,4182,70.88135593220339,72.10344827586206
,No,1.0,Graduate,No,1625,2330,300,60.0,1.0,Semiurban,N,3955,13.13953488372093,13.183333333333334
,,3.0,Graduate,,5166,985,47,360.0,0.0,Semiurban,N,6151,128.14583333333334,130.87234042553192
Female,Yes,,Not Graduate,,2439,700,75,480.0,,Rural,N,3139,41.30263157894737,41.85333333333333
Female,Yes,1.0,Graduate,,5042,1590,67,180.0,,Urban,N,6632,97.52941176470588,98.98507462686567
Female,No,,Graduate,,2395,4866,75,300.0,,Semiurban,N,7261,95.53947368421052,96.81333333333333
Female,,2.0,Not Graduate,Yes,4583,4196,275,180.0,,Rural,Y,8779,31.80797101449276,31.923636363636362
Female,,2.0,Not Graduate,No,2491,7210,112,84.0,,Semiurban,N,9701,85.84955752212389,86.61607142857143
,,3.0,Not Graduate,,2645,4486,225,240.0,,Urban,N,7131,31.553097345132745,31.69333333333333
,,3.0,Graduate,Yes,2473,2250,59,84.0,0.0,Semiurban,N,4723,78.71666666666667,80.05084745762711
,,0.0,Graduate,,4166,1590,78,120.0,0.0,Urban,N,5756,72.86075949367088,73.7948717948718
Female,Yes,2.0,Graduate,,3366,1640,81,240.0,0.0,Rural,Y,5006,61.04878048780488,61.80246913580247
Male,Yes,2.0,Not Graduate,Yes,2600,1640,182,60.0,0.0,Urban,Y,4240,23.169398907103822,23.296703296703296
Female,No,1.0,Not Graduate,,2853,4000,96,300.0,1.0,Semiurban,Y,6853,70.64948453608247,71.38541666666667
Male,No,,Not Graduate,No,2577,2000,160,480.0,0.0,Urban,Y,4577,28.428571428571427,28.60625
Male,No,2.0,Graduate,Yes,10000,3066,58,360.0,,Rural,N,13066,221.45762711864407,225.27586206896552
Female,Yes,1.0,Not Graduate,No,6250,6250,136,60.0,1.0,Urban,N,12500,91.24087591240875,91.91176470588235
Male,,0.0,Not Graduate,No,2060,3440,109,84.0,1.0,Rural,N,5500,50.0,50.45871559633027
Male,,2.0,Not Graduate,No,6747,754,650,240.0,1.0,Semiurban,N,7501,11.522273425499233,11.54
Male,No,0.0,Graduate,,7333,5750,17,300.0,1.0,Rural,N,13083,726.8333333333334,769.5882352941177
Female,Yes,0.0,Not Graduate,Yes,2132,1929,50,240.0,0.0,Rural,N,4061,79.62745098039215,81.22
,Yes,0.0,Graduate,,2000,3449,120,60.0,1.0,Semiurban,N,5449,45.03305785123967,45.40833333333333
Female,,,Graduate,Yes,2718,1459,208,300.0,,Semiurban,N,4177,19.98564593301436,20.08173076923077
Male,No,,Not Graduate,,3052,1330,139,120.0,,Semiurban,Y,4382,31.3,31.52517985611511
Male,No,3.0,Graduate,Yes,2132,3333,98,60.0,0.0,Rural,Y,5465,55.2020202020202,55.765306122448976
Female,No,1.0,Not Graduate,No,4000,4417,59,480.0,,Urban,N,8417,140.28333333333333,142.66101694915255
,,0.0,Graduate,Yes,8000,3440,58,240.0,1.0,Urban,N,11440,193.89830508474577,197.24137931034483
Male,No,1.0,Graduate,Yes,2799,3263,81,180.0,0.0,Urban,N,6062,73.92682926829268,74.8395061728395
Male,,2.0,Not Graduate,No,5266,500,110,240.0,1.0,Urban,N,5766,51.94594594594594,52.41818181818182
Female,,1.0,Not Graduate,No,3800,2750,106,480.0,0.0,Urban,N,6550,61.21495327102804,61.79245283018868
Female,No,2.0,Not Graduate,,3073,5266,94,84.0,0.0,Semiurban,Y,8339,87.77894736842106,88.7127659574468
Male,Yes,,Not Graduate,No,1928,4750,228,,0.0,Semiurban,Y,6678,29.16157205240175,29.289473684210527
,Yes,1.0,Not Graduate,Yes,2060,1929,83,,0.0,Rural,N,3989,47.48809523809524,48.06024096385542
,,2.0,Not Graduate,No,2577,1929,120,360.0,1.0,Urban,N,4506,37.239669421487605,37.55
,,3.0,Graduate,No,3750,6000,175,180.0,1.0,Urban,N,9750,55.39772727272727,55.714285714285715
Male,No,0.0,Not Graduate,Yes,2583,830,139,60.0,1.0,Urban,Y,3413,24.37857142857143,24.553956834532375
Female,No,,Graduate,Yes,13650,6000,112,480.0,,Rural,Y,19650,173.89380530973452,175.44642857142858
Male,Yes,1.0,Graduate,,2400,736,97,120.0,1.0,Urban,Y,3136,32.0,32.329896907216494
,Yes,,Not Graduate,Yes,2200,1640,285,120.0,0.0,Semiurban,N,3840,13.426573426573428,13.473684210526315
,Yes,0.0,Graduate,,2000,3500,133,240.0,0.0,Urban,N,5500,41.04477611940298,41.35338345864662
Male,,3.0,Not Graduate,,3083,3600,97,,0.0,Rural,Y,6683,68.1938775510204,68.89690721649484
Female,,3.0,Graduate,Yes,6250,5250,122,240.0,1.0,Urban,N,11500,93.4959349593496,94.26229508196721
Female,,1.0,Graduate,No,2200,1083,47,120.0,0.0,Semiurban,N,3283,68.39583333333333,69.85106382978724
Female,Yes,1.0,Graduate,No,10513,4000,300,84.0,0.0,Semiurban,N,14513,48.21594684385382,48.376666666666665
Female,,,Graduate,Yes,5417,688,139,60.0,1.0,Semiurban,N,6105,43.60714285714285,43.92086330935252
Male,,3.0,Graduate,,4000,3167,112,60.0,0.0,Urban,N,7167,63.42477876106194,63.99107142857143
Female,No,0.0,Not Graduate,,2266,4866,184,480.0,1.0,Urban,N,7132,38.55135135135135,38.76086956521739
,,2.0,Not Graduate,Yes,2875,1213,158,240.0,1.0,Urban,Y,4088,25.71069182389937,25.873417721518987
Female,No,2.0,Graduate,Yes,3189,2250,436,300.0,,Urban,N,5439,12.446224256292906,12.474770642201834
Male,Yes,2.0,Not Graduate,No,2266,0,110,180.0,0.0,Semiurban,N,2266,20.414414414414413,20.6
Female,,0.0,Graduate,Yes,2479,800,312,84.0,,Semiurban,N,3279,10.476038338658148,10.509615384615385
,No,2.0,Graduate,No,2577,2416,370,84.0,,Semiurban,N,4993,13.45822102425876,13.494594594594595
Female,Yes,,Not Graduate,,3750,1868,80,,,Semiurban,N,5618,69.35802469135803,70.225
,No,2.0,Not Graduate,Yes,10513,4196,112,360.0,,Rural,N,14709,130.16814159292036,131.33035714285714
,Yes,0.0,Not Graduate,No,2950,5625,110,180.0,,Rural,N,8575,77.25225225225225,77.95454545454545
Male,Yes,3.0,Not Graduate,No,1928,4196,75,84.0,0.0,Semiurban,N,6124,80.57894736842105,81.65333333333334
,,2.0,Graduate,No,1000,1516,118,300.0,0.0,Urban,N,2516,21.142857142857142,21.322033898305083
,,2.0,Not Graduate,Yes,2395,1640,144,84.0,,Semiurban,N,4035,27.82758620689655,28.020833333333332
,,2.0,Not Graduate,,1863,3369,17,84.0,,Semiurban,Y,5232,290.6666666666667,307.7647058823529
,No,2.0,Graduate,,2301,2900,320,360.0,,Rural,N,5201,16.202492211838006,16.253125
,,3.0,Not Graduate,,2491,1030,128,,0.0,Rural,N,3521,27.294573643410853,27.5078125
,No,,Graduate,Yes,3366,3066,128,84.0,1.0,Semiurban,N,6432,49.86046511627907,50.25
Male,,3.0,Not Graduate,No,2666,3440,275,240.0,1.0,Urban,Y,6106,22.1231884057971,22.203636363636363
,No,2.0,Not Graduate,,13650,2853,308,300.0,1.0,Semiurban,Y,16503,53.40776699029127,53.58116883116883
,,2.0,Not Graduate,No,13650,2083,112,300.0,1.0,Rural,N,15733,139.23008849557522,140.47321428571428
Male,Yes,0.0,Graduate,,1000,5654,30,300.0,,Semiurban,Y,6654,214.6451612903226,221.8
,Yes,3.0,Graduate,No,2799,1516,201,60.0,0.0,Semiurban,N,4315,21.361386138613863,21.46766169154229
Male,Yes,1.0,Not Graduate,Yes,3073,5266,285,240.0,,Urban,Y,8339,29.157342657342657,29.25964912280702
,Yes,0.0,Graduate,No,7200,3167,80,60.0,1.0,Semiurban,N,10367,127.98765432098766,129.5875
,Yes,2.0,Not Graduate,No,2340,5701,94,84.0,0.0,Rural,Y,8041,84.6421052631579,85.54255319148936
Female,Yes,,Graduate,No,3416,736,124,180.0,,Rural,N,4152,33.216,33.483870967741936
,Yes,0.0,Not Graduate,No,5500,985,141,84.0,,Urban,N,6485,45.66901408450704,45.99290780141844
Male,,0.0,Not Graduate,Yes,2400,5625,175,180.0,0.0,Semiurban,N,8025,45.59659090909091,45.857142857142854
Female,Yes,3.0,Graduate,,2395,3600,176,480.0,,Semiurban,Y,5995,33.87005649717514,34.0625
Female,No,0.0,Graduate,,3333,3449,700,360.0,0.0,Semiurban,Y,6782,9.67475035663338,9.688571428571429
Female,No,0.0,Graduate,No,2577,1330,97,120.0,,Urban,N,3907,39.86734693877551,40.27835051546392
,No,1.0,Not Graduate,No,2000,3449,495,360.0,,Semiurban,Y,5449,10.985887096774194,11.008080808080807
Male,,1.0,Graduate,Yes,5417,2853,225,84.0,,Semiurban,N,8270,36.5929203539823,36.75555555555555
,,,Graduate,Yes,2645,736,66,240.0,1.0,Semiurban,N,3381,50.46268656716418,51.22727272727273
,Yes,,Not Graduate,No,4583,1330,158,300.0,,Semiurban,N,5913,37.18867924528302,37.424050632911396
Female,Yes,3.0,Not Graduate,,2071,3806,349,300.0,0.0,Rural,N,5877,16.791428571428572,16.839541547277936
,,2.0,Graduate,Yes,12000,4595,490,360.0,0.0,Rural,Y,16595,33.79837067209776,33.86734693877551
Male,,3.0,Not Graduate,Yes,3666,5625,201,60.0,,Semiurban,N,9291,45.995049504950494,46.223880597014926
Female,,3.0,Not Graduate,Yes,3073,1640,240,84.0,0.0,Semiurban,N,4713,19.55601659751037,19.6375
,No,0.0,Graduate,Yes,4300,688,350,,0.0,Semiurban,N,4988,14.21082621082621,14.251428571428571
,Yes,,Not Graduate,,2479,1500,67,,0.0,Urban,N,3979,58.51470588235294,59.38805970149254
Female,,0.0,Not Graduate,Yes,1625,700,90,,,Urban,Y,2325,25.54945054945055,25.833333333333332
Female,No,2.0,Graduate,Yes,1928,736,255,480.0,,Semiurban,N,2664,10.40625,10.447058823529412
,Yes,,Not Graduate,Yes,3052,3750,120,180.0,1.0,Urban,Y,6802,56.21487603305785,56.68333333333333
,Yes,3.0,Graduate,No,7200,2142,99,,0.0,Urban,Y,9342,93.42,94.36363636363636
Male,Yes,1.0,Not Graduate,No,1800,1083,95,480.0,1.0,Rural,N,2883,30.03125,30.347368421052632
Male,,,Graduate,No,2500,6000,70,84.0,0.0,Urban,Y,8500,119.71830985915491,121.42857142857143
Male,Yes,0.0,Not Graduate,,2600,2750,74,180.0,1.0,Semiurban,N,5350,71.33333333333333,72.29729729729729
Female,,0.0,Not Graduate,No,2400,5266,490,480.0,1.0,Rural,N,7666,15.613034623217922,15.644897959183673
Female,,1.0,Not Graduate,No,2479,4866,99,240.0,,Rural,N,7345,73.45,74.1919191919192
Female,Yes,1.0,Not Graduate,Yes,2071,2330,150,240.0,0.0,Urban,N,4401,29.14569536423841,29.34
Female,No,3.0,Graduate,,1977,3500,128,180.0,1.0,Rural,N,5477,42.45736434108528,42.7890625
Female,Yes,,Graduate,,2799,2583,100,60.0,,Urban,N,5382,53.28712871287129,53.82
Female,Yes,0.0,Not Graduate,No,3073,2667,200,84.0,0.0,Semiurban,Y,5740,28.55721393034825,28.7
Female,,3.0,Graduate,,4583,5266,80,60.0,1.0,Urban,Y,9849,121.5925925925926,123.1125
,No,0.0,Graduate,Yes,3083,1516,165,360.0,,Semiurban,N,4599,27.704819277108435,27.87272727272727
Female,Yes,0.0,Graduate,,150,900,116,240.0,0.0,Rural,N,1050,8.974358974358974,9.051724137931034
,,3.0,Graduate,No,5667,983,99,480.0,,Semiurban,N,6650,66.5,67.17171717171718
Female,,2.0,Graduate,Yes,10000,4167,225,180.0,0.0,Semiurban,N,14167,62.6858407079646,62.964444444444446
Female,,1.0,Graduate,Yes,6250,1459,182,60.0,,Rural,N,7709,42.12568306010929,42.357142857142854
Female,,2.0,Graduate,,5316,1030,350,84.0,1.0,Urban,Y,6346,18.07977207977208,18.13142857142857
Female,No,1.0,Graduate,,5316,800,30,120.0,0.0,Rural,Y,6116,197.29032258064515,203.86666666666667
Male,,,Not Graduate,No,7100,700,495,480.0,,Semiurban,N,7800,15.725806451612904,15.757575757575758
Female,No,,Graduate,,3600,3263,75,480.0,1.0,Urban,Y,6863,90.30263157894736,91.50666666666666
,,2.0,Graduate,Yes,7451,2900,300,480.0,0.0,Semiurban,Y,10351,34.388704318936874,34.50333333333333
,,1.0,Not Graduate,Yes,1928,2900,106,84.0,0.0,Rural,N,4828,45.12149532710281,45.54716981132076
,Yes,3.0,Graduate,,5500,3333,85,180.0,0.0,Urban,N,8833,102.7093023255814,103.91764705882353
Female,Yes,2.0,Not Graduate,Yes,3000,3500,58,120.0,1.0,Urban,N,6500,110.16949152542372,112.06896551724138
Male,No,3.0,Not Graduate,No,2666,830,490,180.0,,Semiurban,N,3496,7.120162932790224,7.134693877551021
Male,,1.0,Not Graduate,Yes,3052,4000,25,480.0,0.0,Urban,N,7052,271.2307692307692,282.08
,,1.0,Graduate,,2275,7210,312,480.0,1.0,Semiurban,N,9485,30.303514376996805,30.400641025641026
Female,Yes,1.0,Graduate,No,2950,3500,315,240.0,,Semiurban,Y,6450,20.41139240506329,20.476190476190474
Female,No,,Not Graduate,Yes,7333,1929,228,84.0,0.0,Rural,N,9262,40.44541484716157,40.62280701754386
Female,No,3.0,Graduate,,5667,3263,210,180.0,1.0,Semiurban,Y,8930,42.32227488151658,42.523809523809526
Male,No,0.0,Not Graduate,Yes,5786,3333,255,180.0,,Urban,N,9119,35.62109375,35.76078431372549
Female,Yes,3.0,Not Graduate,No,5166,2531,80,240.0,1.0,Urban,N,7697,95.0246913580247,96.2125
Female,Yes,1.0,Not Graduate,,2439,5701,240,120.0,0.0,Urban,Y,8140,33.77593360995851,33.916666666666664
Female,No,1.0,Not Graduate,No,2645,2416,300,300.0,1.0,Semiurban,Y,5061,16.813953488372093,16.87
Female,Yes,2.0,Not Graduate,No,6080,4167,80,480.0,1.0,Semiurban,N,10247,126.50617283950618,128.0875
Male,,,Not Graduate,No,2666,2667,113,,0.0,Urban,N,5333,46.780701754385966,47.19469026548673
Female,,1.0,Not Graduate,Yes,6250,1666,113,360.0,,Rural,Y,7916,69.43859649122807,70.05309734513274
Male,,3.0,Not Graduate,No,4166,4595,267,180.0,,Semiurban,N,8761,32.690298507462686,32.81273408239701
,No,,Graduate,,15000,3263,208,240.0,1.0,Urban,N,18263,87.38277511961722,87.80288461538461
,Yes,1.0,Graduate,No,11000,2583,376,300.0,1.0,Urban,N,13583,36.02917771883289,36.125
Male,Yes,1.0,Graduate,,2333,5654,97,84.0,0.0,Rural,N,7987,81.5,82.34020618556701
Male,No,1.0,Not Graduate,No,2577,5266,93,84.0,,Urban,N,7843,83.43617021276596,84.33333333333333
Female,,0.0,Not Graduate,Yes,3052,3440,376,360.0,0.0,Semiurban,N,6492,17.220159151193634,17.26595744680851
Female,No,,Graduate,No,5316,1868,63,60.0,,Urban,N,7184,112.25,114.03174603174604
Female,No,2.0,Graduate,Yes,3800,1868,114,,0.0,Urban,Y,5668,49.28695652173913,49.719298245614034
Male,No,,Graduate,,3750,3500,144,180.0,1.0,Urban,N,7250,50.0,50.34722222222222
Male,No,3.0,Graduate,Yes,5667,1300,78,60.0,0.0,Semiurban,N,6967,88.18987341772151,89.32051282051282
,No,0.0,Graduate,No,2340,6000,192,240.0,1.0,Semiurban,N,8340,43.21243523316062,43.4375
Male,Yes,1.0,Graduate,,4843,1640,200,360.0,0.0,Rural,Y,6483,32.25373134328358,32.415
Female,No,1.0,Not Graduate,,8000,4866,44,240.0,1.0,Semiurban,N,12866,285.9111111111111,292.40909090909093
Male,,,Not Graduate,,3250,1083,137,360.0,,Semiurban,N,4333,31.39855072463768,31.62773722627737
Male,No,,Not Graduate,,2060,3806,312,120.0,0.0,Rural,N,5866,18.74121405750799,18.80128205128205
Male,No,,Graduate,,2950,3500,113,60.0,1.0,Semiurban,Y,6450,56.578947368421055,57.07964601769911
Female,,2.0,Graduate,Yes,2950,1868,168,240.0,1.0,Urban,Y,4818,28.50887573964497,28.678571428571427
,No,1.0,Not Graduate,No,3000,4983,113,240.0,0.0,Semiurban,N,7983,70.02631578947368,70.64601769911505
,Yes,2.0,Graduate,Yes,2708,3600,600,300.0,1.0,Rural,Y,6308,10.49584026622296,10.513333333333334
Female,,0.0,Not Graduate,,10513,736,176,480.0,0.0,Rural,N,11249,63.55367231638418,63.91477272727273
,Yes,2.0,Not Graduate,,2383,900,85,60.0,1.0,Urban,N,3283,38.174418604651166,38.62352941176471
Female,Yes,0.0,Graduate,Yes,24763,1459,176,180.0,,Urban,N,26222,148.14689265536722,148.98863636363637
Female,,3.0,Graduate,,2301,1330,312,,,Urban,N,3631,11.600638977635782,11.637820512820513
Female,,0.0,Not Graduate,No,3846,3369,44,84.0,1.0,Urban,N,7215,160.33333333333334,163.97727272727272
Male,No,3.0,Graduate,No,2395,1640,104,480.0,1.0,Urban,N,4035,38.42857142857143,38.79807692307692
,,,Graduate,Yes,10000,2416,267,,0.0,Urban,N,12416,46.32835820895522,46.50187265917603
Female,No,3.0,Graduate,No,2483,1590,312,,0.0,Urban,N,4073,13.012779552715656,13.054487179487179
,Yes,3.0,Not Graduate,No,9323,2330,155,180.0,,Urban,N,11653,74.69871794871794,75.18064516129033
Male,No,0.0,Not Graduate,No,2301,4983,63,84.0,,Semiurban,N,7284,113.8125,115.61904761904762
,,2.0,Not Graduate,,2491,3066,158,360.0,0.0,Semiurban,N,5557,34.9496855345912,35.17088607594937
,,3.0,Graduate,,3073,1451,140,360.0,,Semiurban,N,4524,32.08510638297872,32.31428571428572
Female,No,,Graduate,No,3073,1250,300,180.0,0.0,Semiurban,Y,4323,14.362126245847175,14.41
Female,No,,Graduate,No,4000,700,184,60.0,,Semiurban,N,4700,25.405405405405407,25.543478260869566
Male,,3.0,Not Graduate,,10000,1800,112,300.0,0.0,Urban,N,11800,104.42477876106194,105.35714285714286
Male,,2.0,Graduate,Yes,3189,4486,131,120.0,0.0,Rural,N,7675,58.14393939393939,58.587786259541986
Male,No,3.0,Graduate,No,1863,1213,72,84.0,,Urban,N,3076,42.136986301369866,42.72222222222222
Female,,2.0,Not Graduate,No,3029,0,116,180.0,0.0,Urban,Y,3029,25.88888888888889,26.112068965517242
,Yes,3.0,Not Graduate,No,2483,1030,99,120.0,,Rural,N,3513,35.13,35.484848484848484
Female,No,1.0,Graduate,,12000,2900,168,480.0,1.0,Semiurban,N,14900,88.16568047337279,88.69047619047619
Female,No,0.0,Not Graduate,,3333,5063,201,60.0,1.0,Semiurban,N,8396,41.56435643564357,41.77114427860697
Female,Yes,,Graduate,No,2483,1800,78,240.0,0.0,Urban,Y,4283,54.21518987341772,54.91025641025641
Male,Yes,1.0,Graduate,Yes,2875,1640,495,300.0,,Semiurban,N,4515,9.102822580645162,9.121212121212121
Male,Yes,0.0,Graduate,,3366,2045,160,240.0,1.0,Semiurban,N,5411,33.608695652173914,33.81875
Male,Yes,2.0,Not Graduate,Yes,13650,7750,94,240.0,0.0,Semiurban,N,21400,225.26315789473685,227.6595744680851
Female,No,1.0,Graduate,Yes,2853,1640,175,120.0,1.0,Urban,N,4493,25.52840909090909,25.674285714285713
,Yes,0.0,Graduate,Yes,3167,4486,208,180.0,1.0,Rural,N,7653,36.61722488038278,36.79326923076923
Female,,3.0,Not Graduate,,3666,5625,184,84.0,,Semiurban,N,9291,50.22162162162162,50.494565217391305
Female,Yes,0.0,Graduate,Yes,4300,5701,110,480.0,,Semiurban,Y,10001,90.09909909909908,90.91818181818182
,Yes,2.0,Not Graduate,Yes,3666,500,137,60.0,0.0,Semiurban,N,4166,30.18840579710145,30.40875912408759
Male,Yes,,Graduate,Yes,3000,5654,350,360.0,0.0,Urban,Y,8654,24.65527065527065,24.725714285714286
Female,No,2.0,Not Graduate,Yes,3000,700,201,300.0,1.0,Semiurban,N,3700,18.31683168316832,18.407960199004975
Female,Yes,2.0,Not Graduate,No,5266,3750,120,120.0,1.0,Semiurban,Y,9016,74.51239669421487,75.13333333333334
Male,No,3.0,Not Graduate,Yes,3167,5750,600,,1.0,Rural,N,8917,14.8369384359401,14.861666666666666
Female,,1.0,Graduate,,2583,2900,95,480.0,0.0,Semiurban,Y,5483,57.114583333333336,57.71578947368421
Female,No,1.0,Not Graduate,Yes,2266,4167,47,84.0,1.0,Urban,N,6433,134.02083333333334,136.87234042553192
,No,1.0,Not Graduate,,3625,1459,349,84.0,1.0,Semiurban,N,5084,14.525714285714283,14.567335243553009
,No,3.0,Graduate,Yes,2473,3369,58,84.0,1.0,Urban,N,5842,99.01694915254237,100.72413793103448
Female,No,3.0,Not Graduate,,5667,1516,128,,,Rural,Y,7183,55.68217054263566,56.1171875
Male,Yes,3.0,Not Graduate,,3625,700,106,120.0,0.0,Rural,N,4325,40.42056074766355,40.801886792452834
Male,,0.0,Graduate,No,2183,1868,118,360.0,0.0,Rural,N,4051,34.04201680672269,34.33050847457627
Male,No,0.0,Graduate,,2014,1843,85,120.0,0.0,Semiurban,N,3857,44.84883720930232,45.37647058823529
,Yes,3.0,Graduate,Yes,2479,5701,184,180.0,,Urban,N,8180,44.21621621621622,44.45652173913044
Female,No,,Not Graduate,No,3500,3440,113,,,Semiurban,N,6940,60.87719298245614,61.415929203539825
Male,Yes,0.0,Not Graduate,Yes,4843,2383,88,84.0,1.0,Semiurban,Y,7226,81.19101123595506,82.11363636363636
Female,Yes,1.0,Graduate,Yes,7100,3066,240,360.0,0.0,Semiurban,Y,10166,42.18257261410788,42.358333333333334
,No,1.0,Graduate,Yes,5266,1800,275,360.0,1.0,Urban,Y,7066,25.60144927536232,25.694545454545455
Male,Yes,1.0,Graduate,,5500,2500,308,84.0,0.0,Rural,Y,8000,25.88996763754045,25.974025974025974
Female,,1.0,Graduate,Yes,2000,5625,94,84.0,,Rural,N,7625,80.26315789473684,81.11702127659575
,,0.0,Graduate,No,5667,3167,50,360.0,,Urban,Y,8834,173.2156862745098,176.68
Female,,0.0,Not Graduate,,10513,3066,308,60.0,,Semiurban,Y,13579,43.94498381877023,44.08766233766234
,Yes,3.0,Graduate,,2708,800,55,60.0,,Urban,Y,3508,62.642857142857146,63.78181818181818
Female,No,2.0,Not Graduate,Yes,5500,3022,35,180.0,,Rural,N,8522,236.72222222222223,243.4857142857143
Female,No,3.0,Graduate,,3625,1640,95,300.0,0.0,Rural,N,5265,54.84375,55.421052631578945
,No,,Not Graduate,No,2014,2416,495,360.0,1.0,Rural,N,4430,8.931451612903226,8.94949494949495
Female,Yes,0.0,Not Graduate,No,5316,4000,122,120.0,,Semiurban,N,9316,75.73983739837398,76.36065573770492
Female,Yes,,Not Graduate,Yes,13650,4595,50,480.0,0.0,Rural,N,18245,357.7450980392157,364.9
,,1.0,Graduate,No,13650,2083,118,480.0,1.0,Rural,N,15733,132.21008403361344,133.33050847457628
Male,No,3.0,Not Graduate,Yes,12000,5654,208,120.0,1.0,Rural,N,17654,84.4688995215311,84.875
,Yes,1.0,Not Graduate,,4843,2791,160,300.0,0.0,Rural,N,7634,47.41614906832298,47.7125
Male,Yes,2.0,Graduate,,3029,2750,370,240.0,0.0,Rural,N,5779,15.576819407008086,15.618918918918919
,No,,Not Graduate,,2833,985,201,360.0,0.0,Rural,N,3818,18.900990099009903,18.99502487562189
,No,0.0,Not Graduate,Yes,2383,1843,116,120.0,1.0,Semiurban,N,4226,36.11965811965812,36.43103448275862
,No,,Graduate,Yes,2927,0,330,360.0,1.0,Rural,N,2927,8.842900302114804,8.86969696969697
Male,Yes,1.0,Not Graduate,No,2400,2250,66,120.0,,Urban,N,4650,69.40298507462687,70.45454545454545
Male,,2.0,Not Graduate,No,3750,2791,90,,1.0,Rural,N,6541,71.87912087912088,72.67777777777778
,,0.0,Graduate,Yes,12841,4300,436,180.0,1.0,Rural,N,17141,39.224256292906176,39.31422018348624
,Yes,3.0,Not Graduate,,2183,1929,376,300.0,0.0,Rural,N,4112,10.907161803713528,10.936170212765957
,No,1.0,Graduate,,6080,3167,17,84.0,0.0,Rural,N,9247,513.7222222222222,543.9411764705883
Male,Yes,0.0,Graduate,,2833,2142,118,60.0,1.0,Rural,N,4975,41.80672268907563,42.16101694915254
Male,No,3.0,Graduate,No,3073,2531,98,60.0,0.0,Urban,N,5604,56.60606060606061,57.183673469387756
Male,Yes,1.0,Not Graduate,,2301,2083,285,360.0,1.0,Urban,N,4384,15.328671328671328,15.382456140350877
Female,,1.0,Not Graduate,,5000,3167,90,180.0,1.0,Semiurban,Y,8167,89.74725274725274,90.74444444444444
Male,No,0.0,Not Graduate,Yes,1863,3167,55,180.0,0.0,Urban,N,5030,89.82142857142857,91.45454545454545
Male,Yes,,Graduate,Yes,2473,2250,225,,0.0,Semiurban,N,4723,20.898230088495577,20.99111111111111
,,0.0,Graduate,Yes,2718,1516,96,360.0,1.0,Semiurban,N,4234,43.64948453608248,44.104166666666664
Female,No,2.0,Not Graduate,,1800,1451,66,300.0,0.0,Semiurban,N,3251,48.52238805970149,49.25757575757576
Female,No,2.0,Not Graduate,Yes,2237,1843,128,300.0,,Rural,Y,4080,31.627906976744185,31.875
,No,3.0,Graduate,Yes,2577,2383,267,480.0,,Rural,Y,4960,18.507462686567163,18.576779026217228
Female,No,3.0,Graduate,No,4583,3600,150,300.0,0.0,Urban,N,8183,54.19205298013245,54.553333333333335
Male,No,3.0,Graduate,No,2583,3167,50,60.0,,Rural,N,5750,112.74509803921568,115.0
Female,Yes,,Not Graduate,,2301,754,30,84.0,0.0,Urban,N,3055,98.5483870967742,101.83333333333333
,,1.0,Not Graduate,No,3666,3263,490,60.0,1.0,Rural,N,6929,14.112016293279025,14.140816326530611
Female,Yes,0.0,Not Graduate,Yes,20166,5266,72,60.0,,Semiurban,N,25432,348.3835616438356,353.22222222222223
Female,,1.0,Not Graduate,No,3250,1500,139,,0.0,Rural,N,4750,33.92857142857143,34.172661870503596
Female,,3.0,Graduate,Yes,7100,1666,118,60.0,1.0,Rural,Y,8766,73.66386554621849,74.28813559322033
Female,No,1.0,Graduate,No,4166,1800,144,84.0,1.0,Urban,Y,5966,41.144827586206894,41.43055555555556
Female,Yes,1.0,Not Graduate,,3600,1459,184,300.0,1.0,Urban,Y,5059,27.345945945945942,27.494565217391305
Male,Yes,2.0,Graduate,Yes,5000,7750,140,,0.0,Semiurban,Y,12750,90.4255319148936,91.07142857142857
,Yes,0.0,Not Graduate,No,2853,1500,44,84.0,1.0,Semiurban,N,4353,96.73333333333332,98.93181818181819
,Yes,1.0,Not Graduate,Yes,1977,5250,81,360.0,,Urban,Y,7227,88.13414634146342,89.22222222222223
Female,Yes,1.0,Not Graduate,Yes,4843,800,133,300.0,1.0,Semiurban,N,5643,42.11194029850746,42.42857142857143
,,,Graduate,,150,700,376,120.0,,Urban,Y,850,2.254641909814324,2.2606382978723403
Female,,2.0,Graduate,No,1625,1459,160,120.0,,Urban,N,3084,19.15527950310559,19.275
Male,Yes,3.0,Graduate,No,2718,700,95,120.0,,Urban,N,3418,35.604166666666664,35.97894736842105
Male,,,Graduate,No,4583,1516,74,120.0,0.0,Rural,N,6099,81.32,82.41891891891892
Male,,2.0,Not Graduate,Yes,2666,1640,80,84.0,1.0,Rural,N,4306,53.160493827160494,53.825
Male,,0.0,Graduate,No,2833,2083,81,480.0,,Rural,Y,4916,59.95121951219512,60.69135802469136
Male,Yes,,Graduate,Yes,7333,2900,200,240.0,1.0,Urban,N,10233,50.91044776119403,51.165
Male,No,,Not Graduate,Yes,5500,1451,158,,,Semiurban,Y,6951,43.71698113207548,43.99367088607595
,No,,Not Graduate,Yes,3750,3750,376,240.0,1.0,Rural,Y,7500,19.89389920424404,19.9468085106383
,No,0.0,Graduate,,1000,1250,210,,,Urban,Y,2250,10.66350710900474,10.714285714285714
Female,Yes,1.0,Graduate,,2950,4866,125,60.0,,Semiurban,Y,7816,62.03174603174603,62.528
Male,Yes,3.0,Not Graduate,Yes,3846,2500,81,60.0,,Rural,Y,6346,77.39024390243902,78.34567901234568
,,1.0,Graduate,Yes,7451,3440,495,480.0,1.0,Rural,N,10891,21.95766129032258,22.0020202020202
Male,No,3.0,Not Graduate,No,2333,1516,160,,0.0,Semiurban,N,3849,23.90683229813665,24.05625
Female,No,2.0,Graduate,No,3189,4750,99,,1.0,Urban,N,7939,79.39,80.1919191919192
,Yes,,Not Graduate,No,2000,2133,315,60.0,1.0,Semiurban,N,4133,13.079113924050631,13.12063492063492
Male,No,0.0,Graduate,No,5316,3022,137,300.0,,Rural,Y,8338,60.42028985507246,60.86131386861314
Male,No,,Not Graduate,Yes,5786,2133,201,300.0,,Semiurban,N,7919,39.2029702970297,39.398009950248756
Female,No,3.0,Not Graduate,No,4166,4000,275,84.0,0.0,Semiurban,Y,8166,29.58695652173913,29.694545454545455
,Yes,,Graduate,Yes,3800,2000,72,240.0,0.0,Urban,Y,5800,79.45205479452055,80.55555555555556
Female,Yes,,Graduate,,2000,4167,88,360.0,1.0,Semiurban,N,6167,69.29213483146067,70.07954545454545
Female,Yes,0.0,Graduate,,5667,1451,35,300.0,0.0,Urban,N,7118,197.72222222222223,203.37142857142857
Female,Yes,,Not Graduate,No,2583,3022,201,480.0,,Semiurban,Y,5605,27.747524752475247,27.885572139303484
,Yes,0.0,Graduate,Yes,2583,1451,350,480.0,,Rural,N,4034,11.492877492877492,11.525714285714285
Male,No,,Not Graduate,,3189,2500,208,180.0,1.0,Semiurban,N,5689,27.220095693779903,27.35096153846154
Male,Yes,1.0,Graduate,,2439,1030,113,240.0,1.0,Rural,N,3469,30.42982456140351,30.699115044247787
Female,,2.0,Graduate,,20166,900,83,84.0,,Urban,Y,21066,250.78571428571428,253.80722891566265
Female,,,Not Graduate,,13650,1516,187,84.0,1.0,Semiurban,Y,15166,80.67021276595744,81.10160427807487
,No,2.0,Graduate,,2491,4486,47,480.0,,Rural,Y,6977,145.35416666666666,148.4468085106383
,Yes,0.0,Graduate,Yes,3522,4983,90,120.0,0.0,Rural,Y,8505,93.46153846153848,94.5
,,,Not Graduate,,2132,3449,122,,1.0,Urban,Y,5581,45.3739837398374,45.74590163934426
,,3.0,Not Graduate,No,1800,7210,17,480.0,0.0,Urban,N,9010,500.55555555555554,530.0
Male,Yes,3.0,Not Graduate,,2266,5063,66,180.0,1.0,Rural,N,7329,109.38805970149254,111.04545454545455
Female,,3.0,Graduate,,2491,1516,83,180.0,1.0,Semiurban,N,4007,47.70238095238095,48.27710843373494
Female,No,2.0,Not Graduate,No,2183,900,376,84.0,0.0,Semiurban,Y,3083,8.177718832891246,8.199468085106384
Female,,1.0,Graduate,Yes,2178,983,320,60.0,,Urban,Y,3161,9.847352024922118,9.878125
,Yes,1.0,Graduate,,2927,1459,78,60.0,0.0,Semiurban,N,4386,55.51898734177215,56.23076923076923
,,,Graduate,Yes,7333,3066,165,84.0,1.0,Semiurban,N,10399,62.64457831325301,63.02424242424242
,No,1.0,Not Graduate,No,8666,4595,59,84.0,1.0,Rural,Y,13261,221.01666666666668,224.76271186440678
Male,,,Graduate,No,2583,4595,182,180.0,1.0,Rural,N,7178,39.224043715847,39.43956043956044
Male,No,,Not Graduate,No,2853,1640,176,60.0,0.0,Semiurban,Y,4493,25.384180790960453,25.52840909090909
Female,,0.0,Graduate,No,3750,1964,17,180.0,1.0,Urban,N,5714,317.44444444444446,336.11764705882354
Female,,2.0,Graduate,No,5266,4486,72,360.0,1.0,Urban,N,9752,133.58904109589042,135.44444444444446
Female,,,Graduate,,2000,754,155,180.0,1.0,Rural,N,2754,17.653846153846153,17.767741935483873
,Yes,3.0,Graduate,No,1977,1250,50,84.0,0.0,Rural,N,3227,63.27450980392157,64.54
Male,Yes,0.0,Graduate,Yes,2799,3449,133,,0.0,Rural,Y,6248,46.62686567164179,46.97744360902256
,Yes,0.0,Not Graduate,No,2875,2500,17,240.0,,Urban,Y,5375,298.6111111111111,316.1764705882353
Female,No,0.0,Graduate,No,2266,2583,115,480.0,,Urban,N,4849,41.80172413793103,42.165217391304346
Male,No,1.0,Graduate,,9323,2900,81,360.0,1.0,Semiurban,N,12223,149.0609756097561,150.90123456790124
Female,Yes,1.0,Not Graduate,Yes,2439,4196,95,480.0,,Semiurban,Y,6635,69.11458333333333,69.84210526315789
Male,Yes,,Not Graduate,,3333,900,150,84.0,0.0,Semiurban,Y,4233,28.033112582781456,28.22
Female,Yes,2.0,Graduate,,3366,7750,118,240.0,1.0,Semiurban,Y,11116,93.41176470588236,94.20338983050847
Male,,2.0,Not Graduate,,150,2330,63,300.0,1.0,Semiurban,N,2480,38.75,39.36507936507937
Female,Yes,,Graduate,Yes,2577,4167,275,240.0,0.0,Semiurban,N,6744,24.43478260869565,24.523636363636363
,No,,Graduate,,13650,5063,125,480.0,1.0,Urban,N,18713,148.515873015873,149.704
,No,,Not Graduate,No,2383,2853,160,,,Urban,N,5236,32.52173913043478,32.725
Male,,2.0,Graduate,Yes,5166,2500,133,240.0,1.0,Semiurban,Y,7666,57.208955223880594,57.6390977443609
Female,No,1.0,Graduate,No,2583,3066,97,480.0,1.0,Rural,N,5649,57.642857142857146,58.23711340206186
Male,Yes,3.0,Not Graduate,,2600,830,140,,,Rural,N,3430,24.32624113475177,24.5
,Yes,0.0,Not Graduate,No,12841,4300,90,120.0,0.0,Rural,N,17141,188.36263736263737,190.45555555555555
Male,Yes,3.0,Graduate,,2645,3440,300,180.0,1.0,Semiurban,Y,6085,20.21594684385382,20.283333333333335
,,3.0,Graduate,Yes,6080,2531,436,,,Urban,N,8611,19.704805491990847,19.75
Male,Yes,,Graduate,No,2014,5625,152,180.0,1.0,Semiurban,N,7639,49.9281045751634,50.25657894736842
Female,,2.0,Graduate,,2060,1213,58,240.0,1.0,Rural,N,3273,55.47457627118644,56.43103448275862
,,3.0,Graduate,Yes,2383,3583,122,300.0,0.0,Semiurban,N,5966,48.50406504065041,48.90163934426229
Female,,2.0,Graduate,No,2483,2250,50,240.0,1.0,Urban,Y,4733,92.80392156862744,94.66
Male,Yes,,Graduate,,1863,2853,176,,0.0,Rural,N,4716,26.64406779661017,26.795454545454547
Female,Yes,3.0,Not Graduate,,7451,5701,120,180.0,1.0,Urban,N,13152,108.69421487603306,109.6
Female,,3.0,Graduate,Yes,12841,1300,50,300.0,0.0,Urban,N,14141,277.27450980392155,282.82
Female,Yes,0.0,Not Graduate,No,13650,1929,158,360.0,,Urban,Y,15579,97.98113207547168,98.60126582278481
Female,Yes,,Graduate,,3416,4167,115,240.0,,Rural,Y,7583,65.37068965517241,65.93913043478261
Female,No,2.0,Graduate,No,3416,7210,320,,0.0,Semiurban,N,10626,33.10280373831776,33.20625
,Yes,,Not Graduate,Yes,2718,2330,370,84.0,1.0,Semiurban,N,5048,13.606469002695418,13.643243243243242
,Yes,,Not Graduate,No,3500,1800,128,180.0,1.0,Urban,N,5300,41.08527131782946,41.40625
Male,,3.0,Graduate,Yes,3600,1843,152,180.0,0.0,Rural,Y,5443,35.57516339869281,35.80921052631579
Male,,1.0,Graduate,,3366,2416,75,360.0,,Urban,Y,5782,76.07894736842105,77.09333333333333
Male,No,,Graduate,Yes,5266,5701,140,300.0,1.0,Semiurban,N,10967,77.78014184397163,78.33571428571429
Male,No,0.0,Not Graduate,Yes,7451,1640,228,300.0,0.0,Rural,N,9091,39.69868995633188,39.87280701754386
Female,,3.0,Graduate,Yes,5417,2083,175,240.0,,Semiurban,N,7500,42.61363636363637,42.857142857142854
Female,,2.0,Not Graduate,No,2266,3440,114,240.0,1.0,Rural,N,5706,49.61739130434783,50.05263157894737
Female,No,3.0,Not Graduate,Yes,2400,4417,175,84.0,0.0,Rural,N,6817,38.73295454545455,38.95428571428572
Male,,,Graduate,No,2666,3022,80,240.0,,Rural,Y,5688,70.22222222222223,71.1
,,3.0,Not Graduate,,4166,1083,175,480.0,1.0,Rural,N,5249,29.82386363636364,29.994285714285713
Male,No,3.0,Not Graduate,,20166,2083,267,120.0,1.0,Rural,N,22249,83.01865671641791,83.32958801498127
Male,No,1.0,Graduate,,2853,736,700,180.0,1.0,Urban,Y,3589,5.119828815977176,5.127142857142857
,Yes,1.0,Not Graduate,Yes,2577,830,97,180.0,1.0,Semiurban,N,3407,34.765306122448976,35.123711340206185
,,1.0,Not Graduate,,3600,4417,125,,0.0,Rural,Y,8017,63.62698412698413,64.136
Female,Yes,3.0,Not Graduate,,2500,4595,47,240.0,0.0,Semiurban,N,7095,147.8125,150.95744680851064
Male,No,1.0,Graduate,No,2583,4167,152,120.0,1.0,Rural,Y,6750,44.11764705882353,44.4078947368421
,,,Graduate,,9323,2750,180,300.0,,Semiurban,N,12073,66.70165745856353,67.07222222222222
Male,Yes,0.0,Not Graduate,No,3750,4866,187,180.0,,Rural,N,8616,45.82978723404256,46.07486631016043
Male,No,3.0,Not Graduate,,2333,2330,158,300.0,,Urban,N,4663,29.32704402515723,29.5126582278481
Male,,1.0,Not Graduate,No,7100,4486,30,300.0,,Urban,N,11586,373.741935483871,386.2
,Yes,0.0,Graduate,Yes,2875,4983,30,360.0,1.0,Semiurban,N,7858,253.48387096774192,261.93333333333334
Male,No,,Not Graduate,,4843,3263,140,180.0,0.0,Semiurban,N,8106,57.48936170212766,57.9
Male,Yes,3.0,Not Graduate,No,2132,5266,109,120.0,,Urban,Y,7398,67.25454545454545,67.87155963302752
,,0.0,Not Graduate,,2666,4866,144,360.0,0.0,Semiurban,N,7532,51.9448275862069,52.30555555555556
Female,No,,Not Graduate,Yes,3029,700,74,,1.0,Rural,Y,3729,49.72,50.391891891891895
,Yes,0.0,Not Graduate,Yes,4300,7750,118,,0.0,Semiurban,N,12050,101.26050420168067,102.11864406779661
Male,Yes,3.0,Not Graduate,Yes,13650,1330,50,120.0,0.0,Rural,Y,14980,293.72549019607845,299.6
Female,No,0.0,Not Graduate,Yes,3625,700,228,480.0,0.0,Urban,N,4325,18.88646288209607,18.969298245614034
,,0.0,Not Graduate,Yes,1977,2330,110,,,Urban,Y,4307,38.8018018018018,39.154545454545456
Male,No,0.0,Graduate,,12841,1213,168,60.0,1.0,Semiurban,N,14054,83.15976331360947,83.6547619047619
,Yes,3.0,Not Graduate,,7100,2667,115,240.0,1.0,Rural,N,9767,84.19827586206897,84.9304347826087
Female,No,0.0,Not Graduate,Yes,1000,2083,95,360.0,1.0,Semiurban,N,3083,32.114583333333336,32.45263157894737
Male,No,0.0,Not Graduate,No,7333,2531,184,300.0,1.0,Rural,N,9864,53.31891891891892,53.608695652173914
Male,No,0.0,Not Graduate,No,2060,0,47,84.0,0.0,Semiurban,Y,2060,42.91666666666666,43.829787234042556
Male,,1.0,Not Graduate,,1625,3449,315,84.0,,Semiurban,N,5074,16.056962025316455,16.107936507936508
,No,0.0,Graduate,Yes,1000,1030,104,60.0,0.0,Semiurban,N,2030,19.33333333333333,19.51923076923077
Female,No,1.0,Graduate,No,3333,2416,104,300.0,,Semiurban,N,5749,54.75238095238095,55.27884615384615
Male,No,0.0,Graduate,No,7100,5625,376,,1.0,Urban,N,12725,33.753315649867375,33.84308510638298
Male,No,,Graduate,,6400,2791,131,,0.0,Rural,N,9191,69.62878787878788,70.16030534351145
,Yes,1.0,Graduate,No,11000,5750,150,480.0,0.0,Semiurban,N,16750,110.9271523178808,111.66666666666667
Male,No,0.0,Not Graduate,,2000,1516,290,120.0,1.0,Rural,N,3516,12.082474226804123,12.124137931034483
,No,0.0,Graduate,No,3800,1843,184,180.0,,Semiurban,N,5643,30.502702702702702,30.668478260869566
Male,No,3.0,Graduate,Yes,12000,900,140,60.0,1.0,Urban,N,12900,91.48936170212764,92.14285714285714
Female,,1.0,Not Graduate,No,2483,5750,30,60.0,1.0,Semiurban,N,8233,265.5806451612903,274.43333333333334
,Yes,1.0,Graduate,,2479,3750,275,180.0,1.0,Semiurban,Y,6229,22.568840579710145,22.650909090909092
,,,Graduate,No,2000,2416,139,180.0,,Semiurban,Y,4416,31.542857142857144,31.769784172661872
Male,No,3.0,Not Graduate,No,2395,2583,436,120.0,1.0,Semiurban,Y,4978,11.391304347826088,11.417431192660551
Male,Yes,3.0,Graduate,,6080,3500,98,240.0,0.0,Rural,N,9580,96.76767676767676,97.75510204081633
,Yes,3.0,Not Graduate,No,2799,2383,160,180.0,1.0,Urban,Y,5182,32.18633540372671,32.3875
Female,,0.0,Not Graduate,No,2583,688,275,360.0,0.0,Rural,Y,3271,11.851449275362318,11.894545454545455
,Yes,,Not Graduate,No,3666,1843,47,240.0,,Semiurban,N,5509,114.77083333333331,117.2127659574468
Female,,0.0,Not Graduate,,5266,3369,76,480.0,1.0,Rural,N,8635,112.14285714285714,113.61842105263158
,Yes,2.0,Graduate,No,1977,5250,158,240.0,,Urban,N,7227,45.45283018867924,45.74050632911393
Male,,,Graduate,Yes,2583,1451,98,84.0,0.0,Semiurban,N,4034,40.74747474747475,41.16326530612245
,No,3.0,Not Graduate,,3167,4983,35,60.0,1.0,Semiurban,N,8150,226.38888888888889,232.85714285714286
,,0.0,Not Graduate,Yes,2301,2583,650,180.0,0.0,Urban,Y,4884,7.502304147465438,7.513846153846154
Male,Yes,1.0,Not Graduate,Yes,2473,3500,370,60.0,0.0,Semiurban,N,5973,16.099730458221025,16.143243243243244
Male,No,1.0,Graduate,,13650,754,122,60.0,1.0,Rural,N,14404,117.10569105691056,118.06557377049181
,No,,Graduate,Yes,3846,4000,139,60.0,,Urban,N,7846,56.04285714285714,56.44604316546763
Male,,3.0,Graduate,Yes,4583,1213,109,,,Semiurban,Y,5796,52.69090909090909,53.174311926605505
,No,1.0,Not Graduate,Yes,4843,7750,267,360.0,0.0,Rural,N,12593,46.98880597014925,47.164794007490634
Male,Yes,3.0,Graduate,,3416,830,155,60.0,,Urban,N,4246,27.21794871794872,27.393548387096775
Female,,,Not Graduate,No,3189,2583,290,360.0,0.0,Rural,N,5772,19.83505154639176,19.90344827586207
Male,Yes,,Not Graduate,Yes,2577,3500,290,360.0,1.0,Semiurban,Y,6077,20.88316151202749,20.955172413793104
Male,Yes,3.0,Graduate,,2383,3449,495,240.0,,Semiurban,N,5832,11.758064516129032,11.781818181818181
Female,Yes,1.0,Graduate,Yes,3522,2791,136,60.0,,Urban,N,6313,46.08029197080292,46.419117647058826
Female,Yes,1.0,Not Graduate,Yes,4000,4595,275,240.0,,Urban,N,8595,31.14130434782609,31.254545454545454
,Yes,0.0,Graduate,Yes,2000,2330,125,300.0,,Urban,N,4330,34.36507936507937,34.64
Male,No,,Graduate,Yes,9323,1929,175,360.0,1.0,Rural,Y,11252,63.93181818181818,64.29714285714286
,Yes,0.0,Not Graduate,Yes,2400,3600,182,60.0,,Rural,Y,6000,32.78688524590164,32.967032967032964
Male,No,0.0,Not Graduate,,2799,736,47,84.0,1.0,Urban,N,3535,73.64583333333333,75.2127659574468
Male,,1.0,Graduate,,7100,4417,116,120.0,1.0,Rural,Y,11517,98.43589743589745,99.28448275862068
,No,2.0,Graduate,No,2479,1843,349,360.0,0.0,Rural,Y,4322,12.348571428571429,12.383954154727794
,,2.0,Not Graduate,,3800,985,88,120.0,0.0,Urban,Y,4785,53.764044943820224,54.375
Male,,0.0,Graduate,,2600,4196,182,180.0,0.0,Urban,N,6796,37.13661202185792,37.34065934065934
Female,No,3.0,Graduate,,2439,7210,312,,,Urban,N,9649,30.82747603833866,30.92628205128205
Male,,,Graduate,Yes,20166,983,290,240.0,,Rural,Y,21149,72.67697594501718,72.92758620689655
Female,No,3.0,Graduate,,5166,1843,349,480.0,0.0,Semiurban,N,7009,20.025714285714287,20.083094555873924
Male,No,2.0,Not Graduate,,5786,4000,110,60.0,,Rural,N,9786,88.16216216216216,88.96363636363637
Female,,,Not Graduate,,2875,5750,59,480.0,1.0,Semiurban,Y,8625,143.75,146.1864406779661
,,,Not Graduate,,2600,1929,17,300.0,,Rural,N,4529,251.61111111111111,266.4117647058824
,,3.0,Graduate,No,3366,2000,225,60.0,1.0,Rural,N,5366,23.74336283185841,23.84888888888889
Male,Yes,0.0,Not Graduate,No,3666,4486,700,180.0,0.0,Rural,N,8152,11.629101283880171,11.645714285714286
Male,No,,Graduate,No,5166,3167,35,240.0,,Rural,Y,8333,231.47222222222223,238.0857142857143
,No,3.0,Not Graduate,No,3800,3022,90,240.0,1.0,Urban,N,6822,74.96703296703296,75.8
Female,Yes,,Not Graduate,Yes,3366,2791,255,120.0,0.0,Urban,N,6157,24.05078125,24.145098039215686
,,,Not Graduate,Yes,5667,2791,95,360.0,,Semiurban,N,8458,88.10416666666667,89.03157894736842
,Yes,0.0,Graduate,,3666,2531,228,60.0,1.0,Rural,Y,6197,27.06113537117904,27.17982456140351
Female,No,,Not Graduate,Yes,3073,2750,150,,,Urban,Y,5823,38.562913907284766,38.82
,,0.0,Graduate,No,2132,6000,168,240.0,,Rural,N,8132,48.11834319526627,48.404761904761905
Female,,1.0,Not Graduate,Yes,3750,1030,144,,,Urban,Y,4780,32.96551724137931,33.19444444444444
Male,Yes,1.0,Graduate,,3750,2416,320,360.0,1.0,Urban,N,6166,19.20872274143302,19.26875
Male,No,,Not Graduate,,3167,3333,320,240.0,0.0,Rural,N,6500,20.24922118380062,20.3125
Female,Yes,3.0,Not Graduate,Yes,5786,3066,44,180.0,,Rural,Y,8852,196.7111111111111,201.1818181818182
Male,,3.0,Graduate,Yes,3333,3500,78,240.0,,Urban,N,6833,86.49367088607595,87.6025641025641
Female,No,2.0,Graduate,No,3250,2045,100,300.0,,Semiurban,Y,5295,52.42574257425743,52.95
Female,No,2.0,Graduate,Yes,8666,4866,58,300.0,,Rural,N,13532,229.35593220338984,233.31034482758622
Male,,2.0,Graduate,,2183,5701,59,,,Semiurban,N,7884,131.4,133.6271186440678
Male,Yes,3.0,Graduate,No,3666,4750,106,84.0,1.0,Rural,N,8416,78.65420560747664,79.39622641509433
Female,Yes,,Not Graduate,Yes,5667,2133,106,,1.0,Rural,N,7800,72.89719626168224,73.58490566037736
Female,Yes,3.0,Graduate,,6747,3440,58,60.0,,Semiurban,Y,10187,172.66101694915255,175.63793103448276
Female,No,,Not Graduate,No,2178,2330,133,240.0,1.0,Rural,N,4508,33.64179104477612,33.89473684210526
Male,,0.0,Graduate,,3500,4750,59,240.0,1.0,Urban,N,8250,137.5,139.83050847457628
,,3.0,Graduate,Yes,2500,7750,208,180.0,0.0,Semiurban,N,10250,49.04306220095694,49.27884615384615
,,3.0,Graduate,Yes,2132,2900,104,,,Urban,N,5032,47.92380952380952,48.38461538461539
Female,No,2.0,Graduate,,7333,4417,83,240.0,,Semiurban,N,11750,139.88095238095238,141.56626506024097
,No,3.0,Graduate,Yes,5786,3750,176,60.0,1.0,Urban,N,9536,53.87570621468927,54.18181818181818
Male,No,1.0,Graduate,Yes,10513,1250,25,120.0,1.0,Rural,N,11763,452.4230769230769,470.52
Female,No,2.0,Not Graduate,No,2833,3750,155,180.0,1.0,Rural,N,6583,42.19871794871795,42.47096774193548
,Yes,0.0,Graduate,,1863,4983,210,240.0,0.0,Semiurban,N,6846,32.44549763033175,32.6
,No,0.0,Graduate,Yes,2600,2250,97,300.0,,Urban,N,4850,49.48979591836735,50.0
Female,Yes,0.0,Graduate,Yes,8666,5654,94,180.0,,Semiurban,N,14320,150.73684210526315,152.3404255319149
Female,No,3.0,Graduate,Yes,2183,1843,255,480.0,1.0,Semiurban,N,4026,15.7265625,15.788235294117648
,No,1.0,Graduate,Yes,2132,2853,95,480.0,,Semiurban,N,4985,51.927083333333336,52.473684210526315
,Yes,2.0,Not Graduate,,5316,5063,122,360.0,1.0,Urban,N,10379,84.3821138211382,85.07377049180327
Male,Yes,2.0,Graduate,No,2340,1640,70,84.0,0.0,Urban,N,3980,56.056338028169016,56.857142857142854
,No,2.0,Graduate,,7200,1500,255,,0.0,Rural,Y,8700,33.984375,34.11764705882353
Male,Yes,1.0,Not Graduate,,15000,2133,67,84.0,,Urban,Y,17133,251.9558823529412,255.71641791044777
Male,Yes,2.0,Graduate,Yes,2400,1868,436,480.0,,Rural,N,4268,9.766590389016018,9.788990825688073
Male,Yes,3.0,Not Graduate,,5000,7210,158,360.0,0.0,Rural,N,12210,76.79245283018868,77.27848101265823
,,0.0,Graduate,Yes,3846,1843,166,300.0,1.0,Urban,Y,5689,34.06586826347306,34.2710843373494
Male,Yes,1.0,Graduate,,2071,2142,74,120.0,,Rural,N,4213,56.17333333333333,56.932432432432435
Female,,,Not Graduate,Yes,2266,1843,312,360.0,0.0,Rural,N,4109,13.12779552715655,13.169871794871796
Female,No,1.0,Graduate,No,150,1459,155,60.0,1.0,Rural,N,1609,10.314102564102564,10.380645161290323
Male,Yes,1.0,Graduate,Yes,4843,3263,94,300.0,,Rural,Y,8106,85.32631578947368,86.23404255319149
Female,,1.0,Graduate,No,2000,3449,330,180.0,1.0,Urban,N,5449,16.462235649546827,16.51212121212121
,,,Not Graduate,,4950,1250,155,120.0,0.0,Rural,N,6200,39.74358974358975,40.0
Male,,3.0,Not Graduate,,20166,1300,88,300.0,,Rural,N,21466,241.19101123595505,243.9318181818182
Female,,1.0,Graduate,Yes,2500,6000,490,180.0,,Semiurban,N,8500,17.311608961303463,17.346938775510203
Female,Yes,1.0,Not Graduate,Yes,3666,1459,255,84.0,,Semiurban,N,5125,20.01953125,20.098039215686274
,No,3.0,Graduate,Yes,5417,5654,330,480.0,,Semiurban,Y,11071,33.44712990936556,33.54848484848485
Female,No,2.0,Graduate,No,5667,1451,83,300.0,0.0,Rural,N,7118,84.73809523809524,85.75903614457832
Male,Yes,3.0,Graduate,No,3029,4595,104,480.0,0.0,Urban,N,7624,72.60952380952381,73.3076923076923
,No,1.0,Not Graduate,No,2340,3750,80,480.0,,Urban,N,6090,75.18518518518519,76.125
,No,2.0,Not Graduate,Yes,2483,6250,95,300.0,,Rural,Y,8733,90.96875,91.92631578947369
,,0.0,Graduate,Yes,1863,3066,300,300.0,0.0,Rural,Y,4929,16.375415282392026,16.43
Female,,0.0,Not Graduate,,2147,4300,58,240.0,1.0,Urban,N,6447,109.27118644067797,111.15517241379311
Male,Yes,3.0,Graduate,No,2853,1516,320,240.0,1.0,Rural,N,4369,13.610591900311526,13.653125
Male,Yes,0.0,Not Graduate,Yes,150,2083,55,360.0,,Semiurban,N,2233,39.875,40.6
Male,No,3.0,Graduate,,3052,4595,75,240.0,0.0,Urban,N,7647,100.61842105263158,101.96
Female,Yes,3.0,Graduate,Yes,4166,4300,137,,,Rural,Y,8466,61.34782608695652,61.7956204379562
Female,No,2.0,Not Graduate,No,1977,1666,96,180.0,,Rural,Y,3643,37.55670103092783,37.947916666666664
,Yes,2.0,Not Graduate,No,3029,6250,320,,1.0,Rural,N,9279,28.90654205607477,28.996875
Female,Yes,2.0,Not Graduate,Yes,3846,983,210,120.0,0.0,Semiurban,N,4829,22.886255924170616,22.995238095238093
Female,No,1.0,Not Graduate,No,10000,4750,93,240.0,1.0,Semiurban,N,14750,156.91489361702128,158.6021505376344
Female,No,3.0,Not Graduate,Yes,5166,688,192,60.0,1.0,Rural,N,5854,30.33160621761658,30.489583333333332
Male,,3.0,Graduate,No,3416,830,120,84.0,1.0,Urban,N,4246,35.09090909090909,35.38333333333333
Male,No,1.0,Not Graduate,,1000,2531,210,360.0,1.0,Rural,Y,3531,16.734597156398106,16.814285714285713
Female,No,2.0,Graduate,,3500,3263,290,,0.0,Rural,Y,6763,23.240549828178693,23.320689655172412
Male,,1.0,Graduate,Yes,7100,985,114,,,Semiurban,N,8085,70.30434782608695,70.92105263157895
Male,Yes,3.0,Not Graduate,Yes,7100,1800,118,,,Rural,Y,8900,74.78991596638656,75.42372881355932
Male,Yes,1.0,Not Graduate,,5166,3022,160,,0.0,Semiurban,Y,8188,50.85714285714285,51.175
Female,No,2.0,Not Graduate,,3416,2000,210,240.0,,Rural,N,5416,25.66824644549763,25.79047619047619
Female,No,3.0,Graduate,No,4000,1250,168,480.0,0.0,Rural,Y,5250,31.06508875739645,31.25
Male,,0.0,Graduate,,4950,2853,370,84.0,0.0,Semiurban,Y,7803,21.032345013477087,21.089189189189188
Female,,2.0,Graduate,,5316,1459,275,84.0,0.0,Rural,N,6775,24.547101449275363,24.636363636363637
Female,No,3.0,Not Graduate,,8666,2900,88,240.0,0.0,Rural,N,11566,129.95505617977528,131.4318181818182
Male,Yes,2.0,Graduate,Yes,2875,985,17,120.0,0.0,Semiurban,N,3860,214.44444444444449,227.05882352941177
,No,,Not Graduate,No,9323,2900,118,360.0,0.0,Urban,N,12223,102.71428571428572,103.58474576271186
,No,1.0,Not Graduate,,3250,2500,55,360.0,1.0,Rural,Y,5750,102.67857142857144,104.54545454545455
,No,,Not Graduate,No,6250,754,124,,1.0,Urban,N,7004,56.032,56.483870967741936
Male,No,0.0,Not Graduate,No,2275,1868,180,84.0,,Urban,Y,4143,22.88950276243094,23.016666666666666
,,1.0,Not Graduate,No,20166,1843,182,360.0,,Semiurban,N,22009,120.26775956284152,120.92857142857143
,Yes,3.0,Graduate,No,2799,500,100,84.0,,Semiurban,N,3299,32.663366336633665,32.99
Female,Yes,1.0,Graduate,Yes,2708,2250,285,360.0,1.0,Rural,N,4958,17.335664335664337,17.396491228070175
Female,No,2.0,Not Graduate,Yes,7451,1843,98,240.0,0.0,Urban,Y,9294,93.87878787878788,94.83673469387755
Male,Yes,3.0,Graduate,No,2147,1459,35,240.0,0.0,Semiurban,N,3606,100.16666666666669,103.02857142857142
Male,,3.0,Not Graduate,Yes,4000,5063,154,120.0,1.0,Rural,N,9063,58.47096774193548,58.85064935064935
Male,Yes,,Graduate,Yes,2439,7210,267,180.0,,Urban,Y,9649,36.00373134328358,36.13857677902622
Female,Yes,1.0,Graduate,Yes,5166,0,30,60.0,,Rural,N,5166,166.6451612903226,172.2
Male,,3.0,Not Graduate,Yes,5266,1964,312,300.0,0.0,Urban,N,7230,23.099041533546327,23.173076923076923
Female,Yes,0.0,Not Graduate,,2491,800,160,480.0,1.0,Semiurban,N,3291,20.44099378881988,20.56875
Male,,3.0,Not Graduate,Yes,13650,4196,78,84.0,0.0,Urban,N,17846,225.8987341772152,228.7948717948718
,No,0.0,Graduate,Yes,3200,1213,187,180.0,1.0,Rural,N,4413,23.47340425531915,23.59893048128342
Female,,,Not Graduate,,2060,1590,225,180.0,,Rural,Y,3650,16.150442477876105,16.22222222222222
Male,,1.0,Graduate,No,1800,2383,166,84.0,0.0,Rural,N,4183,25.04790419161677,25.198795180722893
Male,Yes,,Graduate,No,2383,2083,300,120.0,0.0,Urban,Y,4466,14.83720930232558,14.886666666666667
Male,No,0.0,Graduate,,11000,4300,116,360.0,,Urban,N,15300,130.76923076923077,131.89655172413794
Male,No,3.0,Graduate,,8000,5654,176,,,Semiurban,Y,13654,77.14124293785311,77.57954545454545
,Yes,0.0,Not Graduate,Yes,2875,1964,650,240.0,0.0,Rural,Y,4839,7.433179723502304,7.444615384615385
Female,,0.0,Graduate,,3416,2330,106,240.0,0.0,Urban,N,5746,53.700934579439256,54.20754716981132
,Yes,2.0,Graduate,No,7200,3333,80,360.0,,Rural,Y,10533,130.03703703703704,131.6625
Male,,,Not Graduate,,11000,3440,125,300.0,0.0,Rural,N,14440,114.6031746031746,115.52
Male,Yes,2.0,Not Graduate,,3333,1640,308,120.0,,Urban,N,4973,16.093851132686083,16.146103896103895
,Yes,3.0,Graduate,No,3846,2531,96,84.0,,Semiurban,N,6377,65.74226804123711,66.42708333333333
Female,No,1.0,Not Graduate,Yes,2950,830,495,84.0,,Semiurban,N,3780,7.620967741935484,7.636363636363637
,Yes,0.0,Graduate,,3500,1030,112,,,Rural,N,4530,40.08849557522124,40.44642857142857
,No,,Not Graduate,Yes,1800,754,267,480.0,1.0,Rural,N,2554,9.529850746268655,9.565543071161049
Male,No,1.0,Not Graduate,No,2483,4595,370,360.0,0.0,Rural,N,7078,19.078167115902964,19.12972972972973
Male,No,2.0,Graduate,No,2383,1213,225,240.0,,Urban,Y,3596,15.91150442477876,15.982222222222223
,,2.0,Graduate,,2708,3583,72,300.0,,Semiurban,Y,6291,86.17808219178082,87.375
Male,Yes,3.0,Graduate,Yes,24763,1666,113,300.0,1.0,Semiurban,N,26429,231.8333333333333,233.8849557522124
Female,No,3.0,Not Graduate,,5667,4983,175,180.0,0.0,Urban,N,10650,60.51136363636363,60.857142857142854
Male,Yes,2.0,Not Graduate,Yes,8333,754,436,120.0,,Semiurban,N,9087,20.794050343249427,20.841743119266056
Female,No,1.0,Not Graduate,No,5786,2750,50,480.0,1.0,Urban,N,8536,167.37254901960785,170.72
Female,No,1.0,Not Graduate,No,3416,3167,25,240.0,1.0,Rural,N,6583,253.19230769230768,263.32
Female,No,,Not Graduate,No,4583,4167,113,480.0,,Semiurban,N,8750,76.75438596491227,77.43362831858407
,No,0.0,Graduate,,12000,1868,120,240.0,0.0,Semiurban,N,13868,114.61157024793388,115.56666666666666
Female,Yes,3.0,Not Graduate,No,2301,1516,158,180.0,1.0,Semiurban,N,3817,24.0062893081761,24.158227848101266
Female,,3.0,Graduate,No,4843,985,330,60.0,,Rural,Y,5828,17.60725075528701,17.66060606060606
Female,Yes,0.0,Graduate,Yes,2708,2791,78,60.0,1.0,Rural,N,5499,69.60759493670886,70.5
,No,,Not Graduate,Yes,8333,3449,116,,,Rural,N,11782,100.7008547008547,101.56896551724138
Male,Yes,1.0,Graduate,,3167,4196,124,60.0,,Rural,N,7363,58.904,59.37903225806452
Male,Yes,1.0,Graduate,Yes,2333,1213,93,84.0,,Semiurban,Y,3546,37.723404255319146,38.12903225806452
Female,,1.0,Graduate,,2833,688,141,300.0,,Urban,N,3521,24.795774647887324,24.97163120567376
Male,Yes,3.0,Graduate,Yes,6250,688,35,480.0,0.0,Semiurban,Y,6938,192.72222222222223,198.22857142857143
Female,No,1.0,Graduate,No,5166,6000,90,,1.0,Semiurban,Y,11166,122.7032967032967,124.06666666666666
Female,No,3.0,Graduate,Yes,6250,983,106,300.0,1.0,Urban,N,7233,67.59813084112149,68.23584905660377
,,0.0,Not Graduate,Yes,5000,2500,112,180.0,,Rural,N,7500,66.3716814159292,66.96428571428571
Male,Yes,2.0,Not Graduate,,2708,2045,330,84.0,0.0,Semiurban,N,4753,14.3595166163142,14.403030303030302
Male,No,3.0,Graduate,Yes,2340,5063,152,180.0,1.0,Semiurban,Y,7403,48.38562091503268,48.703947368421055
Female,No,0.0,Graduate,No,2266,5250,137,300.0,1.0,Semiurban,N,7516,54.46376811594203,54.86131386861314
Female,,,Not Graduate,Yes,2200,3440,137,300.0,,Semiurban,Y,5640,40.869565217391305,41.167883211678834
Female,,,Not Graduate,,2718,2133,99,60.0,0.0,Rural,Y,4851,48.51,49.0
,No,1.0,Not Graduate,No,1928,4196,81,,1.0,Semiurban,N,6124,74.6829268292683,75.60493827160494
,Yes,0.0,Graduate,No,3189,1929,290,480.0,0.0,Rural,Y,5118,17.587628865979383,17.648275862068967
Male,Yes,,Graduate,No,2014,1666,98,,0.0,Urban,Y,3680,37.17171717171717,37.55102040816327
Female,No,2.0,Not Graduate,Yes,3522,830,58,60.0,0.0,Semiurban,Y,4352,73.76271186440678,75.03448275862068
,Yes,0.0,Not Graduate,,1928,1451,96,,,Urban,N,3379,34.83505154639175,35.197916666666664
,No,0.0,Not Graduate,Yes,20166,1250,192,360.0,1.0,Semiurban,N,21416,110.96373056994818,111.54166666666667
Male,No,3.0,Not Graduate,Yes,5316,5750,137,240.0,0.0,Rural,Y,11066,80.18840579710145,80.77372262773723
Female,Yes,0.0,Not Graduate,Yes,150,1843,136,60.0,,Semiurban,N,1993,14.547445255474452,14.654411764705882
,,,Graduate,Yes,2718,5266,125,60.0,,Semiurban,N,7984,63.36507936507937,63.872
,Yes,2.0,Not Graduate,,11000,5625,131,480.0,,Urban,N,16625,125.9469696969697,126.90839694656489
Female,No,0.0,Not Graduate,Yes,8333,2531,210,,0.0,Rural,N,10864,51.48815165876777,51.733333333333334
Female,Yes,3.0,Not Graduate,Yes,5000,2853,144,180.0,,Rural,N,7853,54.15862068965517,54.53472222222222
,,2.0,Graduate,,4843,2416,155,180.0,,Urban,Y,7259,46.532051282051285,46.83225806451613
Female,,2.0,Not Graduate,No,4583,5063,137,180.0,0.0,Rural,N,9646,69.89855072463769,70.4087591240876
Female,Yes,2.0,Graduate,Yes,5786,754,187,360.0,1.0,Urban,N,6540,34.787234042553195,34.973262032085564
,Yes,,Not Graduate,No,2799,1516,81,60.0,,Semiurban,N,4315,52.6219512195122,53.27160493827161
,Yes,0.0,Not Graduate,No,2927,2383,93,240.0,1.0,Urban,Y,5310,56.48936170212766,57.096774193548384
,No,2.0,Not Graduate,,2071,754,255,360.0,,Semiurban,N,2825,11.03515625,11.07843137254902
Male,Yes,3.0,Graduate,Yes,3073,5701,160,120.0,1.0,Semiurban,N,8774,54.49689440993789,54.8375
Female,Yes,,Graduate,,2395,4300,59,300.0,0.0,Semiurban,N,6695,111.58333333333331,113.47457627118644
,Yes,2.0,Not Graduate,No,5000,3583,285,60.0,0.0,Semiurban,Y,8583,30.01048951048951,30.11578947368421
Female,Yes,1.0,Graduate,,2479,983,63,240.0,0.0,Rural,N,3462,54.09375,54.95238095238095
,No,,Not Graduate,No,11000,1964,66,,,Urban,N,12964,193.49253731343285,196.42424242424244
Female,No,,Not Graduate,,6400,5750,104,84.0,1.0,Rural,N,12150,115.71428571428572,116.82692307692308
Male,Yes,3.0,Graduate,,2147,1459,650,,1.0,Rural,Y,3606,5.539170506912442,5.547692307692308
Female,No,1.0,Graduate,No,3600,2791,106,120.0,1.0,Semiurban,N,6391,59.728971962616825,60.29245283018868
Female,,,Not Graduate,,15000,3167,94,300.0,,Semiurban,N,18167,191.23157894736843,193.2659574468085
Male,Yes,,Not Graduate,,5667,3167,225,,,Semiurban,Y,8834,39.08849557522124,39.26222222222222
,,0.0,Graduate,No,2950,1300,600,180.0,0.0,Semiurban,N,4250,7.071547420965058,7.083333333333333
Female,No,0.0,Not Graduate,Yes,13650,1213,76,240.0,1.0,Semiurban,Y,14863,193.025974025974,195.56578947368422
Female,,1.0,Graduate,Yes,3500,5266,96,300.0,0.0,Semiurban,N,8766,90.37113402061856,91.3125
Female,Yes,2.0,Not Graduate,,3167,3750,155,120.0,,Semiurban,Y,6917,44.33974358974359,44.6258064516129
Male,No,1.0,Not Graduate,No,2950,4750,78,60.0,,Urban,N,7700,97.46835443037976,98.71794871794872
,No,0.0,Not Graduate,,5000,736,98,360.0,0.0,Semiurban,N,5736,57.93939393939394,58.53061224489796
Female,No,1.0,Not Graduate,No,2383,1300,110,84.0,,Rural,N,3683,33.18018018018018,33.481818181818184
Male,No,3.0,Not Graduate,No,150,4486,187,360.0,1.0,Urban,Y,4636,24.659574468085108,24.79144385026738
Female,No,,Not Graduate,Yes,6250,4196,93,480.0,,Urban,Y,10446,111.12765957446808,112.3225806451613
Female,No,2.0,Graduate,Yes,5316,2330,160,60.0,1.0,Semiurban,Y,7646,47.49068322981366,47.7875
,Yes,3.0,Graduate,,2014,800,290,240.0,1.0,Urban,N,2814,9.670103092783505,9.703448275862069
,Yes,0.0,Graduate,,3000,1030,116,480.0,1.0,Rural,N,4030,34.44444444444444,34.741379310344826
,,0.0,Graduate,No,13650,2667,184,360.0,0.0,Semiurban,N,16317,88.2,88.67934782608695
Female,Yes,0.0,Graduate,Yes,5500,688,175,300.0,0.0,Urban,N,6188,35.15909090909091,35.36
,No,2.0,Not Graduate,No,2718,5701,136,120.0,0.0,Urban,N,8419,61.45255474452555,61.904411764705884
Female,,3.0,Graduate,,2060,3583,225,120.0,1.0,Semiurban,Y,5643,24.969026548672566,25.08
,No,0.0,Graduate,,2333,4486,90,300.0,1.0,Semiurban,N,6819,74.93406593406593,75.76666666666667
Female,Yes,,Graduate,,4300,3333,133,300.0,0.0,Semiurban,Y,7633,56.96268656716418,57.390977443609025
Female,,1.0,Graduate,No,15000,2853,72,120.0,,Semiurban,N,17853,244.56164383561645,247.95833333333334
Male,No,2.0,Not Graduate,No,7200,830,30,180.0,,Urban,N,8030,259.03225806451616,267.6666666666667
Male,,2.0,Not Graduate,No,2147,754,139,480.0,,Semiurban,N,2901,20.72142857142857,20.8705035971223
,Yes,1.0,Graduate,,1625,2583,137,,,Rural,Y,4208,30.49275362318841,30.715328467153284
,Yes,0.0,Not Graduate,Yes,1800,7210,66,,0.0,Semiurban,Y,9010,134.47761194029852,136.5151515151515
Female,,2.0,Not Graduate,,2132,754,240,84.0,,Rural,N,2886,11.975103734439834,12.025
,,,Graduate,,5266,2133,75,360.0,,Semiurban,Y,7399,97.35526315789474,98.65333333333334
Male,,1.0,Not Graduate,,3500,500,275,240.0,0.0,Semiurban,N,4000,14.492753623188406,14.545454545454545
Male,Yes,3.0,Not Graduate,No,5786,700,112,,1.0,Rural,N,6486,57.39823008849557,57.910714285714285
Male,,0.0,Graduate,No,3333,5750,133,360.0,,Semiurban,N,9083,67.78358208955224,68.29323308270676
Male,,2.0,Graduate,,2833,2667,312,240.0,0.0,Urban,N,5500,17.57188498402556,17.628205128205128
,No,3.0,Graduate,,4843,3600,700,360.0,1.0,Semiurban,Y,8443,12.044222539229672,12.061428571428571
,Yes,1.0,Graduate,,6747,900,115,480.0,,Rural,N,7647,65.92241379310344,66.49565217391304
Female,,1.0,Not Graduate,,11000,3440,176,360.0,1.0,Rural,N,14440,81.5819209039548,82.04545454545455
,No,2.0,Graduate,,1977,830,75,,0.0,Urban,N,2807,36.93421052631579,37.42666666666667
Female,No,,Graduate,No,1863,3600,312,360.0,,Urban,N,5463,17.45367412140575,17.509615384615383
Female,,,Not Graduate,,3666,1800,275,84.0,,Urban,N,5466,19.80434782608696,19.876363636363635
Female,Yes,2.0,Not Graduate,Yes,2000,1459,255,120.0,1.0,Semiurban,N,3459,13.51171875,13.564705882352941
Female,No,,Not Graduate,Yes,2200,3369,320,60.0,,Urban,Y,5569,17.34890965732087,17.403125
,No,0.0,Graduate,Yes,8666,3369,275,180.0,0.0,Semiurban,N,12035,43.60507246376812,43.763636363636365
Female,Yes,0.0,Graduate,Yes,12841,2083,74,180.0,1.0,Rural,Y,14924,198.98666666666668,201.67567567567568
Male,No,3.0,Not Graduate,No,6400,2500,122,300.0,1.0,Semiurban,Y,8900,72.35772357723577,72.95081967213115
Female,,2.0,Graduate,Yes,2875,4595,139,60.0,,Semiurban,N,7470,53.35714285714285,53.7410071942446
Male,,2.0,Graduate,No,2147,1868,35,360.0,0.0,Urban,Y,4015,111.52777777777776,114.71428571428571
Male,Yes,1.0,Not Graduate,No,2473,3806,72,300.0,,Urban,Y,6279,86.01369863013699,87.20833333333333
Male,No,,Not Graduate,Yes,5417,7750,75,240.0,0.0,Semiurban,N,13167,173.25,175.56
,No,,Graduate,,2483,754,208,300.0,,Rural,N,3237,15.48803827751196,15.5625
Female,No,0.0,Not Graduate,,20166,700,436,84.0,1.0,Semiurban,Y,20866,47.74828375286041,47.857798165137616
,No,3.0,Graduate,No,3029,4595,320,84.0,1.0,Semiurban,N,7624,23.75077881619938,23.825
Female,No,3.0,Not Graduate,No,2439,2250,308,300.0,,Semiurban,N,4689,15.1747572815534,15.224025974025974
,Yes,1.0,Graduate,No,3366,4983,81,60.0,1.0,Semiurban,N,8349,101.8170731707317,103.07407407407408
,Yes,,Graduate,Yes,8666,4300,72,480.0,,Rural,Y,12966,177.6164383561644,180.08333333333334
Male,,0.0,Not Graduate,No,13650,4000,112,120.0,1.0,Semiurban,N,17650,156.1946902654867,157.58928571428572
Female,Yes,2.0,Not Graduate,Yes,3000,2133,72,180.0,0.0,Urban,N,5133,70.31506849315069,71.29166666666667
,,,Graduate,,2014,3806,267,180.0,1.0,Semiurban,N,5820,21.71641791044776,21.797752808988765
Female,,,Not Graduate,,3083,500,349,180.0,,Rural,N,3583,10.237142857142857,10.26647564469914
,Yes,1.0,Not Graduate,Yes,5500,1929,30,300.0,1.0,Urban,N,7429,239.6451612903226,247.63333333333333
,No,3.0,Graduate,No,5500,5750,95,360.0,1.0,Semiurban,Y,11250,117.1875,118.42105263157895
Female,Yes,1.0,Not Graduate,,3600,5266,122,240.0,0.0,Rural,N,8866,72.08130081300813,72.67213114754098
,,,Not Graduate,Yes,2132,2133,81,180.0,0.0,Urban,N,4265,52.01219512195122,52.65432098765432
Male,,2.0,Graduate,No,1000,7750,93,60.0,0.0,Semiurban,N,8750,93.08510638297872,94.08602150537635
Male,No,0.0,Graduate,,3800,2133,275,120.0,1.0,Urban,N,5933,21.496376811594203,21.574545454545454
Female,No,3.0,Not Graduate,,2301,2045,94,,,Semiurban,N,4346,45.74736842105264,46.234042553191486
,Yes,,Not Graduate,Yes,3366,1083,650,240.0,,Urban,N,4449,6.83410138248848,6.844615384615385
,Yes,2.0,Graduate,No,3846,500,44,84.0,1.0,Semiurban,Y,4346,96.57777777777778,98.77272727272727
Male,,,Not Graduate,Yes,3800,985,150,240.0,0.0,Rural,N,4785,31.688741721854303,31.9
Male,No,3.0,Graduate,Yes,2014,3449,141,180.0,,Urban,N,5463,38.471830985915496,38.744680851063826
Male,Yes,2.0,Graduate,Yes,9323,0,158,360.0,,Semiurban,Y,9323,58.63522012578616,59.00632911392405
Male,No,3.0,Not Graduate,No,150,3066,180,180.0,0.0,Urban,N,3216,17.76795580110497,17.866666666666667
Female,,2.0,Not Graduate,,2132,1964,290,,1.0,Rural,N,4096,14.075601374570446,14.124137931034483
Female,No,2.0,Not Graduate,,2583,5750,165,120.0,,Rural,N,8333,50.19879518072289,50.5030303030303
,,,Graduate,No,12841,1929,180,60.0,0.0,Urban,N,14770,81.60220994475138,82.05555555555556
Female,No,0.0,Not Graduate,,3189,2330,120,60.0,0.0,Urban,N,5519,45.61157024793389,45.99166666666667
,Yes,,Not Graduate,No,10513,2330,208,360.0,0.0,Rural,Y,12843,61.44976076555024,61.74519230769231
Male,No,0.0,Not Graduate,No,2479,500,155,300.0,,Urban,N,2979,19.096153846153847,19.219354838709677
Female,No,0.0,Not Graduate,,2583,2583,376,,,Rural,N,5166,13.702917771883287,13.73936170212766
Female,,2.0,Graduate,No,3200,1843,267,360.0,,Semiurban,N,5043,18.81716417910448,18.8876404494382
Female,No,0.0,Graduate,No,7451,4417,136,120.0,0.0,Rural,N,11868,86.62773722627738,87.26470588235294
Female,Yes,1.0,Not Graduate,No,3666,1030,30,60.0,,Semiurban,Y,4696,151.48387096774192,156.53333333333333
Female,Yes,0.0,Not Graduate,,3200,1500,208,120.0,1.0,Urban,Y,4700,22.48803827751196,22.596153846153847
Male,No,,Not Graduate,Yes,1863,1964,141,84.0,0.0,Semiurban,Y,3827,26.950704225352112,27.141843971631207
,,,Not Graduate,,20166,3022,350,240.0,0.0,Semiurban,N,23188,66.06267806267806,66.25142857142858
,No,2.0,Graduate,,2600,1459,495,480.0,0.0,Urban,N,4059,8.183467741935484,8.2
,No,1.0,Not Graduate,,2577,1590,50,,0.0,Rural,Y,4167,81.70588235294117,83.34
,,3.0,Graduate,No,4300,2000,490,480.0,0.0,Semiurban,N,6300,12.830957230142566,12.857142857142858
Male,Yes,3.0,Not Graduate,No,2178,0,144,84.0,,Urban,N,2178,15.020689655172411,15.125
Female,,3.0,Not Graduate,No,2000,4750,124,,,Urban,Y,6750,54.0,54.435483870967744
Female,No,2.0,Graduate,No,2799,3167,115,180.0,0.0,Semiurban,N,5966,51.43103448275862,51.87826086956522
Female,No,2.0,Graduate,Yes,3073,4750,122,84.0,0.0,Urban,N,7823,63.60162601626016,64.12295081967213
Female,No,3.0,Not Graduate,No,3029,5266,152,,0.0,Rural,N,8295,54.21568627450981,54.57236842105263
Male,No,,Not Graduate,No,4843,5063,300,120.0,0.0,Rural,Y,9906,32.91029900332226,33.02
,,0.0,Not Graduate,No,7100,2250,59,240.0,0.0,Urban,Y,9350,155.83333333333334,158.47457627118644
,,2.0,Not Graduate,,5316,754,118,84.0,,Rural,Y,6070,51.00840336134454,51.440677966101696
,,,Not Graduate,No,4583,1640,112,60.0,1.0,Semiurban,Y,6223,55.07079646017699,55.5625
,No,2.0,Graduate,,2340,2000,225,480.0,0.0,Rural,N,4340,19.20353982300885,19.288888888888888
Male,No,0.0,Graduate,,1000,3449,370,360.0,1.0,Semiurban,N,4449,11.991913746630727,12.024324324324324
Female,Yes,3.0,Graduate,Yes,5166,7750,312,,,Semiurban,N,12916,41.26517571884984,41.3974358974359
,,0.0,Not Graduate,Yes,4166,2900,155,180.0,,Semiurban,Y,7066,45.2948717948718,45.58709677419355
Male,,0.0,Graduate,No,2583,4167,600,480.0,,Semiurban,N,6750,11.231281198003328,11.25
,No,2.0,Not Graduate,,2799,2531,495,84.0,,Rural,N,5330,10.745967741935484,10.767676767676768
Female,,,Graduate,No,4583,3369,99,84.0,1.0,Semiurban,N,7952,79.52,80.32323232323232
Female,,0.0,Graduate,,2483,1451,17,60.0,,Semiurban,N,3934,218.5555555555556,231.41176470588235
Male,Yes,,Not Graduate,Yes,2395,3440,165,300.0,1.0,Rural,N,5835,35.15060240963855,35.36363636363637
Female,No,1.0,Graduate,No,2014,2383,47,300.0,1.0,Semiurban,N,4397,91.60416666666669,93.55319148936171
Female,,0.0,Graduate,,3666,2853,350,84.0,1.0,Rural,Y,6519,18.57264957264957,18.625714285714285
Female,Yes,3.0,Not Graduate,Yes,3333,1640,74,180.0,0.0,Urban,Y,4973,66.30666666666667,67.20270270270271
Male,Yes,3.0,Not Graduate,No,2483,2250,124,84.0,0.0,Urban,Y,4733,37.864,38.16935483870968
Male,,1.0,Graduate,,6080,2330,240,120.0,1.0,Semiurban,N,8410,34.89626556016597,35.041666666666664
Female,Yes,1.0,Not Graduate,Yes,2718,3369,650,60.0,0.0,Rural,N,6087,9.350230414746544,9.364615384615385
,No,1.0,Graduate,,7100,4167,312,84.0,0.0,Semiurban,N,11267,35.99680511182109,36.11217948717949
,,1.0,Graduate,Yes,2183,3167,155,60.0,0.0,Urban,N,5350,34.2948717948718,34.516129032258064
,Yes,2.0,Not Graduate,Yes,12841,3449,700,180.0,,Rural,N,16290,23.238231098430813,23.271428571428572
Male,Yes,0.0,Not Graduate,No,2875,5750,141,,0.0,Urban,N,8625,60.73943661971831,61.170212765957444
,,,Not Graduate,Yes,8000,4983,285,84.0,,Semiurban,N,12983,45.39510489510489,45.55438596491228
Male,No,,Not Graduate,Yes,8666,1964,115,84.0,1.0,Rural,N,10630,91.63793103448276,92.43478260869566
Female,Yes,1.0,Graduate,No,5166,3333,128,84.0,,Urban,Y,8499,65.88372093023256,66.3984375
Female,,3.0,Not Graduate,,3750,2667,436,120.0,,Rural,N,6417,14.68421052631579,14.71788990825688
Female,No,0.0,Not Graduate,Yes,3083,2667,78,84.0,0.0,Urban,N,5750,72.78481012658227,73.71794871794872
Female,Yes,2.0,Graduate,No,3189,6250,650,360.0,0.0,Rural,N,9439,14.499231950844854,14.521538461538462
,No,3.0,Graduate,No,1863,2083,255,,,Semiurban,N,3946,15.4140625,15.474509803921569
Female,Yes,,Not Graduate,,5266,5250,90,120.0,0.0,Urban,N,10516,115.56043956043956,116.84444444444445
Female,Yes,,Not Graduate,,5417,5750,312,,,Urban,Y,11167,35.677316293929714,35.791666666666664
Female,No,0.0,Graduate,Yes,5786,4595,100,180.0,1.0,Semiurban,N,10381,102.78217821782178,103.81
,No,0.0,Not Graduate,No,2266,4417,320,60.0,1.0,Urban,Y,6683,20.819314641744548,20.884375
,No,2.0,Graduate,Yes,3800,2083,495,180.0,,Semiurban,N,5883,11.860887096774194,11.884848484848485
,No,1.0,Graduate,Yes,8666,830,136,180.0,,Semiurban,N,9496,69.31386861313868,69.82352941176471
Female,,2.0,Graduate,No,2183,3066,139,84.0,1.0,Semiurban,N,5249,37.49285714285714,37.76258992805755
Male,,,Graduate,No,3000,1030,98,360.0,1.0,Semiurban,Y,4030,40.70707070707071,41.12244897959184
,No,,Not Graduate,,2708,3440,50,360.0,0.0,Urban,Y,6148,120.54901960784314,122.96
,No,2.0,Not Graduate,Yes,5266,7750,85,480.0,1.0,Rural,N,13016,151.34883720930233,153.12941176470588
Male,No,3.0,Not Graduate,Yes,6747,2383,152,240.0,,Urban,N,9130,59.673202614379086,60.06578947368421
,No,1.0,Graduate,No,1863,2853,83,,0.0,Rural,N,4716,56.142857142857146,56.81927710843374
,,1.0,Graduate,,7333,4167,97,360.0,,Urban,Y,11500,117.3469387755102,118.55670103092784
Female,No,0.0,Not Graduate,,2718,2083,208,300.0,1.0,Semiurban,N,4801,22.971291866028707,23.08173076923077
Male,No,1.0,Not Graduate,No,12841,3066,330,480.0,1.0,Urban,N,15907,48.05740181268882,48.2030303030303
,,0.0,Not Graduate,,3167,2000,139,180.0,1.0,Rural,Y,5167,36.90714285714286,37.172661870503596
,Yes,1.0,Graduate,No,3500,6250,208,120.0,,Urban,N,9750,46.65071770334928,46.875
Female,,1.0,Graduate,No,3000,3167,88,84.0,0.0,Semiurban,N,6167,69.29213483146067,70.07954545454545
Male,Yes,,Graduate,No,5417,900,228,300.0,0.0,Urban,N,6317,27.58515283842795,27.70614035087719
Female,Yes,1.0,Graduate,No,3250,1666,140,240.0,1.0,Rural,N,4916,34.86524822695036,35.114285714285714
Male,Yes,,Graduate,No,3029,3022,208,360.0,0.0,Urban,N,6051,28.95215311004785,29.091346153846153
Female,No,0.0,Not Graduate,Yes,1977,3263,201,180.0,1.0,Semiurban,N,5240,25.940594059405942,26.069651741293534
Female,Yes,2.0,Not Graduate,Yes,2927,2900,137,,,Urban,N,5827,42.22463768115942,42.53284671532847
,Yes,3.0,Graduate,Yes,3666,3167,144,60.0,0.0,Urban,N,6833,47.12413793103448,47.451388888888886
Male,No,2.0,Not Graduate,No,2266,4595,30,180.0,0.0,Semiurban,Y,6861,221.32258064516128,228.7
,No,,Not Graduate,No,2853,2133,113,300.0,,Urban,N,4986,43.73684210526316,44.123893805309734
,,,Graduate,Yes,2666,5750,95,300.0,1.0,Semiurban,Y,8416,87.66666666666667,88.58947368421053
Female,Yes,1.0,Graduate,No,4166,2416,98,240.0,1.0,Semiurban,N,6582,66.48484848484848,67.16326530612245
Male,No,,Not Graduate,,2275,1843,150,60.0,1.0,Semiurban,N,4118,27.271523178807943,27.453333333333333
Male,,0.0,Not Graduate,Yes,1863,5654,165,120.0,1.0,Rural,N,7517,45.28313253012048,45.557575757575755
Male,,,Not Graduate,No,5266,1250,58,480.0,,Semiurban,Y,6516,110.44067796610167,112.34482758620689
Female,No,2.0,Graduate,No,5266,983,25,,1.0,Semiurban,N,6249,240.34615384615384,249.96
Female,Yes,1.0,Not Graduate,Yes,5500,3500,104,240.0,0.0,Semiurban,N,9000,85.71428571428571,86.53846153846153
,,0.0,Graduate,No,2147,1666,175,,,Rural,Y,3813,21.664772727272727,21.78857142857143
Female,,0.0,Graduate,Yes,7100,2853,201,240.0,,Urban,N,9953,49.272277227722775,49.517412935323385
Male,,3.0,Graduate,Yes,3846,1666,137,84.0,1.0,Semiurban,Y,5512,39.94202898550725,40.23357664233577
Female,,0.0,Not Graduate,,2333,4486,255,84.0,,Rural,N,6819,26.63671875,26.741176470588236
Male,Yes,1.0,Graduate,,3333,5701,118,300.0,1.0,Rural,N,9034,75.91596638655462,76.55932203389831
Male,Yes,3.0,Not Graduate,Yes,10513,3500,122,,0.0,Urban,N,14013,113.92682926829268,114.86065573770492
Female,,1.0,Not Graduate,No,12000,2583,115,240.0,1.0,Semiurban,N,14583,125.71551724137932,126.80869565217391
,,3.0,Not Graduate,No,150,1250,47,180.0,,Semiurban,N,1400,29.166666666666668,29.78723404255319
Male,No,3.0,Not Graduate,Yes,12841,2083,228,120.0,,Rural,N,14924,65.17030567685589,65.45614035087719
Female,Yes,3.0,Not Graduate,No,2950,3449,136,120.0,,Rural,Y,6399,46.70802919708029,47.0514705882353
Female,,1.0,Not Graduate,No,5500,2583,95,120.0,1.0,Urban,Y,8083,84.19791666666667,85.08421052631579
Male,Yes,1.0,Graduate,Yes,6080,7210,141,120.0,,Semiurban,N,13290,93.59154929577464,94.25531914893617
Female,No,3.0,Not Graduate,,2577,800,140,60.0,1.0,Rural,N,3377,23.95035460992908,24.12142857142857
Male,Yes,1.0,Graduate,Yes,1928,7750,225,180.0,1.0,Semiurban,N,9678,42.823008849557525,43.013333333333335
Male,Yes,,Not Graduate,,2645,736,152,120.0,,Urban,N,3381,22.09803921568628,22.24342105263158
Male,Yes,,Not Graduate,,10000,3167,312,60.0,,Urban,N,13167,42.06709265175719,42.20192307692308
,No,2.0,Not Graduate,,3000,2791,125,60.0,1.0,Semiurban,N,5791,45.96031746031746,46.328
Female,Yes,,Graduate,,2577,1929,133,84.0,,Rural,N,4506,33.62686567164179,33.8796992481203
Female,,3.0,Graduate,No,3846,1516,168,240.0,0.0,Rural,Y,5362,31.727810650887573,31.916666666666668
Male,,2.0,Graduate,No,2927,754,180,84.0,1.0,Rural,N,3681,20.33701657458564,20.45
,No,1.0,Not Graduate,No,3167,2083,495,180.0,1.0,Semiurban,N,5250,10.584677419354838,10.606060606060606
Male,,2.0,Graduate,No,20166,5625,83,120.0,0.0,Urban,Y,25791,307.0357142857143,310.73493975903614
Female,No,3.0,Graduate,No,4843,1213,315,120.0,,Semiurban,N,6056,19.16455696202532,19.225396825396825
Female,Yes,3.0,Not Graduate,,20166,4300,88,240.0,0.0,Rural,N,24466,274.8988764044944,278.02272727272725
Male,No,0.0,Graduate,,2577,2142,600,300.0,1.0,Rural,Y,4719,7.851913477537438,7.865
Female,,,Not Graduate,,2000,2750,320,180.0,0.0,Rural,Y,4750,14.797507788161994,14.84375
,No,,Graduate,Yes,5667,3263,168,,0.0,Rural,N,8930,52.84023668639053,53.154761904761905
Female,No,2.0,Not Graduate,No,3416,2531,176,300.0,,Rural,N,5947,33.59887005649718,33.78977272727273
Male,,2.0,Not Graduate,No,3500,1666,50,84.0,1.0,Urban,N,5166,101.29411764705884,103.32
Female,No,,Not Graduate,No,12000,1250,166,60.0,,Semiurban,Y,13250,79.34131736526946,79.81927710843374
,,3.0,Graduate,,3500,736,76,300.0,1.0,Rural,N,4236,55.01298701298701,55.73684210526316
Male,Yes,1.0,Graduate,Yes,2473,7210,104,240.0,,Urban,Y,9683,92.2190476190476,93.10576923076923
,Yes,3.0,Graduate,No,2577,3600,175,360.0,,Rural,N,6177,35.09659090909091,35.29714285714286
Female,,1.0,Graduate,No,2491,3750,81,480.0,,Urban,Y,6241,76.10975609756098,77.04938271604938
,No,0.0,Not Graduate,,5316,4300,131,240.0,0.0,Semiurban,Y,9616,72.84848484848484,73.40458015267176
,,2.0,Graduate,No,3366,1640,187,84.0,0.0,Rural,N,5006,26.627659574468087,26.77005347593583
,No,0.0,Graduate,Yes,13650,1929,95,180.0,0.0,Semiurban,N,15579,162.28125,163.98947368421054
Male,,3.0,Not Graduate,,4843,1500,99,360.0,1.0,Semiurban,N,6343,63.43,64.07070707070707
Female,No,2.0,Not Graduate,No,2395,4866,201,120.0,,Semiurban,N,7261,35.945544554455445,36.124378109452735
Female,Yes,0.0,Not Graduate,Yes,2439,2500,376,300.0,0.0,Rural,Y,4939,13.10079575596817,13.13563829787234
Male,No,1.0,Graduate,No,2666,1500,290,180.0,,Semiurban,N,4166,14.316151202749142,14.36551724137931
Male,No,0.0,Graduate,No,13650,2083,158,120.0,,Semiurban,N,15733,98.9496855345912,99.57594936708861
,,0.0,Graduate,No,5042,736,150,60.0,1.0,Semiurban,N,5778,38.264900662251655,38.52
Male,Yes,3.0,Graduate,Yes,1977,6000,133,60.0,,Semiurban,Y,7977,59.52985074626866,59.97744360902256
Male,No,2.0,Not Graduate,Yes,2799,7750,490,240.0,,Semiurban,N,10549,21.4847250509165,21.52857142857143
Male,,2.0,Not Graduate,Yes,2147,1800,168,180.0,1.0,Semiurban,Y,3947,23.355029585798817,23.49404761904762
Male,No,0.0,Graduate,,3189,1213,50,180.0,1.0,Urban,N,4402,86.31372549019608,88.04
Male,Yes,0.0,Not Graduate,No,5000,1800,97,240.0,0.0,Urban,N,6800,69.38775510204081,70.10309278350516
,,3.0,Not Graduate,,1863,3167,99,180.0,1.0,Semiurban,N,5030,50.3,50.80808080808081
Male,Yes,1.0,Not Graduate,,15000,2900,110,180.0,,Urban,N,17900,161.26126126126127,162.72727272727272
,Yes,3.0,Graduate,No,3052,5250,58,120.0,1.0,Rural,N,8302,140.71186440677965,143.13793103448276
Male,,1.0,Graduate,,2833,1500,97,300.0,1.0,Semiurban,Y,4333,44.21428571428572,44.670103092783506
Female,No,0.0,Graduate,Yes,2400,3449,182,60.0,0.0,Urban,N,5849,31.961748633879782,32.137362637362635
Female,,0.0,Not Graduate,No,6747,754,74,,1.0,Semiurban,N,7501,100.01333333333334,101.36486486486487
,No,2.0,Not Graduate,No,2200,2083,125,240.0,,Urban,N,4283,33.992063492063494,34.264
Female,Yes,0.0,Not Graduate,No,2799,1451,110,360.0,,Rural,Y,4250,38.288288288288285,38.63636363636363
Male,No,,Not Graduate,,8333,2330,136,60.0,1.0,Urban,Y,10663,77.83211678832117,78.40441176470588
Female,Yes,3.0,Graduate,,5000,5701,99,60.0,,Semiurban,N,10701,107.01,108.0909090909091
Female,,3.0,Graduate,Yes,4300,5625,85,300.0,1.0,Rural,Y,9925,115.40697674418604,116.76470588235294
,No,0.0,Not Graduate,Yes,2927,1500,113,60.0,1.0,Semiurban,N,4427,38.833333333333336,39.176991150442475
Female,,1.0,Not Graduate,,10513,1516,66,84.0,1.0,Urban,N,12029,179.53731343283582,182.25757575757575
Female,,3.0,Not Graduate,Yes,12000,1590,94,480.0,1.0,Semiurban,N,13590,143.05263157894737,144.5744680851064
,,,Graduate,Yes,2071,2900,495,480.0,1.0,Rural,N,4971,10.022177419354838,10.042424242424243
,No,,Not Graduate,Yes,2183,5654,106,120.0,1.0,Rural,N,7837,73.24299065420561,73.93396226415095
,No,3.0,Not Graduate,,5000,1800,176,120.0,1.0,Semiurban,N,6800,38.4180790960452,38.63636363636363
Female,Yes,,Graduate,,3052,1929,136,120.0,0.0,Semiurban,N,4981,36.35766423357664,36.625
Male,Yes,3.0,Not Graduate,No,2799,4300,44,480.0,,Urban,N,7099,157.75555555555556,161.3409090909091
,Yes,3.0,Not Graduate,,9323,500,700,180.0,0.0,Semiurban,Y,9823,14.01283880171184,14.032857142857143
Male,Yes,3.0,Not Graduate,,2577,2853,112,120.0,0.0,Rural,N,5430,48.05309734513274,48.482142857142854
Male,,2.0,Graduate,,2799,1666,133,120.0,0.0,Semiurban,N,4465,33.32089552238806,33.57142857142857
,Yes,0.0,Graduate,No,20166,3449,152,180.0,1.0,Rural,Y,23615,154.34640522875816,155.36184210526315
Male,No,,Not Graduate,No,3666,700,58,480.0,0.0,Semiurban,N,4366,74.0,75.27586206896552
,No,,Graduate,Yes,7451,1250,88,120.0,1.0,Semiurban,N,8701,97.76404494382022,98.875
Male,No,,Graduate,Yes,2395,5750,139,360.0,0.0,Urban,N,8145,58.17857142857143,58.597122302158276
,Yes,3.0,Graduate,,3846,5701,349,180.0,0.0,Rural,N,9547,27.277142857142856,27.355300859598852
,,3.0,Not Graduate,,4583,5701,312,300.0,0.0,Urban,N,10284,32.85623003194888,32.96153846153846
,No,0.0,Graduate,No,3052,1213,490,60.0,0.0,Urban,N,4265,8.686354378818738,8.704081632653061
,No,2.0,Not Graduate,Yes,2583,1868,141,240.0,,Rural,N,4451,31.34507042253521,31.56737588652482
,Yes,3.0,Graduate,,5786,3369,50,60.0,,Rural,N,9155,179.50980392156862,183.1
Female,No,3.0,Not Graduate,No,2583,1800,97,240.0,1.0,Urban,N,4383,44.724489795918366,45.18556701030928
Female,No,1.0,Not Graduate,No,11000,700,600,180.0,1.0,Urban,N,11700,19.467554076539106,19.5
Male,No,,Graduate,No,4583,4486,187,480.0,0.0,Semiurban,N,9069,48.23936170212766,48.49732620320856
Female,Yes,3.0,Not Graduate,Yes,3167,3500,17,60.0,1.0,Urban,N,6667,370.3888888888889,392.1764705882353
Female,No,,Not Graduate,No,5266,1843,70,480.0,0.0,Urban,N,7109,100.12676056338027,101.55714285714286
,No,0.0,Not Graduate,,2383,0,83,84.0,,Rural,N,2383,28.36904761904762,28.710843373493976
Female,,0.0,Graduate,No,2491,1929,700,60.0,0.0,Urban,Y,4420,6.30527817403709,6.314285714285714
Female,Yes,2.0,Graduate,No,2071,5654,106,,0.0,Urban,N,7725,72.19626168224299,72.87735849056604
Female,No,0.0,Graduate,Yes,2395,2853,158,,0.0,Semiurban,N,5248,33.0062893081761,33.21518987341772
,No,2.0,Graduate,Yes,1000,2900,187,84.0,0.0,Semiurban,N,3900,20.74468085106383,20.855614973262032
,No,2.0,Not Graduate,No,3600,500,58,60.0,0.0,Rural,N,4100,69.49152542372882,70.6896551724138
Male,No,2.0,Graduate,Yes,2799,2330,93,84.0,,Semiurban,N,5129,54.56382978723404,55.1505376344086
Male,,3.0,Not Graduate,,4300,2000,275,180.0,1.0,Urban,N,6300,22.82608695652174,22.90909090909091
,Yes,2.0,Graduate,No,2383,4750,137,300.0,0.0,Urban,N,7133,51.68840579710145,52.065693430656935
Female,No,1.0,Not Graduate,No,3522,1590,83,480.0,0.0,Urban,Y,5112,60.85714285714285,61.59036144578313
Female,,3.0,Graduate,,5417,2667,140,,0.0,Rural,Y,8084,57.333333333333336,57.74285714285714
Male,,1.0,Graduate,Yes,4843,2853,650,180.0,,Semiurban,N,7696,11.821812596006144,11.84
Male,Yes,1.0,Not Graduate,Yes,2927,4595,118,360.0,0.0,Urban,Y,7522,63.21008403361345,63.74576271186441
Female,,3.0,Not Graduate,Yes,3200,4196,176,60.0,0.0,Rural,N,7396,41.78531073446328,42.02272727272727
,Yes,0.0,Graduate,Yes,3200,3263,165,180.0,1.0,Urban,N,6463,38.93373493975904,39.16969696969697
Female,,1.0,Not Graduate,No,2266,3066,97,120.0,,Urban,N,5332,54.40816326530612,54.96907216494845
,Yes,1.0,Not Graduate,No,3666,736,201,360.0,1.0,Urban,N,4402,21.7920792079208,21.90049751243781
Female,Yes,2.0,Graduate,No,2071,2000,182,360.0,1.0,Urban,N,4071,22.24590163934426,22.36813186813187
Female,Yes,2.0,Not Graduate,No,11000,2583,350,300.0,,Urban,Y,13583,38.6980056980057,38.808571428571426
,No,1.0,Graduate,No,2132,900,115,480.0,,Urban,N,3032,26.13793103448276,26.36521739130435
Female,Yes,2.0,Not Graduate,Yes,8000,983,81,180.0,,Rural,N,8983,109.54878048780488,110.90123456790124
Male,No,2.0,Graduate,,4300,3449,160,,0.0,Rural,N,7749,48.130434782608695,48.43125
Female,Yes,,Not Graduate,No,2950,1451,285,120.0,0.0,Semiurban,N,4401,15.388111888111888,15.442105263157895
Male,No,2.0,Not Graduate,Yes,24763,6000,80,360.0,,Rural,N,30763,379.7901234567901,384.5375
,,0.0,Graduate,,1625,3750,85,,1.0,Semiurban,N,5375,62.5,63.23529411764706
Male,Yes,0.0,Not Graduate,,5316,3440,59,60.0,1.0,Rural,N,8756,145.93333333333334,148.40677966101694
,,2.0,Graduate,Yes,2400,1459,94,300.0,1.0,Semiurban,N,3859,40.62105263157895,41.0531914893617
Female,,0.0,Graduate,Yes,2237,2750,330,480.0,0.0,Semiurban,N,4987,15.066465256797583,15.112121212121211
Female,No,2.0,Not Graduate,,3416,3022,158,360.0,0.0,Rural,N,6438,40.490566037735846,40.74683544303797
Male,,3.0,Graduate,Yes,2000,2083,97,300.0,,Urban,N,4083,41.66326530612245,42.09278350515464
,No,,Not Graduate,,3366,2083,106,480.0,1.0,Urban,N,5449,50.925233644859816,51.405660377358494
Female,Yes,1.0,Not Graduate,No,20166,754,187,,,Rural,N,20920,111.27659574468083,111.8716577540107
Female,No,,Graduate,No,2060,3600,152,240.0,0.0,Urban,Y,5660,36.99346405228758,37.23684210526316
Male,No,2.0,Graduate,Yes,2178,3369,350,,0.0,Semiurban,N,5547,15.803418803418804,15.848571428571429
Male,Yes,2.0,Not Graduate,,13650,2383,370,240.0,,Urban,Y,16033,43.21563342318059,43.332432432432434
Female,No,2.0,Not Graduate,,24763,1330,104,360.0,1.0,Rural,Y,26093,248.5047619047619,250.89423076923077
Male,No,3.0,Not Graduate,Yes,2400,1451,94,,1.0,Semiurban,N,3851,40.53684210526316,40.96808510638298
Male,Yes,0.0,Not Graduate,No,4300,1666,114,180.0,,Urban,Y,5966,51.87826086956522,52.333333333333336
Female,Yes,3.0,Not Graduate,No,3200,4167,76,480.0,,Semiurban,N,7367,95.67532467532467,96.9342105263158
,,2.0,Not Graduate,No,3666,1868,63,240.0,1.0,Semiurban,Y,5534,86.46875,87.84126984126983
Female,No,,Not Graduate,Yes,2060,1868,139,60.0,1.0,Semiurban,N,3928,28.057142857142857,28.258992805755394
,Yes,0.0,Not Graduate,No,3333,2750,122,,,Urban,N,6083,49.45528455284553,49.86065573770492
Male,,1.0,Not Graduate,Yes,1928,1800,320,120.0,1.0,Semiurban,Y,3728,11.613707165109034,11.65
,Yes,,Not Graduate,Yes,2583,830,136,120.0,0.0,Semiurban,N,3413,24.912408759124087,25.095588235294116
Male,Yes,2.0,Not Graduate,Yes,1977,3449,370,480.0,1.0,Urban,N,5426,14.62533692722372,14.664864864864866
Female,Yes,3.0,Graduate,,7333,1500,136,300.0,1.0,Urban,N,8833,64.47445255474453,64.94852941176471
Female,No,,Graduate,,11000,3066,116,60.0,1.0,Rural,Y,14066,120.22222222222224,121.25862068965517
Female,,3.0,Graduate,Yes,2383,1330,166,180.0,0.0,Urban,N,3713,22.233532934131738,22.367469879518072
Female,No,3.0,Graduate,No,4843,7750,187,360.0,0.0,Rural,N,12593,66.98404255319149,67.34224598930481
,No,1.0,Graduate,No,4300,3440,35,480.0,1.0,Semiurban,N,7740,215.0,221.14285714285714
Male,,0.0,Not Graduate,No,2927,3369,315,240.0,0.0,Urban,Y,6296,19.924050632911392,19.987301587301587
Male,No,1.0,Graduate,Yes,20166,3583,436,60.0,,Rural,N,23749,54.34553775743707,54.47018348623853
,,0.0,Not Graduate,,3666,4866,175,60.0,0.0,Urban,N,8532,48.47727272727273,48.754285714285714
,No,,Not Graduate,,7200,7210,70,60.0,,Urban,N,14410,202.95774647887325,205.85714285714286
,No,0.0,Not Graduate,,3200,2383,315,84.0,,Semiurban,N,5583,17.667721518987342,17.723809523809525
Female,Yes,,Graduate,No,2950,3449,74,180.0,1.0,Rural,N,6399,85.32,86.47297297297297
Female,Yes,2.0,Graduate,Yes,2439,983,275,120.0,0.0,Semiurban,N,3422,12.398550724637682,12.443636363636363
,,3.0,Graduate,Yes,7200,4750,110,84.0,,Semiurban,N,11950,107.65765765765764,108.63636363636364
Female,,2.0,Graduate,No,1625,3440,124,300.0,1.0,Urban,N,5065,40.52,40.846774193548384
Male,Yes,1.0,Not Graduate,Yes,2833,2853,106,300.0,1.0,Semiurban,N,5686,53.14018691588785,53.64150943396226
Female,No,0.0,Graduate,,7200,1451,76,84.0,0.0,Rural,N,8651,112.35064935064936,113.82894736842105
Male,Yes,0.0,Graduate,Yes,2927,7750,201,240.0,1.0,Urban,Y,10677,52.85643564356435,53.11940298507463
Male,,1.0,Not Graduate,No,2000,4300,99,180.0,0.0,Semiurban,N,6300,63.0,63.63636363636363
,Yes,3.0,Graduate,No,1928,3333,97,360.0,1.0,Urban,N,5261,53.68367346938776,54.23711340206186
,,2.0,Not Graduate,No,2147,5625,166,240.0,,Urban,N,7772,46.538922155688624,46.81927710843374
,No,2.0,Graduate,,3250,1250,175,360.0,,Semiurban,Y,4500,25.568181818181817,25.714285714285715
,No,3.0,Not Graduate,Yes,7333,3500,17,240.0,1.0,Urban,N,10833,601.8333333333334,637.2352941176471
Male,,3.0,Not Graduate,No,3000,985,25,360.0,0.0,Rural,Y,3985,153.26923076923077,159.4
,Yes,2.0,Graduate,Yes,3846,3440,136,180.0,1.0,Semiurban,Y,7286,53.18248175182482,53.5735294117647
Female,Yes,2.0,Not Graduate,Yes,2666,3583,35,180.0,1.0,Rural,N,6249,173.58333333333334,178.54285714285714
Male,Yes,3.0,Not Graduate,,2666,5250,81,240.0,,Semiurban,N,7916,96.53658536585364,97.72839506172839
Male,No,0.0,Graduate,No,13650,4595,96,240.0,1.0,Rural,N,18245,188.09278350515464,190.05208333333334
,No,0.0,Graduate,Yes,4300,1250,74,300.0,0.0,Semiurban,Y,5550,74.0,75.0
,,0.0,Graduate,No,12000,2083,35,180.0,1.0,Rural,N,14083,391.19444444444446,402.37142857142857
Female,No,0.0,Not Graduate,Yes,2301,2750,75,60.0,,Urban,N,5051,66.46052631578948,67.34666666666666
Female,,1.0,Graduate,Yes,8666,2330,44,84.0,1.0,Urban,N,10996,244.35555555555555,249.9090909090909
Male,No,2.0,Graduate,,8333,900,182,240.0,0.0,Semiurban,Y,9233,50.45355191256831,50.73076923076923
Female,,0.0,Graduate,Yes,2708,3500,98,360.0,1.0,Rural,N,6208,62.70707070707071,63.3469387755102
Female,,1.0,Not Graduate,,4000,3022,128,84.0,0.0,Urban,N,7022,54.43410852713178,54.859375
,No,1.0,Graduate,,3200,2383,35,120.0,1.0,Rural,N,5583,155.08333333333334,159.5142857142857
Female,No,1.0,Not Graduate,,3366,5063,90,120.0,0.0,Rural,N,8429,92.62637362637362,93.65555555555555
Female,Yes,3.0,Graduate,Yes,2147,3600,30,300.0,0.0,Semiurban,Y,5747,185.3870967741936,191.56666666666666
,No,2.0,Not Graduate,,3052,500,330,,,Semiurban,N,3552,10.731117824773412,10.763636363636364
Female,,3.0,Graduate,,2718,830,114,240.0,,Rural,N,3548,30.85217391304348,31.12280701754386
,,2.0,Not Graduate,,10000,0,120,,0.0,Rural,N,10000,82.64462809917356,83.33333333333333
Female,,2.0,Not Graduate,Yes,2666,1500,115,360.0,0.0,Semiurban,N,4166,35.91379310344828,36.22608695652174
,No,3.0,Graduate,,3029,2853,330,360.0,0.0,Urban,N,5882,17.770392749244714,17.824242424242424
Male,,0.0,Not Graduate,,3416,4300,17,,1.0,Semiurban,N,7716,428.6666666666667,453.88235294117646
,No,1.0,Graduate,Yes,10000,2583,210,,0.0,Rural,N,12583,59.63507109004739,59.91904761904762
Male,No,,Graduate,Yes,7100,4000,96,360.0,0.0,Semiurban,N,11100,114.43298969072166,115.625
,,3.0,Graduate,,5667,2000,160,300.0,,Urban,N,7667,47.62111801242236,47.91875
Female,No,1.0,Not Graduate,Yes,3167,2045,90,360.0,,Urban,N,5212,57.27472527472528,57.91111111111111
Female,,1.0,Graduate,Yes,10513,500,168,120.0,1.0,Semiurban,Y,11013,65.16568047337279,65.55357142857143
Male,Yes,0.0,Not Graduate,No,3083,3369,175,120.0,1.0,Rural,Y,6452,36.65909090909091,36.86857142857143
Male,No,2.0,Not Graduate,,4300,4000,182,120.0,,Rural,N,8300,45.3551912568306,45.604395604395606
,Yes,,Graduate,,2645,4983,192,180.0,0.0,Urban,N,7628,39.52331606217616,39.729166666666664
,,1.0,Graduate,Yes,2383,1330,118,480.0,,Semiurban,Y,3713,31.201680672268907,31.466101694915253
Male,No,0.0,Graduate,No,4843,1640,44,480.0,0.0,Semiurban,N,6483,144.06666666666666,147.3409090909091
Female,No,1.0,Not Graduate,Yes,2275,2330,255,300.0,,Urban,N,4605,17.98828125,18.058823529411764
,Yes,,Not Graduate,Yes,5042,1590,99,240.0,0.0,Semiurban,N,6632,66.32,66.98989898989899
,No,1.0,Graduate,No,2395,1800,140,480.0,0.0,Urban,Y,4195,29.75177304964539,29.964285714285715
Male,No,0.0,Not Graduate,Yes,1625,3449,275,240.0,,Urban,Y,5074,18.38405797101449,18.45090909090909
Female,,0.0,Not Graduate,No,1625,1213,85,60.0,1.0,Urban,N,2838,33.0,33.38823529411765
,,3.0,Graduate,,11000,500,59,480.0,1.0,Semiurban,N,11500,191.66666666666663,194.91525423728814
Female,Yes,2.0,Graduate,,3250,2500,187,60.0,,Urban,Y,5750,30.58510638297872,30.74866310160428
Male,No,2.0,Not Graduate,,4166,3263,370,240.0,,Rural,N,7429,20.024258760107816,20.07837837837838
,No,0.0,Graduate,Yes,5316,1929,93,,0.0,Rural,N,7245,77.07446808510639,77.90322580645162
Male,,0.0,Graduate,,24763,4000,96,,1.0,Rural,N,28763,296.5257731958763,299.6145833333333
Male,,0.0,Graduate,Yes,2583,1459,136,84.0,1.0,Urban,N,4042,29.503649635036496,29.720588235294116
Female,Yes,1.0,Not Graduate,No,24763,2250,255,84.0,1.0,Urban,N,27013,105.51953125,105.93333333333334
,,0.0,Not Graduate,,2600,2900,168,84.0,0.0,Rural,N,5500,32.544378698224854,32.73809523809524
Male,No,,Graduate,Yes,2708,4983,490,360.0,1.0,Urban,Y,7691,15.663951120162931,15.69591836734694
Female,Yes,0.0,Graduate,,5316,736,118,60.0,0.0,Rural,Y,6052,50.85714285714285,51.28813559322034
,No,3.0,Graduate,Yes,6250,736,109,240.0,1.0,Rural,N,6986,63.50909090909091,64.09174311926606
,,3.0,Not Graduate,,5042,4417,70,180.0,,Semiurban,Y,9459,133.22535211267606,135.12857142857143
Male,No,0.0,Graduate,No,5316,3449,110,480.0,1.0,Rural,N,8765,78.96396396396396,79.68181818181819
,,0.0,Not Graduate,No,3000,3449,376,180.0,1.0,Semiurban,N,6449,17.106100795755967,17.15159574468085
Female,,0.0,Not Graduate,No,2183,983,700,360.0,,Semiurban,N,3166,4.516405135520685,4.522857142857143
Female,,3.0,Not Graduate,Yes,4000,4486,98,180.0,1.0,Urban,N,8486,85.71717171717172,86.59183673469387
,,3.0,Not Graduate,No,2237,6250,133,,,Urban,Y,8487,63.33582089552239,63.81203007518797
Male,Yes,2.0,Graduate,Yes,12000,6000,210,480.0,1.0,Urban,N,18000,85.30805687203791,85.71428571428571
Female,,1.0,Not Graduate,No,2266,4417,137,240.0,0.0,Rural,N,6683,48.427536231884055,48.78102189781022
,Yes,,Not Graduate,No,2266,2083,180,480.0,0.0,Urban,N,4349,24.027624309392262,24.16111111111111
Female,,2.0,Graduate,Yes,2400,2142,67,120.0,0.0,Urban,Y,4542,66.79411764705883,67.7910447761194
Female,Yes,0.0,Graduate,No,2333,1500,490,180.0,,Rural,Y,3833,7.806517311608961,7.822448979591837
Female,Yes,3.0,Not Graduate,Yes,3666,4000,88,84.0,1.0,Semiurban,N,7666,86.13483146067416,87.11363636363636
Female,No,2.0,Not Graduate,Yes,12000,2250,160,360.0,,Urban,N,14250,88.50931677018633,89.0625
,,,Not Graduate,No,1800,1213,300,180.0,,Semiurban,Y,3013,10.009966777408636,10.043333333333333
Male,Yes,1.0,Not Graduate,,5000,2142,308,84.0,,Semiurban,Y,7142,23.11326860841424,23.18831168831169
,,,Graduate,No,2577,2000,66,240.0,1.0,Urban,N,4577,68.31343283582089,69.34848484848484
Female,Yes,,Not Graduate,No,8000,736,95,480.0,1.0,Rural,N,8736,91.0,91.9578947368421
Male,No,,Graduate,Yes,8333,2531,30,240.0,0.0,Rural,N,10864,350.4516129032258,362.1333333333333
Male,No,3.0,Graduate,Yes,15000,2853,81,180.0,0.0,Rural,N,17853,217.71951219512195,220.40740740740742
Male,,3.0,Graduate,,5500,2383,109,60.0,0.0,Rural,N,7883,71.66363636363636,72.3211009174312
Female,Yes,1.0,Graduate,Yes,3029,0,104,480.0,0.0,Rural,Y,3029,28.847619047619048,29.125
,,2.0,Not Graduate,Yes,3200,3263,495,60.0,,Semiurban,N,6463,13.03024193548387,13.056565656565656
Female,,3.0,Graduate,No,15000,3600,240,360.0,1.0,Rural,Y,18600,77.17842323651452,77.5
Male,No,,Not Graduate,Yes,3073,1030,30,480.0,0.0,Rural,N,4103,132.3548387096774,136.76666666666668
Male,No,0.0,Not Graduate,Yes,1928,2791,228,,0.0,Rural,N,4719,20.60698689956332,20.69736842105263
,Yes,3.0,Graduate,No,3800,2667,155,,,Rural,N,6467,41.45512820512821,41.72258064516129
Male,Yes,0.0,Not Graduate,No,3500,688,176,180.0,0.0,Rural,N,4188,23.661016949152543,23.795454545454547
Male,No,3.0,Graduate,No,8666,500,110,480.0,0.0,Rural,Y,9166,82.57657657657657,83.32727272727273
Female,,2.0,Not Graduate,,4950,3500,182,480.0,0.0,Urban,N,8450,46.17486338797814,46.42857142857143
Male,Yes,0.0,Graduate,Yes,2491,3022,240,240.0,1.0,Urban,N,5513,22.87551867219917,22.970833333333335
Female,,,Graduate,No,1800,1964,184,360.0,1.0,Urban,N,3764,20.345945945945942,20.456521739130434
Female,Yes,1.0,Not Graduate,,2927,2500,495,360.0,,Rural,Y,5427,10.941532258064516,10.963636363636363
Male,No,1.0,Graduate,No,2200,2791,80,240.0,,Urban,Y,4991,61.617283950617285,62.3875
Female,,0.0,Graduate,Yes,2439,1868,158,84.0,1.0,Urban,N,4307,27.08805031446541,27.259493670886076
Male,Yes,,Not Graduate,,2147,3583,255,360.0,,Rural,Y,5730,22.3828125,22.470588235294116
Male,No,,Not Graduate,,2491,2142,44,480.0,0.0,Urban,N,4633,102.95555555555556,105.29545454545455
Male,,2.0,Not Graduate,,2577,2330,225,,0.0,Urban,Y,4907,21.71238938053097,21.808888888888887
,Yes,2.0,Not Graduate,,5786,5701,67,180.0,,Urban,N,11487,168.9264705882353,171.44776119402985
Female,Yes,0.0,Not Graduate,Yes,2200,3449,76,240.0,1.0,Rural,N,5649,73.36363636363636,74.32894736842105
Female,No,2.0,Not Graduate,Yes,3029,2000,192,,1.0,Semiurban,N,5029,26.05699481865285,26.192708333333332
,No,0.0,Graduate,No,2340,2045,76,84.0,,Urban,Y,4385,56.94805194805195,57.69736842105263
Male,Yes,3.0,Not Graduate,No,2950,4595,93,480.0,1.0,Urban,N,7545,80.26595744680851,81.12903225806451
Male,Yes,,Graduate,No,2400,4196,300,60.0,,Urban,Y,6596,21.91362126245847,21.986666666666668
Male,No,3.0,Not Graduate,No,8333,1590,70,240.0,1.0,Urban,N,9923,139.7605633802817,141.75714285714287
Female,No,1.0,Not Graduate,No,150,1213,120,60.0,,Rural,N,1363,11.264462809917354,11.358333333333333
,,0.0,Not Graduate,,3333,2791,30,180.0,0.0,Semiurban,N,6124,197.5483870967742,204.13333333333333
,Yes,1.0,Graduate,No,2000,2583,128,480.0,1.0,Semiurban,N,4583,35.52713178294574,35.8046875
Male,Yes,,Graduate,Yes,2927,2133,152,240.0,,Rural,N,5060,33.071895424836605,33.28947368421053
Female,Yes,2.0,Graduate,,2439,3449,184,84.0,1.0,Urban,Y,5888,31.82702702702703,32.0
Male,,0.0,Graduate,Yes,2071,4750,96,480.0,,Rural,N,6821,70.31958762886597,71.05208333333333
,No,0.0,Not Graduate,No,2875,500,180,180.0,1.0,Semiurban,Y,3375,18.646408839779006,18.75
,Yes,,Not Graduate,Yes,3167,2500,176,240.0,1.0,Rural,N,5667,32.016949152542374,32.19886363636363
Male,No,2.0,Graduate,Yes,2875,2250,275,120.0,1.0,Urban,N,5125,18.568840579710145,18.636363636363637
,,2.0,Not Graduate,,2666,1083,120,84.0,0.0,Semiurban,N,3749,30.98347107438017,31.241666666666667
Male,,0.0,Graduate,,1000,6250,175,,,Rural,N,7250,41.19318181818182,41.42857142857143
,,,Graduate,,1977,4196,67,480.0,,Semiurban,Y,6173,90.77941176470588,92.13432835820896
Female,Yes,2.0,Graduate,Yes,2645,7750,59,120.0,,Semiurban,N,10395,173.25,176.1864406779661
,Yes,1.0,Graduate,,5266,2330,136,84.0,,Semiurban,Y,7596,55.44525547445255,55.85294117647059
Male,No,0.0,Not Graduate,No,6400,1640,267,60.0,1.0,Rural,N,8040,30.0,30.1123595505618
Female,,2.0,Graduate,,2666,1500,152,480.0,0.0,Semiurban,N,4166,27.22875816993464,27.407894736842106
Female,No,2.0,Not Graduate,Yes,3625,688,155,180.0,1.0,Rural,N,4313,27.64743589743589,27.825806451612902
Male,,0.0,Graduate,No,2014,4486,155,360.0,1.0,Rural,N,6500,41.66666666666666,41.935483870967744
Male,Yes,,Graduate,No,2383,3583,112,60.0,1.0,Semiurban,Y,5966,52.796460176991154,53.267857142857146
,No,3.0,Graduate,No,3666,1964,118,300.0,0.0,Rural,Y,5630,47.3109243697479,47.71186440677966
Female,Yes,2.0,Graduate,,1000,1843,122,240.0,1.0,Rural,N,2843,23.11382113821138,23.30327868852459
Male,No,0.0,Graduate,No,5266,3263,88,,1.0,Rural,N,8529,95.8314606741573,96.92045454545455
Male,Yes,1.0,Not Graduate,No,5042,3750,184,84.0,0.0,Rural,N,8792,47.524324324324326,47.78260869565217
,No,2.0,Not Graduate,,2014,6250,109,120.0,1.0,Rural,N,8264,75.12727272727273,75.81651376146789
,Yes,,Not Graduate,,6250,688,155,120.0,1.0,Urban,N,6938,44.47435897435897,44.76129032258064
Female,,1.0,Not Graduate,Yes,7451,7210,88,360.0,1.0,Rural,N,14661,164.73033707865167,166.60227272727272
Male,,2.0,Not Graduate,No,2577,1250,133,120.0,0.0,Rural,N,3827,28.559701492537314,28.774436090225564
Female,,,Graduate,Yes,7100,6250,210,300.0,0.0,Semiurban,N,13350,63.27014218009479,63.57142857142857
Female,Yes,,Graduate,Yes,3189,4000,210,480.0,,Semiurban,Y,7189,34.07109004739336,34.233333333333334
,Yes,1.0,Graduate,No,15000,830,100,,1.0,Rural,N,15830,156.73267326732673,158.3
Female,No,,Not Graduate,Yes,2600,5701,83,84.0,1.0,Urban,Y,8301,98.82142857142856,100.01204819277109
Male,,3.0,Not Graduate,,3000,3600,150,240.0,1.0,Urban,N,6600,43.70860927152318,44.0
Male,,,Not Graduate,,10000,1929,55,120.0,0.0,Urban,N,11929,213.0178571428572,216.8909090909091
,,1.0,Graduate,,1863,5654,133,,,Semiurban,N,7517,56.09701492537314,56.5187969924812
,No,0.0,Not Graduate,,3000,2750,94,240.0,,Urban,N,5750,60.526315789473685,61.170212765957444
Male,,,Not Graduate,Yes,2833,3440,155,120.0,1.0,Rural,Y,6273,40.21153846153846,40.47096774193548
,No,3.0,Not Graduate,Yes,6080,1451,201,120.0,1.0,Semiurban,N,7531,37.28217821782178,37.46766169154229
,Yes,2.0,Graduate,No,2600,4300,128,300.0,1.0,Rural,Y,6900,53.48837209302326,53.90625
Female,Yes,1.0,Not Graduate,Yes,3846,2531,55,,0.0,Semiurban,N,6377,113.875,115.94545454545455
,No,1.0,Not Graduate,No,2178,3369,63,240.0,0.0,Rural,N,5547,86.671875,88.04761904761905
,,0.0,Not Graduate,,2132,900,131,,1.0,Rural,Y,3032,22.96969696969697,23.14503816793893
Male,,1.0,Graduate,No,6747,1213,95,360.0,,Semiurban,N,7960,82.91666666666667,83.78947368421052
,Yes,3.0,Graduate,Yes,7451,2330,83,180.0,,Rural,N,9781,116.4404761904762,117.8433734939759
Female,,1.0,Graduate,,3189,1843,81,,0.0,Semiurban,N,5032,61.36585365853659,62.123456790123456
,No,3.0,Graduate,Yes,12841,2000,35,180.0,0.0,Rural,N,14841,412.25,424.0285714285714
,,2.0,Graduate,Yes,3666,3022,141,,,Rural,N,6688,47.098591549295776,47.43262411347518
Male,No,1.0,Not Graduate,,7333,4866,208,60.0,0.0,Urban,Y,12199,58.36842105263158,58.64903846153846
Male,No,0.0,Graduate,No,7200,3369,228,480.0,,Semiurban,Y,10569,46.1528384279476,46.35526315789474
Female,No,,Not Graduate,,2718,6250,320,,0.0,Semiurban,N,8968,27.937694704049843,28.025
Male,No,2.0,Graduate,No,7100,2583,66,84.0,0.0,Rural,N,9683,144.52238805970148,146.71212121212122
Female,No,3.0,Graduate,,4000,3600,83,84.0,0.0,Rural,Y,7600,90.47619047619048,91.56626506024097
,No,,Not Graduate,,5786,2133,116,60.0,0.0,Rural,N,7919,67.68376068376068,68.26724137931035
,,2.0,Not Graduate,Yes,4950,1666,116,480.0,,Semiurban,N,6616,56.54700854700855,57.03448275862069
Male,,2.0,Not Graduate,,2577,4486,118,,1.0,Urban,N,7063,59.35294117647059,59.855932203389834
Male,,2.0,Not Graduate,,2473,3500,184,,0.0,Rural,N,5973,32.28648648648649,32.46195652173913
,No,2.0,Not Graduate,Yes,4166,2142,80,480.0,1.0,Semiurban,N,6308,77.87654320987654,78.85
Male,Yes,3.0,Not Graduate,No,3750,4866,75,60.0,1.0,Semiurban,Y,8616,113.36842105263158,114.88
Male,Yes,0.0,Graduate,No,2200,4196,100,360.0,,Urban,Y,6396,63.32673267326733,63.96
,,1.0,Not Graduate,,3000,2900,72,480.0,,Semiurban,N,5900,80.82191780821918,81.94444444444444
Female,,1.0,Graduate,Yes,2178,3440,120,240.0,0.0,Rural,Y,5618,46.4297520661157,46.81666666666667
,,1.0,Not Graduate,,2183,1590,210,480.0,0.0,Rural,N,3773,17.881516587677726,17.966666666666665
,Yes,,Not Graduate,,4843,3440,168,480.0,,Urban,N,8283,49.01183431952663,49.30357142857143
Female,Yes,1.0,Not Graduate,Yes,150,3022,109,120.0,1.0,Rural,N,3172,28.83636363636364,29.10091743119266
,,0.0,Graduate,Yes,20166,6000,106,120.0,1.0,Rural,N,26166,244.54205607476635,246.8490566037736
Male,No,2.0,Graduate,,6747,4196,88,300.0,1.0,Rural,N,10943,122.95505617977528,124.35227272727273
Male,,3.0,Graduate,No,7451,4167,124,60.0,0.0,Semiurban,N,11618,92.944,93.69354838709677
Male,No,1.0,Not Graduate,Yes,12841,2791,175,360.0,0.0,Rural,Y,15632,88.81818181818181,89.32571428571428
Male,No,3.0,Graduate,,5166,2142,17,240.0,,Rural,Y,7308,406.0,429.88235294117646
Male,No,,Graduate,Yes,5500,700,58,180.0,0.0,Semiurban,N,6200,105.08474576271186,106.89655172413794
Female,Yes,1.0,Not Graduate,Yes,7200,1451,72,,1.0,Urban,N,8651,118.5068493150685,120.15277777777777
Male,No,0.0,Graduate,,2237,5654,141,360.0,0.0,Rural,N,7891,55.570422535211264,55.9645390070922
,No,3.0,Not Graduate,,2183,1500,308,120.0,1.0,Urban,Y,3683,11.919093851132686,11.957792207792208
,Yes,0.0,Graduate,No,3083,985,93,480.0,,Semiurban,Y,4068,43.27659574468085,43.74193548387097
Male,Yes,2.0,Not Graduate,Yes,2950,2142,44,,,Rural,N,5092,113.15555555555557,115.72727272727273
Male,,,Not Graduate,,3029,830,152,240.0,0.0,Urban,Y,3859,25.22222222222222,25.388157894736842
Female,No,,Graduate,No,7100,5701,201,60.0,,Semiurban,N,12801,63.37128712871287,63.6865671641791
Male,,,Graduate,No,10000,2500,144,240.0,1.0,Urban,N,12500,86.20689655172414,86.80555555555556
Female,Yes,0.0,Not Graduate,Yes,13650,1843,208,,,Semiurban,N,15493,74.12918660287082,74.48557692307692
Male,No,0.0,Graduate,Yes,2833,3167,63,180.0,,Semiurban,N,6000,93.75,95.23809523809524
,,2.0,Not Graduate,Yes,4300,3583,308,480.0,1.0,Urban,N,7883,25.511326860841425,25.594155844155843
Male,Yes,3.0,Not Graduate,No,3800,688,116,240.0,1.0,Rural,N,4488,38.35897435897436,38.689655172413794
Female,,,Graduate,Yes,2275,5701,115,480.0,,Urban,Y,7976,68.75862068965517,69.35652173913043
Male,No,2.0,Not Graduate,Yes,4300,985,44,300.0,,Urban,N,5285,117.44444444444444,120.11363636363636
,No,3.0,Not Graduate,Yes,4950,2500,128,300.0,,Semiurban,N,7450,57.75193798449613,58.203125
Male,No,2.0,Graduate,No,3200,5701,58,,1.0,Semiurban,Y,8901,150.864406779661,153.4655172413793
,No,3.0,Not Graduate,,2400,5701,85,120.0,,Semiurban,Y,8101,94.19767441860463,95.30588235294118
Male,,3.0,Not Graduate,No,3167,3263,115,84.0,,Urban,N,6430,55.43103448275862,55.91304347826087
Female,,3.0,Graduate,Yes,7333,2045,165,120.0,,Urban,Y,9378,56.493975903614455,56.836363636363636
Female,No,2.0,Not Graduate,,3625,2083,131,180.0,0.0,Urban,Y,5708,43.24242424242424,43.57251908396947
Female,No,0.0,Not Graduate,Yes,13650,5750,120,240.0,0.0,Rural,N,19400,160.3305785123967,161.66666666666666
Male,Yes,3.0,Not Graduate,No,2014,983,25,180.0,,Rural,N,2997,115.26923076923076,119.88
,No,1.0,Graduate,Yes,7333,3066,76,240.0,,Urban,N,10399,135.05194805194805,136.82894736842104
,No,0.0,Graduate,Yes,6080,4167,67,240.0,1.0,Semiurban,N,10247,150.69117647058823,152.9402985074627
,No,2.0,Graduate,Yes,2383,5750,30,300.0,1.0,Rural,Y,8133,262.35483870967744,271.1
Male,No,1.0,Not Graduate,No,3522,2000,80,,0.0,Rural,Y,5522,68.17283950617283,69.025
Female,Yes,1.0,Graduate,,5042,7750,275,240.0,0.0,Rural,Y,12792,46.34782608695652,46.516363636363636
Male,No,3.0,Graduate,,3052,3600,95,480.0,0.0,Urban,N,6652,69.29166666666667,70.02105263157895
Female,,1.0,Graduate,Yes,6747,5750,184,480.0,0.0,Rural,N,12497,67.55135135135136,67.91847826086956
Male,No,1.0,Not Graduate,Yes,3846,3066,176,120.0,1.0,Urban,N,6912,39.05084745762712,39.27272727272727
Female,Yes,3.0,Graduate,,8333,830,150,120.0,0.0,Rural,N,9163,60.682119205298015,61.086666666666666
,,0.0,Not Graduate,No,2200,2083,137,60.0,1.0,Urban,N,4283,31.036231884057973,31.26277372262774
Male,,1.0,Not Graduate,No,2395,3440,104,240.0,,Rural,Y,5835,55.57142857142857,56.10576923076923
Male,Yes,3.0,Not Graduate,,3200,0,154,360.0,0.0,Rural,N,3200,20.64516129032258,20.77922077922078
,,1.0,Graduate,Yes,2237,2142,160,480.0,,Semiurban,Y,4379,27.19875776397516,27.36875
,No,1.0,Graduate,Yes,6400,3066,99,180.0,0.0,Rural,N,9466,94.66,95.61616161616162
Male,Yes,1.0,Graduate,No,2853,4167,125,300.0,1.0,Semiurban,N,7020,55.71428571428572,56.16
Male,,1.0,Graduate,,10000,2250,150,240.0,,Urban,N,12250,81.12582781456953,81.66666666666667
Male,No,,Graduate,Yes,5500,1666,66,360.0,0.0,Rural,N,7166,106.95522388059702,108.57575757575758
Male,Yes,0.0,Not Graduate,,3167,7750,35,480.0,0.0,Urban,N,10917,303.25,311.9142857142857
,Yes,1.0,Not Graduate,Yes,13650,2853,192,84.0,1.0,Urban,N,16503,85.50777202072538,85.953125
Male,Yes,0.0,Graduate,,2491,3022,349,240.0,1.0,Semiurban,N,5513,15.751428571428573,15.796561604584527
Female,Yes,1.0,Graduate,No,2583,3333,650,300.0,1.0,Rural,N,5916,9.087557603686635,9.101538461538462
Male,Yes,1.0,Graduate,Yes,2071,5250,300,180.0,0.0,Semiurban,N,7321,24.322259136212622,24.403333333333332
Female,,1.0,Graduate,No,2400,688,83,300.0,,Semiurban,N,3088,36.76190476190476,37.204819277108435
Female,Yes,0.0,Graduate,No,2833,5654,300,,0.0,Rural,N,8487,28.196013289036543,28.29
Male,Yes,2.0,Graduate,,2483,3369,44,480.0,0.0,Urban,N,5852,130.04444444444445,133.0
Male,No,,Not Graduate,Yes,12841,2531,175,,,Rural,N,15372,87.3409090909091,87.84
Male,Yes,3.0,Graduate,,3000,3263,495,480.0,0.0,Rural,N,6263,12.627016129032258,12.652525252525253
,No,2.0,Not Graduate,,13650,4983,165,120.0,1.0,Rural,N,18633,112.24698795180724,112.92727272727272
,No,2.0,Not Graduate,,3333,1640,131,300.0,0.0,Semiurban,N,4973,37.67424242424242,37.961832061068705
Female,Yes,0.0,Not Graduate,Yes,7100,5625,110,300.0,0.0,Urban,N,12725,114.63963963963964,115.68181818181819
Male,,2.0,Not Graduate,,2340,983,118,240.0,1.0,Urban,N,3323,27.92436974789916,28.161016949152543
Female,,2.0,Graduate,Yes,2400,1590,44,480.0,1.0,Rural,N,3990,88.66666666666667,90.68181818181819
Female,No,1.0,Graduate,No,24763,7210,83,480.0,,Urban,N,31973,380.6309523809524,385.2168674698795
,Yes,,Graduate,No,5266,985,152,60.0,,Semiurban,N,6251,40.8562091503268,41.125
Female,,,Graduate,No,2301,1030,158,480.0,,Rural,N,3331,20.9496855345912,21.082278481012658
Female,,0.0,Graduate,No,4000,2045,370,480.0,1.0,Urban,N,6045,16.29380053908356,16.33783783783784
Female,Yes,,Not Graduate,,2200,1451,285,,0.0,Rural,N,3651,12.765734265734263,12.810526315789474
Female,No,2.0,Graduate,,5667,3022,650,60.0,0.0,Urban,Y,8689,13.34715821812596,13.367692307692307
Male,No,2.0,Graduate,,20166,2853,115,,0.0,Semiurban,Y,23019,198.43965517241372,200.16521739130434
Male,Yes,,Graduate,Yes,12841,1964,495,360.0,1.0,Urban,N,14805,29.848790322580644,29.90909090909091
Female,No,1.0,Graduate,No,2439,0,255,84.0,,Urban,N,2439,9.52734375,9.564705882352941
,,0.0,Graduate,Yes,3083,3750,81,300.0,,Semiurban,N,6833,83.32926829268293,84.35802469135803
Female,No,1.0,Graduate,No,2237,1083,90,480.0,,Rural,N,3320,36.48351648351648,36.888888888888886
Female,,,Graduate,No,5042,3022,228,84.0,1.0,Urban,N,8064,35.213973799126634,35.36842105263158
Female,No,0.0,Graduate,,2927,3583,122,300.0,,Urban,N,6510,52.926829268292686,53.36065573770492
Female,Yes,2.0,Graduate,No,13650,1640,80,240.0,,Urban,N,15290,188.76543209876544,191.125
,Yes,0.0,Not Graduate,Yes,1928,3066,47,,,Urban,N,4994,104.04166666666669,106.25531914893617
Female,No,3.0,Not Graduate,Yes,2147,6250,131,60.0,1.0,Urban,N,8397,63.61363636363637,64.09923664122137
Male,No,,Not Graduate,,9323,1213,267,360.0,1.0,Urban,N,10536,39.3134328358209,39.46067415730337
Female,No,0.0,Not Graduate,No,2000,500,30,300.0,1.0,Rural,Y,2500,80.64516129032258,83.33333333333333
Male,,2.0,Not Graduate,No,3083,4167,144,180.0,,Urban,Y,7250,50.0,50.34722222222222
Female,Yes,3.0,Not Graduate,,10513,3500,370,240.0,1.0,Semiurban,N,14013,37.77088948787062,37.872972972972974
,,3.0,Graduate,No,2071,6250,30,84.0,1.0,Semiurban,Y,8321,268.4193548387097,277.3666666666667
Male,,0.0,Not Graduate,,2483,7210,58,84.0,0.0,Urban,N,9693,164.28813559322035,167.1206896551724
,Yes,0.0,Graduate,,1000,2045,180,480.0,,Semiurban,N,3045,16.823204419889503,16.916666666666668
Male,Yes,0.0,Graduate,,2853,2133,17,480.0,0.0,Urban,N,4986,277.0,293.29411764705884
,No,0.0,Graduate,No,3073,688,144,120.0,,Semiurban,Y,3761,25.93793103448276,26.118055555555557
,No,3.0,Graduate,,9323,3449,308,60.0,1.0,Urban,N,12772,41.333333333333336,41.467532467532465
Female,No,2.0,Not Graduate,,3522,3600,44,240.0,1.0,Semiurban,Y,7122,158.26666666666668,161.86363636363637
,Yes,,Not Graduate,,5042,2142,155,300.0,,Rural,N,7184,46.05128205128205,46.348387096774196
,,2.0,Graduate,Yes,3800,4000,95,360.0,,Semiurban,N,7800,81.25,82.10526315789474
,No,,Not Graduate,,2473,1868,182,120.0,0.0,Rural,N,4341,23.72131147540984,23.85164835164835
Female,No,3.0,Not Graduate,Yes,5042,5063,95,,0.0,Rural,N,10105,105.26041666666669,106.36842105263158
Female,,,Not Graduate,No,24763,0,131,84.0,0.0,Urban,N,24763,187.59848484848484,189.03053435114504
,No,2.0,Not Graduate,Yes,6250,5266,165,120.0,,Rural,N,11516,69.37349397590361,69.7939393939394
Male,,3.0,Graduate,,2583,5701,113,,1.0,Semiurban,N,8284,72.66666666666667,73.30973451327434
Female,No,1.0,Not Graduate,No,2132,800,124,240.0,,Urban,N,2932,23.456,23.64516129032258
Male,No,3.0,Graduate,No,2132,1083,124,300.0,1.0,Urban,Y,3215,25.72,25.927419354838708
Male,No,,Graduate,No,5667,4167,133,360.0,1.0,Rural,N,9834,73.38805970149254,73.93984962406014
,Yes,0.0,Not Graduate,,3333,1868,285,84.0,0.0,Rural,Y,5201,18.185314685314687,18.249122807017542
,,,Graduate,No,4000,1330,330,180.0,0.0,Semiurban,Y,5330,16.102719033232628,16.151515151515152
Female,,3.0,Graduate,Yes,2178,2750,115,240.0,0.0,Rural,N,4928,42.48275862068966,42.85217391304348
,No,3.0,Graduate,No,12000,1300,290,240.0,,Rural,Y,13300,45.70446735395189,45.86206896551724
Male,,0.0,Not Graduate,Yes,2666,3440,225,,0.0,Rural,N,6106,27.01769911504425,27.137777777777778
,,0.0,Graduate,No,12841,2000,63,300.0,0.0,Semiurban,Y,14841,231.890625,235.57142857142858
Female,Yes,2.0,Not Graduate,,3750,4167,376,60.0,1.0,Urban,N,7917,21.0,21.055851063829788
,No,1.0,Not Graduate,No,3522,5750,192,,,Rural,N,9272,48.04145077720207,48.291666666666664
,,1.0,Graduate,Yes,5500,3583,300,120.0,1.0,Urban,N,9083,30.176079734219268,30.276666666666667
Male,No,2.0,Graduate,No,9323,1451,228,360.0,,Rural,N,10774,47.04803493449781,47.25438596491228
,No,0.0,Graduate,Yes,4583,1250,228,60.0,,Semiurban,N,5833,25.471615720524017,25.583333333333332
Female,,3.0,Not Graduate,,3625,2142,30,360.0,1.0,Urban,Y,5767,186.03225806451613,192.23333333333332
,Yes,2.0,Graduate,No,3073,1516,140,240.0,,Semiurban,N,4589,32.54609929078014,32.77857142857143
Female,No,,Graduate,,3189,1083,141,,0.0,Urban,N,4272,30.08450704225352,30.29787234042553
,No,0.0,Not Graduate,No,2583,4167,150,60.0,,Urban,N,6750,44.70198675496689,45.0
Female,No,,Graduate,No,2071,2083,187,300.0,0.0,Semiurban,N,4154,22.095744680851062,22.21390374331551
Female,,2.0,Not Graduate,Yes,20166,3167,17,120.0,,Rural,N,23333,1296.2777777777778,1372.5294117647059
Female,No,3.0,Not Graduate,No,2395,1868,436,180.0,0.0,Semiurban,N,4263,9.755148741418765,9.777522935779816
Female,Yes,,Graduate,,12841,4866,255,,1.0,Urban,N,17707,69.16796875,69.43921568627451
Male,Yes,,Graduate,Yes,3029,3263,208,120.0,,Semiurban,Y,6292,30.105263157894736,30.25
Female,Yes,,Not Graduate,No,3600,1083,175,360.0,0.0,Rural,N,4683,26.607954545454547,26.76
Female,,2.0,Not Graduate,,2853,5063,137,360.0,,Semiurban,N,7916,57.36231884057971,57.78102189781022
,Yes,0.0,Graduate,No,2950,1213,275,360.0,1.0,Rural,N,4163,15.083333333333334,15.138181818181819
,,0.0,Not Graduate,,2200,2383,59,240.0,1.0,Urban,N,4583,76.38333333333334,77.67796610169492
Female,No,3.0,Graduate,,3846,7210,150,60.0,0.0,Urban,N,11056,73.21854304635761,73.70666666666666
,,,Graduate,No,2645,3806,175,84.0,,Semiurban,N,6451,36.65340909090909,36.862857142857145
,,3.0,Graduate,No,2383,1451,25,360.0,1.0,Semiurban,N,3834,147.46153846153845,153.36
Female,No,,Not Graduate,,2491,3500,115,120.0,0.0,Urban,Y,5991,51.64655172413793,52.095652173913045
,Yes,3.0,Not Graduate,No,7100,1451,136,120.0,1.0,Semiurban,N,8551,62.416058394160586,62.875
,No,3.0,Not Graduate,Yes,2439,900,490,60.0,,Rural,Y,3339,6.80040733197556,6.814285714285714
Male,,2.0,Not Graduate,No,1863,688,113,300.0,1.0,Urban,N,2551,22.37719298245614,22.575221238938052
,,,Not Graduate,Yes,12841,2142,97,240.0,,Semiurban,N,14983,152.8877551020408,154.46391752577318
Male,No,1.0,Not Graduate,,5500,2083,133,,0.0,Rural,N,7583,56.58955223880597,57.015037593984964
Female,Yes,2.0,Graduate,Yes,3083,6250,81,84.0,1.0,Semiurban,N,9333,113.8170731707317,115.22222222222223
Female,,,Graduate,,2000,983,330,240.0,0.0,Semiurban,N,2983,9.012084592145015,9.039393939393939
Female,No,1.0,Graduate,No,6747,3167,225,180.0,,Semiurban,N,9914,43.86725663716814,44.062222222222225
,,3.0,Graduate,No,10000,4167,99,84.0,1.0,Rural,N,14167,141.67,143.1010101010101
,Yes,,Graduate,No,2718,4167,74,,1.0,Urban,Y,6885,91.8,93.04054054054055
,,3.0,Not Graduate,Yes,2479,688,495,300.0,0.0,Urban,N,3167,6.38508064516129,6.397979797979798
Female,No,,Graduate,,2132,2500,176,84.0,0.0,Semiurban,N,4632,26.16949152542373,26.318181818181817
,No,1.0,Not Graduate,Yes,1800,1666,72,180.0,1.0,Urban,N,3466,47.47945205479452,48.138888888888886
Female,No,3.0,Graduate,No,2577,2900,81,240.0,0.0,Urban,N,5477,66.79268292682927,67.61728395061728
Male,No,,Graduate,,3846,2500,155,60.0,0.0,Rural,N,6346,40.67948717948718,40.94193548387097
Female,No,,Not Graduate,,4583,2791,106,480.0,1.0,Semiurban,N,7374,68.91588785046729,69.56603773584905
Male,No,,Graduate,,6747,3066,137,180.0,1.0,Urban,N,9813,71.1086956521739,71.62773722627738
Male,,1.0,Not Graduate,,3167,2500,315,360.0,0.0,Rural,N,5667,17.93354430379747,17.99047619047619
,No,1.0,Not Graduate,Yes,1977,1250,144,,0.0,Rural,N,3227,22.255172413793105,22.40972222222222
Female,Yes,3.0,Graduate,,3600,5625,85,120.0,1.0,Semiurban,Y,9225,107.26744186046513,108.52941176470588
Female,No,3.0,Not Graduate,,3846,1516,201,480.0,,Rural,N,5362,26.544554455445542,26.676616915422887
,Yes,2.0,Graduate,Yes,3250,1868,495,300.0,,Rural,N,5118,10.318548387096774,10.33939393939394
Female,,,Graduate,Yes,2799,4000,330,480.0,0.0,Rural,Y,6799,20.540785498489427,20.6030303030303
Female,Yes,0.0,Graduate,Yes,2927,1800,136,120.0,0.0,Semiurban,N,4727,34.503649635036496,34.75735294117647
Male,Yes,2.0,Graduate,,9323,3600,66,120.0,,Rural,Y,12923,192.88059701492537,195.8030303030303
,,3.0,Graduate,Yes,8333,4983,100,180.0,1.0,Urban,N,13316,131.84158415841586,133.16
,No,3.0,Graduate,Yes,2275,6250,131,480.0,1.0,Rural,Y,8525,64.58333333333333,65.07633587786259
Male,No,2.0,Graduate,No,10000,1800,120,240.0,0.0,Semiurban,N,11800,97.5206611570248,98.33333333333333
Male,,,Graduate,Yes,2500,2045,106,120.0,1.0,Semiurban,N,4545,42.47663551401869,42.87735849056604
,Yes,,Graduate,Yes,6400,2083,436,,0.0,Urban,N,8483,19.411899313501145,19.456422018348626
,Yes,3.0,Not Graduate,No,2479,2583,700,240.0,,Urban,N,5062,7.221112696148359,7.231428571428571
,Yes,3.0,Graduate,No,2275,1868,275,300.0,,Rural,N,4143,15.01086956521739,15.065454545454546
Male,,0.0,Graduate,,2060,3167,94,84.0,0.0,Semiurban,N,5227,55.02105263157895,55.6063829787234
Female,,2.0,Not Graduate,Yes,2500,3583,255,480.0,0.0,Urban,N,6083,23.76171875,23.854901960784314
,Yes,1.0,Graduate,,6250,1459,144,,0.0,Urban,N,7709,53.16551724137931,53.53472222222222
,,3.0,Not Graduate,Yes,2473,2383,228,120.0,,Urban,N,4856,21.20524017467249,21.29824561403509
,No,0.0,Not Graduate,,24763,4000,152,120.0,0.0,Rural,N,28763,187.9934640522876,189.23026315789474
Male,,3.0,Not Graduate,No,3600,900,113,120.0,0.0,Urban,N,4500,39.47368421052632,39.823008849557525
Female,No,1.0,Not Graduate,No,3846,3600,88,120.0,,Semiurban,Y,7446,83.66292134831461,84.61363636363636
Female,,2.0,Not Graduate,Yes,2000,5750,72,300.0,,Urban,N,7750,106.16438356164385,107.63888888888889
Male,No,0.0,Not Graduate,No,2479,3263,70,180.0,1.0,Rural,N,5742,80.87323943661971,82.02857142857142
Male,,3.0,Graduate,No,3083,900,74,60.0,0.0,Urban,N,3983,53.10666666666667,53.82432432432432
Male,,3.0,Not Graduate,,1977,2142,160,,0.0,Semiurban,Y,4119,25.58385093167702,25.74375
Female,,,Not Graduate,,2275,754,110,60.0,1.0,Semiurban,N,3029,27.28828828828829,27.536363636363635
Female,No,1.0,Not Graduate,Yes,12000,3369,72,360.0,1.0,Semiurban,N,15369,210.53424657534248,213.45833333333334
,No,2.0,Graduate,No,15000,1030,70,60.0,,Rural,Y,16030,225.774647887324,229.0
Female,Yes,3.0,Not Graduate,,7333,3750,315,120.0,,Urban,N,11083,35.072784810126585,35.18412698412698
Female,No,3.0,Graduate,Yes,3666,1451,180,,1.0,Urban,N,5117,28.2707182320442,28.427777777777777
Female,No,2.0,Not Graduate,No,2301,2000,154,60.0,1.0,Semiurban,N,4301,27.748387096774195,27.928571428571427
Female,Yes,0.0,Graduate,Yes,1977,4417,165,180.0,0.0,Urban,N,6394,38.51807228915663,38.75151515151515
,Yes,2.0,Graduate,Yes,2301,4300,106,60.0,,Rural,N,6601,61.691588785046726,62.27358490566038
Male,No,2.0,Not Graduate,Yes,1977,3369,109,60.0,,Semiurban,N,5346,48.6,49.04587155963303
Male,No,2.0,Not Graduate,,10000,3263,131,84.0,1.0,Semiurban,N,13263,100.47727272727272,101.2442748091603
Female,Yes,3.0,Graduate,Yes,1863,2250,96,60.0,0.0,Urban,N,4113,42.402061855670105,42.84375
Female,,1.0,Not Graduate,No,3333,1516,116,120.0,,Semiurban,N,4849,41.44444444444444,41.80172413793103
,No,0.0,Not Graduate,No,2395,0,436,360.0,0.0,Semiurban,N,2395,5.480549199084668,5.493119266055046
,No,,Graduate,No,2927,0,140,240.0,,Urban,N,2927,20.75886524822695,20.90714285714286
,No,3.0,Graduate,No,3073,1030,140,300.0,1.0,Urban,N,4103,29.099290780141843,29.307142857142857
Female,,,Not Graduate,Yes,2340,3600,168,84.0,,Urban,N,5940,35.14792899408284,35.357142857142854
Male,,,Not Graduate,Yes,2853,830,160,240.0,1.0,Semiurban,N,3683,22.875776397515526,23.01875
,Yes,0.0,Not Graduate,,2577,830,118,120.0,0.0,Semiurban,N,3407,28.630252100840337,28.872881355932204
Female,Yes,,Graduate,,3800,983,158,480.0,0.0,Urban,N,4783,30.08176100628931,30.272151898734176
,Yes,3.0,Graduate,,6080,2531,349,84.0,,Urban,N,8611,24.602857142857143,24.673352435530084
Female,,,Not Graduate,No,2577,3022,133,120.0,,Rural,Y,5599,41.78358208955224,42.097744360902254
Male,No,,Not Graduate,No,2927,2853,152,240.0,,Semiurban,N,5780,37.77777777777778,38.026315789473685
Male,,,Graduate,No,1977,1030,83,60.0,1.0,Semiurban,N,3007,35.79761904761905,36.2289156626506
,Yes,3.0,Not Graduate,Yes,2060,5654,109,84.0,,Semiurban,N,7714,70.12727272727273,70.77064220183486
Male,Yes,2.0,Not Graduate,Yes,4000,3263,59,240.0,,Rural,N,7263,121.05,123.10169491525424
,No,3.0,Graduate,Yes,4583,1083,376,120.0,0.0,Semiurban,Y,5666,15.02917771883289,15.069148936170214
Male,,,Not Graduate,,13650,2900,30,360.0,,Rural,Y,16550,533.8709677419355,551.6666666666666
,,,Not Graduate,Yes,13650,3806,495,300.0,0.0,Semiurban,N,17456,35.193548387096776,35.26464646464647
Male,,2.0,Not Graduate,,1800,1030,59,84.0,,Rural,Y,2830,47.16666666666666,47.96610169491525
,,3.0,Graduate,,3846,4300,184,,0.0,Semiurban,Y,8146,44.03243243243243,44.27173913043478
Male,Yes,3.0,Graduate,,13650,3583,120,,,Rural,N,17233,142.4214876033058,143.60833333333332
Female,No,3.0,Graduate,Yes,5316,6000,139,240.0,,Rural,N,11316,80.82857142857142,81.41007194244604
,No,,Graduate,,2483,688,165,300.0,,Semiurban,N,3171,19.102409638554217,19.21818181818182
Male,,0.0,Not Graduate,,5316,3369,187,300.0,0.0,Semiurban,Y,8685,46.1968085106383,46.44385026737968
Male,Yes,,Not Graduate,No,12000,2500,166,180.0,,Rural,N,14500,86.82634730538922,87.34939759036145
Female,No,1.0,Graduate,,1625,4486,88,360.0,0.0,Semiurban,N,6111,68.66292134831461,69.44318181818181
,,2.0,Not Graduate,,5316,5266,300,180.0,0.0,Rural,N,10582,35.15614617940199,35.27333333333333
Male,Yes,1.0,Not Graduate,No,4166,2416,285,84.0,0.0,Semiurban,N,6582,23.013986013986013,23.094736842105263
,No,1.0,Graduate,No,1863,983,78,240.0,,Urban,N,2846,36.0253164556962,36.48717948717949
Female,Yes,0.0,Graduate,No,11000,3583,110,300.0,0.0,Semiurban,Y,14583,131.3783783783784,132.57272727272726
Male,Yes,2.0,Graduate,No,12000,2853,490,480.0,,Urban,N,14853,30.25050916496945,30.312244897959182
Female,,2.0,Graduate,No,2183,5266,201,60.0,1.0,Rural,N,7449,36.87623762376238,37.059701492537314
,No,1.0,Not Graduate,Yes,3666,5701,208,84.0,0.0,Urban,Y,9367,44.81818181818182,45.03365384615385
Male,,3.0,Not Graduate,No,3052,2900,116,240.0,,Rural,Y,5952,50.87179487179487,51.310344827586206
Female,Yes,1.0,Not Graduate,Yes,11000,2250,78,360.0,1.0,Semiurban,Y,13250,167.72151898734177,169.87179487179486
Female,No,0.0,Not Graduate,No,3073,4983,490,180.0,1.0,Rural,N,8056,16.40733197556008,16.440816326530612
,,0.0,Graduate,Yes,3666,736,140,360.0,1.0,Semiurban,Y,4402,31.21985815602837,31.442857142857143
Female,No,2.0,Not Graduate,,1800,5750,152,84.0,1.0,Semiurban,N,7550,49.34640522875817,49.671052631578945
,,2.0,Not Graduate,No,3029,1030,96,300.0,0.0,Semiurban,Y,4059,41.845360824742265,42.28125
Male,No,0.0,Graduate,Yes,5667,3600,115,360.0,,Semiurban,N,9267,79.88793103448276,80.58260869565217
,Yes,3.0,Not Graduate,No,3750,3263,175,360.0,0.0,Urban,Y,7013,39.84659090909091,40.074285714285715
Male,No,0.0,Graduate,,5417,3369,136,240.0,1.0,Urban,N,8786,64.13138686131387,64.6029411764706
,,0.0,Graduate,,6250,2330,200,84.0,0.0,Semiurban,N,8580,42.6865671641791,42.9
,No,3.0,Graduate,No,1625,1213,208,84.0,1.0,Rural,N,2838,13.578947368421051,13.64423076923077
,Yes,0.0,Not Graduate,Yes,5667,3440,70,120.0,0.0,Urban,N,9107,128.26760563380282,130.1
Male,,,Not Graduate,No,7200,4866,80,120.0,,Urban,Y,12066,148.96296296296296,150.825
Female,No,1.0,Not Graduate,No,4000,2531,165,360.0,0.0,Rural,N,6531,39.3433734939759,39.58181818181818
Female,No,3.0,Graduate,Yes,3750,2142,70,60.0,,Urban,N,5892,82.98591549295774,84.17142857142858
,No,0.0,Graduate,,2395,1451,349,84.0,1.0,Rural,N,3846,10.98857142857143,11.020057306590259
Female,No,0.0,Not Graduate,Yes,2333,2900,118,480.0,,Semiurban,N,5233,43.97478991596638,44.347457627118644
,Yes,0.0,Not Graduate,Yes,5042,1213,182,120.0,1.0,Rural,Y,6255,34.18032786885246,34.36813186813187
Female,,,Graduate,,2340,3440,66,180.0,,Semiurban,N,5780,86.26865671641791,87.57575757575758
Male,No,1.0,Graduate,No,1625,1030,152,360.0,0.0,Urban,N,2655,17.352941176470587,17.467105263157894
Male,Yes,0.0,Not Graduate,,3200,2416,133,60.0,1.0,Semiurban,N,5616,41.91044776119403,42.225563909774436
,No,0.0,Graduate,No,150,2330,330,120.0,,Rural,N,2480,7.492447129909365,7.515151515151516
Female,,1.0,Graduate,No,2875,7210,67,120.0,0.0,Urban,N,10085,148.30882352941177,150.52238805970148
Female,Yes,,Graduate,Yes,10513,5701,180,180.0,0.0,Rural,N,16214,89.58011049723757,90.07777777777778
Female,,3.0,Graduate,No,3073,500,99,,,Urban,Y,3573,35.73,36.09090909090909
,No,0.0,Not Graduate,,2853,4866,118,240.0,0.0,Semiurban,N,7719,64.8655462184874,65.41525423728814
,Yes,0.0,Not Graduate,Yes,2479,0,144,180.0,,Rural,Y,2479,17.09655172413793,17.21527777777778
Female,,2.0,Not Graduate,No,3366,3806,115,120.0,,Urban,N,7172,61.82758620689656,62.36521739130435
Female,,,Not Graduate,,15000,7210,201,,0.0,Rural,Y,22210,109.95049504950497,110.49751243781094
Female,Yes,0.0,Not Graduate,No,15000,1868,141,60.0,,Rural,Y,16868,118.7887323943662,119.63120567375887
Female,No,3.0,Graduate,,24763,2750,99,,,Urban,N,27513,275.13,277.90909090909093
,,2.0,Graduate,,3029,754,47,60.0,1.0,Semiurban,Y,3783,78.8125,80.48936170212765
,No,,Not Graduate,Yes,8000,3600,112,360.0,1.0,Urban,N,11600,102.65486725663716,103.57142857142857
Female,No,2.0,Not Graduate,,3083,4983,80,240.0,0.0,Rural,N,8066,99.58024691358024,100.825
Male,Yes,0.0,Not Graduate,No,2666,1868,139,240.0,0.0,Rural,N,4534,32.385714285714286,32.618705035971225
Male,,2.0,Graduate,Yes,2577,7750,133,,,Rural,N,10327,77.06716417910448,77.64661654135338
Female,No,3.0,Graduate,,2183,1929,44,84.0,1.0,Semiurban,N,4112,91.37777777777778,93.45454545454545
,Yes,1.0,Not Graduate,No,4166,1843,93,84.0,,Urban,N,6009,63.92553191489362,64.61290322580645
Male,,,Graduate,Yes,2333,2750,182,,,Urban,N,5083,27.775956284153004,27.928571428571427
Male,Yes,,Not Graduate,Yes,2927,3500,17,360.0,1.0,Semiurban,Y,6427,357.05555555555554,378.05882352941177
,Yes,3.0,Not Graduate,,2178,3022,176,240.0,0.0,Semiurban,N,5200,29.37853107344633,29.545454545454547
Female,,2.0,Not Graduate,Yes,5266,5063,285,84.0,0.0,Semiurban,Y,10329,36.11538461538461,36.242105263157896
Male,No,1.0,Not Graduate,,6400,983,308,84.0,1.0,Urban,N,7383,23.893203883495147,23.97077922077922
Female,No,0.0,Graduate,No,10513,754,255,240.0,,Rural,N,11267,44.01171875,44.1843137254902
Female,No,2.0,Graduate,Yes,3189,5750,290,180.0,0.0,Rural,N,8939,30.718213058419245,30.824137931034482
Female,Yes,,Not Graduate,No,4843,2531,109,84.0,1.0,Semiurban,N,7374,67.03636363636363,67.65137614678899
,,,Graduate,Yes,3167,5625,112,180.0,0.0,Rural,N,8792,77.80530973451327,78.5
,Yes,,Not Graduate,Yes,1977,1590,136,360.0,,Rural,N,3567,26.036496350364963,26.227941176470587
Male,,,Graduate,,11000,2531,97,60.0,0.0,Urban,N,13531,138.07142857142858,139.49484536082474
,Yes,1.0,Not Graduate,,3500,2750,176,360.0,,Rural,N,6250,35.31073446327684,35.51136363636363
,No,,Not Graduate,Yes,3333,1868,74,240.0,,Urban,N,5201,69.34666666666666,70.28378378378379
,Yes,1.0,Not Graduate,Yes,1928,2667,17,,,Urban,N,4595,255.27777777777777,270.29411764705884
Male,,,Graduate,No,2645,0,98,360.0,,Urban,N,2645,26.71717171717172,26.989795918367346
,Yes,3.0,Graduate,,2600,1964,200,240.0,,Rural,Y,4564,22.70646766169154,22.82
,No,0.0,Graduate,,7200,2142,116,360.0,0.0,Rural,Y,9342,79.84615384615384,80.53448275862068
,Yes,3.0,Graduate,,3029,4000,275,84.0,0.0,Semiurban,N,7029,25.467391304347824,25.56
Male,,,Not Graduate,,20166,1964,112,84.0,0.0,Urban,Y,22130,195.84070796460176,197.58928571428572
,,1.0,Graduate,Yes,10513,2853,160,240.0,0.0,Semiurban,Y,13366,83.01863354037268,83.5375
Female,Yes,2.0,Graduate,No,2875,1300,154,,1.0,Urban,Y,4175,26.93548387096774,27.11038961038961
,,1.0,Graduate,Yes,1977,3167,70,360.0,,Semiurban,N,5144,72.45070422535211,73.48571428571428
Male,Yes,0.0,Not Graduate,No,3800,736,85,84.0,,Semiurban,N,4536,52.74418604651163,53.36470588235294
Male,Yes,1.0,Not Graduate,Yes,10000,2853,144,240.0,1.0,Rural,N,12853,88.64137931034483,89.25694444444444
Male,Yes,2.0,Graduate,,2479,4000,90,60.0,0.0,Urban,Y,6479,71.1978021978022,71.9888888888889
Female,,2.0,Graduate,Yes,3052,4000,137,60.0,0.0,Urban,N,7052,51.10144927536232,51.47445255474452
Female,,0.0,Graduate,Yes,1863,3369,700,480.0,0.0,Rural,N,5232,7.463623395149786,7.474285714285714
Female,No,0.0,Graduate,,6080,2583,267,480.0,,Rural,Y,8663,32.32462686567164,32.445692883895134
Male,Yes,2.0,Graduate,Yes,3366,4000,50,120.0,0.0,Rural,N,7366,144.4313725490196,147.32
Female,Yes,0.0,Not Graduate,No,3189,983,116,360.0,,Rural,N,4172,35.65811965811966,35.96551724137931
,,0.0,Graduate,No,2183,2667,330,180.0,1.0,Semiurban,N,4850,14.652567975830816,14.696969696969697
,,,Graduate,,2301,3600,490,180.0,1.0,Rural,Y,5901,12.018329938900203,12.042857142857143
,Yes,2.0,Graduate,Yes,6400,3449,122,60.0,,Urban,Y,9849,80.07317073170732,80.72950819672131
Male,,,Graduate,Yes,2833,1590,176,180.0,1.0,Semiurban,N,4423,24.98870056497175,25.130681818181817
Male,,2.0,Not Graduate,,7333,2250,96,,1.0,Urban,N,9583,98.79381443298968,99.82291666666667
,,,Graduate,No,4950,3806,495,360.0,0.0,Semiurban,N,8756,17.653225806451612,17.68888888888889
Male,No,0.0,Not Graduate,Yes,2400,3583,55,180.0,,Urban,N,5983,106.83928571428572,108.78181818181818
,,1.0,Not Graduate,No,3073,1330,35,480.0,0.0,Rural,N,4403,122.30555555555556,125.8
,Yes,0.0,Not Graduate,Yes,2301,700,75,480.0,,Semiurban,N,3001,39.48684210526316,40.013333333333335
Female,Yes,2.0,Graduate,No,8333,1590,133,300.0,1.0,Rural,N,9923,74.05223880597015,74.60902255639098
Male,Yes,3.0,Not Graduate,,2200,1929,76,360.0,,Semiurban,Y,4129,53.62337662337662,54.328947368421055
Male,Yes,1.0,Not Graduate,,2333,3806,330,300.0,1.0,Urban,N,6139,18.54682779456193,18.6030303030303
Male,Yes,0.0,Graduate,,2000,2900,139,300.0,,Rural,N,4900,35.0,35.25179856115108
,No,3.0,Not Graduate,Yes,2491,700,275,84.0,1.0,Urban,Y,3191,11.56159420289855,11.603636363636364
Female,No,0.0,Graduate,Yes,7100,3500,136,180.0,1.0,Rural,Y,10600,77.37226277372262,77.94117647058823
Female,No,1.0,Graduate,Yes,2799,688,285,120.0,0.0,Rural,N,3487,12.192307692307692,12.235087719298246
Female,Yes,,Not Graduate,,3366,688,136,240.0,1.0,Urban,N,4054,29.59124087591241,29.808823529411764
Male,No,,Graduate,No,11000,4866,30,240.0,0.0,Rural,N,15866,511.8064516129032,528.8666666666667
,,3.0,Graduate,Yes,4950,2500,17,,0.0,Semiurban,N,7450,413.8888888888889,438.2352941176471
,,2.0,Not Graduate,No,5667,4417,182,60.0,,Semiurban,Y,10084,55.10382513661202,55.40659340659341
Male,Yes,2.0,Graduate,Yes,3000,688,312,300.0,0.0,Semiurban,N,3688,11.782747603833863,11.820512820512821
Female,,1.0,Not Graduate,No,1625,4300,315,300.0,,Rural,Y,5925,18.75,18.80952380952381
Female,,0.0,Graduate,No,2014,3583,300,480.0,1.0,Semiurban,N,5597,18.59468438538206,18.656666666666666
,No,,Graduate,No,2340,2416,349,480.0,1.0,Urban,N,4756,13.588571428571427,13.627507163323783
,,3.0,Graduate,Yes,8333,2750,128,300.0,,Urban,N,11083,85.91472868217055,86.5859375
Female,No,1.0,Graduate,Yes,13650,3369,152,60.0,,Semiurban,N,17019,111.23529411764706,111.96710526315789
Female,No,,Not Graduate,No,1000,5266,225,120.0,1.0,Urban,N,6266,27.72566371681416,27.84888888888889
Male,No,0.0,Graduate,No,3073,1083,350,480.0,0.0,Semiurban,N,4156,11.84045584045584,11.874285714285714
,Yes,0.0,Graduate,No,2275,5250,144,360.0,0.0,Urban,N,7525,51.89655172413793,52.25694444444444
,No,2.0,Graduate,No,4166,1590,66,120.0,1.0,Rural,N,5756,85.91044776119404,87.21212121212122
,No,3.0,Graduate,Yes,3666,1590,70,240.0,,Semiurban,Y,5256,74.02816901408451,75.08571428571429
Male,No,2.0,Graduate,No,2000,3167,76,240.0,1.0,Urban,N,5167,67.1038961038961,67.98684210526316
Male,Yes,0.0,Graduate,Yes,10000,1300,495,60.0,0.0,Semiurban,N,11300,22.782258064516128,22.828282828282827
Male,,3.0,Graduate,Yes,2200,5625,80,,1.0,Urban,N,7825,96.60493827160494,97.8125
Female,,3.0,Graduate,Yes,2014,736,98,60.0,1.0,Rural,N,2750,27.77777777777778,28.06122448979592
Male,Yes,1.0,Not Graduate,Yes,4843,4866,290,480.0,1.0,Rural,Y,9709,33.36426116838488,33.47931034482759
,No,,Not Graduate,Yes,11000,4866,320,,0.0,Urban,N,15866,49.426791277258566,49.58125
,,,Not Graduate,No,2708,2791,210,180.0,0.0,Urban,Y,5499,26.061611374407583,26.185714285714287
,No,0.0,Not Graduate,Yes,2000,2142,176,180.0,,Rural,N,4142,23.401129943502823,23.53409090909091
,No,3.0,Graduate,Yes,4950,2330,63,180.0,,Rural,N,7280,113.75,115.55555555555556
,,,Graduate,,2483,5250,144,,0.0,Rural,Y,7733,53.33103448275862,53.701388888888886
Male,,,Graduate,,2473,1459,192,60.0,,Semiurban,Y,3932,20.37305699481865,20.479166666666668
,No,3.0,Not Graduate,No,10513,3600,290,84.0,0.0,Urban,N,14113,48.49828178694158,48.66551724137931
Male,,0.0,Not Graduate,,2237,3449,349,240.0,0.0,Rural,Y,5686,16.245714285714286,16.292263610315185
,,0.0,Graduate,,5000,1330,700,180.0,0.0,Semiurban,N,6330,9.029957203994291,9.042857142857143
,No,1.0,Not Graduate,,13650,1459,94,180.0,1.0,Semiurban,N,15109,159.0421052631579,160.7340425531915
Male,No,2.0,Not Graduate,No,9323,4300,96,480.0,1.0,Semiurban,Y,13623,140.44329896907217,141.90625
,,,Not Graduate,No,3083,2900,140,300.0,,Semiurban,N,5983,42.43262411347518,42.73571428571429
Female,Yes,0.0,Not Graduate,,1863,5266,139,60.0,0.0,Rural,N,7129,50.92142857142857,51.28776978417266
,,2.0,Not Graduate,,3522,1250,267,180.0,,Semiurban,N,4772,17.80597014925373,17.872659176029963
Female,No,2.0,Not Graduate,Yes,2147,3583,201,,0.0,Semiurban,N,5730,28.36633663366337,28.507462686567163
Female,No,3.0,Graduate,No,5042,2791,349,60.0,0.0,Urban,N,7833,22.38,22.444126074498566
Male,Yes,0.0,Graduate,,2833,800,200,,0.0,Rural,Y,3633,18.074626865671643,18.165
Female,,0.0,Graduate,,1977,1459,184,84.0,,Rural,Y,3436,18.572972972972973,18.67391304347826
,No,,Not Graduate,No,6747,1590,63,120.0,,Urban,N,8337,130.265625,132.33333333333334
Male,No,1.0,Not Graduate,No,2491,2383,225,84.0,0.0,Rural,Y,4874,21.56637168141593,21.662222222222223
,No,3.0,Graduate,,3625,700,125,480.0,,Urban,N,4325,34.32539682539682,34.6
,No,,Graduate,Yes,1000,5063,495,480.0,,Semiurban,N,6063,12.223790322580646,12.248484848484848
,No,,Not Graduate,,2479,4300,133,300.0,,Semiurban,N,6779,50.58955223880597,50.96992481203007
,Yes,0.0,Graduate,Yes,3522,3750,267,480.0,1.0,Semiurban,N,7272,27.13432835820896,27.235955056179776
Female,,1.0,Graduate,,2014,1250,93,480.0,0.0,Semiurban,N,3264,34.723404255319146,35.096774193548384
Female,,2.0,Graduate,Yes,2577,4486,97,180.0,,Rural,N,7063,72.07142857142857,72.81443298969072
Male,Yes,,Not Graduate,Yes,2237,2416,81,,0.0,Rural,Y,4653,56.74390243902439,57.44444444444444
Male,Yes,2.0,Not Graduate,No,6747,4866,112,60.0,,Rural,Y,11613,102.76991150442478,103.6875
Female,,3.0,Not Graduate,Yes,2439,1516,75,60.0,0.0,Urban,Y,3955,52.03947368421053,52.733333333333334
Male,,1.0,Graduate,No,2400,4196,35,84.0,1.0,Urban,Y,6596,183.22222222222223,188.45714285714286
,Yes,3.0,Not Graduate,No,4583,2900,47,360.0,1.0,Urban,N,7483,155.89583333333334,159.2127659574468
Male,Yes,0.0,Graduate,No,2301,3500,95,,0.0,Urban,N,5801,60.427083333333336,61.06315789473684
Male,Yes,0.0,Not Graduate,Yes,2000,4595,165,240.0,0.0,Urban,N,6595,39.7289156626506,39.96969696969697
,,3.0,Graduate,No,9323,1330,225,180.0,,Urban,Y,10653,47.13716814159292,47.346666666666664
Female,Yes,,Not Graduate,Yes,20166,3440,154,120.0,1.0,Semiurban,N,23606,152.29677419354837,153.28571428571428
Female,No,,Not Graduate,Yes,2237,3369,240,360.0,,Semiurban,N,5606,23.261410788381745,23.358333333333334
Male,No,1.0,Not Graduate,,2275,4000,320,60.0,1.0,Semiurban,Y,6275,19.54828660436137,19.609375
Female,Yes,0.0,Not Graduate,,5042,700,180,120.0,,Urban,Y,5742,31.723756906077348,31.9
Male,Yes,1.0,Not Graduate,,5500,3750,81,300.0,1.0,Semiurban,Y,9250,112.8048780487805,114.19753086419753
Female,No,0.0,Not Graduate,No,2875,1030,80,84.0,0.0,Urban,N,3905,48.20987654320987,48.8125
Male,No,,Graduate,Yes,1928,4866,208,60.0,0.0,Urban,Y,6794,32.50717703349282,32.66346153846154
,Yes,1.0,Not Graduate,No,5316,6000,168,240.0,1.0,Rural,N,11316,66.9585798816568,67.35714285714286
,No,1.0,Not Graduate,No,2132,2750,349,60.0,1.0,Semiurban,N,4882,13.948571428571428,13.988538681948423
,No,,Graduate,,2275,1451,350,,1.0,Rural,N,3726,10.615384615384617,10.645714285714286
Female,Yes,1.0,Not Graduate,No,3366,5701,131,300.0,0.0,Rural,N,9067,68.68939393939394,69.21374045801527
Male,Yes,1.0,Graduate,No,2060,1868,66,480.0,1.0,Rural,N,3928,58.62686567164179,59.515151515151516
Female,Yes,2.0,Not Graduate,No,2950,4866,75,360.0,1.0,Semiurban,Y,7816,102.84210526315788,104.21333333333334
,No,2.0,Graduate,,3600,2667,76,480.0,0.0,Rural,Y,6267,81.3896103896104,82.46052631578948
Male,,1.0,Graduate,,3625,1330,201,360.0,,Urban,Y,4955,24.52970297029703,24.65174129353234
Male,Yes,1.0,Graduate,,2178,4866,228,60.0,1.0,Urban,N,7044,30.75982532751092,30.894736842105264
Male,No,2.0,Graduate,No,3500,688,225,120.0,,Urban,N,4188,18.53097345132744,18.613333333333333
Female,No,2.0,Not Graduate,,2799,1500,83,84.0,,Urban,N,4299,51.17857142857143,51.795180722891565
Male,,3.0,Not Graduate,,2950,3449,67,300.0,0.0,Semiurban,Y,6399,94.1029411764706,95.50746268656717
Female,No,3.0,Graduate,No,5667,2750,122,,0.0,Semiurban,Y,8417,68.4308943089431,68.99180327868852
,,3.0,Graduate,,2833,2383,208,60.0,1.0,Rural,N,5216,24.95693779904306,25.076923076923077
,Yes,3.0,Not Graduate,Yes,1625,2531,255,120.0,,Semiurban,Y,4156,16.234375,16.298039215686273
,,1.0,Graduate,Yes,2000,4486,166,60.0,,Semiurban,N,6486,38.83832335329341,39.0722891566265
,No,2.0,Graduate,No,3500,4000,59,84.0,0.0,Rural,N,7500,125.0,127.11864406779661
Male,No,,Not Graduate,No,2833,2083,95,120.0,0.0,Semiurban,N,4916,51.208333333333336,51.747368421052634
Female,,2.0,Not Graduate,,5786,1640,99,180.0,1.0,Semiurban,N,7426,74.26,75.01010101010101
Male,,3.0,Graduate,Yes,3200,985,166,,0.0,Rural,N,4185,25.05988023952096,25.210843373493976
Male,,,Graduate,,6080,900,115,480.0,1.0,Rural,N,6980,60.172413793103445,60.69565217391305
Female,,,Graduate,,3522,5701,47,360.0,0.0,Semiurban,N,9223,192.1458333333333,196.2340425531915
Male,,0.0,Not Graduate,No,12841,2383,140,,1.0,Urban,N,15224,107.97163120567376,108.74285714285715
,,0.0,Not Graduate,,20166,1030,150,,1.0,Rural,N,21196,140.3708609271523,141.30666666666667
Female,No,1.0,Graduate,Yes,5266,2045,267,84.0,0.0,Rural,N,7311,27.279850746268657,27.382022471910112
Female,No,3.0,Not Graduate,,5266,5250,187,180.0,0.0,Rural,N,10516,55.93617021276596,56.23529411764706
Male,Yes,0.0,Not Graduate,Yes,2266,1300,140,360.0,1.0,Semiurban,Y,3566,25.29078014184397,25.47142857142857
Male,,3.0,Graduate,No,2875,1213,160,480.0,1.0,Rural,N,4088,25.39130434782609,25.55
Male,Yes,1.0,Graduate,,5316,1590,67,180.0,1.0,Rural,N,6906,101.55882352941175,103.07462686567165
Male,No,3.0,Graduate,Yes,2645,2531,285,360.0,,Semiurban,N,5176,18.097902097902097,18.16140350877193
,Yes,1.0,Graduate,Yes,2275,5063,208,60.0,1.0,Rural,N,7338,35.110047846889955,35.27884615384615
,,,Not Graduate,,7333,3806,182,,1.0,Semiurban,Y,11139,60.8688524590164,61.2032967032967
,No,0.0,Not Graduate,Yes,2799,3600,225,300.0,,Semiurban,N,6399,28.3141592920354,28.44
Male,No,1.0,Graduate,,1928,2531,99,60.0,0.0,Semiurban,Y,4459,44.59,45.04040404040404
Male,Yes,3.0,Not Graduate,No,4300,2500,106,360.0,1.0,Semiurban,N,6800,63.55140186915888,64.15094339622641
Female,No,1.0,Not Graduate,,2875,5750,113,84.0,1.0,Urban,N,8625,75.65789473684211,76.32743362831859
Female,Yes,2.0,Not Graduate,Yes,3167,1451,315,240.0,,Rural,Y,4618,14.613924050632912,14.66031746031746
Male,,3.0,Graduate,,2060,2500,180,300.0,1.0,Semiurban,N,4560,25.193370165745858,25.333333333333332
,No,,Not Graduate,Yes,3189,1213,180,240.0,0.0,Rural,N,4402,24.320441988950275,24.455555555555556
Male,No,0.0,Not Graduate,,5417,2531,47,180.0,,Rural,N,7948,165.58333333333334,169.10638297872342
Male,Yes,0.0,Graduate,,2875,1929,98,120.0,,Rural,N,4804,48.525252525252526,49.02040816326531
Male,,0.0,Not Graduate,No,4583,4486,104,240.0,,Rural,N,9069,86.37142857142857,87.20192307692308
Female,Yes,3.0,Graduate,No,2799,5063,88,360.0,,Rural,N,7862,88.33707865168539,89.3409090909091
Male,No,2.0,Not Graduate,Yes,2400,7750,175,240.0,1.0,Rural,N,10150,57.67045454545455,58.0
Male,,3.0,Not Graduate,Yes,2200,1868,85,240.0,0.0,Semiurban,Y,4068,47.30232558139535,47.858823529411765
Male,,2.0,Graduate,No,2577,2250,349,240.0,,Rural,N,4827,13.791428571428572,13.830945558739256
Male,Yes,0.0,Not Graduate,No,2833,6000,275,120.0,0.0,Semiurban,Y,8833,32.0036231884058,32.12
Female,Yes,2.0,Not Graduate,Yes,4583,688,370,300.0,1.0,Urban,N,5271,14.20754716981132,14.245945945945946
Male,No,2.0,Not Graduate,No,2483,700,600,84.0,1.0,Urban,N,3183,5.2961730449251245,5.305
Female,No,1.0,Graduate,,3250,900,98,480.0,1.0,Urban,Y,4150,41.91919191919192,42.3469387755102
Male,Yes,,Graduate,,3250,2900,83,,0.0,Urban,N,6150,73.21428571428571,74.09638554216868
Female,No,1.0,Graduate,Yes,5417,4595,160,300.0,,Urban,N,10012,62.18633540372671,62.575
Male,,2.0,Not Graduate,Yes,2266,1300,267,120.0,,Semiurban,N,3566,13.305970149253731,13.355805243445692
,,,Graduate,Yes,2333,2583,44,120.0,1.0,Semiurban,N,4916,109.24444444444444,111.72727272727273
Male,Yes,,Graduate,Yes,3600,2853,90,240.0,0.0,Urban,N,6453,70.91208791208791,71.7
Female,,0.0,Not Graduate,,2301,4196,168,180.0,,Rural,Y,6497,38.44378698224852,38.67261904761905
,,2.0,Not Graduate,Yes,4166,1516,201,60.0,1.0,Rural,N,5682,28.128712871287128,28.26865671641791
Female,No,2.0,Not Graduate,No,5417,2853,285,480.0,1.0,Urban,Y,8270,28.91608391608392,29.017543859649123
Female,No,3.0,Not Graduate,,3600,983,110,480.0,0.0,Urban,N,4583,41.288288288288285,41.663636363636364
Female,,1.0,Graduate,No,9323,1330,154,84.0,0.0,Rural,Y,10653,68.72903225806452,69.17532467532467
,No,2.0,Not Graduate,Yes,5166,5250,330,180.0,,Semiurban,N,10416,31.46827794561933,31.563636363636363
,,3.0,Graduate,,6747,1800,141,120.0,0.0,Urban,N,8547,60.19014084507042,60.61702127659574
Male,No,1.0,Graduate,No,2853,5250,55,180.0,1.0,Rural,Y,8103,144.69642857142858,147.3272727272727
Male,Yes,2.0,Graduate,,1977,4486,267,120.0,0.0,Rural,N,6463,24.11567164179105,24.205992509363295
,No,,Not Graduate,No,2333,2142,125,300.0,,Semiurban,N,4475,35.51587301587302,35.8
,,0.0,Not Graduate,,2853,754,81,180.0,1.0,Urban,Y,3607,43.98780487804878,44.53086419753087
,No,,Not Graduate,Yes,150,2791,184,180.0,,Semiurban,Y,2941,15.897297297297298,15.983695652173912
Male,Yes,3.0,Not Graduate,,7451,1868,650,480.0,1.0,Rural,Y,9319,14.31490015360983,14.336923076923076
Female,,3.0,Graduate,No,3189,700,350,360.0,0.0,Rural,N,3889,11.07977207977208,11.111428571428572
,Yes,2.0,Not Graduate,,7200,7750,436,84.0,1.0,Semiurban,N,14950,34.21052631578947,34.288990825688074
Male,Yes,3.0,Graduate,Yes,3250,3583,47,,0.0,Urban,N,6833,142.35416666666666,145.38297872340425
Female,,,Graduate,Yes,3052,1250,114,480.0,1.0,Rural,N,4302,37.40869565217391,37.73684210526316
Female,Yes,2.0,Not Graduate,Yes,20166,688,228,180.0,0.0,Urban,Y,20854,91.06550218340612,91.46491228070175
Female,No,1.0,Graduate,No,2718,1590,120,84.0,,Rural,N,4308,35.603305785123965,35.9
Male,,2.0,Not Graduate,,5667,700,83,84.0,,Urban,N,6367,75.79761904761905,76.71084337349397
Female,,3.0,Not Graduate,No,3052,3806,176,360.0,,Rural,Y,6858,38.74576271186441,38.96590909090909
Female,,3.0,Not Graduate,,3666,754,300,360.0,0.0,Semiurban,N,4420,14.6843853820598,14.733333333333333
Female,,2.0,Graduate,No,8000,4983,63,360.0,1.0,Rural,N,12983,202.859375,206.0793650793651
Male,No,3.0,Graduate,No,15000,4167,106,84.0,0.0,Semiurban,Y,19167,179.13084112149534,180.82075471698113
,No,3.0,Not Graduate,No,3200,1213,700,480.0,0.0,Rural,Y,4413,6.295292439372325,6.304285714285714
Female,,3.0,Not Graduate,No,3250,5701,200,120.0,1.0,Rural,Y,8951,44.53233830845771,44.755
,No,,Not Graduate,Yes,3167,1800,98,240.0,0.0,Semiurban,N,4967,50.17171717171717,50.683673469387756
Female,,1.0,Graduate,No,15000,3500,175,120.0,,Rural,Y,18500,105.11363636363636,105.71428571428571
Male,No,1.0,Graduate,,150,4300,104,84.0,,Rural,N,4450,42.38095238095238,42.78846153846154
Male,No,2.0,Graduate,Yes,150,3369,131,240.0,1.0,Rural,Y,3519,26.65909090909091,26.862595419847327
Male,No,,Not Graduate,,2000,1516,116,60.0,0.0,Urban,Y,3516,30.05128205128205,30.310344827586206
Female,Yes,0.0,Graduate,Yes,10000,1030,376,180.0,1.0,Urban,Y,11030,29.257294429708224,29.335106382978722
Male,No,1.0,Graduate,,150,3022,83,480.0,1.0,Rural,N,3172,37.76190476190476,38.21686746987952
,No,3.0,Graduate,,1625,1800,74,180.0,0.0,Rural,Y,3425,45.66666666666666,46.28378378378378
Male,,,Graduate,No,9323,2330,436,300.0,1.0,Urban,Y,11653,26.665903890160184,26.727064220183486
Male,Yes,3.0,Graduate,Yes,5316,1929,70,,1.0,Rural,N,7245,102.04225352112675,103.5
,,3.0,Graduate,No,5500,1929,85,480.0,1.0,Urban,N,7429,86.38372093023256,87.4
Male,No,1.0,Graduate,Yes,11000,3066,165,,,Rural,N,14066,84.73493975903614,85.24848484848485
Female,Yes,2.0,Graduate,Yes,5266,4167,109,360.0,,Rural,N,9433,85.75454545454545,86.54128440366972
,Yes,3.0,Graduate,Yes,2799,6250,490,,1.0,Rural,N,9049,18.429735234215887,18.46734693877551
Male,No,3.0,Graduate,Yes,3167,1800,308,360.0,,Rural,N,4967,16.07443365695793,16.126623376623378
,,,Not Graduate,,2383,1800,72,60.0,0.0,Semiurban,N,4183,57.3013698630137,58.09722222222222
,Yes,1.0,Graduate,No,2014,4000,125,,0.0,Urban,Y,6014,47.73015873015873,48.112
Female,Yes,3.0,Not Graduate,No,20166,4983,67,360.0,0.0,Urban,N,25149,369.8382352941176,375.35820895522386
Female,No,2.0,Graduate,No,4000,800,330,300.0,,Urban,N,4800,14.501510574018129,14.545454545454545
,Yes,1.0,Not Graduate,Yes,24763,2900,98,60.0,1.0,Urban,N,27663,279.42424242424244,282.2755102040816
,No,3.0,Graduate,No,6747,2083,116,84.0,,Urban,Y,8830,75.47008547008546,76.12068965517241
Male,,,Graduate,,1625,3600,600,480.0,,Urban,N,5225,8.693843594009984,8.708333333333334
,Yes,1.0,Not Graduate,,3846,1800,124,,,Semiurban,Y,5646,45.168,45.53225806451613
Male,Yes,2.0,Graduate,Yes,2479,4300,55,300.0,,Rural,Y,6779,121.05357142857144,123.25454545454545
Female,No,3.0,Not Graduate,No,2014,6000,88,180.0,,Rural,N,8014,90.04494382022472,91.06818181818181
Male,No,0.0,Not Graduate,,2718,1300,168,84.0,1.0,Urban,N,4018,23.775147928994084,23.916666666666668
Male,Yes,,Not Graduate,,2000,7750,122,240.0,0.0,Semiurban,Y,9750,79.26829268292683,79.91803278688525
Female,,,Not Graduate,Yes,3666,754,158,240.0,1.0,Urban,N,4420,27.79874213836478,27.974683544303797
Male,Yes,1.0,Not Graduate,,2479,1213,650,300.0,,Rural,N,3692,5.671274961597542,5.68
Female,Yes,3.0,Graduate,,8666,1590,376,300.0,1.0,Urban,N,10256,27.20424403183024,27.27659574468085
Male,Yes,,Graduate,No,2600,3500,228,360.0,1.0,Urban,N,6100,26.63755458515284,26.75438596491228
Male,No,3.0,Not Graduate,Yes,24763,2416,75,360.0,,Semiurban,Y,27179,357.6184210526316,362.38666666666666
Male,Yes,3.0,Graduate,Yes,2014,1964,330,,0.0,Rural,N,3978,12.018126888217523,12.054545454545455
Male,,2.0,Graduate,,3800,1964,210,84.0,1.0,Urban,N,5764,27.31753554502369,27.447619047619046
Male,Yes,,Not Graduate,,3250,7210,115,60.0,1.0,Urban,N,10460,90.17241379310344,90.95652173913044
Female,No,1.0,Not Graduate,Yes,6747,3440,192,120.0,1.0,Rural,N,10187,52.78238341968912,53.057291666666664
,No,,Graduate,No,2395,2133,182,300.0,1.0,Semiurban,N,4528,24.743169398907103,24.87912087912088
Male,,3.0,Graduate,,8000,1500,67,300.0,1.0,Rural,Y,9500,139.7058823529412,141.7910447761194
,,1.0,Graduate,Yes,5266,1330,144,240.0,1.0,Semiurban,N,6596,45.48965517241379,45.80555555555556
Male,Yes,0.0,Not Graduate,Yes,5316,7210,96,480.0,1.0,Rural,N,12526,129.1340206185567,130.47916666666666
,Yes,1.0,Graduate,,2178,5701,104,300.0,,Semiurban,N,7879,75.03809523809524,75.75961538461539
Male,Yes,0.0,Not Graduate,No,2266,1666,225,240.0,,Urban,Y,3932,17.398230088495577,17.475555555555555
,No,1.0,Graduate,,2071,830,144,60.0,1.0,Rural,Y,2901,20.00689655172414,20.145833333333332
,,0.0,Graduate,No,8666,1929,106,84.0,1.0,Rural,N,10595,99.01869158878505,99.95283018867924
Male,No,,Graduate,No,3189,5701,97,480.0,,Semiurban,N,8890,90.71428571428572,91.64948453608247
Male,,0.0,Graduate,Yes,5266,3066,200,120.0,,Rural,N,8332,41.45273631840796,41.66
Female,No,0.0,Graduate,Yes,6400,3263,109,360.0,,Urban,N,9663,87.84545454545454,88.65137614678899
Female,No,1.0,Not Graduate,No,2178,5654,70,300.0,1.0,Semiurban,Y,7832,110.30985915492958,111.88571428571429
,No,0.0,Graduate,No,5316,688,85,,0.0,Semiurban,Y,6004,69.81395348837209,70.63529411764706
,,1.0,Graduate,,4000,2667,136,,0.0,Rural,N,6667,48.66423357664234,49.02205882352941
Female,,1.0,Graduate,No,4583,800,308,360.0,0.0,Urban,N,5383,17.42071197411003,17.477272727272727
,No,2.0,Not Graduate,,4950,1250,490,60.0,,Rural,N,6200,12.627291242362526,12.653061224489797
,Yes,3.0,Graduate,Yes,3250,1459,88,240.0,0.0,Semiurban,N,4709,52.91011235955056,53.51136363636363
Female,,,Graduate,Yes,3600,0,275,180.0,,Urban,Y,3600,13.043478260869565,13.090909090909092
,,2.0,Graduate,,4843,5266,99,480.0,,Rural,N,10109,101.09,102.11111111111111
,No,0.0,Graduate,Yes,2071,2900,158,480.0,1.0,Rural,N,4971,31.264150943396228,31.462025316455698
Male,,1.0,Not Graduate,No,3333,1929,116,,0.0,Semiurban,N,5262,44.97435897435897,45.36206896551724
Male,Yes,,Graduate,,3167,1500,25,240.0,1.0,Semiurban,N,4667,179.5,186.68
Female,,3.0,Not Graduate,,2491,1590,495,240.0,,Rural,Y,4081,8.227822580645162,8.244444444444444
Male,No,0.0,Not Graduate,Yes,7200,4750,201,,,Rural,N,11950,59.15841584158416,59.45273631840796
,No,3.0,Not Graduate,,4300,1300,225,240.0,,Rural,Y,5600,24.778761061946906,24.88888888888889
,,,Not Graduate,,8666,4866,376,480.0,0.0,Semiurban,N,13532,35.89389920424403,35.98936170212766
Male,,3.0,Graduate,No,2301,2853,100,360.0,,Urban,N,5154,51.02970297029703,51.54
Male,Yes,2.0,Not Graduate,Yes,3189,7750,376,360.0,0.0,Urban,Y,10939,29.015915119363395,29.09308510638298
,,2.0,Graduate,No,3600,4196,70,84.0,1.0,Semiurban,N,7796,109.80281690140843,111.37142857142857
Female,No,0.0,Not Graduate,Yes,2000,2416,124,240.0,1.0,Rural,N,4416,35.328,35.61290322580645
Male,No,1.0,Graduate,No,5667,2000,144,120.0,,Rural,N,7667,52.87586206896552,53.24305555555556
Female,Yes,0.0,Graduate,Yes,2000,3583,88,180.0,0.0,Rural,Y,5583,62.73033707865169,63.44318181818182
,,,Not Graduate,No,20166,1800,144,180.0,1.0,Semiurban,Y,21966,151.4896551724138,152.54166666666666
Male,,1.0,Graduate,No,12000,3500,67,,,Urban,N,15500,227.94117647058823,231.34328358208955
Male,,,Not Graduate,,2708,1868,114,240.0,1.0,Rural,Y,4576,39.791304347826085,40.14035087719298
Male,Yes,,Not Graduate,No,2147,1843,47,84.0,,Rural,N,3990,83.125,84.8936170212766
Male,No,,Graduate,No,3666,6250,495,120.0,,Semiurban,Y,9916,19.991935483870968,20.032323232323233
,No,2.0,Graduate,,15000,1666,96,300.0,0.0,Semiurban,Y,16666,171.81443298969072,173.60416666666666
Female,No,0.0,Not Graduate,,2645,4196,114,360.0,0.0,Urban,Y,6841,59.48695652173913,60.00877192982456
Female,No,3.0,Graduate,Yes,2147,754,225,,1.0,Semiurban,Y,2901,12.836283185840708,12.893333333333333
,Yes,1.0,Not Graduate,Yes,13650,3600,118,360.0,,Rural,N,17250,144.9579831932773,146.1864406779661
Male,No,,Not Graduate,No,3666,1300,228,240.0,0.0,Semiurban,N,4966,21.68558951965065,21.780701754385966
Female,,3.0,Not Graduate,No,1863,2583,176,480.0,,Rural,Y,4446,25.11864406779661,25.261363636363637
,,3.0,Graduate,,3167,1640,376,480.0,1.0,Rural,N,4807,12.750663129973477,12.784574468085106
Male,Yes,1.0,Not Graduate,Yes,2483,3022,330,480.0,0.0,Rural,N,5505,16.63141993957704,16.681818181818183
Female,Yes,0.0,Graduate,Yes,8333,2330,88,240.0,0.0,Semiurban,N,10663,119.80898876404494,121.17045454545455
Female,No,0.0,Not Graduate,Yes,5667,4983,85,84.0,0.0,Rural,Y,10650,123.83720930232558,125.29411764705883
Male,,1.0,Graduate,No,9323,1516,137,480.0,0.0,Semiurban,N,10839,78.54347826086956,79.11678832116789
,No,0.0,Not Graduate,Yes,24763,3167,120,120.0,1.0,Rural,Y,27930,230.8264462809917,232.75
Male,Yes,1.0,Not Graduate,No,3666,4300,370,180.0,,Rural,N,7966,21.471698113207548,21.52972972972973
,Yes,1.0,Graduate,,1977,3806,118,180.0,,Urban,N,5783,48.596638655462186,49.00847457627118
,No,2.0,Not Graduate,,3029,4417,228,120.0,,Urban,N,7446,32.51528384279476,32.6578947368421
Female,No,1.0,Graduate,No,1000,3369,133,480.0,,Rural,N,4369,32.6044776119403,32.849624060150376
,No,1.0,Graduate,,2275,3022,255,300.0,,Urban,N,5297,20.69140625,20.772549019607844
Female,No,0.0,Graduate,No,3846,4300,30,60.0,1.0,Rural,N,8146,262.7741935483871,271.53333333333336
Female,Yes,0.0,Graduate,,2799,4983,180,60.0,0.0,Semiurban,N,7782,42.99447513812154,43.233333333333334
Male,No,3.0,Not Graduate,,2178,5701,74,60.0,1.0,Rural,Y,7879,105.05333333333331,106.47297297297297
Female,No,3.0,Graduate,No,2875,1868,495,84.0,0.0,Rural,Y,4743,9.5625,9.581818181818182
,No,2.0,Graduate,No,11000,3263,47,180.0,,Rural,Y,14263,297.1458333333333,303.468085106383
,No,1.0,Not Graduate,Yes,9323,800,650,60.0,0.0,Rural,N,10123,15.549923195084483,15.573846153846153
,No,,Not Graduate,No,3083,7750,144,180.0,,Urban,N,10833,74.71034482758621,75.22916666666667
Female,No,3.0,Not Graduate,No,2483,2583,208,180.0,1.0,Semiurban,Y,5066,24.239234449760765,24.35576923076923
Male,Yes,1.0,Not Graduate,No,2071,3333,192,60.0,1.0,Urban,N,5404,28.0,28.145833333333332
,No,0.0,Not Graduate,,5667,2083,25,,0.0,Urban,N,7750,298.0769230769231,310.0
Male,,1.0,Not Graduate,,2132,5250,80,180.0,1.0,Urban,Y,7382,91.1358024691358,92.275
Male,No,1.0,Not Graduate,Yes,13650,4196,55,180.0,1.0,Semiurban,N,17846,318.67857142857144,324.4727272727273
Male,Yes,0.0,Graduate,,2479,983,267,300.0,1.0,Semiurban,N,3462,12.917910447761194,12.96629213483146
,,3.0,Graduate,No,2600,5750,210,360.0,1.0,Urban,Y,8350,39.57345971563981,39.76190476190476
,,,Graduate,,2333,1459,208,84.0,0.0,Urban,Y,3792,18.14354066985646,18.23076923076923
Female,No,,Not Graduate,No,2000,4595,152,300.0,,Urban,Y,6595,43.10457516339869,43.38815789473684
,No,2.0,Graduate,,5166,1868,154,180.0,0.0,Semiurban,Y,7034,45.380645161290325,45.675324675324674
Male,,0.0,Not Graduate,No,2950,2750,175,60.0,1.0,Semiurban,Y,5700,32.38636363636363,32.57142857142857
Female,,3.0,Graduate,,8666,2900,94,300.0,1.0,Semiurban,N,11566,121.74736842105264,123.04255319148936
,Yes,0.0,Graduate,No,2718,1459,201,300.0,0.0,Rural,N,4177,20.678217821782177,20.781094527363184
Male,No,2.0,Not Graduate,,5166,1030,192,120.0,0.0,Semiurban,N,6196,32.10362694300518,32.270833333333336
Male,Yes,,Not Graduate,Yes,2200,0,600,84.0,,Urban,Y,2200,3.660565723793677,3.6666666666666665
Female,,3.0,Not Graduate,No,2666,500,168,120.0,0.0,Rural,N,3166,18.733727810650887,18.845238095238095
Male,Yes,3.0,Graduate,,3167,5063,98,180.0,1.0,Rural,N,8230,83.13131313131314,83.9795918367347
Male,,0.0,Not Graduate,Yes,4166,3440,150,84.0,0.0,Urban,N,7606,50.37086092715232,50.70666666666666
Female,No,1.0,Graduate,,12000,6250,109,,1.0,Urban,N,18250,165.9090909090909,167.43119266055047
,Yes,3.0,Not Graduate,,2178,2083,290,300.0,,Rural,Y,4261,14.642611683848797,14.693103448275862
Male,Yes,,Not Graduate,No,10000,754,182,240.0,1.0,Urban,Y,10754,58.76502732240437,59.08791208791209
Female,,2.0,Not Graduate,No,3666,1030,315,360.0,1.0,Semiurban,Y,4696,14.860759493670884,14.907936507936508
Female,,1.0,Graduate,No,13650,2383,90,360.0,0.0,Urban,N,16033,176.1868131868132,178.14444444444445
,No,3.0,Not Graduate,,150,4300,131,120.0,,Semiurban,N,4450,33.71212121212121,33.969465648854964
Female,No,1.0,Graduate,No,24763,3440,285,300.0,,Urban,N,28203,98.6118881118881,98.9578947368421
,Yes,0.0,Not Graduate,Yes,7100,1500,495,,,Semiurban,Y,8600,17.338709677419356,17.373737373737374
,No,2.0,Not Graduate,Yes,2132,2791,267,240.0,0.0,Rural,N,4923,18.369402985074625,18.43820224719101
,No,0.0,Graduate,No,8333,1640,110,360.0,,Urban,N,9973,89.84684684684684,90.66363636363636
Male,Yes,0.0,Not Graduate,Yes,9323,5701,187,240.0,0.0,Urban,N,15024,79.91489361702128,80.34224598930481
Female,,0.0,Not Graduate,No,5000,2383,30,120.0,0.0,Rural,N,7383,238.16129032258064,246.1
Male,No,0.0,Not Graduate,Yes,7200,800,180,,,Urban,Y,8000,44.19889502762431,44.44444444444444
Female,Yes,2.0,Graduate,,3083,5250,370,240.0,0.0,Semiurban,N,8333,22.46091644204852,22.521621621621623
Female,Yes,2.0,Graduate,Yes,8666,4167,140,60.0,0.0,Urban,Y,12833,91.01418439716312,91.66428571428571
Female,Yes,2.0,Not Graduate,No,7451,2000,99,120.0,,Urban,Y,9451,94.51,95.46464646464646
,Yes,0.0,Not Graduate,Yes,8000,1929,96,120.0,,Urban,Y,9929,102.36082474226804,103.42708333333333
Female,Yes,0.0,Graduate,,2132,754,141,60.0,1.0,Semiurban,N,2886,20.323943661971832,20.46808510638298
,Yes,1.0,Not Graduate,,3366,2142,320,480.0,1.0,Semiurban,N,5508,17.1588785046729,17.2125
Female,Yes,1.0,Not Graduate,Yes,5786,2250,330,300.0,1.0,Semiurban,Y,8036,24.27794561933535,24.35151515151515
Female,,2.0,Not Graduate,Yes,2666,4750,180,240.0,0.0,Urban,Y,7416,40.97237569060773,41.2
Female,Yes,1.0,Graduate,No,3846,2142,47,360.0,1.0,Urban,N,5988,124.75,127.40425531914893
Male,,2.0,Graduate,Yes,1625,5063,315,300.0,,Urban,N,6688,21.16455696202532,21.23174603174603
,No,0.0,Graduate,No,5417,4486,128,120.0,,Semiurban,Y,9903,76.76744186046511,77.3671875
Male,,0.0,Not Graduate,Yes,4166,1516,83,180.0,1.0,Urban,N,5682,67.64285714285714,68.4578313253012
,No,3.0,Not Graduate,Yes,1625,3500,99,180.0,0.0,Rural,N,5125,51.25,51.76767676767677
Female,Yes,3.0,Graduate,,20166,4196,122,60.0,0.0,Urban,Y,24362,198.0650406504065,199.68852459016392
Female,Yes,2.0,Not Graduate,,1977,3440,320,,1.0,Urban,Y,5417,16.87538940809969,16.928125
,Yes,2.0,Graduate,Yes,3750,2416,320,300.0,0.0,Rural,N,6166,19.20872274143302,19.26875
,No,3.0,Graduate,No,2718,5266,350,120.0,0.0,Rural,N,7984,22.746438746438745,22.81142857142857
,,,Graduate,,5000,1666,137,480.0,1.0,Urban,Y,6666,48.30434782608695,48.65693430656934
Female,,1.0,Not Graduate,Yes,2600,3806,267,60.0,1.0,Rural,N,6406,23.902985074626866,23.99250936329588
,Yes,3.0,Not Graduate,No,12000,5250,88,84.0,,Rural,N,17250,193.8202247191012,196.02272727272728
Female,No,1.0,Not Graduate,No,2400,7750,47,60.0,,Rural,N,10150,211.4583333333333,215.95744680851064
Male,No,,Not Graduate,,5500,2853,122,240.0,,Rural,N,8353,67.91056910569105,68.4672131147541
Female,Yes,1.0,Graduate,Yes,3366,2583,80,,,Semiurban,N,5949,73.44444444444444,74.3625
Male,,,Not Graduate,Yes,8333,2142,187,120.0,1.0,Rural,N,10475,55.71808510638298,56.01604278074866
Female,,1.0,Graduate,No,1977,1843,155,,0.0,Urban,N,3820,24.487179487179485,24.64516129032258
,Yes,1.0,Not Graduate,Yes,20166,3263,200,360.0,0.0,Semiurban,N,23429,116.56218905472636,117.145
Male,Yes,3.0,Graduate,Yes,5316,3583,72,84.0,0.0,Rural,N,8899,121.9041095890411,123.59722222222223
,Yes,3.0,Not Graduate,,150,830,25,360.0,0.0,Rural,Y,980,37.69230769230769,39.2
,Yes,2.0,Not Graduate,No,2875,500,300,84.0,0.0,Semiurban,N,3375,11.212624584717608,11.25
Female,Yes,2.0,Not Graduate,,3846,1516,349,180.0,,Urban,N,5362,15.32,15.363896848137536
,,2.0,Not Graduate,,2183,3022,312,120.0,0.0,Urban,N,5205,16.629392971246006,16.682692307692307
,Yes,2.0,Graduate,,2237,1843,141,60.0,,Urban,N,4080,28.732394366197184,28.93617021276596
,No,0.0,Not Graduate,No,3500,700,165,480.0,1.0,Urban,N,4200,25.301204819277107,25.454545454545453
Male,Yes,3.0,Not Graduate,Yes,3250,1964,110,360.0,,Urban,N,5214,46.972972972972975,47.4
Female,,3.0,Not Graduate,Yes,3333,4595,125,300.0,0.0,Semiurban,N,7928,62.92063492063492,63.424
Female,No,0.0,Graduate,No,12841,4983,72,240.0,,Semiurban,N,17824,244.16438356164383,247.55555555555554
,No,1.0,Graduate,,3250,4486,152,480.0,0.0,Rural,N,7736,50.56209150326797,50.89473684210526
Female,No,1.0,Graduate,No,2950,736,97,240.0,1.0,Rural,N,3686,37.61224489795919,38.0
,No,3.0,Not Graduate,Yes,3666,985,168,60.0,,Rural,N,4651,27.5207100591716,27.68452380952381
Female,No,,Graduate,Yes,2473,2383,184,,1.0,Urban,Y,4856,26.248648648648647,26.391304347826086
,Yes,1.0,Graduate,Yes,2237,2531,160,300.0,,Urban,N,4768,29.614906832298136,29.8
,No,,Graduate,Yes,2275,2531,495,84.0,1.0,Semiurban,N,4806,9.689516129032258,9.709090909090909
,,3.0,Not Graduate,,1863,4595,315,60.0,,Semiurban,N,6458,20.43670886075949,20.501587301587303
Female,,1.0,Graduate,No,3029,4417,141,60.0,1.0,Semiurban,N,7446,52.436619718309856,52.808510638297875
Female,No,,Graduate,,2395,3440,285,120.0,0.0,Semiurban,N,5835,20.402097902097903,20.473684210526315
Female,Yes,3.0,Graduate,No,4843,1640,109,240.0,0.0,Rural,N,6483,58.93636363636364,59.477064220183486
,No,,Graduate,,2301,900,66,300.0,0.0,Urban,N,3201,47.776119402985074,48.5
Female,Yes,3.0,Graduate,No,2383,2791,600,84.0,,Urban,N,5174,8.608985024958402,8.623333333333333
Male,No,3.0,Not Graduate,,12000,700,370,480.0,,Semiurban,N,12700,34.23180592991914,34.32432432432432
Male,Yes,2.0,Not Graduate,No,2473,3500,285,120.0,1.0,Rural,Y,5973,20.884615384615383,20.957894736842107
,,2.0,Not Graduate,,2266,1330,320,120.0,,Semiurban,Y,3596,11.202492211838006,11.2375
Female,No,3.0,Graduate,Yes,12000,2416,208,360.0,0.0,Rural,N,14416,68.97607655502392,69.3076923076923
Female,,3.0,Not Graduate,Yes,2799,3600,141,120.0,1.0,Rural,N,6399,45.063380281690144,45.38297872340426
,Yes,3.0,Graduate,,5417,2083,192,300.0,,Semiurban,N,7500,38.86010362694301,39.0625
Female,,0.0,Graduate,Yes,3073,1929,154,,1.0,Urban,N,5002,32.270967741935486,32.48051948051948
Female,Yes,3.0,Graduate,Yes,2833,3583,154,60.0,1.0,Rural,N,6416,41.39354838709677,41.66233766233766
Female,,0.0,Graduate,Yes,3250,1451,81,60.0,1.0,Rural,Y,4701,57.329268292682926,58.03703703703704
Male,Yes,1.0,Not Graduate,Yes,6747,6250,90,180.0,1.0,Semiurban,Y,12997,142.82417582417582,144.4111111111111
Male,No,,Not Graduate,Yes,6080,1300,76,84.0,1.0,Urban,N,7380,95.84415584415584,97.10526315789474
,Yes,3.0,Not Graduate,,1625,985,99,300.0,1.0,Rural,N,2610,26.1,26.363636363636363
Male,Yes,2.0,Graduate,Yes,2183,5750,184,240.0,0.0,Rural,N,7933,42.88108108108108,43.11413043478261
Female,No,1.0,Not Graduate,Yes,1800,1800,285,84.0,1.0,Rural,Y,3600,12.587412587412588,12.631578947368421
Female,No,2.0,Graduate,,3625,5266,118,,0.0,Rural,Y,8891,74.71428571428571,75.34745762711864
Male,,,Not Graduate,,6747,4300,25,300.0,1.0,Urban,Y,11047,424.88461538461536,441.88
Male,Yes,1.0,Graduate,Yes,2500,1330,83,120.0,,Semiurban,N,3830,45.595238095238095,46.144578313253014
Female,,2.0,Graduate,No,3500,4750,70,,,Semiurban,N,8250,116.19718309859157,117.85714285714286
Male,,1.0,Not Graduate,,2439,5701,120,84.0,,Semiurban,N,8140,67.27272727272727,67.83333333333333
,Yes,1.0,Graduate,No,2400,4000,175,,,Urban,N,6400,36.36363636363637,36.57142857142857
Male,No,3.0,Not Graduate,No,2666,754,201,60.0,,Rural,N,3420,16.93069306930693,17.01492537313433
,,2.0,Not Graduate,No,2275,2531,300,480.0,0.0,Rural,N,4806,15.966777408637874,16.02
Female,,2.0,Graduate,,1928,3583,114,,0.0,Semiurban,N,5511,47.92173913043478,48.3421052631579
Female,Yes,2.0,Graduate,Yes,1625,4196,44,300.0,0.0,Semiurban,N,5821,129.35555555555555,132.29545454545453
Female,,1.0,Not Graduate,Yes,5316,3369,267,480.0,1.0,Urban,N,8685,32.406716417910445,32.52808988764045
,No,0.0,Graduate,Yes,2600,2900,240,,1.0,Semiurban,N,5500,22.82157676348548,22.916666666666668
Female,Yes,,Graduate,No,2301,1451,88,180.0,0.0,Rural,N,3752,42.15730337078652,42.63636363636363
Male,No,2.0,Graduate,No,5042,2045,182,60.0,0.0,Rural,N,7087,38.72677595628415,38.93956043956044
Male,,1.0,Not Graduate,,3073,3806,165,120.0,,Rural,N,6879,41.43975903614458,41.69090909090909
,,0.0,Graduate,Yes,4950,5750,133,240.0,,Urban,N,10700,79.85074626865672,80.45112781954887
Female,Yes,3.0,Not Graduate,Yes,2132,736,210,240.0,,Urban,N,2868,13.592417061611377,13.657142857142857
,,1.0,Graduate,Yes,5500,7210,175,60.0,1.0,Rural,Y,12710,72.2159090909091,72.62857142857143
Female,No,1.0,Graduate,Yes,3846,4750,158,480.0,1.0,Urban,N,8596,54.06289308176101,54.40506329113924
Male,No,2.0,Not Graduate,,6400,4866,180,300.0,0.0,Rural,Y,11266,62.24309392265194,62.58888888888889
Male,Yes,0.0,Not Graduate,No,9323,1843,154,300.0,,Rural,N,11166,72.03870967741935,72.50649350649351
,No,2.0,Graduate,Yes,3073,3066,141,60.0,0.0,Urban,Y,6139,43.232394366197184,43.53900709219858
Female,No,0.0,Not Graduate,Yes,13650,800,201,84.0,1.0,Rural,N,14450,71.53465346534654,71.8905472636816
Male,No,2.0,Graduate,No,4166,736,187,240.0,0.0,Rural,Y,4902,26.074468085106385,26.21390374331551
Male,Yes,0.0,Not Graduate,,2237,7750,154,84.0,0.0,Rural,N,9987,64.43225806451613,64.85064935064935
,,2.0,Graduate,No,2340,1800,74,480.0,,Urban,N,4140,55.2,55.945945945945944
Male,,1.0,Not Graduate,No,5500,1516,175,360.0,1.0,Urban,N,7016,39.86363636363637,40.09142857142857
Female,Yes,3.0,Graduate,No,5417,900,495,240.0,0.0,Rural,N,6317,12.735887096774194,12.761616161616162
,,0.0,Graduate,Yes,3666,3440,349,180.0,0.0,Semiurban,Y,7106,20.302857142857142,20.361031518624642
Female,Yes,,Not Graduate,No,5417,500,63,480.0,0.0,Urban,N,5917,92.453125,93.92063492063492
Female,No,3.0,Graduate,,4300,2083,600,60.0,0.0,Rural,Y,6383,10.62063227953411,10.638333333333334
,No,,Graduate,No,2479,2531,120,120.0,1.0,Rural,N,5010,41.40495867768595,41.75
Female,No,,Graduate,No,6080,1868,166,60.0,1.0,Semiurban,Y,7948,47.59281437125748,47.87951807228916
Male,No,0.0,Not Graduate,Yes,12841,3440,330,120.0,,Rural,N,16281,49.18731117824773,49.336363636363636
Female,Yes,3.0,Graduate,No,150,3750,115,360.0,1.0,Urban,Y,3900,33.62068965517241,33.91304347826087
,No,2.0,Graduate,Yes,7451,5701,47,300.0,0.0,Rural,N,13152,274.0,279.82978723404256
Male,,2.0,Graduate,Yes,3750,5063,315,120.0,,Rural,N,8813,27.88924050632912,27.977777777777778
Female,Yes,2.0,Graduate,Yes,3000,2900,300,84.0,0.0,Urban,Y,5900,19.601328903654483,19.666666666666668
Female,Yes,2.0,Not Graduate,No,2473,2853,59,,0.0,Urban,N,5326,88.76666666666667,90.27118644067797
,,,Not Graduate,,2301,7750,350,300.0,,Urban,N,10051,28.635327635327634,28.717142857142857
,No,0.0,Not Graduate,,2178,800,154,480.0,,Semiurban,N,2978,19.212903225806453,19.337662337662337
Male,No,1.0,Graduate,,24763,1250,154,240.0,1.0,Semiurban,N,26013,167.8258064516129,168.91558441558442
,Yes,2.0,Graduate,No,3750,736,312,180.0,0.0,Rural,Y,4486,14.332268370607029,14.378205128205128
,No,1.0,Not Graduate,Yes,4300,4167,650,84.0,,Rural,N,8467,13.006144393241168,13.026153846153846
Male,Yes,2.0,Graduate,Yes,2718,4417,201,360.0,0.0,Urban,N,7135,35.32178217821782,35.49751243781095
Female,No,1.0,Graduate,Yes,10513,1964,300,480.0,,Urban,Y,12477,41.451827242524914,41.59
,,,Graduate,No,4000,5250,112,,1.0,Urban,Y,9250,81.85840707964601,82.58928571428571
,,2.0,Graduate,No,5417,4300,184,240.0,0.0,Semiurban,N,9717,52.524324324324326,52.80978260869565
Female,No,0.0,Not Graduate,,2266,3600,137,,0.0,Rural,N,5866,42.5072463768116,42.81751824817518
,No,1.0,Graduate,,2395,0,136,300.0,0.0,Rural,N,2395,17.48175182481752,17.610294117647058
Female,Yes,0.0,Not Graduate,,2833,5654,80,180.0,0.0,Semiurban,Y,8487,104.77777777777776,106.0875
Female,Yes,1.0,Graduate,,12000,2330,320,480.0,0.0,Urban,Y,14330,44.6417445482866,44.78125
Female,Yes,3.0,Not Graduate,Yes,1863,800,154,180.0,,Semiurban,N,2663,17.18064516129032,17.292207792207794
,No,2.0,Not Graduate,,2583,688,44,240.0,1.0,Semiurban,N,3271,72.68888888888888,74.3409090909091
,No,2.0,Graduate,No,1625,1213,140,360.0,0.0,Semiurban,Y,2838,20.127659574468087,20.271428571428572
,Yes,,Not Graduate,Yes,12841,4196,275,240.0,,Urban,Y,17037,61.72826086956522,61.95272727272727
Female,No,1.0,Graduate,Yes,3625,2142,184,84.0,0.0,Urban,N,5767,31.17297297297297,31.342391304347824
Male,No,2.0,Graduate,Yes,2666,688,139,240.0,0.0,Urban,N,3354,23.957142857142856,24.1294964028777
Female,,0.0,Not Graduate,Yes,7100,700,80,60.0,1.0,Urban,N,7800,96.29629629629628,97.5
Female,Yes,0.0,Graduate,Yes,2237,2900,90,360.0,1.0,Urban,N,5137,56.45054945054945,57.077777777777776
Male,No,2.0,Graduate,Yes,13650,2500,124,240.0,1.0,Semiurban,N,16150,129.2,130.24193548387098
,,1.0,Graduate,Yes,2014,5250,201,360.0,0.0,Urban,N,7264,35.960396039603964,36.13930348258707
Male,,1.0,Graduate,No,3250,1083,50,60.0,1.0,Semiurban,N,4333,84.96078431372548,86.66
Female,Yes,3.0,Not Graduate,,7333,2583,175,84.0,1.0,Rural,N,9916,56.34090909090909,56.66285714285714
,No,3.0,Graduate,Yes,2071,4167,93,60.0,1.0,Urban,N,6238,66.36170212765957,67.0752688172043
Female,Yes,1.0,Not Graduate,,2853,983,208,240.0,0.0,Rural,N,3836,18.35406698564593,18.442307692307693
Male,,0.0,Graduate,Yes,1863,3333,133,60.0,1.0,Semiurban,N,5196,38.776119402985074,39.067669172932334
Male,,0.0,Not Graduate,Yes,3200,4750,125,480.0,0.0,Semiurban,N,7950,63.095238095238095,63.6
,No,2.0,Graduate,No,2927,4866,370,84.0,0.0,Semiurban,Y,7793,21.005390835579515,21.062162162162164
Female,No,0.0,Graduate,No,2799,3449,312,60.0,1.0,Urban,Y,6248,19.96166134185304,20.025641025641026
Female,Yes,1.0,Graduate,No,2014,3333,44,480.0,1.0,Rural,N,5347,118.82222222222222,121.52272727272727
,,3.0,Not Graduate,,3600,1451,35,240.0,1.0,Semiurban,N,5051,140.30555555555554,144.31428571428572
Female,,1.0,Graduate,,6250,1250,650,360.0,,Semiurban,N,7500,11.52073732718894,11.538461538461538
Female,,,Not Graduate,,4950,5266,97,300.0,0.0,Urban,N,10216,104.24489795918367,105.31958762886597
Female,No,,Graduate,Yes,2395,2000,600,300.0,,Semiurban,N,4395,7.312811980033278,7.325
Female,No,,Graduate,Yes,2200,1666,308,180.0,1.0,Urban,N,3866,12.511326860841423,12.551948051948052
Female,,,Graduate,Yes,1000,3066,275,300.0,1.0,Semiurban,Y,4066,14.731884057971014,14.785454545454545
,No,3.0,Not Graduate,,5000,1459,125,120.0,0.0,Rural,N,6459,51.26190476190476,51.672
Male,No,2.0,Not Graduate,Yes,6747,1929,158,,1.0,Urban,Y,8676,54.56603773584906,54.91139240506329
,,2.0,Not Graduate,Yes,2275,1843,175,120.0,0.0,Rural,N,4118,23.39772727272728,23.53142857142857
,No,0.0,Graduate,,3073,2083,436,240.0,0.0,Urban,N,5156,11.79862700228833,11.825688073394495
Male,Yes,,Not Graduate,No,5166,4167,255,180.0,1.0,Rural,N,9333,36.45703125,36.6
Female,No,,Graduate,No,8333,754,98,60.0,0.0,Rural,N,9087,91.78787878787878,92.72448979591837
Female,No,0.0,Not Graduate,Yes,2950,3750,137,180.0,0.0,Urban,Y,6700,48.55072463768116,48.90510948905109
,,1.0,Graduate,No,2799,3263,187,240.0,1.0,Semiurban,Y,6062,32.244680851063826,32.41711229946524
,Yes,,Not Graduate,No,2583,800,182,180.0,1.0,Urban,N,3383,18.48633879781421,18.587912087912088
Female,No,3.0,Graduate,No,2708,700,133,120.0,1.0,Rural,N,3408,25.432835820895523,25.62406015037594
Male,No,0.0,Not Graduate,,3073,1213,312,300.0,0.0,Semiurban,N,4286,13.69329073482428,13.737179487179487
,Yes,2.0,Not Graduate,,2060,500,320,300.0,1.0,Rural,N,2560,7.975077881619938,8.0
Male,,3.0,Not Graduate,No,4950,4417,76,300.0,,Urban,N,9367,121.64935064935064,123.25
Male,Yes,3.0,Graduate,,3250,2531,131,180.0,,Semiurban,Y,5781,43.79545454545455,44.12977099236641
,,,Graduate,No,3416,5063,66,,1.0,Semiurban,Y,8479,126.55223880597016,128.46969696969697
Male,,0.0,Graduate,,2708,4000,308,480.0,,Urban,N,6708,21.70873786407767,21.77922077922078
,,2.0,Not Graduate,,7333,2583,88,180.0,0.0,Rural,N,9916,111.41573033707866,112.68181818181819
Male,No,2.0,Graduate,,4843,700,124,360.0,1.0,Urban,Y,5543,44.344,44.70161290322581
Male,No,1.0,Not Graduate,No,11000,3500,67,60.0,0.0,Semiurban,Y,14500,213.23529411764707,216.4179104477612
Female,Yes,0.0,Graduate,,3366,2750,80,84.0,0.0,Semiurban,N,6116,75.50617283950618,76.45
Female,No,3.0,Not Graduate,,10513,3583,187,180.0,0.0,Urban,N,14096,74.97872340425532,75.37967914438502
Female,,,Graduate,Yes,2000,5750,350,120.0,0.0,Urban,Y,7750,22.07977207977208,22.142857142857142
Male,,3.0,Graduate,,2799,3806,187,240.0,0.0,Semiurban,N,6605,35.13297872340426,35.32085561497326
Male,Yes,0.0,Graduate,Yes,2340,2667,225,84.0,0.0,Semiurban,N,5007,22.154867256637168,22.253333333333334
Male,,1.0,Not Graduate,Yes,2178,4300,255,240.0,,Rural,N,6478,25.3046875,25.40392156862745
Female,Yes,2.0,Not Graduate,No,3167,4866,93,60.0,,Urban,Y,8033,85.45744680851064,86.3763440860215
Male,No,,Not Graduate,Yes,3416,3449,490,84.0,0.0,Semiurban,N,6865,13.981670061099797,14.010204081632653
Male,,2.0,Not Graduate,Yes,2383,4750,50,300.0,1.0,Semiurban,N,7133,139.86274509803923,142.66
Female,Yes,1.0,Graduate,,2000,7210,110,480.0,0.0,Rural,Y,9210,82.97297297297297,83.72727272727273
Male,Yes,3.0,Not Graduate,No,11000,3167,176,84.0,1.0,Urban,N,14167,80.03954802259886,80.49431818181819
Female,Yes,2.0,Not Graduate,,6400,4486,225,480.0,0.0,Semiurban,Y,10886,48.16814159292036,48.382222222222225
Male,No,0.0,Not Graduate,No,1800,4300,140,360.0,0.0,Semiurban,Y,6100,43.26241134751773,43.57142857142857
Male,Yes,0.0,Graduate,,2483,6000,267,480.0,0.0,Urban,N,8483,31.652985074626866,31.771535580524343
,,1.0,Not Graduate,No,2383,3440,136,240.0,0.0,Urban,Y,5823,42.503649635036496,42.81617647058823
Male,Yes,2.0,Not Graduate,,9323,1666,141,300.0,,Semiurban,Y,10989,77.38732394366197,77.93617021276596
Male,Yes,3.0,Not Graduate,,2666,5750,93,480.0,,Urban,N,8416,89.53191489361703,90.49462365591398
Female,,,Graduate,,8666,5250,109,360.0,0.0,Rural,N,13916,126.50909090909092,127.6697247706422
Male,No,,Not Graduate,No,8000,1451,30,180.0,,Urban,N,9451,304.8709677419355,315.03333333333336
Male,No,3.0,Not Graduate,,2479,2383,67,360.0,0.0,Semiurban,N,4862,71.5,72.56716417910448
Male,Yes,2.0,Not Graduate,,2473,1500,67,120.0,0.0,Semiurban,Y,3973,58.4264705882353,59.298507462686565
,No,,Graduate,Yes,12000,985,150,240.0,1.0,Rural,Y,12985,85.99337748344371,86.56666666666666
Male,No,1.0,Not Graduate,No,12841,3750,175,360.0,0.0,Semiurban,N,16591,94.26704545454544,94.80571428571429
,No,,Graduate,No,7100,1590,349,,,Semiurban,Y,8690,24.82857142857143,24.89971346704871
Female,No,,Not Graduate,,2708,4486,160,360.0,0.0,Rural,Y,7194,44.6832298136646,44.9625
Female,Yes,,Not Graduate,No,3846,3806,70,360.0,1.0,Semiurban,N,7652,107.77464788732394,109.31428571428572
Female,,1.0,Graduate,No,3500,0,109,120.0,0.0,Urban,N,3500,31.818181818181817,32.11009174311926
,Yes,0.0,Not Graduate,No,2645,2667,125,120.0,0.0,Urban,Y,5312,42.15873015873016,42.496
Female,,1.0,Not Graduate,,4583,1666,110,360.0,,Semiurban,N,6249,56.2972972972973,56.80909090909091
Female,,1.0,Graduate,,5266,2791,300,84.0,0.0,Semiurban,N,8057,26.76744186046512,26.856666666666666
,Yes,0.0,Graduate,,2237,1929,349,60.0,,Urban,Y,4166,11.902857142857142,11.936962750716333
Female,,2.0,Graduate,,2333,900,112,120.0,,Semiurban,N,3233,28.61061946902655,28.866071428571427
Female,,3.0,Graduate,Yes,3522,5063,47,300.0,,Semiurban,N,8585,178.85416666666666,182.6595744680851
Male,No,1.0,Not Graduate,,8666,1929,100,,0.0,Semiurban,N,10595,104.9009900990099,105.95
Female,Yes,1.0,Not Graduate,Yes,2266,3167,66,84.0,1.0,Semiurban,Y,5433,81.08955223880596,82.31818181818181
Female,Yes,3.0,Graduate,,3800,1666,376,180.0,0.0,Urban,Y,5466,14.49867374005305,14.537234042553191
Female,No,1.0,Graduate,No,7451,900,58,480.0,1.0,Semiurban,Y,8351,141.54237288135593,143.98275862068965
Male,Yes,3.0,Graduate,Yes,3073,3167,141,480.0,0.0,Rural,N,6240,43.94366197183098,44.255319148936174
Female,,,Not Graduate,No,3600,2383,115,120.0,0.0,Semiurban,N,5983,51.57758620689656,52.02608695652174
Female,Yes,1.0,Not Graduate,No,4000,4417,70,360.0,0.0,Rural,N,8417,118.54929577464787,120.24285714285715
Male,,,Graduate,Yes,3416,3022,63,60.0,1.0,Rural,Y,6438,100.59375,102.19047619047619
,No,1.0,Not Graduate,No,2301,3263,136,120.0,,Urban,Y,5564,40.613138686131386,40.911764705882355
Male,Yes,,Graduate,Yes,15000,4167,59,180.0,,Urban,Y,19167,319.45,324.864406779661
Female,Yes,0.0,Not Graduate,No,3189,3600,30,,,Urban,N,6789,219.0,226.3
Female,,0.0,Graduate,,1977,3263,80,60.0,,Semiurban,Y,5240,64.69135802469135,65.5
,Yes,3.0,Not Graduate,No,2645,2900,94,360.0,0.0,Rural,Y,5545,58.36842105263158,58.98936170212766
Male,,1.0,Not Graduate,No,9323,2330,104,120.0,0.0,Rural,N,11653,110.98095238095236,112.04807692307692
,No,1.0,Graduate,No,5417,3333,158,180.0,1.0,Urban,N,8750,55.0314465408805,55.379746835443036
,No,,Not Graduate,,8000,754,176,84.0,0.0,Semiurban,N,8754,49.45762711864407,49.73863636363637
Male,No,3.0,Not Graduate,No,2473,4486,308,,0.0,Urban,Y,6959,22.521035598705502,22.594155844155843
Male,Yes,1.0,Graduate,Yes,10513,6250,118,84.0,1.0,Rural,N,16763,140.8655462184874,142.0593220338983
Female,,3.0,Graduate,Yes,2200,2500,158,180.0,,Urban,N,4700,29.55974842767296,29.746835443037973
Male,Yes,1.0,Graduate,No,3029,985,76,360.0,0.0,Urban,Y,4014,52.12987012987013,52.81578947368421
Female,No,2.0,Not Graduate,Yes,6080,6000,25,180.0,0.0,Semiurban,N,12080,464.61538461538464,483.2
Female,,1.0,Graduate,Yes,8333,6250,200,480.0,,Urban,N,14583,72.55223880597015,72.915
Female,,0.0,Not Graduate,Yes,3073,5063,200,300.0,,Rural,N,8136,40.47761194029851,40.68
Female,Yes,1.0,Graduate,,13650,5063,81,180.0,1.0,Rural,N,18713,228.2073170731708,231.02469135802468
Female,No,3.0,Not Graduate,No,3625,3750,118,84.0,,Rural,N,7375,61.97478991596638,62.5
,,3.0,Graduate,No,5000,1459,137,60.0,1.0,Rural,N,6459,46.80434782608695,47.14598540145985
Female,,2.0,Graduate,Yes,2833,2750,300,360.0,0.0,Semiurban,N,5583,18.548172757475083,18.61
Female,No,0.0,Graduate,,2950,1030,137,480.0,,Semiurban,N,3980,28.84057971014493,29.05109489051095
,Yes,,Not Graduate,,2473,2531,166,240.0,,Urban,N,5004,29.964071856287426,30.14457831325301
Male,No,1.0,Not Graduate,,3846,2330,115,84.0,1.0,Urban,N,6176,53.241379310344826,53.70434782608696
Male,Yes,1.0,Graduate,,6400,688,125,240.0,0.0,Urban,Y,7088,56.25396825396825,56.704
Male,,,Graduate,No,5417,6000,312,480.0,,Semiurban,Y,11417,36.47603833865815,36.592948717948715
,,2.0,Not Graduate,No,3200,3263,200,360.0,,Urban,Y,6463,32.15422885572139,32.315
Female,Yes,2.0,Graduate,,3250,1666,275,360.0,0.0,Rural,N,4916,17.81159420289855,17.876363636363635
Male,No,1.0,Not Graduate,No,4166,2853,116,360.0,0.0,Semiurban,N,7019,59.99145299145299,60.508620689655174
,,0.0,Graduate,No,2132,830,308,300.0,0.0,Urban,N,2962,9.585760517799352,9.616883116883116
Male,No,1.0,Not Graduate,No,24763,3022,210,180.0,1.0,Urban,N,27785,131.6824644549763,132.3095238095238
,Yes,3.0,Not Graduate,No,1000,3333,125,300.0,1.0,Semiurban,N,4333,34.388888888888886,34.664
Male,Yes,,Not Graduate,,2645,2250,112,120.0,1.0,Urban,N,4895,43.31858407079646,43.705357142857146
Female,No,0.0,Not Graduate,No,2147,6000,192,60.0,,Urban,Y,8147,42.21243523316062,42.432291666666664
Male,Yes,0.0,Graduate,Yes,2718,1083,176,480.0,0.0,Urban,N,3801,21.47457627118644,21.59659090909091
,,2.0,Not Graduate,No,4583,2045,83,84.0,0.0,Rural,N,6628,78.9047619047619,79.855421686747
,No,3.0,Not Graduate,No,2395,1213,118,240.0,0.0,Semiurban,N,3608,30.31932773109244,30.576271186440678
Female,,2.0,Not Graduate,Yes,3416,4866,17,480.0,,Semiurban,N,8282,460.1111111111111,487.1764705882353
Female,No,1.0,Graduate,No,3052,700,113,300.0,,Semiurban,N,3752,32.91228070175438,33.203539823008846
Female,No,3.0,Graduate,No,4843,4300,495,480.0,0.0,Urban,N,9143,18.433467741935484,18.47070707070707
Female,No,1.0,Not Graduate,No,2383,0,141,60.0,1.0,Urban,N,2383,16.781690140845072,16.900709219858157
Male,No,1.0,Graduate,Yes,1625,1300,139,60.0,,Urban,N,2925,20.892857142857142,21.0431654676259
Female,Yes,1.0,Not Graduate,,2183,5701,104,300.0,1.0,Rural,Y,7884,75.08571428571429,75.8076923076923
,Yes,2.0,Not Graduate,No,2833,3333,255,360.0,,Rural,Y,6166,24.0859375,24.180392156862744
Female,No,2.0,Graduate,,3052,4750,100,300.0,0.0,Rural,N,7802,77.24752475247524,78.02
,No,,Not Graduate,No,3333,830,97,60.0,1.0,Rural,Y,4163,42.47959183673469,42.91752577319588
Male,Yes,3.0,Graduate,No,4583,1590,98,120.0,1.0,Rural,N,6173,62.35353535353536,62.98979591836735
,No,0.0,Not Graduate,No,2333,1516,255,60.0,,Semiurban,N,3849,15.03515625,15.094117647058823
Male,Yes,2.0,Graduate,Yes,2060,2045,490,60.0,0.0,Semiurban,N,4105,8.360488798370673,8.377551020408163
Female,No,2.0,Not Graduate,Yes,2266,3022,182,120.0,1.0,Rural,N,5288,28.896174863387976,29.054945054945055
,Yes,3.0,Graduate,No,2875,4486,125,360.0,,Semiurban,N,7361,58.42063492063492,58.888
,Yes,1.0,Graduate,,2600,4983,228,180.0,1.0,Urban,Y,7583,33.11353711790393,33.25877192982456
Male,Yes,,Not Graduate,Yes,24763,2750,158,84.0,,Urban,N,27513,173.03773584905662,174.13291139240508
Female,,3.0,Not Graduate,Yes,2708,3600,155,,,Urban,N,6308,40.43589743589744,40.696774193548386
Male,,1.0,Not Graduate,No,5786,1640,99,180.0,1.0,Urban,Y,7426,74.26,75.01010101010101
Male,Yes,1.0,Graduate,,2275,3440,225,360.0,0.0,Semiurban,N,5715,25.287610619469028,25.4
Female,,2.0,Not Graduate,,7200,2133,200,240.0,,Semiurban,Y,9333,46.43283582089552,46.665
Male,,1.0,Not Graduate,Yes,2583,1868,330,360.0,,Semiurban,N,4451,13.44712990936556,13.487878787878788
Male,,0.0,Not Graduate,No,10513,3750,180,240.0,1.0,Rural,N,14263,78.8011049723757,79.2388888888889
Female,No,1.0,Not Graduate,Yes,2266,1330,76,120.0,,Rural,N,3596,46.701298701298704,47.31578947368421
,No,,Graduate,Yes,3750,1300,144,480.0,1.0,Urban,N,5050,34.827586206896555,35.06944444444444
Male,No,2.0,Not Graduate,,7451,2133,59,,0.0,Rural,N,9584,159.73333333333332,162.4406779661017
Female,No,,Not Graduate,Yes,7333,4866,376,480.0,,Rural,N,12199,32.3580901856764,32.444148936170215
,Yes,3.0,Graduate,No,2395,2083,113,240.0,0.0,Urban,N,4478,39.280701754385966,39.6283185840708
Female,Yes,3.0,Graduate,No,1863,2330,137,360.0,1.0,Rural,N,4193,30.38405797101449,30.605839416058394
,No,2.0,Not Graduate,Yes,8000,2383,30,300.0,0.0,Urban,N,10383,334.93548387096774,346.1
Male,,3.0,Not Graduate,Yes,2927,1030,208,,,Rural,N,3957,18.933014354066987,19.02403846153846
,No,3.0,Graduate,Yes,3500,5654,290,120.0,0.0,Semiurban,N,9154,31.45704467353952,31.56551724137931
Female,No,,Graduate,No,2500,2900,136,,1.0,Semiurban,N,5400,39.416058394160586,39.705882352941174
Female,Yes,2.0,Graduate,,3846,3167,165,240.0,0.0,Urban,N,7013,42.24698795180723,42.5030303030303
Male,Yes,2.0,Graduate,No,1800,6250,200,180.0,1.0,Semiurban,N,8050,40.049751243781095,40.25
,Yes,0.0,Not Graduate,Yes,3846,983,128,84.0,1.0,Rural,N,4829,37.43410852713178,37.7265625
Male,,1.0,Graduate,,3052,1300,255,240.0,,Rural,N,4352,17.0,17.066666666666666
,,,Not Graduate,Yes,2014,985,700,60.0,1.0,Rural,N,2999,4.278174037089872,4.284285714285715
Female,Yes,1.0,Graduate,Yes,6080,3440,47,,1.0,Urban,N,9520,198.3333333333333,202.5531914893617
Male,,3.0,Not Graduate,No,3029,1300,113,180.0,0.0,Urban,Y,4329,37.97368421052632,38.309734513274336
Male,,3.0,Graduate,No,8000,5654,160,,1.0,Urban,Y,13654,84.80745341614907,85.3375
Female,,2.0,Graduate,,3167,1300,600,,0.0,Urban,N,4467,7.43261231281198,7.445
,,0.0,Graduate,,3083,2583,139,240.0,0.0,Rural,N,5666,40.47142857142857,40.76258992805755
Female,Yes,2.0,Graduate,,1625,1083,490,120.0,0.0,Urban,Y,2708,5.515274949083503,5.526530612244898
Male,,3.0,Not Graduate,Yes,10513,3066,166,84.0,0.0,Rural,N,13579,81.31137724550898,81.8012048192771
Female,No,0.0,Graduate,,3073,0,370,84.0,0.0,Urban,N,3073,8.283018867924529,8.305405405405406
Male,,2.0,Graduate,No,4583,2045,113,300.0,1.0,Urban,N,6628,58.14035087719298,58.65486725663717
Male,Yes,0.0,Not Graduate,Yes,5042,4983,650,240.0,1.0,Urban,N,10025,15.399385560675883,15.423076923076923
,Yes,0.0,Not Graduate,,2060,6000,436,120.0,,Semiurban,Y,8060,18.443935926773456,18.486238532110093
Male,,3.0,Graduate,No,1800,1500,66,,0.0,Rural,N,3300,49.25373134328358,50.0
,Yes,2.0,Graduate,,2266,1300,72,240.0,,Rural,N,3566,48.84931506849315,49.52777777777778
Female,Yes,,Not Graduate,No,150,3600,63,,1.0,Rural,N,3750,58.59375,59.523809523809526
,Yes,0.0,Graduate,Yes,6250,2900,700,120.0,0.0,Semiurban,Y,9150,13.052781740370898,13.071428571428571
Male,,0.0,Not Graduate,No,2301,5701,330,480.0,1.0,Urban,N,8002,24.17522658610272,24.24848484848485
Male,Yes,3.0,Not Graduate,Yes,2645,900,184,,1.0,Semiurban,Y,3545,19.16216216216216,19.266304347826086
,,0.0,Graduate,Yes,3167,2142,210,84.0,,Rural,N,5309,25.16113744075829,25.28095238095238
Male,No,2.0,Graduate,No,3500,800,650,240.0,,Semiurban,N,4300,6.605222734254992,6.615384615384615
Female,No,,Graduate,Yes,2927,4750,113,300.0,,Semiurban,Y,7677,67.34210526315789,67.93805309734513
Female,Yes,,Not Graduate,,2483,2583,94,84.0,0.0,Semiurban,N,5066,53.32631578947368,53.8936170212766
Male,Yes,1.0,Not Graduate,,4300,4300,300,84.0,,Semiurban,N,8600,28.571428571428573,28.666666666666668
Female,Yes,1.0,Not Graduate,Yes,2950,2045,81,120.0,1.0,Rural,Y,4995,60.91463414634146,61.666666666666664
Female,Yes,0.0,Not Graduate,Yes,4000,4983,180,360.0,0.0,Rural,Y,8983,49.629834254143645,49.90555555555556
Female,No,3.0,Not Graduate,,2718,5750,150,,1.0,Semiurban,N,8468,56.07947019867549,56.45333333333333
Female,Yes,0.0,Graduate,No,2483,1590,308,60.0,1.0,Urban,N,4073,13.181229773462784,13.224025974025974
Female,Yes,,Graduate,Yes,3600,1929,350,360.0,,Urban,N,5529,15.752136752136751,15.797142857142857
Male,No,3.0,Graduate,,2266,2853,490,480.0,1.0,Urban,Y,5119,10.425661914460283,10.446938775510205
Female,No,,Graduate,Yes,15000,1030,144,,,Urban,N,16030,110.55172413793105,111.31944444444444
Male,Yes,1.0,Not Graduate,No,2718,3022,66,84.0,0.0,Rural,N,5740,85.67164179104478,86.96969696969697
Male,Yes,0.0,Graduate,No,5786,500,80,240.0,,Urban,N,6286,77.60493827160494,78.575
Male,No,,Graduate,Yes,5786,1964,349,,0.0,Urban,N,7750,22.142857142857142,22.206303724928368
Male,,3.0,Not Graduate,,2853,2330,180,84.0,1.0,Rural,N,5183,28.63535911602209,28.794444444444444
Male,No,,Not Graduate,Yes,4166,2330,187,120.0,1.0,Rural,N,6496,34.5531914893617,34.7379679144385
,No,,Graduate,No,2666,2133,113,,,Semiurban,N,4799,42.09649122807018,42.469026548672566
Female,Yes,,Graduate,Yes,3167,2330,180,84.0,1.0,Rural,Y,5497,30.370165745856355,30.538888888888888
Male,,,Not Graduate,,4843,5750,67,240.0,0.0,Urban,N,10593,155.77941176470588,158.1044776119403
Male,No,,Graduate,No,3846,2416,112,360.0,0.0,Rural,N,6262,55.41592920353983,55.910714285714285
Female,,2.0,Graduate,,5500,4750,128,180.0,0.0,Rural,N,10250,79.45736434108527,80.078125
Female,,3.0,Not Graduate,Yes,1000,2142,90,360.0,0.0,Semiurban,N,3142,34.527472527472526,34.91111111111111
Female,No,1.0,Not Graduate,,2400,3806,184,84.0,1.0,Rural,N,6206,33.545945945945945,33.72826086956522
Male,,2.0,Graduate,,15000,500,17,,0.0,Semiurban,Y,15500,861.1111111111111,911.7647058823529
,Yes,,Graduate,,7200,2900,109,120.0,0.0,Rural,N,10100,91.8181818181818,92.66055045871559
Female,,0.0,Not Graduate,Yes,1928,4167,370,180.0,,Urban,Y,6095,16.428571428571427,16.472972972972972
Female,,0.0,Graduate,Yes,1625,5063,139,300.0,0.0,Rural,N,6688,47.77142857142857,48.115107913669064
Male,,1.0,Graduate,No,2439,1330,200,180.0,0.0,Rural,N,3769,18.751243781094526,18.845
,No,2.0,Not Graduate,Yes,2439,4486,72,60.0,,Semiurban,N,6925,94.86301369863014,96.18055555555556
Female,No,2.0,Graduate,No,3666,830,47,60.0,,Urban,N,4496,93.66666666666669,95.65957446808511
Female,No,1.0,Graduate,,3416,1213,192,,1.0,Urban,N,4629,23.984455958549223,24.109375
Female,,2.0,Not Graduate,Yes,2060,1250,120,240.0,0.0,Rural,Y,3310,27.355371900826448,27.583333333333332
,Yes,1.0,Graduate,No,2479,3066,124,480.0,,Rural,Y,5545,44.36,44.71774193548387
Female,,3.0,Not Graduate,No,2301,5063,158,60.0,,Semiurban,N,7364,46.31446540880504,46.607594936708864
Female,,1.0,Not Graduate,,3366,2000,74,84.0,1.0,Urban,Y,5366,71.54666666666667,72.51351351351352
,Yes,3.0,Not Graduate,Yes,3522,1459,495,,1.0,Urban,Y,4981,10.04233870967742,10.062626262626262
,,2.0,Not Graduate,No,4843,4417,240,,1.0,Semiurban,N,9260,38.42323651452282,38.583333333333336
Female,No,3.0,Not Graduate,Yes,5786,3806,70,480.0,,Urban,Y,9592,135.09859154929578,137.02857142857144
Female,No,1.0,Graduate,,1977,4983,228,480.0,1.0,Semiurban,Y,6960,30.393013100436683,30.526315789473685
Male,No,0.0,Graduate,,2483,2531,240,60.0,,Urban,Y,5014,20.80497925311204,20.891666666666666
,No,,Graduate,,4000,7210,58,240.0,,Rural,N,11210,190.0,193.27586206896552
,No,1.0,Not Graduate,No,4843,2750,312,300.0,,Semiurban,Y,7593,24.25878594249201,24.33653846153846
,Yes,,Not Graduate,No,3052,2000,228,60.0,,Rural,N,5052,22.06113537117904,22.157894736842106
Male,,3.0,Graduate,No,13650,985,63,60.0,,Rural,N,14635,228.671875,232.3015873015873
Female,,0.0,Not Graduate,No,2875,2531,112,300.0,1.0,Semiurban,N,5406,47.84070796460177,48.267857142857146
,No,1.0,Graduate,,5166,4417,228,60.0,0.0,Urban,N,9583,41.8471615720524,42.030701754385966
Male,Yes,3.0,Graduate,,24763,3750,59,120.0,0.0,Semiurban,N,28513,475.2166666666666,483.271186440678
Male,No,2.0,Graduate,,3366,4595,81,240.0,,Urban,N,7961,97.08536585365852,98.28395061728395
,No,2.0,Graduate,No,5166,736,76,360.0,,Rural,N,5902,76.64935064935065,77.65789473684211
Female,No,1.0,Graduate,No,2383,3333,95,,0.0,Rural,Y,5716,59.54166666666666,60.16842105263158
Male,,2.0,Not Graduate,No,9323,985,158,480.0,,Urban,N,10308,64.83018867924528,65.24050632911393
Female,Yes,2.0,Graduate,No,2491,2083,137,84.0,,Semiurban,N,4574,33.14492753623188,33.386861313868614
Male,Yes,3.0,Not Graduate,,3189,736,200,240.0,0.0,Semiurban,N,3925,19.5273631840796,19.625
Male,No,,Not Graduate,Yes,2577,1500,350,120.0,1.0,Semiurban,N,4077,11.615384615384617,11.648571428571428
Male,No,3.0,Graduate,Yes,7100,6250,370,360.0,0.0,Rural,N,13350,35.98382749326146,36.08108108108108
Female,No,3.0,Not Graduate,No,6250,2330,137,60.0,,Semiurban,N,8580,62.17391304347826,62.627737226277375
,,0.0,Not Graduate,Yes,3073,1590,63,360.0,1.0,Urban,Y,4663,72.859375,74.01587301587301
Female,Yes,0.0,Not Graduate,,3250,1459,290,180.0,1.0,Urban,N,4709,16.18213058419244,16.23793103448276
Male,No,1.0,Not Graduate,,2147,0,115,240.0,,Urban,N,2147,18.50862068965517,18.669565217391305
Male,No,0.0,Graduate,No,3800,3167,59,60.0,1.0,Urban,N,6967,116.11666666666666,118.08474576271186
,,,Not Graduate,,2479,2531,176,120.0,0.0,Rural,N,5010,28.30508474576272,28.46590909090909
Female,Yes,1.0,Graduate,No,4583,2853,137,,1.0,Urban,N,7436,53.88405797101449,54.277372262773724
,Yes,2.0,Not Graduate,,5417,2500,95,,,Urban,N,7917,82.46875,83.33684210526316
,,2.0,Not Graduate,Yes,5166,4983,139,60.0,,Urban,N,10149,72.49285714285715,73.01438848920863
Male,No,3.0,Graduate,Yes,5667,1213,315,120.0,0.0,Semiurban,N,6880,21.772151898734176,21.841269841269842
Male,,3.0,Graduate,Yes,3625,2083,104,120.0,,Urban,N,5708,54.36190476190476,54.88461538461539
Male,No,1.0,Not Graduate,Yes,2071,6000,376,180.0,0.0,Urban,N,8071,21.40848806366048,21.465425531914892
Female,Yes,1.0,Not Graduate,No,3189,0,63,300.0,,Urban,N,3189,49.828125,50.61904761904762
,Yes,3.0,Graduate,,7451,3583,166,84.0,1.0,Urban,N,11034,66.07185628742515,66.46987951807229
Female,,3.0,Not Graduate,Yes,3167,3333,78,,0.0,Urban,N,6500,82.27848101265823,83.33333333333333
Male,,1.0,Not Graduate,,2583,5750,94,84.0,,Semiurban,Y,8333,87.71578947368421,88.64893617021276
Female,,,Not Graduate,Yes,9323,2791,124,,,Urban,N,12114,96.912,97.69354838709677
Female,No,0.0,Not Graduate,No,6400,4417,112,360.0,,Urban,N,10817,95.72566371681415,96.58035714285714
Female,Yes,0.0,Not Graduate,Yes,2000,4000,115,84.0,1.0,Semiurban,Y,6000,51.72413793103448,52.17391304347826
Female,No,2.0,Not Graduate,No,4843,5266,30,480.0,1.0,Urban,N,10109,326.0967741935484,336.96666666666664
,No,1.0,Not Graduate,,24763,1516,154,360.0,1.0,Urban,N,26279,169.54193548387096,170.64285714285714
,No,1.0,Graduate,Yes,1977,736,74,180.0,0.0,Rural,N,2713,36.17333333333333,36.66216216216216
Male,Yes,,Graduate,No,2014,2000,59,180.0,1.0,Semiurban,N,4014,66.9,68.03389830508475
Female,Yes,0.0,Graduate,,2473,3600,201,120.0,1.0,Semiurban,N,6073,30.064356435643564,30.213930348258707
Male,Yes,,Graduate,No,8333,5625,122,480.0,1.0,Rural,Y,13958,113.47967479674796,114.40983606557377
,Yes,,Not Graduate,Yes,2132,2133,25,300.0,0.0,Semiurban,N,4265,164.03846153846155,170.6
Male,No,0.0,Graduate,No,4166,2000,184,120.0,0.0,Rural,Y,6166,33.32972972972973,33.51086956521739
,Yes,0.0,Not Graduate,Yes,1863,1868,116,360.0,,Semiurban,N,3731,31.88888888888889,32.16379310344828
Male,,,Graduate,No,6250,2416,80,84.0,1.0,Semiurban,N,8666,106.98765432098766,108.325
Male,No,3.0,Not Graduate,No,1000,4000,154,480.0,,Semiurban,N,5000,32.25806451612903,32.467532467532465
Female,,3.0,Not Graduate,No,1977,900,100,84.0,0.0,Semiurban,N,2877,28.485148514851485,28.77
Female,No,2.0,Not Graduate,No,2927,5250,137,84.0,0.0,Semiurban,N,8177,59.2536231884058,59.68613138686131
Female,No,0.0,Graduate,,6400,4866,650,480.0,0.0,Urban,N,11266,17.30568356374808,17.332307692307694
,No,1.0,Graduate,Yes,3416,1213,104,360.0,1.0,Rural,N,4629,44.08571428571429,44.50961538461539
Female,Yes,,Graduate,No,3333,5063,285,480.0,,Urban,N,8396,29.35664335664336,29.45964912280702
Female,,3.0,Not Graduate,Yes,2600,2250,275,,0.0,Urban,Y,4850,17.57246376811594,17.636363636363637
Male,No,3.0,Not Graduate,,3600,2000,141,,1.0,Rural,Y,5600,39.436619718309856,39.716312056737586
Male,No,0.0,Not Graduate,No,150,4167,17,84.0,,Urban,Y,4317,239.8333333333333,253.94117647058823
,,,Graduate,Yes,2483,1843,55,,1.0,Semiurban,N,4326,77.25,78.65454545454546
,No,2.0,Graduate,No,5316,1300,67,,1.0,Rural,N,6616,97.29411764705884,98.74626865671642
Female,,1.0,Not Graduate,No,3073,5701,495,,1.0,Rural,N,8774,17.68951612903226,17.725252525252525
Female,,3.0,Graduate,No,5667,3066,144,60.0,0.0,Semiurban,N,8733,60.22758620689656,60.645833333333336
Male,No,1.0,Graduate,No,8666,3449,200,120.0,0.0,Urban,N,12115,60.27363184079602,60.575
,,1.0,Graduate,Yes,2875,1213,320,360.0,1.0,Rural,N,4088,12.73520249221184,12.775
Female,Yes,2.0,Graduate,,2950,2000,370,84.0,,Rural,N,4950,13.342318059299192,13.378378378378379
Female,,1.0,Not Graduate,Yes,2333,2900,113,120.0,1.0,Rural,N,5233,45.90350877192982,46.309734513274336
Male,,0.0,Not Graduate,,2383,985,83,240.0,0.0,Urban,Y,3368,40.095238095238095,40.57831325301205
Female,No,2.0,Not Graduate,No,2071,3369,154,,0.0,Rural,N,5440,35.096774193548384,35.324675324675326
Female,No,,Not Graduate,,2395,3449,650,240.0,1.0,Urban,N,5844,8.976958525345623,8.990769230769232
,Yes,1.0,Not Graduate,Yes,2645,6250,67,60.0,,Urban,Y,8895,130.80882352941177,132.76119402985074
,,2.0,Not Graduate,,2439,736,290,120.0,0.0,Semiurban,N,3175,10.9106529209622,10.948275862068966
Male,No,0.0,Not Graduate,No,2577,5266,75,180.0,0.0,Urban,Y,7843,103.19736842105264,104.57333333333334
Female,,0.0,Not Graduate,Yes,5266,800,180,,,Urban,N,6066,33.51381215469613,33.7
Male,Yes,1.0,Not Graduate,,1928,4196,139,120.0,,Semiurban,Y,6124,43.74285714285714,44.05755395683453
Female,Yes,1.0,Graduate,,1800,5701,47,84.0,,Rural,N,7501,156.27083333333334,159.59574468085106
Female,Yes,,Not Graduate,,5042,4417,83,180.0,0.0,Urban,Y,9459,112.60714285714286,113.96385542168674
Male,,0.0,Graduate,,12841,4983,97,180.0,0.0,Rural,Y,17824,181.87755102040816,183.75257731958763
,Yes,,Graduate,No,3800,3583,78,,1.0,Rural,N,7383,93.45569620253164,94.65384615384616
Female,,2.0,Not Graduate,Yes,3366,5750,228,180.0,1.0,Urban,Y,9116,39.80786026200873,39.98245614035088
,Yes,2.0,Graduate,,2875,6250,330,300.0,,Urban,N,9125,27.56797583081571,27.651515151515152
Female,No,1.0,Not Graduate,No,2708,1590,66,60.0,1.0,Rural,Y,4298,64.14925373134328,65.12121212121212
Female,Yes,,Graduate,Yes,2301,1640,118,240.0,1.0,Semiurban,N,3941,33.11764705882353,33.398305084745765
,Yes,3.0,Not Graduate,No,10000,2383,17,180.0,0.0,Urban,N,12383,687.9444444444445,728.4117647058823
Female,Yes,3.0,Not Graduate,No,3625,2416,228,180.0,0.0,Rural,N,6041,26.37991266375546,26.49561403508772
Female,Yes,0.0,Graduate,Yes,2132,1213,124,240.0,,Semiurban,Y,3345,26.76,26.975806451612904
Female,Yes,3.0,Graduate,Yes,3846,1083,76,120.0,,Urban,N,4929,64.01298701298701,64.85526315789474
Female,,1.0,Graduate,Yes,2577,5250,115,360.0,,Rural,Y,7827,67.47413793103448,68.06086956521739
,No,1.0,Not Graduate,,13650,5750,376,120.0,1.0,Urban,N,19400,51.45888594164456,51.59574468085106
Female,,0.0,Not Graduate,,3600,4750,175,,,Urban,Y,8350,47.44318181818182,47.714285714285715
,No,3.0,Graduate,,2333,3066,300,,,Urban,N,5399,17.93687707641196,17.996666666666666
Female,Yes,,Not Graduate,No,2266,4983,650,84.0,,Rural,N,7249,11.135176651305684,11.152307692307692
,No,,Graduate,Yes,2853,900,104,84.0,1.0,Rural,N,3753,35.74285714285714,36.08653846153846
,Yes,,Not Graduate,No,2275,1500,150,180.0,,Urban,N,3775,25.0,25.166666666666668
,No,1.0,Not Graduate,Yes,2333,1030,90,,1.0,Rural,N,3363,36.95604395604396,37.36666666666667
,Yes,3.0,Not Graduate,No,2833,3750,168,300.0,0.0,Semiurban,N,6583,38.95266272189349,39.18452380952381
Female,,2.0,Not Graduate,,4000,7210,150,,,Rural,Y,11210,74.23841059602648,74.73333333333333
,Yes,,Not Graduate,No,8666,900,176,120.0,0.0,Rural,N,9566,54.045197740113,54.35227272727273
Female,No,3.0,Graduate,No,2000,6000,25,300.0,,Urban,Y,8000,307.6923076923077,320.0
,No,1.0,Not Graduate,No,2500,6250,128,180.0,,Urban,N,8750,67.82945736434108,68.359375
Female,,3.0,Not Graduate,,3000,6000,72,60.0,,Urban,N,9000,123.28767123287672,125.0
,Yes,2.0,Graduate,No,5667,1500,700,300.0,,Urban,N,7167,10.223965763195435,10.23857142857143
Male,No,2.0,Graduate,,2200,4595,116,120.0,0.0,Urban,Y,6795,58.07692307692308,58.577586206896555
Female,No,0.0,Graduate,,6747,3440,160,300.0,1.0,Semiurban,Y,10187,63.27329192546584,63.66875
,,1.0,Graduate,,9323,2791,104,240.0,1.0,Semiurban,N,12114,115.37142857142857,116.48076923076923
Male,Yes,3.0,Graduate,No,3522,4983,112,,0.0,Urban,Y,8505,75.26548672566372,75.9375
,Yes,,Graduate,,20166,5063,80,,0.0,Urban,N,25229,311.4691358024691,315.3625
Male,,3.0,Not Graduate,Yes,2708,736,118,300.0,1.0,Urban,N,3444,28.94117647058824,29.1864406779661
,,2.0,Not Graduate,Yes,2645,985,30,60.0,1.0,Urban,Y,3630,117.09677419354838,121.0
Male,,0.0,Not Graduate,Yes,2147,3263,140,180.0,,Semiurban,N,5410,38.36879432624114,38.642857142857146
Male,No,2.0,Graduate,Yes,7200,3066,152,180.0,,Semiurban,Y,10266,67.09803921568627,67.53947368421052
Female,No,1.0,Graduate,No,3073,3066,80,120.0,,Urban,Y,6139,75.79012345679013,76.7375
Female,,1.0,Graduate,Yes,2132,2416,118,84.0,1.0,Semiurban,N,4548,38.21848739495798,38.54237288135593
Male,Yes,,Graduate,No,2708,700,330,60.0,0.0,Urban,N,3408,10.29607250755287,10.327272727272728
Female,,2.0,Not Graduate,No,7100,1929,320,480.0,0.0,Rural,N,9029,28.12772585669782,28.215625
Female,Yes,3.0,Not Graduate,Yes,9323,1929,94,300.0,0.0,Semiurban,Y,11252,118.4421052631579,119.70212765957447
Female,Yes,1.0,Not Graduate,,7200,900,150,360.0,0.0,Urban,N,8100,53.64238410596027,54.0
,,0.0,Graduate,Yes,2833,3449,225,,1.0,Urban,Y,6282,27.79646017699115,27.92
,Yes,,Graduate,No,10000,6250,160,480.0,0.0,Urban,N,16250,100.93167701863354,101.5625
Male,,3.0,Not Graduate,No,4843,2142,58,60.0,1.0,Rural,Y,6985,118.38983050847456,120.43103448275862
Male,Yes,3.0,Graduate,No,12841,1459,201,60.0,0.0,Rural,Y,14300,70.79207920792079,71.14427860696517
Male,No,0.0,Not Graduate,No,4166,985,160,180.0,0.0,Semiurban,N,5151,31.99378881987577,32.19375
Female,Yes,3.0,Graduate,No,20166,3500,112,360.0,,Semiurban,Y,23666,209.43362831858408,211.30357142857142
Male,Yes,,Not Graduate,No,2479,2083,114,240.0,,Semiurban,Y,4562,39.6695652173913,40.01754385964912
Male,,2.0,Not Graduate,No,2708,754,140,480.0,,Urban,N,3462,24.5531914893617,24.728571428571428
,Yes,1.0,Not Graduate,No,2875,2531,114,120.0,1.0,Semiurban,N,5406,47.00869565217391,47.421052631578945
Male,Yes,,Graduate,,3167,2853,158,60.0,0.0,Rural,N,6020,37.86163522012578,38.10126582278481
,No,,Not Graduate,No,5266,700,175,120.0,0.0,Semiurban,N,5966,33.89772727272727,34.09142857142857
Female,,1.0,Graduate,No,5000,1083,113,60.0,1.0,Urban,Y,6083,53.35964912280702,53.83185840707964
,Yes,3.0,Graduate,Yes,12000,2531,88,84.0,,Semiurban,N,14531,163.26966292134833,165.125
Female,Yes,2.0,Graduate,,2927,5266,44,480.0,,Urban,Y,8193,182.06666666666663,186.20454545454547
Female,,1.0,Graduate,Yes,15000,2531,201,84.0,,Urban,N,17531,86.7871287128713,87.21890547263682
Male,,,Not Graduate,No,5786,3440,320,180.0,1.0,Urban,N,9226,28.74143302180685,28.83125
Male,,0.0,Graduate,Yes,1000,1250,225,180.0,1.0,Urban,N,2250,9.95575221238938,10.0
Male,,0.0,Graduate,No,3250,1250,200,360.0,0.0,Semiurban,N,4500,22.388059701492537,22.5
Male,No,,Graduate,,7451,500,240,60.0,,Urban,Y,7951,32.99170124481328,33.12916666666667
Male,,0.0,Not Graduate,Yes,2583,830,140,,1.0,Rural,Y,3413,24.20567375886525,24.37857142857143
Male,No,,Graduate,Yes,8000,5750,166,300.0,0.0,Rural,N,13750,82.33532934131736,82.83132530120481
Female,Yes,0.0,Graduate,No,3666,830,113,480.0,0.0,Rural,N,4496,39.43859649122807,39.78761061946903
,,1.0,Graduate,,1625,3440,116,240.0,0.0,Rural,N,5065,43.29059829059829,43.66379310344828
Female,,1.0,Not Graduate,No,4166,688,67,360.0,1.0,Urban,N,4854,71.38235294117646,72.44776119402985
,,1.0,Graduate,Yes,2200,1250,330,84.0,0.0,Rural,N,3450,10.422960725075528,10.454545454545455
Female,No,3.0,Graduate,,150,2900,113,300.0,0.0,Semiurban,Y,3050,26.75438596491228,26.991150442477878
Female,Yes,3.0,Not Graduate,,2473,2083,90,360.0,1.0,Semiurban,Y,4556,50.06593406593407,50.62222222222222
,Yes,3.0,Graduate,,2479,688,187,84.0,0.0,Semiurban,Y,3167,16.845744680851062,16.93582887700535
Female,No,0.0,Not Graduate,,2833,7750,100,480.0,,Urban,N,10583,104.78217821782178,105.83
Male,No,2.0,Not Graduate,No,6747,1451,125,480.0,,Semiurban,N,8198,65.06349206349206,65.584
,Yes,0.0,Not Graduate,,15000,0,267,84.0,1.0,Semiurban,N,15000,55.97014925373134,56.17977528089887
Male,Yes,,Not Graduate,No,3750,1843,59,84.0,0.0,Semiurban,N,5593,93.21666666666668,94.79661016949153
Female,Yes,3.0,Graduate,No,7200,1800,110,240.0,,Rural,N,9000,81.08108108108108,81.81818181818181
,No,3.0,Not Graduate,,15000,500,285,84.0,0.0,Rural,Y,15500,54.19580419580419,54.3859649122807
,,1.0,Graduate,,8000,1666,17,,0.0,Rural,Y,9666,537.0,568.5882352941177
,No,1.0,Graduate,Yes,2340,5625,113,240.0,0.0,Semiurban,N,7965,69.86842105263158,70.48672566371681
Female,Yes,0.0,Graduate,Yes,3800,1800,25,240.0,1.0,Semiurban,Y,5600,215.3846153846154,224.0
Male,No,1.0,Graduate,No,2071,5063,176,120.0,1.0,Semiurban,Y,7134,40.30508474576271,40.53409090909091
Male,Yes,2.0,Graduate,No,2178,3500,315,84.0,1.0,Urban,Y,5678,17.968354430379748,18.025396825396825
Female,No,2.0,Not Graduate,Yes,6400,754,137,360.0,1.0,Rural,N,7154,51.84057971014493,52.21897810218978
Male,,,Not Graduate,Yes,9323,1500,114,120.0,1.0,Rural,N,10823,94.11304347826086,94.93859649122807
Male,Yes,,Graduate,,10000,800,180,,,Rural,Y,10800,59.668508287292816,60.0
Female,No,2.0,Not Graduate,,2275,983,182,180.0,1.0,Semiurban,N,3258,17.80327868852459,17.9010989010989
Female,,0.0,Graduate,No,2071,5654,110,360.0,0.0,Rural,N,7725,69.5945945945946,70.22727272727273
Female,Yes,0.0,Not Graduate,,5042,3600,128,,,Semiurban,N,8642,66.9922480620155,67.515625
Male,,,Not Graduate,,2000,1330,118,84.0,0.0,Semiurban,N,3330,27.983193277310924,28.220338983050848
Male,,,Graduate,Yes,1625,4300,650,360.0,,Semiurban,Y,5925,9.101382488479263,9.115384615384615
,No,2.0,Graduate,Yes,6747,1666,136,84.0,0.0,Urban,Y,8413,61.40875912408759,61.86029411764706
Male,,0.0,Graduate,,2400,3369,113,84.0,,Rural,Y,5769,50.60526315789474,51.05309734513274
,,0.0,Not Graduate,Yes,3625,3449,210,300.0,0.0,Semiurban,N,7074,33.5260663507109,33.68571428571428
Male,No,3.0,Graduate,Yes,2178,5654,99,,1.0,Urban,Y,7832,78.32,79.11111111111111
,,0.0,Graduate,Yes,2132,6000,63,300.0,1.0,Urban,N,8132,127.0625,129.0793650793651
,No,3.0,Graduate,No,24763,3600,208,180.0,1.0,Semiurban,N,28363,135.70813397129186,136.36057692307693
Female,No,0.0,Not Graduate,No,2927,1590,187,60.0,,Semiurban,N,4517,24.02659574468085,24.155080213903744
,No,1.0,Graduate,No,4583,4167,58,120.0,,Semiurban,Y,8750,148.3050847457627,150.86206896551724
,Yes,0.0,Graduate,Yes,3750,4300,110,300.0,,Urban,Y,8050,72.52252252252252,73.18181818181819
,,3.0,Not Graduate,No,12841,4417,200,180.0,,Urban,N,17258,85.86069651741293,86.29
,No,3.0,Graduate,,5316,2083,83,300.0,0.0,Semiurban,N,7399,88.08333333333333,89.144578313253
,,0.0,Graduate,No,5166,1451,182,300.0,1.0,Semiurban,N,6617,36.15846994535519,36.357142857142854
Female,Yes,1.0,Not Graduate,,2071,1964,55,120.0,1.0,Urban,N,4035,72.05357142857143,73.36363636363636
,Yes,3.0,Not Graduate,,2491,2531,55,480.0,1.0,Rural,N,5022,89.67857142857143,91.30909090909091
,No,,Graduate,Yes,15000,3600,312,120.0,,Rural,N,18600,59.42492012779552,59.61538461538461
,No,,Not Graduate,,3029,1590,99,240.0,1.0,Urban,N,4619,46.19,46.656565656565654
Female,No,3.0,Graduate,No,2000,4417,90,480.0,0.0,Rural,N,6417,70.51648351648352,71.3
Female,,3.0,Not Graduate,Yes,2875,3600,80,240.0,1.0,Rural,Y,6475,79.93827160493827,80.9375
Male,Yes,3.0,Not Graduate,,4166,1330,131,240.0,1.0,Rural,N,5496,41.63636363636363,41.954198473282446
Male,,3.0,Graduate,,2200,983,154,,,Rural,N,3183,20.53548387096774,20.66883116883117
Male,,3.0,Graduate,,4843,2083,70,84.0,,Rural,N,6926,97.54929577464787,98.94285714285714
,No,0.0,Not Graduate,No,1625,1300,55,360.0,1.0,Semiurban,N,2925,52.23214285714285,53.18181818181818
,No,0.0,Not Graduate,,2000,1516,97,60.0,1.0,Semiurban,N,3516,35.87755102040816,36.24742268041237
,Yes,2.0,Not Graduate,Yes,8333,3806,208,300.0,,Rural,N,12139,58.08133971291866,58.36057692307692
Male,Yes,2.0,Graduate,Yes,6080,2750,290,60.0,0.0,Rural,N,8830,30.343642611683848,30.448275862068964
,Yes,3.0,Graduate,No,5316,500,30,120.0,,Semiurban,Y,5816,187.6129032258065,193.86666666666667
,,3.0,Not Graduate,,8666,1964,176,360.0,,Rural,Y,10630,60.056497175141246,60.39772727272727
,,1.0,Not Graduate,No,2266,4595,115,120.0,1.0,Rural,N,6861,59.14655172413793,59.66086956521739
,,0.0,Not Graduate,Yes,2833,1929,106,300.0,,Urban,N,4762,44.504672897196265,44.924528301886795
Female,,1.0,Graduate,,2200,6250,136,300.0,0.0,Urban,N,8450,61.67883211678832,62.13235294117647
Male,,3.0,Graduate,Yes,2132,4300,166,60.0,0.0,Urban,Y,6432,38.51497005988024,38.74698795180723
Male,Yes,0.0,Graduate,Yes,20166,2531,81,60.0,1.0,Urban,N,22697,276.7926829268293,280.2098765432099
Female,,2.0,Graduate,,2833,2667,200,240.0,1.0,Urban,N,5500,27.36318407960199,27.5
,,2.0,Graduate,,10513,6000,192,120.0,0.0,Urban,N,16513,85.55958549222798,86.00520833333333
,No,,Graduate,,2483,1590,158,84.0,0.0,Semiurban,N,4073,25.61635220125786,25.77848101265823
,Yes,1.0,Graduate,,12841,5266,650,480.0,0.0,Semiurban,Y,18107,27.81413210445469,27.856923076923078
Male,No,2.0,Graduate,Yes,3750,2900,115,360.0,1.0,Urban,N,6650,57.32758620689656,57.82608695652174
Female,Yes,0.0,Graduate,Yes,3200,1666,25,480.0,0.0,Rural,Y,4866,187.15384615384616,194.64
Female,No,3.0,Graduate,,2833,4595,141,300.0,,Rural,N,7428,52.309859154929576,52.680851063829785
Female,Yes,3.0,Not Graduate,,2200,1800,154,480.0,,Rural,N,4000,25.806451612903224,25.974025974025974
,No,,Graduate,No,7200,983,187,180.0,,Rural,N,8183,43.52659574468085,43.75935828877005
,No,0.0,Graduate,No,7451,1590,75,,0.0,Semiurban,N,9041,118.96052631578948,120.54666666666667
,No,0.0,Not Graduate,Yes,8333,3066,66,240.0,0.0,Urban,Y,11399,170.13432835820896,172.71212121212122
Male,,0.0,Graduate,No,3366,7210,25,120.0,0.0,Semiurban,N,10576,406.7692307692308,423.04
Male,,3.0,Not Graduate,Yes,2583,3600,110,120.0,0.0,Semiurban,N,6183,55.7027027027027,56.20909090909091
Male,No,1.0,Graduate,Yes,3333,1250,285,180.0,1.0,Urban,N,4583,16.024475524475523,16.080701754385966
,Yes,2.0,Graduate,,2060,3440,112,,1.0,Urban,N,5500,48.67256637168141,49.107142857142854
,Yes,2.0,Not Graduate,,4166,800,93,120.0,1.0,Semiurban,N,4966,52.82978723404256,53.39784946236559
,,,Graduate,No,6747,1640,97,240.0,,Rural,Y,8387,85.58163265306122,86.4639175257732
Male,No,3.0,Not Graduate,,2301,7750,113,360.0,,Urban,Y,10051,88.16666666666667,88.94690265486726
,Yes,1.0,Graduate,Yes,3083,2133,139,120.0,1.0,Urban,N,5216,37.25714285714286,37.52517985611511
,No,3.0,Graduate,,5042,2142,58,360.0,0.0,Rural,N,7184,121.76271186440678,123.86206896551724
Male,Yes,1.0,Graduate,Yes,6400,1459,76,180.0,,Rural,N,7859,102.06493506493509,103.40789473684211
Female,,2.0,Graduate,,2060,2000,112,120.0,,Urban,N,4060,35.92920353982301,36.25
Female,,,Not Graduate,Yes,3846,5625,187,180.0,0.0,Rural,N,9471,50.37765957446808,50.64705882352941
,,,Graduate,Yes,2400,900,228,360.0,1.0,Rural,Y,3300,14.410480349344978,14.473684210526315
Male,Yes,,Graduate,No,2275,5701,47,360.0,0.0,Rural,Y,7976,166.16666666666666,169.70212765957447
Female,No,,Graduate,Yes,8000,736,490,84.0,,Semiurban,Y,8736,17.792260692464357,17.82857142857143
Female,,2.0,Graduate,,9323,3263,312,480.0,0.0,Urban,N,12586,40.21086261980831,40.33974358974359
Female,No,3.0,Graduate,,2178,3583,285,480.0,,Semiurban,N,5761,20.143356643356643,20.2140350877193
Female,,3.0,Not Graduate,Yes,3083,3440,125,84.0,,Rural,N,6523,51.76984126984127,52.184
,No,0.0,Graduate,No,15000,1843,187,,1.0,Urban,N,16843,89.59042553191489,90.06951871657753
Male,Yes,,Not Graduate,,4843,2330,66,360.0,1.0,Rural,N,7173,107.05970149253731,108.68181818181819
Female,,,Not Graduate,Yes,3029,1213,118,300.0,0.0,Urban,Y,4242,35.64705882352941,35.94915254237288
Female,,2.0,Not Graduate,Yes,2000,3369,96,360.0,,Semiurban,Y,5369,55.350515463917525,55.927083333333336
Female,Yes,2.0,Graduate,Yes,4166,4000,255,,1.0,Urban,Y,8166,31.8984375,32.023529411764706
Female,,,Not Graduate,No,2000,3022,114,480.0,,Semiurban,N,5022,43.6695652173913,44.05263157894737
Male,Yes,0.0,Not Graduate,,2645,5701,97,300.0,,Semiurban,Y,8346,85.16326530612245,86.04123711340206
Male,No,3.0,Graduate,,5316,1516,315,300.0,0.0,Rural,Y,6832,21.620253164556964,21.68888888888889
Male,,2.0,Not Graduate,No,2799,5750,63,60.0,0.0,Urban,Y,8549,133.578125,135.6984126984127
Female,Yes,3.0,Graduate,No,2266,4167,255,84.0,,Rural,Y,6433,25.12890625,25.227450980392156
Male,No,1.0,Graduate,No,1863,1213,376,300.0,,Semiurban,N,3076,8.159151193633953,8.180851063829786
Female,No,1.0,Not Graduate,,1000,1590,114,360.0,,Semiurban,N,2590,22.52173913043478,22.719298245614034
Female,Yes,1.0,Graduate,No,2237,2791,255,480.0,,Semiurban,N,5028,19.640625,19.71764705882353
Male,Yes,0.0,Not Graduate,,2833,500,495,180.0,,Semiurban,N,3333,6.719758064516129,6.733333333333333
Female,,3.0,Graduate,Yes,3167,2750,75,120.0,,Urban,N,5917,77.85526315789474,78.89333333333333
Male,No,3.0,Graduate,Yes,3333,5250,275,360.0,0.0,Semiurban,Y,8583,31.097826086956523,31.21090909090909
,No,2.0,Not Graduate,,1928,2750,315,180.0,0.0,Semiurban,N,4678,14.80379746835443,14.850793650793651
Female,,1.0,Graduate,Yes,2583,2383,98,360.0,1.0,Urban,N,4966,50.16161616161616,50.673469387755105
Female,Yes,0.0,Graduate,,2383,4196,30,480.0,,Rural,N,6579,212.2258064516129,219.3
Male,No,2.0,Graduate,Yes,2333,5250,93,120.0,,Semiurban,Y,7583,80.67021276595744,81.53763440860214
Female,Yes,0.0,Graduate,,2479,900,35,180.0,0.0,Rural,N,3379,93.86111111111111,96.54285714285714
,Yes,3.0,Graduate,No,1928,1516,17,84.0,0.0,Semiurban,Y,3444,191.3333333333333,202.58823529411765
Female,No,1.0,Not Graduate,No,5786,700,176,480.0,,Urban,N,6486,36.644067796610166,36.85227272727273
,Yes,2.0,Graduate,,6080,1459,225,300.0,1.0,Urban,N,7539,33.35840707964602,33.50666666666667
Male,,3.0,Not Graduate,,2483,1459,228,60.0,0.0,Rural,N,3942,17.213973799126638,17.289473684210527
Male,Yes,,Not Graduate,No,3073,1516,80,84.0,1.0,Rural,Y,4589,56.65432098765432,57.3625
,Yes,2.0,Graduate,No,5667,2750,76,240.0,,Urban,N,8417,109.31168831168831,110.75
,,,Graduate,Yes,2178,3066,133,,1.0,Urban,N,5244,39.13432835820896,39.42857142857143
Male,Yes,2.0,Graduate,Yes,20166,5625,370,300.0,0.0,Rural,N,25791,69.51752021563343,69.7054054054054
,,3.0,Graduate,No,2200,5063,275,480.0,1.0,Urban,N,7263,26.315217391304348,26.41090909090909
Female,Yes,,Not Graduate,Yes,2645,5750,44,360.0,,Urban,Y,8395,186.5555555555556,190.79545454545453
,Yes,3.0,Not Graduate,,2491,5063,154,360.0,1.0,Semiurban,N,7554,48.73548387096774,49.05194805194805
Male,No,3.0,Not Graduate,Yes,2577,2045,110,,1.0,Semiurban,N,4622,41.63963963963964,42.018181818181816
Female,,3.0,Graduate,Yes,3750,3500,133,360.0,0.0,Semiurban,Y,7250,54.1044776119403,54.51127819548872
Male,No,,Not Graduate,,24763,3449,30,360.0,1.0,Rural,N,28212,910.0645161290324,940.4
Female,Yes,2.0,Not Graduate,No,3250,4196,150,480.0,0.0,Rural,Y,7446,49.311258278145694,49.64
,Yes,1.0,Graduate,,2583,1843,315,,1.0,Semiurban,N,4426,14.00632911392405,14.05079365079365
,No,2.0,Graduate,,2060,2791,436,,0.0,Urban,Y,4851,11.100686498855834,11.126146788990825
Male,No,3.0,Graduate,No,1625,2330,78,480.0,,Rural,N,3955,50.063291139240505,50.705128205128204
,No,1.0,Graduate,Yes,2483,4983,55,360.0,,Urban,N,7466,133.32142857142858,135.74545454545455
Male,Yes,1.0,Not Graduate,,3073,1250,66,,,Semiurban,N,4323,64.5223880597015,65.5
,No,1.0,Graduate,,2333,7750,81,180.0,,Rural,N,10083,122.96341463414636,124.48148148148148
Male,Yes,2.0,Not Graduate,Yes,2853,3333,158,480.0,1.0,Semiurban,N,6186,38.905660377358494,39.151898734177216
,,3.0,Graduate,No,2479,4866,154,240.0,1.0,Urban,Y,7345,47.38709677419355,47.6948051948052
Male,,3.0,Graduate,,24763,2330,100,480.0,1.0,Rural,N,27093,268.2475247524753,270.93
,,1.0,Graduate,No,2479,7210,99,,0.0,Urban,N,9689,96.89,97.86868686868686
Female,Yes,2.0,Not Graduate,,2500,3806,166,60.0,1.0,Semiurban,N,6306,37.76047904191617,37.98795180722892
Female,Yes,,Not Graduate,,5786,4417,99,360.0,0.0,Rural,N,10203,102.03,103.06060606060606
Female,No,,Not Graduate,,24763,3806,109,60.0,,Semiurban,N,28569,259.7181818181818,262.10091743119267
,Yes,0.0,Graduate,No,4166,1500,98,480.0,0.0,Urban,N,5666,57.23232323232323,57.816326530612244
,No,1.0,Graduate,,4843,2250,700,60.0,,Semiurban,N,7093,10.118402282453635,10.132857142857143
Female,Yes,2.0,Not Graduate,No,150,3333,124,60.0,,Semiurban,N,3483,27.864,28.088709677419356
,,2.0,Graduate,,2600,1213,97,480.0,,Urban,N,3813,38.90816326530612,39.30927835051546
Male,,,Graduate,No,5166,1929,100,360.0,1.0,Urban,N,7095,70.24752475247524,70.95
Female,Yes,,Not Graduate,Yes,8000,2045,94,360.0,1.0,Urban,N,10045,105.73684210526316,106.86170212765957
Male,Yes,3.0,Graduate,No,1863,900,100,180.0,1.0,Rural,N,2763,27.35643564356436,27.63
,,1.0,Not Graduate,,1977,2330,44,180.0,1.0,Rural,Y,4307,95.71111111111112,97.88636363636364
Male,No,,Graduate,,2950,2330,140,360.0,1.0,Urban,N,5280,37.4468085106383,37.714285714285715
,No,0.0,Graduate,Yes,4300,2791,141,84.0,,Urban,N,7091,49.936619718309856,50.290780141843975
Female,No,2.0,Graduate,Yes,2237,1330,192,120.0,1.0,Urban,N,3567,18.48186528497409,18.578125
,No,3.0,Graduate,No,2853,1250,35,84.0,,Urban,N,4103,113.97222222222224,117.22857142857143
Male,Yes,2.0,Graduate,,2147,1300,600,360.0,0.0,Rural,N,3447,5.735440931780366,5.745
Male,No,,Not Graduate,No,3052,4750,240,,,Semiurban,N,7802,32.37344398340249,32.50833333333333
Male,No,2.0,Graduate,,2333,5750,275,240.0,1.0,Rural,Y,8083,29.286231884057973,29.392727272727274
Female,,3.0,Graduate,Yes,10513,1843,115,60.0,,Urban,Y,12356,106.51724137931036,107.44347826086957
,,1.0,Not Graduate,Yes,3083,5063,67,360.0,,Rural,N,8146,119.79411764705884,121.58208955223881
Female,,0.0,Graduate,,13650,1250,67,120.0,,Urban,Y,14900,219.1176470588236,222.38805970149255
Female,Yes,3.0,Not Graduate,,6400,2045,300,240.0,0.0,Rural,N,8445,28.056478405315616,28.15
Male,Yes,,Graduate,No,2266,0,78,360.0,,Semiurban,Y,2266,28.68354430379747,29.05128205128205
Female,No,0.0,Not Graduate,,2183,1516,495,84.0,1.0,Rural,Y,3699,7.457661290322581,7.472727272727273
,,1.0,Graduate,,2333,6000,35,180.0,1.0,Semiurban,N,8333,231.47222222222223,238.0857142857143
Female,No,3.0,Not Graduate,Yes,5042,2083,137,120.0,1.0,Semiurban,N,7125,51.630434782608695,52.00729927007299
Female,,1.0,Graduate,,5786,5701,308,,1.0,Urban,N,11487,37.1747572815534,37.29545454545455
,,,Graduate,No,3625,4750,17,84.0,0.0,Urban,N,8375,465.27777777777777,492.6470588235294
Male,,,Graduate,,7200,5701,124,180.0,0.0,Rural,N,12901,103.208,104.04032258064517
Male,No,1.0,Not Graduate,No,2600,2330,192,120.0,,Semiurban,N,4930,25.5440414507772,25.677083333333332
Male,,1.0,Not Graduate,,1977,3066,17,120.0,1.0,Rural,Y,5043,280.1666666666667,296.6470588235294
Male,No,2.0,Graduate,No,6747,2133,137,180.0,0.0,Semiurban,Y,8880,64.34782608695652,64.81751824817518
Female,No,2.0,Not Graduate,,3846,1083,155,180.0,0.0,Semiurban,N,4929,31.596153846153847,31.8
Male,No,,Graduate,,3500,2250,75,120.0,,Rural,N,5750,75.65789473684211,76.66666666666667
Female,Yes,2.0,Graduate,Yes,2853,5654,184,120.0,1.0,Rural,N,8507,45.983783783783785,46.233695652173914
,,3.0,Graduate,No,3625,2583,88,480.0,0.0,Rural,Y,6208,69.75280898876404,70.54545454545455
,No,1.0,Graduate,,4300,2500,350,240.0,0.0,Rural,N,6800,19.37321937321937,19.428571428571427
Male,Yes,,Graduate,,2060,1330,275,480.0,1.0,Semiurban,N,3390,12.282608695652174,12.327272727272728
,,0.0,Graduate,,5786,3449,44,84.0,0.0,Semiurban,N,9235,205.22222222222223,209.88636363636363
Male,No,1.0,Not Graduate,Yes,2927,2250,100,480.0,1.0,Rural,N,5177,51.257425742574256,51.77
,,3.0,Graduate,,8666,5266,308,60.0,1.0,Rural,N,13932,45.0873786407767,45.23376623376623
,Yes,2.0,Graduate,Yes,2833,1459,35,,0.0,Urban,N,4292,119.22222222222224,122.62857142857143
Male,,3.0,Graduate,Yes,2000,2133,267,120.0,0.0,Rural,N,4133,15.421641791044776,15.47940074906367
Female,,3.0,Not Graduate,,5000,3263,70,84.0,0.0,Rural,N,8263,116.38028169014083,118.04285714285714
Male,No,1.0,Graduate,No,3416,500,59,360.0,0.0,Semiurban,N,3916,65.26666666666667,66.37288135593221
,No,2.0,Graduate,No,1800,1929,99,84.0,,Semiurban,Y,3729,37.29,37.666666666666664
Female,Yes,,Graduate,Yes,5417,1213,81,300.0,0.0,Rural,Y,6630,80.85365853658537,81.85185185185185
Male,No,1.0,Graduate,Yes,20166,1964,300,180.0,1.0,Urban,N,22130,73.52159468438538,73.76666666666667
Male,,1.0,Graduate,,8333,1300,74,240.0,1.0,Urban,N,9633,128.44,130.17567567567568
,No,2.0,Graduate,Yes,1977,3440,59,240.0,1.0,Semiurban,Y,5417,90.28333333333332,91.8135593220339
Male,,1.0,Graduate,,11000,6000,300,480.0,,Semiurban,Y,17000,56.478405315614616,56.666666666666664
Male,Yes,2.0,Graduate,Yes,4583,2083,165,120.0,0.0,Semiurban,N,6666,40.1566265060241,40.4
,,2.0,Not Graduate,Yes,2491,1868,116,84.0,,Semiurban,N,4359,37.256410256410255,37.577586206896555
Male,Yes,1.0,Graduate,Yes,2060,6000,124,480.0,,Urban,N,8060,64.48,65.0
,No,1.0,Graduate,No,2132,6000,122,,,Urban,Y,8132,66.11382113821138,66.65573770491804
Female,,1.0,Not Graduate,Yes,3052,800,95,180.0,0.0,Semiurban,Y,3852,40.125,40.54736842105263
,Yes,,Graduate,No,2718,3806,81,,0.0,Rural,N,6524,79.5609756097561,80.54320987654322
Male,,3.0,Not Graduate,,5500,2383,66,360.0,,Rural,N,7883,117.65671641791045,119.43939393939394
Female,No,2.0,Not Graduate,Yes,5042,2330,141,60.0,,Semiurban,N,7372,51.91549295774648,52.283687943262414
Female,Yes,2.0,Not Graduate,Yes,2395,3449,495,240.0,1.0,Rural,N,5844,11.78225806451613,11.806060606060607
Female,,1.0,Not Graduate,No,3800,500,133,120.0,,Semiurban,Y,4300,32.08955223880597,32.330827067669176
,No,,Not Graduate,Yes,20166,7210,75,480.0,1.0,Rural,N,27376,360.2105263157895,365.0133333333333
Male,,,Not Graduate,,3167,1213,700,,,Semiurban,Y,4380,6.248216833095578,6.257142857142857
Male,No,3.0,Graduate,,3200,4167,115,120.0,0.0,Rural,Y,7367,63.50862068965517,64.06086956521739
Female,,,Graduate,No,6400,2791,95,180.0,0.0,Urban,N,9191,95.73958333333331,96.74736842105263
,,,Graduate,,2178,5750,700,360.0,0.0,Semiurban,Y,7928,11.309557774607704,11.325714285714286
Male,,3.0,Graduate,No,5500,900,290,60.0,0.0,Semiurban,N,6400,21.993127147766323,22.06896551724138
Female,No,2.0,Not Graduate,No,1000,2142,78,180.0,,Semiurban,N,3142,39.77215189873418,40.282051282051285
Male,,3.0,Graduate,Yes,2577,4196,35,240.0,0.0,Rural,N,6773,188.13888888888889,193.5142857142857
Male,,1.0,Not Graduate,Yes,1000,0,97,480.0,0.0,Semiurban,N,1000,10.20408163265306,10.309278350515465
,,0.0,Graduate,,2473,2583,136,120.0,0.0,Urban,Y,5056,36.90510948905109,37.1764705882353
Female,No,3.0,Not Graduate,No,2875,3333,58,360.0,1.0,Semiurban,N,6208,105.22033898305084,107.03448275862068
Female,Yes,1.0,Graduate,No,3167,4167,312,360.0,0.0,Urban,N,7334,23.431309904153355,23.506410256410255
Female,,,Graduate,,2000,2791,350,300.0,1.0,Rural,N,4791,13.649572649572647,13.688571428571429
,,2.0,Graduate,Yes,2483,688,72,84.0,0.0,Rural,N,3171,43.43835616438356,44.041666666666664
Male,,1.0,Graduate,No,2950,4196,228,240.0,,Rural,N,7146,31.20524017467249,31.342105263157894
Female,Yes,,Graduate,Yes,2132,2667,308,360.0,0.0,Urban,Y,4799,15.53074433656958,15.581168831168831
Male,,3.0,Not Graduate,Yes,3625,2250,136,120.0,,Rural,N,5875,42.88321167883212,43.1985294117647
Male,,3.0,Graduate,Yes,9323,3263,312,120.0,0.0,Semiurban,Y,12586,40.21086261980831,40.33974358974359
Female,,1.0,Graduate,,4300,1868,94,,0.0,Semiurban,N,6168,64.92631578947369,65.61702127659575
Male,Yes,,Not Graduate,Yes,12000,3583,300,300.0,1.0,Urban,N,15583,51.77076411960133,51.943333333333335
Female,No,2.0,Not Graduate,Yes,5316,1250,35,360.0,,Semiurban,N,6566,182.38888888888889,187.6
Female,,3.0,Graduate,Yes,4950,2667,99,480.0,1.0,Semiurban,N,7617,76.17,76.93939393939394
Female,,0.0,Not Graduate,Yes,5000,4486,208,300.0,,Semiurban,Y,9486,45.38755980861244,45.60576923076923
Male,No,3.0,Not Graduate,,9323,1964,208,,1.0,Urban,N,11287,54.004784688995215,54.26442307692308
Female,No,,Graduate,,10000,2045,495,300.0,1.0,Semiurban,Y,12045,24.284274193548388,24.333333333333332
Female,No,3.0,Graduate,No,5316,4750,70,84.0,1.0,Semiurban,N,10066,141.77464788732394,143.8
,,0.0,Graduate,Yes,3189,4486,175,84.0,,Rural,N,7675,43.60795454545455,43.857142857142854
Male,Yes,0.0,Graduate,Yes,4300,688,97,120.0,,Rural,Y,4988,50.89795918367347,51.422680412371136
,,1.0,Not Graduate,Yes,2383,1666,17,360.0,,Semiurban,Y,4049,224.94444444444449,238.1764705882353
Female,Yes,1.0,Graduate,No,3522,3500,700,120.0,1.0,Semiurban,Y,7022,10.017118402282454,10.031428571428572
Male,,1.0,Not Graduate,No,15000,2900,200,480.0,0.0,Urban,N,17900,89.05472636815921,89.5
,No,3.0,Graduate,Yes,3333,4300,100,480.0,1.0,Urban,Y,7633,75.57425742574257,76.33
Female,,2.0,Not Graduate,No,3366,700,175,60.0,,Urban,Y,4066,23.102272727272727,23.234285714285715
Female,No,2.0,Graduate,,2473,985,44,300.0,1.0,Rural,N,3458,76.84444444444445,78.5909090909091
,No,2.0,Not Graduate,,3250,2045,120,240.0,,Rural,Y,5295,43.7603305785124,44.125
,No,3.0,Graduate,Yes,3750,2750,144,480.0,1.0,Rural,Y,6500,44.82758620689656,45.138888888888886
Male,Yes,2.0,Not Graduate,,3333,983,70,,1.0,Urban,Y,4316,60.7887323943662,61.65714285714286
Female,No,2.0,Not Graduate,,2071,1868,160,120.0,,Rural,N,3939,24.46583850931677,24.61875
Male,Yes,0.0,Not Graduate,,3500,736,128,300.0,,Rural,Y,4236,32.83720930232558,33.09375
,No,0.0,Not Graduate,,2833,5654,240,240.0,0.0,Semiurban,Y,8487,35.21576763485477,35.3625
Female,No,,Graduate,No,8333,754,137,240.0,,Urban,N,9087,65.84782608695652,66.32846715328468
Male,Yes,0.0,Not Graduate,Yes,2853,3806,47,,0.0,Urban,Y,6659,138.72916666666666,141.68085106382978
Male,Yes,3.0,Not Graduate,No,3000,4595,112,300.0,0.0,Urban,N,7595,67.21238938053098,67.8125
,Yes,2.0,Not Graduate,No,7100,3263,228,60.0,,Rural,N,10363,45.2532751091703,45.45175438596491
Male,Yes,,Not Graduate,,3167,1451,255,60.0,1.0,Rural,Y,4618,18.0390625,18.109803921568627
Male,No,1.0,Not Graduate,Yes,6400,1640,176,84.0,0.0,Urban,N,8040,45.42372881355932,45.68181818181818
Female,Yes,3.0,Not Graduate,,5266,1500,35,480.0,1.0,Semiurban,N,6766,187.94444444444449,193.31428571428572
,Yes,3.0,Graduate,No,3846,4300,125,120.0,1.0,Urban,N,8146,64.65079365079364,65.168
Male,,3.0,Graduate,,2500,1451,120,300.0,,Urban,N,3951,32.65289256198347,32.925
Male,,0.0,Graduate,No,5417,2250,115,480.0,1.0,Semiurban,N,7667,66.09482758620689,66.66956521739131
Female,No,0.0,Not Graduate,Yes,2014,800,490,84.0,,Semiurban,N,2814,5.731160896130346,5.742857142857143
,No,0.0,Not Graduate,Yes,2439,1459,370,300.0,,Urban,Y,3898,10.506738544474391,10.535135135135135
Female,,1.0,Not Graduate,No,5316,5750,116,60.0,1.0,Semiurban,Y,11066,94.58119658119658,95.39655172413794
,Yes,,Graduate,No,1977,2416,106,120.0,,Rural,Y,4393,41.05607476635514,41.443396226415096
,,,Graduate,No,2439,3806,308,84.0,,Urban,N,6245,20.210355987055017,20.275974025974026
Female,No,0.0,Not Graduate,,3416,830,495,480.0,1.0,Rural,Y,4246,8.560483870967742,8.577777777777778
Male,Yes,0.0,Graduate,,2060,1213,349,480.0,0.0,Urban,Y,3273,9.351428571428572,9.378223495702006
Female,Yes,1.0,Not Graduate,,3600,830,255,120.0,1.0,Urban,N,4430,17.3046875,17.372549019607842
Female,No,2.0,Graduate,Yes,9323,830,97,360.0,1.0,Urban,N,10153,103.60204081632654,104.6701030927835
,No,,Graduate,Yes,5417,2900,44,120.0,,Semiurban,N,8317,184.82222222222225,189.02272727272728
Female,Yes,3.0,Not Graduate,,2333,2330,182,300.0,0.0,Rural,N,4663,25.48087431693989,25.62087912087912
,Yes,2.0,Graduate,Yes,15000,4750,308,300.0,1.0,Rural,N,19750,63.91585760517799,64.12337662337663
Female,No,,Graduate,Yes,3522,3022,436,480.0,0.0,Urban,N,6544,14.97482837528604,15.009174311926605
,No,1.0,Graduate,,6747,4486,308,,1.0,Semiurban,N,11233,36.35275080906149,36.47077922077922
Female,No,,Not Graduate,,9323,5625,330,360.0,,Urban,N,14948,45.16012084592145,45.2969696969697
Male,No,2.0,Not Graduate,Yes,2483,830,180,360.0,1.0,Semiurban,N,3313,18.30386740331492,18.405555555555555
,Yes,3.0,Graduate,,2666,500,315,84.0,1.0,Semiurban,Y,3166,10.018987341772153,10.05079365079365
Female,Yes,2.0,Graduate,No,2483,6000,208,60.0,0.0,Rural,Y,8483,40.588516746411486,40.78365384615385
Male,,2.0,Not Graduate,No,5042,2250,192,240.0,0.0,Semiurban,N,7292,37.78238341968912,37.979166666666664
Female,Yes,0.0,Graduate,No,4300,1451,600,360.0,0.0,Rural,N,5751,9.569051580698837,9.585
,No,,Not Graduate,No,2950,5654,59,360.0,,Semiurban,Y,8604,143.4,145.83050847457628
Male,No,0.0,Not Graduate,,2875,6250,118,240.0,0.0,Semiurban,N,9125,76.68067226890756,77.33050847457628
Female,Yes,1.0,Graduate,,2237,1666,100,480.0,0.0,Semiurban,N,3903,38.64356435643565,39.03
Male,Yes,1.0,Not Graduate,Yes,7333,985,192,180.0,,Semiurban,N,8318,43.09844559585492,43.322916666666664
Male,Yes,,Not Graduate,Yes,3029,3333,182,300.0,1.0,Semiurban,N,6362,34.76502732240437,34.956043956043956
,,0.0,Not Graduate,,2600,3440,72,300.0,,Semiurban,N,6040,82.73972602739725,83.88888888888889
Female,,0.0,Not Graduate,Yes,3600,6000,55,300.0,0.0,Urban,N,9600,171.42857142857142,174.54545454545453
Female,,0.0,Not Graduate,Yes,4843,2900,300,360.0,1.0,Semiurban,Y,7743,25.72425249169435,25.81
,No,2.0,Not Graduate,No,2583,2531,320,60.0,1.0,Rural,N,5114,15.93146417445483,15.98125
,Yes,0.0,Not Graduate,,1000,6000,58,360.0,0.0,Semiurban,N,7000,118.64406779661016,120.6896551724138
Male,Yes,2.0,Not Graduate,,3189,1500,76,240.0,,Urban,Y,4689,60.896103896103895,61.69736842105263
Female,Yes,0.0,Graduate,No,10000,1030,152,,1.0,Semiurban,N,11030,72.09150326797386,72.5657894736842
,Yes,,Graduate,,2708,830,67,240.0,,Semiurban,N,3538,52.02941176470589,52.80597014925373
,,0.0,Not Graduate,Yes,2875,2791,168,180.0,0.0,Semiurban,N,5666,33.52662721893491,33.726190476190474
Male,Yes,,Not Graduate,No,3366,2531,144,360.0,1.0,Rural,Y,5897,40.66896551724138,40.951388888888886
Female,,3.0,Not Graduate,,3052,3440,210,360.0,0.0,Urban,N,6492,30.767772511848342,30.914285714285715
,Yes,2.0,Not Graduate,No,2383,1300,349,180.0,0.0,Semiurban,N,3683,10.522857142857143,10.553008595988539
Male,No,3.0,Graduate,,2799,2583,118,180.0,,Semiurban,N,5382,45.22689075630253,45.610169491525426
,No,,Not Graduate,No,1800,5250,315,480.0,1.0,Semiurban,N,7050,22.31012658227848,22.38095238095238
Male,,1.0,Graduate,,2479,6250,63,360.0,1.0,Rural,N,8729,136.390625,138.55555555555554
,,,Not Graduate,No,2491,1666,67,480.0,,Urban,Y,4157,61.13235294117647,62.04477611940298
Female,Yes,1.0,Graduate,No,5166,4750,93,480.0,,Rural,Y,9916,105.48936170212764,106.6236559139785
,,3.0,Graduate,,2799,2791,320,180.0,0.0,Semiurban,N,5590,17.414330218068535,17.46875
Female,,1.0,Not Graduate,No,2718,5063,225,480.0,0.0,Rural,N,7781,34.42920353982301,34.58222222222222
Male,No,1.0,Not Graduate,Yes,2473,3369,495,180.0,1.0,Urban,N,5842,11.778225806451612,11.802020202020202
Male,,2.0,Graduate,No,3029,700,192,480.0,0.0,Rural,N,3729,19.321243523316063,19.421875
,No,2.0,Not Graduate,Yes,2500,1250,85,360.0,,Rural,N,3750,43.604651162790695,44.11764705882353
Female,,,Not Graduate,No,3846,0,141,,,Urban,Y,3846,27.08450704225352,27.27659574468085
,Yes,3.0,Not Graduate,,2071,700,154,120.0,1.0,Rural,N,2771,17.87741935483871,17.993506493506494
Male,,1.0,Graduate,,4583,3500,67,60.0,1.0,Rural,N,8083,118.86764705882354,120.64179104477611
,Yes,0.0,Graduate,No,6400,1250,81,360.0,,Rural,N,7650,93.29268292682929,94.44444444444444
Female,Yes,2.0,Not Graduate,,15000,985,75,180.0,0.0,Urban,Y,15985,210.32894736842104,213.13333333333333
Female,,3.0,Not Graduate,Yes,2799,4866,116,120.0,0.0,Semiurban,N,7665,65.51282051282051,66.07758620689656
Female,No,1.0,Not Graduate,,2014,4983,650,300.0,1.0,Rural,N,6997,10.748079877112136,10.764615384615384
Male,Yes,,Graduate,Yes,6080,3449,124,240.0,1.0,Rural,N,9529,76.232,76.84677419354838
Female,No,0.0,Not Graduate,No,2060,2791,100,360.0,0.0,Rural,Y,4851,48.02970297029703,48.51
Male,No,2.0,Not Graduate,,2718,1300,490,180.0,0.0,Rural,N,4018,8.183299389002036,8.2
Male,Yes,2.0,Graduate,,2000,5654,350,120.0,0.0,Urban,Y,7654,21.806267806267805,21.86857142857143
,Yes,0.0,Graduate,,2060,3167,30,180.0,,Urban,N,5227,168.61290322580646,174.23333333333332
,Yes,1.0,Not Graduate,Yes,2132,3750,115,,1.0,Urban,N,5882,50.706896551724135,51.14782608695652
Female,Yes,,Not Graduate,,3250,1964,114,300.0,0.0,Semiurban,Y,5214,45.33913043478261,45.73684210526316
Male,No,,Not Graduate,Yes,3600,688,349,84.0,,Semiurban,N,4288,12.251428571428573,12.286532951289399
Male,Yes,2.0,Graduate,,9323,4167,495,84.0,1.0,Semiurban,N,13490,27.19758064516129,27.252525252525253
,No,2.0,Not Graduate,,1977,830,109,480.0,1.0,Semiurban,N,2807,25.51818181818182,25.75229357798165
Male,,1.0,Graduate,No,5786,1083,88,300.0,,Semiurban,N,6869,77.17977528089888,78.05681818181819
Male,Yes,1.0,Graduate,No,3416,1929,255,480.0,0.0,Semiurban,Y,5345,20.87890625,20.96078431372549
Male,No,0.0,Graduate,Yes,12841,5701,139,60.0,0.0,Semiurban,Y,18542,132.44285714285715,133.3956834532374
,No,0.0,Graduate,Yes,20166,4595,208,180.0,,Urban,N,24761,118.47368421052632,119.04326923076923
,,2.0,Graduate,,3666,0,436,240.0,0.0,Semiurban,N,3666,8.389016018306636,8.408256880733944
Female,No,2.0,Graduate,,8666,2416,83,180.0,1.0,Urban,N,11082,131.92857142857142,133.51807228915663
Female,Yes,1.0,Not Graduate,,5667,2330,155,480.0,0.0,Rural,N,7997,51.26282051282051,51.593548387096774
Male,,2.0,Graduate,Yes,3083,754,137,480.0,,Rural,N,3837,27.80434782608696,28.00729927007299
Male,No,2.0,Not Graduate,Yes,2833,5063,100,240.0,,Rural,Y,7896,78.17821782178218,78.96
Female,No,1.0,Not Graduate,,2875,1451,312,120.0,0.0,Rural,N,4326,13.821086261980833,13.865384615384615
Male,No,1.0,Graduate,No,4300,1964,255,120.0,,Semiurban,N,6264,24.46875,24.564705882352943
Female,,2.0,Graduate,,1863,5266,112,84.0,0.0,Semiurban,N,7129,63.08849557522124,63.651785714285715
Female,Yes,0.0,Not Graduate,,11000,6000,184,120.0,1.0,Urban,Y,17000,91.89189189189187,92.3913043478261
,,3.0,Graduate,,2275,1666,35,120.0,0.0,Urban,N,3941,109.47222222222224,112.6
Female,,3.0,Not Graduate,No,12841,2531,275,84.0,1.0,Rural,N,15372,55.69565217391305,55.89818181818182
Male,No,3.0,Graduate,Yes,3029,4750,66,180.0,0.0,Semiurban,Y,7779,116.1044776119403,117.86363636363636
Female,Yes,1.0,Graduate,Yes,150,983,112,60.0,0.0,Urban,Y,1133,10.026548672566372,10.116071428571429
Female,,1.0,Not Graduate,Yes,7200,4300,166,480.0,,Rural,Y,11500,68.8622754491018,69.27710843373494
Female,,2.0,Graduate,Yes,3800,6250,80,180.0,0.0,Semiurban,N,10050,124.07407407407408,125.625
Male,No,1.0,Not Graduate,No,3167,5250,330,120.0,0.0,Semiurban,N,8417,25.42900302114804,25.506060606060608
,No,2.0,Graduate,No,2875,3500,490,480.0,1.0,Semiurban,N,6375,12.983706720977596,13.010204081632653
Female,,,Not Graduate,No,2950,688,114,180.0,0.0,Semiurban,N,3638,31.63478260869565,31.912280701754387
Female,,0.0,Graduate,No,2500,4866,55,60.0,,Rural,N,7366,131.53571428571428,133.92727272727274
,,2.0,Graduate,Yes,5316,4000,97,,,Semiurban,N,9316,95.06122448979592,96.04123711340206
Female,,,Graduate,Yes,12841,2416,55,360.0,0.0,Urban,N,15257,272.44642857142856,277.4
Male,No,1.0,Not Graduate,Yes,15000,2000,72,180.0,0.0,Urban,N,17000,232.8767123287672,236.11111111111111
,,3.0,Graduate,,1928,1590,168,300.0,0.0,Urban,N,3518,20.81656804733728,20.94047619047619
Male,Yes,,Graduate,,2483,6250,76,240.0,0.0,Urban,N,8733,113.41558441558442,114.90789473684211
,,,Not Graduate,Yes,2875,1300,106,240.0,,Urban,N,4175,39.018691588785046,39.386792452830186
Female,Yes,1.0,Not Graduate,Yes,2577,1030,158,,,Urban,N,3607,22.68553459119497,22.829113924050635
Male,,3.0,Not Graduate,Yes,2301,1929,150,360.0,,Rural,Y,4230,28.013245033112582,28.2
Female,,0.0,Not Graduate,,1000,4595,90,480.0,,Rural,N,5595,61.48351648351648,62.166666666666664
Female,No,1.0,Graduate,Yes,2147,1868,67,,,Semiurban,N,4015,59.044117647058826,59.92537313432836
Male,No,,Graduate,Yes,2600,2531,165,60.0,,Urban,N,5131,30.90963855421687,31.096969696969698
Male,Yes,3.0,Graduate,,2383,1929,104,240.0,,Rural,N,4312,41.06666666666667,41.46153846153846
Male,No,0.0,Graduate,,2400,688,200,240.0,,Semiurban,N,3088,15.36318407960199,15.44
Female,Yes,2.0,Graduate,Yes,7333,500,141,480.0,1.0,Urban,Y,7833,55.16197183098591,55.5531914893617
Female,Yes,2.0,Not Graduate,No,1000,2330,67,360.0,0.0,Urban,N,3330,48.97058823529412,49.701492537313435
Male,,0.0,Graduate,Yes,3333,1843,139,360.0,,Semiurban,N,5176,36.97142857142857,37.23741007194245
Female,,3.0,Not Graduate,No,3500,1300,650,84.0,,Rural,Y,4800,7.373271889400922,7.384615384615385
Male,Yes,0.0,Not Graduate,Yes,15000,2142,72,60.0,,Rural,N,17142,234.8219178082192,238.08333333333334
Female,No,,Not Graduate,Yes,2237,2416,155,240.0,,Rural,N,4653,29.82692307692308,30.019354838709678
Male,,3.0,Graduate,,2060,5701,370,120.0,1.0,Semiurban,N,7761,20.91913746630728,20.975675675675674
Female,Yes,3.0,Graduate,Yes,3600,1590,320,60.0,,Rural,N,5190,16.16822429906542,16.21875
,,,Graduate,No,15000,4196,96,120.0,1.0,Urban,N,19196,197.89690721649484,199.95833333333334
Male,,2.0,Graduate,,5417,4595,67,180.0,,Rural,N,10012,147.23529411764707,149.43283582089552
Male,Yes,1.0,Not Graduate,Yes,2645,4866,125,360.0,1.0,Urban,Y,7511,59.61111111111112,60.088
Male,No,3.0,Graduate,,3666,1640,80,120.0,,Rural,N,5306,65.50617283950618,66.325
Male,Yes,,Graduate,,2147,983,136,120.0,1.0,Rural,N,3130,22.846715328467152,23.014705882352942
Male,Yes,3.0,Graduate,No,2853,2250,376,120.0,,Semiurban,N,5103,13.53580901856764,13.571808510638299
Female,,0.0,Not Graduate,,20166,1666,75,,,Semiurban,N,21832,287.2631578947368,291.0933333333333
Female,No,,Not Graduate,No,6747,1800,76,84.0,0.0,Rural,Y,8547,111.0,112.46052631578948
,No,,Graduate,,2275,5654,116,84.0,,Semiurban,Y,7929,67.76923076923077,68.35344827586206
,Yes,0.0,Graduate,,2237,1250,184,360.0,,Semiurban,N,3487,18.84864864864865,18.95108695652174
,Yes,3.0,Not Graduate,No,8666,2045,100,480.0,,Rural,N,10711,106.04950495049503,107.11
,,3.0,Graduate,,6250,500,315,300.0,1.0,Urban,N,6750,21.360759493670887,21.428571428571427
Female,,3.0,Not Graduate,No,2718,4167,113,120.0,,Urban,Y,6885,60.39473684210526,60.92920353982301
Female,Yes,2.0,Not Graduate,No,2799,1843,75,120.0,0.0,Rural,Y,4642,61.078947368421055,61.89333333333333
,,3.0,Not Graduate,Yes,3052,2250,25,480.0,,Urban,N,5302,203.92307692307693,212.08
,No,2.0,Graduate,Yes,2479,4196,115,360.0,0.0,Semiurban,Y,6675,57.543103448275865,58.04347826086956
Female,,2.0,Graduate,No,6400,5701,35,480.0,1.0,Semiurban,Y,12101,336.1388888888889,345.74285714285713
Male,Yes,3.0,Not Graduate,Yes,2383,1459,120,84.0,1.0,Rural,Y,3842,31.75206611570248,32.016666666666666
Female,No,0.0,Not Graduate,,1000,1330,81,240.0,,Rural,N,2330,28.414634146341463,28.765432098765434
Male,No,,Not Graduate,,2666,4300,122,120.0,,Semiurban,N,6966,56.63414634146341,57.09836065573771
Male,Yes,0.0,Graduate,,2178,2500,141,240.0,,Urban,Y,4678,32.943661971830984,33.177304964539005
Female,,0.0,Graduate,,2718,2853,180,60.0,0.0,Rural,N,5571,30.77900552486188,30.95
Female,Yes,,Graduate,,2178,3263,100,180.0,,Semiurban,Y,5441,53.87128712871287,54.41
Female,Yes,1.0,Graduate,Yes,10513,1800,650,300.0,0.0,Semiurban,N,12313,18.913978494623656,18.943076923076923
,Yes,1.0,Not Graduate,Yes,1928,4983,490,300.0,,Rural,N,6911,14.075356415478614,14.104081632653061
,Yes,3.0,Graduate,,13650,2791,140,84.0,0.0,Semiurban,Y,16441,116.60283687943264,117.43571428571428
Female,No,0.0,Graduate,Yes,4583,3440,118,,,Urban,Y,8023,67.4201680672269,67.99152542372882
Female,Yes,,Graduate,Yes,3250,5625,312,360.0,0.0,Rural,N,8875,28.354632587859424,28.44551282051282
Female,No,0.0,Not Graduate,No,8666,900,154,300.0,0.0,Urban,N,9566,61.71612903225807,62.116883116883116
,,0.0,Not Graduate,No,2237,1451,118,60.0,0.0,Semiurban,Y,3688,30.991596638655466,31.25423728813559
Male,Yes,0.0,Not Graduate,No,4950,983,700,,1.0,Urban,N,5933,8.463623395149787,8.475714285714286
Female,Yes,,Graduate,No,3029,2667,55,84.0,,Rural,N,5696,101.71428571428572,103.56363636363636
,,2.0,Graduate,No,5667,1516,349,360.0,1.0,Rural,N,7183,20.52285714285714,20.581661891117477
Female,,0.0,Not Graduate,No,15000,5250,166,84.0,1.0,Urban,N,20250,121.25748502994011,121.98795180722891
Female,No,0.0,Not Graduate,Yes,2577,1868,168,180.0,0.0,Urban,N,4445,26.301775147929,26.458333333333332
,,0.0,Graduate,Yes,2147,830,109,84.0,,Urban,N,2977,27.063636363636363,27.31192660550459
,No,2.0,Not Graduate,Yes,3250,1800,93,300.0,0.0,Semiurban,N,5050,53.723404255319146,54.30107526881721
Male,No,0.0,Graduate,No,2200,2667,72,300.0,,Rural,N,4867,66.67123287671232,67.59722222222223
,,1.0,Not Graduate,,2132,3449,182,300.0,0.0,Rural,N,5581,30.49726775956284,30.664835164835164
Male,,1.0,Not Graduate,Yes,1625,900,312,120.0,1.0,Urban,N,2525,8.06709265175719,8.092948717948717
Male,No,,Not Graduate,,3029,2383,47,360.0,0.0,Semiurban,N,5412,112.75,115.14893617021276
Male,No,3.0,Not Graduate,,5266,1929,240,180.0,,Semiurban,Y,7195,29.85477178423237,29.979166666666668
Male,,3.0,Graduate,,4950,754,240,300.0,1.0,Semiurban,N,5704,23.66804979253112,23.766666666666666
,Yes,0.0,Not Graduate,,5266,4983,139,60.0,1.0,Urban,N,10249,73.20714285714286,73.73381294964028
Female,No,1.0,Not Graduate,Yes,3625,3022,85,60.0,0.0,Semiurban,Y,6647,77.29069767441861,78.2
Male,,2.0,Not Graduate,No,20166,4595,315,300.0,,Semiurban,Y,24761,78.35759493670886,78.60634920634921
Female,,1.0,Graduate,Yes,2439,1030,175,300.0,0.0,Semiurban,Y,3469,19.71022727272728,19.822857142857142
Female,Yes,1.0,Not Graduate,,2479,3449,98,240.0,0.0,Rural,N,5928,59.87878787878788,60.48979591836735
Female,,0.0,Not Graduate,No,3600,754,376,360.0,,Semiurban,N,4354,11.549071618037136,11.579787234042554
Male,No,3.0,Graduate,Yes,2266,1964,150,60.0,1.0,Urban,N,4230,28.013245033112582,28.2
Male,No,0.0,Not Graduate,Yes,8666,2083,650,480.0,,Urban,Y,10749,16.51152073732719,16.536923076923078
Female,No,3.0,Not Graduate,No,10000,4167,158,240.0,0.0,Rural,Y,14167,89.1006289308176,89.66455696202532
Male,No,3.0,Not Graduate,,2439,5750,136,84.0,,Urban,N,8189,59.77372262773723,60.213235294117645
,No,0.0,Not Graduate,No,5786,2416,225,240.0,0.0,Rural,Y,8202,36.29203539823009,36.45333333333333
,Yes,0.0,Graduate,No,3846,1843,182,300.0,1.0,Semiurban,N,5689,31.08743169398907,31.25824175824176
Male,,3.0,Graduate,,3052,4595,85,240.0,0.0,Urban,N,7647,88.9186046511628,89.96470588235294
Female,No,3.0,Not Graduate,,3500,830,95,360.0,,Semiurban,N,4330,45.10416666666666,45.578947368421055
Male,Yes,,Graduate,No,5667,3369,47,84.0,,Rural,N,9036,188.25,192.25531914893617
,Yes,3.0,Graduate,,4950,2083,228,360.0,1.0,Urban,N,7033,30.7117903930131,30.846491228070175
Female,No,0.0,Graduate,No,6400,985,35,,0.0,Urban,Y,7385,205.13888888888889,211.0
Female,Yes,0.0,Graduate,,8333,3263,490,84.0,0.0,Semiurban,N,11596,23.61710794297352,23.66530612244898
,,,Not Graduate,,1977,1083,90,240.0,0.0,Semiurban,Y,3060,33.62637362637363,34.0
Male,,3.0,Not Graduate,,7100,0,95,360.0,,Semiurban,N,7100,73.95833333333333,74.73684210526316
Male,,1.0,Not Graduate,No,7200,4167,139,180.0,0.0,Urban,N,11367,81.19285714285714,81.77697841726619
Female,No,2.0,Graduate,Yes,1000,983,495,180.0,0.0,Rural,Y,1983,3.997983870967742,4.006060606060606
Female,,2.0,Graduate,Yes,15000,754,228,240.0,0.0,Urban,N,15754,68.79475982532752,69.09649122807018
,,0.0,Graduate,No,7100,1868,70,180.0,1.0,Semiurban,Y,8968,126.30985915492958,128.11428571428573
Male,Yes,2.0,Graduate,,2483,1083,228,300.0,0.0,Semiurban,Y,3566,15.572052401746724,15.640350877192983
,Yes,,Not Graduate,No,7100,2045,495,180.0,1.0,Rural,N,9145,18.4375,18.474747474747474
Male,No,1.0,Not Graduate,No,13650,4750,116,480.0,0.0,Semiurban,N,18400,157.26495726495727,158.6206896551724
Male,,3.0,Not Graduate,,5667,4866,95,360.0,,Urban,N,10533,109.71875,110.87368421052632
Male,No,1.0,Graduate,,5266,1030,113,120.0,1.0,Rural,N,6296,55.2280701754386,55.716814159292035
Male,No,2.0,Graduate,Yes,2600,3500,115,180.0,1.0,Urban,Y,6100,52.58620689655172,53.04347826086956
Male,No,2.0,Graduate,No,4583,3066,187,,0.0,Rural,Y,7649,40.68617021276596,40.903743315508024
Male,,1.0,Not Graduate,Yes,8666,5250,154,120.0,1.0,Rural,Y,13916,89.78064516129032,90.36363636363636
,Yes,2.0,Graduate,No,1000,3500,78,,,Urban,N,4500,56.962025316455694,57.69230769230769
Male,Yes,1.0,Graduate,Yes,2718,4417,99,240.0,1.0,Semiurban,Y,7135,71.35,72.07070707070707
Male,No,2.0,Not Graduate,Yes,1928,1250,600,180.0,0.0,Rural,Y,3178,5.287853577371048,5.296666666666667
Male,No,,Graduate,No,2583,1800,275,360.0,,Semiurban,N,4383,15.880434782608695,15.938181818181818
,,,Not Graduate,No,7100,1800,495,360.0,,Urban,N,8900,17.943548387096776,17.97979797979798
Male,No,1.0,Not Graduate,,6747,2750,55,60.0,1.0,Semiurban,N,9497,169.58928571428572,172.6727272727273
Female,Yes,0.0,Graduate,No,13650,1083,267,300.0,,Rural,N,14733,54.973880597014926,55.17977528089887
Female,,,Graduate,No,3189,4866,98,120.0,0.0,Rural,N,8055,81.36363636363636,82.1938775510204
Male,,,Graduate,Yes,2577,830,59,120.0,1.0,Semiurban,N,3407,56.78333333333333,57.74576271186441
Female,,1.0,Not Graduate,No,2473,2000,70,180.0,0.0,Rural,N,4473,63.0,63.9
Male,Yes,,Graduate,Yes,3189,1666,376,120.0,,Urban,Y,4855,12.877984084880636,12.912234042553191
Female,No,,Graduate,,12000,3583,308,84.0,,Rural,N,15583,50.43042071197411,50.59415584415584
,Yes,3.0,Not Graduate,Yes,12000,1459,94,300.0,,Rural,Y,13459,141.67368421052632,143.18085106382978
Female,Yes,,Not Graduate,Yes,3750,688,76,120.0,1.0,Rural,Y,4438,57.63636363636363,58.39473684210526
Male,,3.0,Graduate,Yes,2132,983,600,480.0,,Rural,N,3115,5.183028286189684,5.191666666666666
Female,Yes,3.0,Graduate,No,2183,985,125,120.0,1.0,Rural,Y,3168,25.142857142857142,25.344
Male,,2.0,Graduate,No,5266,0,137,,,Urban,Y,5266,38.15942028985507,38.43795620437956
,Yes,2.0,Graduate,Yes,3250,3066,201,480.0,,Urban,N,6316,31.26732673267327,31.422885572139304
Male,,1.0,Graduate,No,8000,1640,88,84.0,0.0,Rural,N,9640,108.31460674157304,109.54545454545455
Male,Yes,,Graduate,No,2483,2583,155,60.0,0.0,Semiurban,N,5066,32.47435897435897,32.68387096774194
Male,,3.0,Graduate,,4300,985,99,240.0,1.0,Urban,N,5285,52.85,53.38383838383838
,,2.0,Not Graduate,Yes,1928,3333,150,120.0,,Rural,N,5261,34.841059602649004,35.07333333333333
Male,,2.0,Graduate,No,8000,985,59,480.0,1.0,Semiurban,Y,8985,149.75,152.28813559322035
Male,,3.0,Not Graduate,,3083,4167,116,180.0,,Urban,N,7250,61.965811965811966,62.5
Male,Yes,0.0,Graduate,,12841,4595,50,60.0,1.0,Urban,N,17436,341.88235294117646,348.72
,Yes,3.0,Graduate,No,2178,3167,99,84.0,0.0,Rural,N,5345,53.45,53.98989898989899
Male,,2.0,Graduate,No,3666,1800,490,84.0,1.0,Semiurban,N,5466,11.132382892057027,11.155102040816326
,,0.0,Not Graduate,,3250,2142,166,84.0,1.0,Semiurban,Y,5392,32.2874251497006,32.48192771084337
,No,,Not Graduate,,2383,2000,300,60.0,,Rural,Y,4383,14.561461794019934,14.61
,,3.0,Graduate,Yes,7451,688,320,240.0,1.0,Rural,Y,8139,25.35514018691589,25.434375
Male,No,2.0,Graduate,Yes,3333,5654,285,300.0,0.0,Rural,N,8987,31.423076923076923,31.533333333333335
,Yes,0.0,Not Graduate,Yes,2483,5250,200,300.0,1.0,Rural,N,7733,38.4726368159204,38.665
Female,Yes,,Graduate,No,5166,3263,370,60.0,1.0,Semiurban,Y,8429,22.71967654986523,22.78108108108108
Female,No,,Graduate,No,3800,2142,85,60.0,1.0,Urban,N,5942,69.09302325581395,69.90588235294118
Female,Yes,1.0,Not Graduate,No,2927,1929,115,120.0,1.0,Urban,N,4856,41.86206896551724,42.22608695652174
,,2.0,Graduate,No,5667,3583,180,,,Urban,N,9250,51.10497237569061,51.388888888888886
,Yes,2.0,Not Graduate,No,3625,2791,370,84.0,1.0,Semiurban,Y,6416,17.29380053908356,17.34054054054054
Male,Yes,,Not Graduate,No,12841,4750,133,,1.0,Urban,N,17591,131.27611940298507,132.26315789473685
,No,,Graduate,Yes,2200,2853,200,84.0,,Rural,N,5053,25.139303482587064,25.265
Male,No,1.0,Not Graduate,,7333,3333,154,480.0,0.0,Rural,N,10666,68.81290322580645,69.25974025974025
Male,Yes,3.0,Not Graduate,,7333,4167,100,,0.0,Urban,N,11500,113.86138613861388,115.0
Male,Yes,0.0,Not Graduate,,2483,2045,78,60.0,,Rural,Y,4528,57.31645569620253,58.05128205128205
Male,No,2.0,Not Graduate,Yes,3189,4300,155,240.0,,Urban,N,7489,48.006410256410255,48.31612903225806
Female,,0.0,Graduate,,1863,1640,97,60.0,1.0,Semiurban,Y,3503,35.744897959183675,36.11340206185567
,,,Graduate,No,2666,1083,99,180.0,0.0,Urban,N,3749,37.49,37.86868686868687
Female,No,1.0,Not Graduate,No,7451,3369,35,300.0,1.0,Rural,N,10820,300.55555555555554,309.14285714285717
Female,,1.0,Graduate,Yes,13650,3440,180,360.0,0.0,Rural,Y,17090,94.41988950276244,94.94444444444444
,Yes,2.0,Not Graduate,No,5667,3806,240,,1.0,Rural,N,9473,39.30705394190871,39.47083333333333
Male,,1.0,Graduate,,5266,2583,165,480.0,1.0,Urban,N,7849,47.28313253012048,47.56969696969697
Female,Yes,1.0,Not Graduate,No,5166,800,187,120.0,1.0,Rural,N,5966,31.73404255319149,31.90374331550802
Male,Yes,2.0,Graduate,No,2395,800,63,300.0,,Semiurban,N,3195,49.921875,50.714285714285715
Female,,1.0,Not Graduate,,3029,3333,160,60.0,1.0,Rural,N,6362,39.51552795031056,39.7625
Female,,3.0,Not Graduate,No,3052,5701,133,,0.0,Urban,N,8753,65.32089552238806,65.81203007518798
Male,,,Not Graduate,No,6747,4000,154,360.0,,Urban,N,10747,69.33548387096774,69.78571428571429
,,0.0,Not Graduate,Yes,3750,700,350,180.0,1.0,Rural,N,4450,12.67806267806268,12.714285714285714
Female,No,2.0,Graduate,No,6250,700,210,,,Semiurban,N,6950,32.93838862559242,33.095238095238095
Male,Yes,1.0,Not Graduate,Yes,2708,2083,315,84.0,1.0,Semiurban,Y,4791,15.16139240506329,15.209523809523809
Female,,,Not Graduate,No,12000,500,88,120.0,1.0,Rural,N,12500,140.4494382022472,142.04545454545453
,,0.0,Not Graduate,Yes,5786,5750,165,240.0,1.0,Semiurban,N,11536,69.49397590361446,69.91515151515152
Female,,,Not Graduate,,3083,3066,30,480.0,,Semiurban,Y,6149,198.3548387096774,204.96666666666667
,Yes,1.0,Not Graduate,Yes,2833,700,141,180.0,,Rural,N,3533,24.880281690140844,25.05673758865248
Male,,,Graduate,Yes,2147,500,47,480.0,,Semiurban,N,2647,55.145833333333336,56.319148936170215
Male,Yes,3.0,Not Graduate,,3250,2083,98,120.0,1.0,Rural,N,5333,53.86868686868687,54.41836734693877
Male,No,1.0,Not Graduate,Yes,24763,2142,255,120.0,1.0,Semiurban,Y,26905,105.09765625,105.50980392156863
,,,Graduate,,150,3750,182,60.0,0.0,Semiurban,N,3900,21.311475409836067,21.428571428571427
Male,Yes,2.0,Not Graduate,,2237,0,110,300.0,1.0,Rural,N,2237,20.153153153153152,20.336363636363636
,,2.0,Not Graduate,,7100,2416,200,240.0,,Urban,N,9516,47.34328358208956,47.58
,Yes,1.0,Graduate,,2500,1666,131,84.0,1.0,Semiurban,N,4166,31.560606060606062,31.801526717557252
,Yes,,Graduate,,2266,688,312,360.0,1.0,Rural,N,2954,9.437699680511182,9.467948717948717
Female,Yes,2.0,Graduate,No,8666,3440,308,84.0,0.0,Semiurban,N,12106,39.17799352750809,39.3051948051948
Male,,3.0,Graduate,Yes,2483,3600,55,84.0,,Urban,Y,6083,108.625,110.6
,,,Graduate,No,2178,1929,131,84.0,1.0,Urban,Y,4107,31.113636363636363,31.35114503816794
Male,Yes,1.0,Not Graduate,,2439,1516,124,120.0,0.0,Rural,Y,3955,31.64,31.89516129032258
,,3.0,Graduate,,2333,4983,700,84.0,1.0,Semiurban,N,7316,10.436519258202567,10.451428571428572
,,2.0,Not Graduate,,3625,2142,47,,0.0,Rural,Y,5767,120.14583333333331,122.70212765957447
Male,,,Not Graduate,No,2950,2750,75,180.0,0.0,Urban,N,5700,75.0,76.0
Female,No,0.0,Not Graduate,No,2014,4983,17,120.0,1.0,Semiurban,N,6997,388.72222222222223,411.5882352941176
,,0.0,Graduate,,3522,0,133,300.0,1.0,Urban,N,3522,26.28358208955224,26.481203007518797
,No,2.0,Graduate,No,12841,5250,78,120.0,0.0,Urban,Y,18091,229.0,231.93589743589743
Female,,1.0,Graduate,No,13650,1213,81,120.0,1.0,Rural,N,14863,181.2560975609756,183.49382716049382
,,3.0,Graduate,Yes,12841,3333,59,120.0,1.0,Rural,N,16174,269.56666666666666,274.135593220339
Female,,0.0,Not Graduate,No,8333,3750,255,60.0,0.0,Semiurban,N,12083,47.19921875,47.384313725490195
Male,Yes,2.0,Graduate,No,8333,2330,98,480.0,,Rural,N,10663,107.70707070707071,108.8061224489796
Male,,3.0,Not Graduate,No,11000,900,97,120.0,0.0,Rural,N,11900,121.42857142857144,122.68041237113403
Male,Yes,1.0,Not Graduate,Yes,15000,700,320,300.0,1.0,Semiurban,Y,15700,48.90965732087228,49.0625
,No,0.0,Graduate,Yes,9323,2853,320,240.0,0.0,Rural,Y,12176,37.93146417445483,38.05
Female,,3.0,Graduate,No,2718,4000,136,84.0,1.0,Rural,N,6718,49.03649635036496,49.39705882352941
Female,No,0.0,Graduate,No,5417,4983,490,300.0,,Rural,Y,10400,21.181262729124235,21.224489795918366
Female,,1.0,Not Graduate,Yes,3666,0,201,60.0,,Rural,N,3666,18.14851485148515,18.238805970149254
,Yes,3.0,Not Graduate,,2833,5701,650,,1.0,Semiurban,N,8534,13.10906298003072,13.12923076923077
Male,,,Graduate,Yes,2266,3022,376,84.0,0.0,Rural,Y,5288,14.026525198938993,14.063829787234043
,,,Graduate,,3800,4300,30,,0.0,Urban,Y,8100,261.2903225806452,270.0
Female,No,0.0,Not Graduate,Yes,1000,1800,150,120.0,0.0,Semiurban,N,2800,18.543046357615893,18.666666666666668
Female,Yes,2.0,Not Graduate,No,8333,5250,350,60.0,0.0,Rural,Y,13583,38.6980056980057,38.808571428571426
,Yes,1.0,Not Graduate,No,1800,4983,210,84.0,1.0,Urban,N,6783,32.14691943127962,32.3
Female,,0.0,Graduate,No,2799,5701,136,,,Rural,Y,8500,62.04379562043796,62.5
Female,No,1.0,Not Graduate,,5266,900,78,360.0,0.0,Rural,N,6166,78.0506329113924,79.05128205128206
Male,Yes,,Not Graduate,,2500,1640,81,120.0,1.0,Semiurban,N,4140,50.48780487804878,51.111111111111114
Female,,0.0,Graduate,Yes,2301,2416,30,240.0,,Semiurban,N,4717,152.16129032258064,157.23333333333332
Male,Yes,0.0,Graduate,,2875,2531,255,60.0,,Urban,N,5406,21.1171875,21.2
,,,Graduate,No,2500,3806,158,120.0,1.0,Semiurban,N,6306,39.66037735849056,39.91139240506329
Female,Yes,2.0,Graduate,,1625,5250,85,240.0,0.0,Rural,Y,6875,79.94186046511628,80.88235294117646
Female,,0.0,Graduate,No,2071,1843,90,84.0,0.0,Semiurban,N,3914,43.010989010989015,43.48888888888889
Female,Yes,3.0,Not Graduate,Yes,5042,1800,95,84.0,1.0,Semiurban,Y,6842,71.27083333333333,72.02105263157895
,No,2.0,Not Graduate,,2014,1030,17,84.0,0.0,Rural,N,3044,169.11111111111111,179.05882352941177
Female,No,1.0,Not Graduate,No,6747,1666,70,60.0,,Urban,N,8413,118.49295774647888,120.18571428571428
,,,Not Graduate,No,2400,900,67,240.0,0.0,Urban,N,3300,48.52941176470589,49.25373134328358
Male,Yes,2.0,Graduate,No,3333,1451,72,,,Urban,N,4784,65.53424657534246,66.44444444444444
Female,,3.0,Graduate,Yes,3846,983,93,300.0,,Semiurban,Y,4829,51.37234042553192,51.924731182795696
Female,,3.0,Not Graduate,,13650,4417,141,360.0,0.0,Urban,N,18067,127.23239436619718,128.13475177304966
,Yes,0.0,Not Graduate,,5500,3369,95,120.0,0.0,Semiurban,N,8869,92.38541666666669,93.3578947368421
,Yes,3.0,Not Graduate,,20166,4750,35,360.0,,Rural,Y,24916,692.1111111111111,711.8857142857142
Female,No,3.0,Graduate,No,20166,2667,144,180.0,0.0,Urban,N,22833,157.46896551724137,158.5625
Female,No,1.0,Not Graduate,Yes,2014,3369,112,84.0,1.0,Rural,N,5383,47.63716814159292,48.0625
,Yes,1.0,Graduate,,2600,830,83,300.0,0.0,Rural,N,3430,40.833333333333336,41.325301204819276
Female,No,3.0,Graduate,,4950,736,124,180.0,,Rural,Y,5686,45.488,45.854838709677416
,No,0.0,Graduate,Yes,6747,5266,94,,0.0,Semiurban,Y,12013,126.45263157894736,127.79787234042553
Male,Yes,3.0,Graduate,Yes,3189,4167,90,180.0,1.0,Rural,N,7356,80.83516483516483,81.73333333333333
,No,,Not Graduate,,5000,2383,315,300.0,1.0,Semiurban,N,7383,23.36392405063291,23.438095238095237
Female,No,2.0,Not Graduate,,24763,900,112,480.0,1.0,Rural,Y,25663,227.10619469026548,229.13392857142858
Female,No,,Graduate,,4000,1516,75,300.0,1.0,Rural,N,5516,72.57894736842105,73.54666666666667
Female,,1.0,Not Graduate,No,4950,3500,155,,1.0,Rural,N,8450,54.16666666666666,54.516129032258064
,No,1.0,Graduate,,2708,4866,110,240.0,0.0,Semiurban,N,7574,68.23423423423424,68.85454545454546
Male,,,Graduate,No,2833,7750,67,300.0,1.0,Urban,N,10583,155.63235294117646,157.955223880597
Female,No,1.0,Not Graduate,Yes,3000,3066,94,120.0,,Rural,N,6066,63.85263157894737,64.53191489361703
,,0.0,Not Graduate,,2147,754,104,480.0,0.0,Semiurban,N,2901,27.62857142857143,27.89423076923077
Male,No,2.0,Graduate,No,9323,3369,290,480.0,0.0,Urban,N,12692,43.61512027491409,43.765517241379314
Female,No,,Graduate,No,3029,1300,76,84.0,1.0,Rural,Y,4329,56.22077922077922,56.96052631578947
Male,,3.0,Graduate,No,3600,3806,495,180.0,1.0,Urban,N,7406,14.931451612903226,14.961616161616162
Male,,2.0,Not Graduate,No,2491,4196,90,84.0,0.0,Semiurban,N,6687,73.48351648351648,74.3
,,,Not Graduate,,3625,754,376,180.0,1.0,Semiurban,N,4379,11.615384615384617,11.64627659574468
Male,Yes,3.0,Graduate,,3189,4417,240,84.0,,Urban,N,7606,31.560165975103736,31.691666666666666
Male,,2.0,Graduate,No,12000,3333,96,84.0,0.0,Urban,N,15333,158.0721649484536,159.71875
Female,,0.0,Graduate,Yes,2645,4300,50,480.0,,Urban,N,6945,136.1764705882353,138.9
Male,Yes,0.0,Graduate,No,2718,3167,83,,,Rural,Y,5885,70.05952380952381,70.90361445783132
,Yes,,Not Graduate,,3189,4167,133,360.0,1.0,Semiurban,N,7356,54.8955223880597,55.30827067669173
Male,Yes,0.0,Not Graduate,No,2799,736,97,120.0,,Rural,N,3535,36.07142857142857,36.44329896907217
,No,1.0,Not Graduate,Yes,7100,6250,85,300.0,0.0,Rural,N,13350,155.2325581395349,157.05882352941177
Female,No,2.0,Not Graduate,Yes,5316,2583,182,300.0,1.0,Semiurban,Y,7899,43.16393442622951,43.4010989010989
Female,,1.0,Not Graduate,Yes,3189,6000,112,360.0,0.0,Rural,N,9189,81.31858407079646,82.04464285714286
Female,Yes,1.0,Graduate,,5316,4167,210,84.0,,Urban,N,9483,44.943127962085306,45.15714285714286
Female,Yes,0.0,Not Graduate,Yes,3200,2250,192,,,Semiurban,N,5450,28.23834196891192,28.385416666666668
Male,,2.0,Not Graduate,,6080,7210,180,240.0,1.0,Urban,N,13290,73.42541436464089,73.83333333333333
Male,No,3.0,Graduate,Yes,8666,2583,267,,,Urban,N,11249,41.973880597014926,42.1310861423221
Female,Yes,2.0,Not Graduate,,3333,900,160,360.0,1.0,Rural,N,4233,26.29192546583851,26.45625
Male,Yes,0.0,Graduate,,3750,1451,94,360.0,,Semiurban,Y,5201,54.74736842105264,55.329787234042556
,No,3.0,Graduate,,2333,5654,152,480.0,,Rural,N,7987,52.20261437908497,52.546052631578945
,Yes,,Not Graduate,No,150,1800,300,120.0,0.0,Rural,Y,1950,6.4784053156146175,6.5
Female,No,,Not Graduate,,2927,5250,128,300.0,,Semiurban,N,8177,63.3875968992248,63.8828125
Male,,0.0,Not Graduate,,2071,900,285,480.0,,Urban,Y,2971,10.388111888111888,10.424561403508772
Male,Yes,1.0,Graduate,Yes,2577,7750,136,360.0,,Semiurban,N,10327,75.37956204379562,75.93382352941177
Male,,1.0,Not Graduate,Yes,3366,3500,80,300.0,1.0,Rural,N,6866,84.76543209876543,85.825
Female,Yes,,Graduate,Yes,2875,1516,650,240.0,1.0,Rural,N,4391,6.745007680491551,6.7553846153846155
,Yes,3.0,Graduate,,2718,0,255,360.0,,Rural,Y,2718,10.6171875,10.658823529411764
Male,,2.0,Not Graduate,No,2200,3333,110,300.0,1.0,Semiurban,N,5533,49.84684684684685,50.3
,,2.0,Graduate,No,3846,3440,85,240.0,1.0,Urban,N,7286,84.72093023255815,85.71764705882353
,No,1.0,Not Graduate,Yes,4950,5250,320,60.0,,Semiurban,N,10200,31.77570093457944,31.875
Female,No,0.0,Not Graduate,,7451,1300,315,120.0,0.0,Semiurban,N,8751,27.693037974683545,27.78095238095238
Female,No,1.0,Graduate,,3189,983,133,300.0,0.0,Rural,N,4172,31.13432835820896,31.36842105263158
Female,No,0.0,Not Graduate,,3625,4750,85,84.0,,Semiurban,N,8375,97.38372093023256,98.52941176470588
Female,,3.0,Not Graduate,Yes,9323,3333,50,60.0,1.0,Semiurban,N,12656,248.15686274509804,253.12
Male,Yes,0.0,Not Graduate,Yes,2500,3600,99,180.0,0.0,Semiurban,N,6100,61.0,61.61616161616162
Female,Yes,0.0,Not Graduate,Yes,3416,1516,160,360.0,,Urban,Y,4932,30.633540372670808,30.825
,,3.0,Graduate,No,5417,4300,114,84.0,,Rural,N,9717,84.49565217391304,85.23684210526316
,Yes,3.0,Not Graduate,No,9323,1300,312,180.0,0.0,Rural,N,10623,33.93929712460064,34.04807692307692
Male,Yes,1.0,Graduate,,150,3600,290,180.0,1.0,Urban,N,3750,12.88659793814433,12.931034482758621
Male,,1.0,Graduate,No,2483,1516,128,60.0,,Rural,N,3999,31.0,31.2421875
Male,Yes,3.0,Graduate,Yes,2071,4486,124,84.0,0.0,Urban,N,6557,52.456,52.87903225806452
Female,,1.0,Not Graduate,No,1000,4595,228,,1.0,Urban,Y,5595,24.43231441048035,24.539473684210527
,No,0.0,Not Graduate,,5316,2133,600,,,Semiurban,N,7449,12.394342762063228,12.415
Male,Yes,0.0,Graduate,Yes,8666,1030,255,60.0,,Rural,N,9696,37.875,38.023529411764706
,No,0.0,Not Graduate,No,12841,1500,315,,,Rural,N,14341,45.38291139240506,45.526984126984125
,No,3.0,Graduate,No,3625,983,118,300.0,1.0,Semiurban,N,4608,38.72268907563025,39.05084745762712
Male,Yes,1.0,Graduate,Yes,3800,1843,200,84.0,1.0,Semiurban,Y,5643,28.074626865671643,28.215
Female,No,,Graduate,No,4843,3333,74,60.0,,Rural,N,8176,109.01333333333334,110.48648648648648
,Yes,,Not Graduate,,2183,4000,131,,0.0,Urban,N,6183,46.84090909090909,47.19847328244275
,No,3.0,Not Graduate,,3189,2133,93,,0.0,Semiurban,Y,5322,56.61702127659574,57.225806451612904
Female,,,Not Graduate,No,2400,1500,155,,,Semiurban,N,3900,25.0,25.161290322580644
Female,,0.0,Not Graduate,,3416,3806,267,,0.0,Urban,N,7222,26.94776119402985,27.04868913857678
Male,No,3.0,Not Graduate,No,2183,3167,97,300.0,0.0,Semiurban,N,5350,54.59183673469388,55.154639175257735
Female,,1.0,Graduate,Yes,1625,5250,104,84.0,1.0,Rural,N,6875,65.47619047619048,66.10576923076923
,No,,Graduate,,3073,3369,139,84.0,,Semiurban,N,6442,46.01428571428571,46.34532374100719
Male,No,3.0,Graduate,,3000,1500,300,60.0,1.0,Semiurban,N,4500,14.950166112956811,15.0
Female,,,Not Graduate,No,3500,3022,158,180.0,0.0,Rural,N,6522,41.0188679245283,41.278481012658226
Female,,,Not Graduate,Yes,2237,2000,74,180.0,0.0,Urban,Y,4237,56.49333333333333,57.25675675675676
Male,No,3.0,Not Graduate,No,4583,4417,114,180.0,,Semiurban,Y,9000,78.26086956521739,78.94736842105263
,,0.0,Graduate,No,1800,2667,17,84.0,0.0,Semiurban,Y,4467,248.16666666666663,262.7647058823529
Female,Yes,2.0,Graduate,,4843,2133,165,300.0,0.0,Urban,N,6976,42.024096385542165,42.27878787878788
,No,0.0,Not Graduate,No,2060,1030,225,180.0,0.0,Semiurban,Y,3090,13.672566371681416,13.733333333333333
Male,Yes,0.0,Graduate,No,2200,1666,180,180.0,0.0,Urban,N,3866,21.35911602209945,21.477777777777778
,No,,Not Graduate,Yes,24763,1868,137,240.0,0.0,Rural,N,26631,192.9782608695652,194.38686131386862
,,,Graduate,No,2014,1929,116,480.0,0.0,Urban,N,3943,33.7008547008547,33.991379310344826
Male,No,3.0,Graduate,No,2200,4595,70,84.0,,Semiurban,N,6795,95.70422535211269,97.07142857142857
,No,0.0,Graduate,Yes,20166,688,30,84.0,,Rural,N,20854,672.7096774193549,695.1333333333333
Female,Yes,,Not Graduate,,7100,5654,97,360.0,0.0,Rural,N,12754,130.14285714285714,131.48453608247422
,No,0.0,Graduate,,2479,900,30,120.0,,Semiurban,N,3379,109.0,112.63333333333334
Male,Yes,3.0,Graduate,Yes,8666,3750,128,360.0,1.0,Semiurban,Y,12416,96.24806201550388,97.0
Male,,2.0,Not Graduate,Yes,2333,3806,122,84.0,0.0,Urban,N,6139,49.91056910569106,50.31967213114754
,,2.0,Graduate,No,2000,3449,150,180.0,0.0,Rural,N,5449,36.086092715231786,36.32666666666667
,No,3.0,Not Graduate,,7451,736,88,120.0,1.0,Urban,N,8187,91.98876404494382,93.0340909090909
Male,No,3.0,Graduate,Yes,2483,6000,228,300.0,,Urban,Y,8483,37.043668122270745,37.20614035087719
Male,,2.0,Not Graduate,No,3846,5625,349,480.0,1.0,Urban,N,9471,27.06,27.13753581661891
Female,Yes,1.0,Not Graduate,,2014,7210,300,180.0,,Rural,N,9224,30.64451827242525,30.746666666666666
Female,,3.0,Graduate,,5266,2500,175,240.0,0.0,Rural,Y,7766,44.125,44.37714285714286
Female,,1.0,Not Graduate,Yes,2718,985,349,120.0,0.0,Rural,N,3703,10.58,10.61031518624642
Female,,2.0,Not Graduate,Yes,3600,2133,75,300.0,0.0,Urban,Y,5733,75.4342105263158,76.44
Female,Yes,3.0,Graduate,,2583,3369,81,480.0,,Rural,N,5952,72.58536585365853,73.48148148148148
Female,No,0.0,Graduate,No,2875,2667,97,,,Urban,Y,5542,56.55102040816327,57.134020618556704
,,3.0,Not Graduate,No,2333,1868,75,300.0,,Rural,N,4201,55.276315789473685,56.013333333333335
Female,No,1.0,Graduate,Yes,2718,7210,208,480.0,0.0,Urban,N,9928,47.50239234449761,47.73076923076923
Female,No,0.0,Graduate,,3189,2531,165,240.0,0.0,Rural,Y,5720,34.45783132530121,34.666666666666664
Male,Yes,3.0,Graduate,,2060,830,125,300.0,0.0,Rural,N,2890,22.936507936507937,23.12
Male,,,Not Graduate,Yes,2473,4300,47,60.0,0.0,Urban,N,6773,141.10416666666666,144.10638297872342
Male,,,Not Graduate,No,2000,2667,125,480.0,0.0,Rural,N,4667,37.03968253968254,37.336
Male,,3.0,Not Graduate,No,2577,1330,35,300.0,0.0,Urban,N,3907,108.52777777777776,111.62857142857143
Female,No,2.0,Not Graduate,Yes,2483,4750,58,240.0,0.0,Urban,N,7233,122.59322033898304,124.70689655172414
Female,Yes,1.0,Graduate,No,2833,4300,137,240.0,0.0,Urban,N,7133,51.68840579710145,52.065693430656935
Male,Yes,2.0,Graduate,,5667,1459,152,300.0,0.0,Rural,N,7126,46.57516339869281,46.88157894736842
Female,Yes,2.0,Graduate,,8333,3440,225,180.0,1.0,Urban,N,11773,52.0929203539823,52.324444444444445
Male,,2.0,Not Graduate,Yes,10513,1451,110,120.0,1.0,Rural,Y,11964,107.7837837837838,108.76363636363637
,Yes,0.0,Not Graduate,,4583,3806,122,84.0,1.0,Urban,Y,8389,68.20325203252033,68.76229508196721
,,3.0,Not Graduate,Yes,2200,3806,99,84.0,,Rural,N,6006,60.06,60.666666666666664
,No,1.0,Graduate,Yes,3083,3066,700,120.0,0.0,Semiurban,N,6149,8.771754636233952,8.784285714285714
Male,Yes,,Not Graduate,,12000,3750,275,84.0,1.0,Urban,N,15750,57.06521739130435,57.27272727272727
,No,0.0,Graduate,No,9323,4167,201,240.0,,Semiurban,Y,13490,66.78217821782178,67.11442786069652
Male,,,Not Graduate,,4583,7750,55,84.0,1.0,Semiurban,N,12333,220.2321428571429,224.23636363636365
Male,Yes,1.0,Not Graduate,,2183,2750,140,300.0,,Rural,N,4933,34.98581560283688,35.23571428571429
Female,No,0.0,Graduate,No,2833,754,312,240.0,,Urban,Y,3587,11.46006389776358,11.496794871794872
Male,No,,Graduate,,2645,900,95,240.0,0.0,Rural,N,3545,36.927083333333336,37.31578947368421
,Yes,0.0,Graduate,No,3167,2416,150,180.0,,Urban,N,5583,36.97350993377484,37.22
,Yes,3.0,Graduate,,3250,830,208,,,Rural,N,4080,19.52153110047847,19.615384615384617
,,1.0,Graduate,Yes,3750,3750,112,120.0,1.0,Urban,Y,7500,66.3716814159292,66.96428571428571
Male,Yes,1.0,Not Graduate,No,7451,2083,93,480.0,,Rural,N,9534,101.4255319148936,102.51612903225806
Female,,1.0,Not Graduate,No,2473,3066,72,360.0,,Rural,N,5539,75.87671232876713,76.93055555555556
Female,Yes,2.0,Graduate,Yes,1800,5750,50,180.0,,Urban,N,7550,148.0392156862745,151.0
Female,No,2.0,Graduate,,5266,4866,109,60.0,,Urban,N,10132,92.10909090909092,92.95412844036697
,,,Graduate,Yes,3200,2500,495,180.0,0.0,Urban,Y,5700,11.491935483870968,11.515151515151516
Male,,1.0,Not Graduate,,2014,2133,144,120.0,,Urban,Y,4147,28.6,28.79861111111111
Female,Yes,1.0,Graduate,Yes,2200,7210,228,84.0,,Rural,N,9410,41.09170305676856,41.271929824561404
Male,Yes,0.0,Not Graduate,,1928,1213,436,,,Urban,Y,3141,7.187643020594965,7.204128440366972
Female,No,2.0,Graduate,No,3800,985,201,300.0,1.0,Semiurban,N,4785,23.68811881188119,23.80597014925373
Female,Yes,0.0,Not Graduate,Yes,2383,1213,160,120.0,,Urban,N,3596,22.33540372670808,22.475
Female,,2.0,Graduate,No,12000,2250,122,84.0,0.0,Semiurban,Y,14250,115.85365853658536,116.80327868852459
Male,Yes,0.0,Graduate,Yes,2577,3263,109,300.0,1.0,Semiurban,N,5840,53.09090909090909,53.57798165137615
Female,No,0.0,Graduate,No,2600,5625,154,300.0,,Urban,N,8225,53.064516129032256,53.40909090909091
Male,,3.0,Graduate,No,1625,736,63,180.0,,Urban,N,2361,36.890625,37.476190476190474
Female,No,0.0,Graduate,No,2000,5654,300,,,Rural,N,7654,25.428571428571427,25.513333333333332
Male,No,3.0,Not Graduate,Yes,1000,2750,225,480.0,,Urban,N,3750,16.5929203539823,16.666666666666668
,,1.0,Not Graduate,Yes,12841,2330,70,480.0,,Semiurban,N,15171,213.67605633802816,216.72857142857143
Female,No,0.0,Graduate,Yes,2875,3066,155,120.0,1.0,Rural,Y,5941,38.083333333333336,38.329032258064515
Female,Yes,3.0,Graduate,No,10513,3066,192,180.0,,Rural,N,13579,70.35751295336787,70.72395833333333
Male,,0.0,Graduate,No,2183,500,650,,,Urban,Y,2683,4.121351766513057,4.127692307692308
,No,3.0,Not Graduate,,2000,1964,85,240.0,,Rural,N,3964,46.093023255813954,46.63529411764706
,No,3.0,Not Graduate,,9323,4866,93,240.0,1.0,Rural,Y,14189,150.9468085106383,152.56989247311827
Female,Yes,0.0,Not Graduate,No,3333,1964,66,,0.0,Rural,N,5297,79.05970149253731,80.25757575757575
,Yes,2.0,Graduate,,1977,1459,308,360.0,0.0,Rural,Y,3436,11.119741100323624,11.155844155844155
Female,No,3.0,Not Graduate,,2266,0,187,60.0,,Urban,Y,2266,12.0531914893617,12.117647058823529
Female,,3.0,Not Graduate,No,2000,1590,137,300.0,1.0,Urban,N,3590,26.014492753623188,26.204379562043794
Female,Yes,2.0,Not Graduate,Yes,2799,3600,166,84.0,0.0,Semiurban,Y,6399,38.31736526946108,38.54819277108434
Female,,0.0,Graduate,No,3029,3600,165,180.0,1.0,Urban,N,6629,39.93373493975904,40.17575757575757
Male,No,1.0,Not Graduate,,6080,3440,137,240.0,,Rural,Y,9520,68.98550724637681,69.48905109489051
Male,Yes,1.0,Graduate,,2491,2531,58,,,Rural,N,5022,85.11864406779661,86.58620689655173
Female,,2.0,Graduate,No,2577,7210,490,240.0,0.0,Urban,N,9787,19.932790224032587,19.973469387755102
Female,No,1.0,Not Graduate,,2147,2416,320,300.0,1.0,Urban,Y,4563,14.214953271028037,14.259375
Female,,3.0,Graduate,Yes,2060,2000,114,180.0,0.0,Rural,N,4060,35.30434782608695,35.6140350877193
Male,No,0.0,Not Graduate,,3333,1030,133,480.0,1.0,Semiurban,N,4363,32.559701492537314,32.80451127819549
Male,Yes,1.0,Graduate,Yes,3000,800,100,300.0,1.0,Rural,N,3800,37.62376237623762,38.0
Male,No,1.0,Graduate,Yes,2071,1590,58,300.0,1.0,Semiurban,Y,3661,62.05084745762712,63.12068965517241
,Yes,,Not Graduate,,7451,1800,124,84.0,,Semiurban,Y,9251,74.008,74.60483870967742
Male,,0.0,Not Graduate,,3600,3806,85,360.0,0.0,Urban,N,7406,86.11627906976744,87.12941176470588
Female,,,Graduate,,2400,2383,115,180.0,1.0,Rural,N,4783,41.23275862068966,41.59130434782609
,,,Graduate,No,3366,3440,97,120.0,,Urban,Y,6806,69.44897959183673,70.16494845360825
Female,,3.0,Not Graduate,,5500,7750,99,120.0,,Urban,N,13250,132.5,133.83838383838383
Male,Yes,0.0,Graduate,Yes,3750,6000,267,60.0,0.0,Urban,N,9750,36.38059701492537,36.51685393258427
,No,1.0,Graduate,No,5667,0,255,240.0,0.0,Urban,N,5667,22.13671875,22.223529411764705
,No,3.0,Graduate,No,24763,5750,350,300.0,1.0,Urban,N,30513,86.93162393162393,87.18
,No,2.0,Not Graduate,,3073,2531,113,,,Urban,N,5604,49.1578947368421,49.5929203539823
,Yes,1.0,Not Graduate,Yes,13650,2750,72,180.0,1.0,Rural,N,16400,224.65753424657527,227.77777777777777
,No,0.0,Graduate,,3073,3583,83,120.0,0.0,Urban,N,6656,79.23809523809524,80.19277108433735
Female,,2.0,Graduate,,2147,800,72,84.0,0.0,Rural,N,2947,40.36986301369863,40.93055555555556
Male,No,2.0,Graduate,No,2266,1843,315,480.0,1.0,Rural,N,4109,13.003164556962023,13.044444444444444
,No,0.0,Not Graduate,,1800,800,95,240.0,,Rural,N,2600,27.08333333333333,27.36842105263158
,,,Not Graduate,Yes,2645,500,113,240.0,0.0,Urban,Y,3145,27.587719298245613,27.831858407079647
,,2.0,Not Graduate,Yes,2583,3333,118,,1.0,Semiurban,N,5916,49.71428571428572,50.13559322033898
,No,,Not Graduate,,5417,3583,312,300.0,0.0,Rural,Y,9000,28.75399361022364,28.846153846153847
Female,,2.0,Graduate,,10513,2583,70,180.0,,Rural,N,13096,184.45070422535213,187.0857142857143
Female,,,Graduate,,2577,2667,285,240.0,1.0,Rural,N,5244,18.335664335664337,18.4
Female,Yes,0.0,Not Graduate,Yes,3052,5701,144,360.0,1.0,Urban,N,8753,60.36551724137931,60.78472222222222
Female,Yes,1.0,Graduate,Yes,3366,1459,192,,,Urban,N,4825,25.0,25.130208333333332
Female,No,3.0,Not Graduate,,2400,7210,228,84.0,0.0,Semiurban,N,9610,41.96506550218341,42.14912280701754
,,0.0,Graduate,No,3083,5701,90,,1.0,Rural,N,8784,96.52747252747253,97.6
Female,,1.0,Graduate,No,5042,900,275,180.0,0.0,Rural,Y,5942,21.52898550724637,21.607272727272726
Female,No,,Graduate,Yes,3029,5750,88,480.0,,Rural,Y,8779,98.64044943820224,99.76136363636364
,Yes,,Graduate,No,5417,5654,109,480.0,1.0,Semiurban,N,11071,100.64545454545454,101.56880733944953
Male,Yes,2.0,Graduate,Yes,1928,1640,128,360.0,,Urban,N,3568,27.65891472868217,27.875
Male,,3.0,Graduate,,10000,3449,166,60.0,0.0,Urban,N,13449,80.53293413173652,81.01807228915662
,No,2.0,Graduate,,2183,754,72,,0.0,Semiurban,Y,2937,40.23287671232877,40.791666666666664
,Yes,3.0,Graduate,Yes,10513,1800,300,480.0,1.0,Urban,Y,12313,40.906976744186046,41.04333333333334
Male,No,,Graduate,Yes,7451,6250,131,120.0,1.0,Urban,N,13701,103.79545454545456,104.58778625954199
,Yes,0.0,Not Graduate,Yes,3052,800,133,480.0,,Semiurban,N,3852,28.746268656716417,28.962406015037594
,Yes,1.0,Not Graduate,Yes,1800,3022,44,360.0,1.0,Urban,N,4822,107.15555555555557,109.5909090909091
Female,No,0.0,Graduate,No,2875,5625,109,,1.0,Urban,Y,8500,77.27272727272727,77.98165137614679
Female,Yes,2.0,Not Graduate,Yes,2577,5625,90,,1.0,Semiurban,N,8202,90.13186813186812,91.13333333333334
Female,No,,Not Graduate,No,2132,4196,93,120.0,1.0,Urban,N,6328,67.31914893617021,68.04301075268818
Male,Yes,0.0,Graduate,No,3333,2500,187,240.0,1.0,Rural,Y,5833,31.02659574468085,31.192513368983956
,Yes,1.0,Not Graduate,No,15000,2142,66,240.0,1.0,Urban,N,17142,255.8507462686567,259.72727272727275
,No,2.0,Graduate,Yes,6747,2853,275,60.0,0.0,Semiurban,N,9600,34.78260869565217,34.90909090909091
Male,Yes,1.0,Not Graduate,Yes,2718,754,140,60.0,,Rural,Y,3472,24.624113475177303,24.8
,No,2.0,Not Graduate,,2275,1330,275,,1.0,Urban,N,3605,13.06159420289855,13.10909090909091
Male,Yes,3.0,Graduate,,15000,7750,225,60.0,0.0,Urban,N,22750,100.66371681415929,101.11111111111111
Female,,,Not Graduate,,2708,985,285,60.0,,Semiurban,N,3693,12.912587412587412,12.957894736842105
Male,,3.0,Not Graduate,No,2950,1640,349,180.0,1.0,Rural,N,4590,13.114285714285714,13.151862464183381
Male,,2.0,Not Graduate,No,2333,1030,78,,1.0,Semiurban,Y,3363,42.56962025316456,43.11538461538461
Male,,0.0,Graduate,Yes,2950,5750,154,,,Semiurban,N,8700,56.12903225806452,56.493506493506494
Male,No,0.0,Graduate,,3167,3440,349,120.0,1.0,Urban,N,6607,18.877142857142857,18.931232091690543
,,,Graduate,Yes,20166,5250,72,480.0,,Rural,N,25416,348.16438356164383,353.0
Male,No,1.0,Not Graduate,,1800,700,55,360.0,0.0,Semiurban,Y,2500,44.642857142857146,45.45454545454545
,Yes,0.0,Not Graduate,,4843,2250,133,84.0,0.0,Semiurban,N,7093,52.93283582089552,53.330827067669176
Female,,,Not Graduate,No,2708,800,116,480.0,0.0,Semiurban,N,3508,29.982905982905983,30.24137931034483
Female,No,2.0,Not Graduate,Yes,2600,2500,490,360.0,1.0,Urban,Y,5100,10.386965376782078,10.408163265306122
,,1.0,Not Graduate,,12841,4300,376,180.0,1.0,Semiurban,Y,17141,45.46684350132626,45.587765957446805
,,,Graduate,No,2147,736,158,,1.0,Urban,N,2883,18.132075471698112,18.246835443037973
,No,2.0,Not Graduate,Yes,2200,830,30,300.0,1.0,Semiurban,N,3030,97.74193548387096,101.0
Female,Yes,2.0,Not Graduate,No,2500,4866,136,,0.0,Urban,Y,7366,53.76642335766423,54.161764705882355
Female,No,1.0,Graduate,,2266,1250,300,360.0,0.0,Semiurban,Y,3516,11.681063122923588,11.72
Male,No,1.0,Graduate,No,4843,1666,104,480.0,0.0,Semiurban,N,6509,61.99047619047619,62.58653846153846
Male,,0.0,Graduate,,3625,5266,81,,,Semiurban,N,8891,108.42682926829268,109.76543209876543
Male,Yes,0.0,Graduate,No,5417,2667,80,60.0,1.0,Semiurban,N,8084,99.80246913580248,101.05
Male,Yes,,Not Graduate,No,2799,0,133,180.0,0.0,Urban,Y,2799,20.888059701492537,21.045112781954888
,Yes,3.0,Not Graduate,No,2853,5701,187,60.0,,Semiurban,N,8554,45.5,45.74331550802139
Female,,,Graduate,No,2237,2330,315,300.0,,Rural,N,4567,14.45253164556962,14.498412698412698
Male,No,,Graduate,Yes,2333,3449,78,240.0,0.0,Rural,N,5782,73.18987341772151,74.12820512820512
Male,No,,Not Graduate,Yes,2479,1451,115,240.0,,Urban,N,3930,33.87931034482759,34.17391304347826
Female,Yes,0.0,Not Graduate,Yes,13650,1868,136,84.0,,Rural,N,15518,113.27007299270072,114.1029411764706
Male,No,0.0,Graduate,,3600,3750,165,60.0,1.0,Semiurban,Y,7350,44.27710843373494,44.54545454545455
,Yes,0.0,Graduate,No,5417,3583,154,84.0,,Semiurban,Y,9000,58.064516129032256,58.44155844155844
Male,,1.0,Not Graduate,Yes,7200,1459,285,84.0,1.0,Rural,N,8659,30.276223776223777,30.38245614035088
Male,Yes,3.0,Graduate,Yes,1800,983,120,360.0,,Rural,Y,2783,23.0,23.191666666666666
Female,Yes,3.0,Graduate,No,2600,1590,184,60.0,1.0,Urban,N,4190,22.64864864864865,22.77173913043478
Male,,0.0,Graduate,No,2071,1451,141,84.0,1.0,Semiurban,Y,3522,24.80281690140845,24.97872340425532
,Yes,3.0,Graduate,No,7100,1451,83,300.0,,Rural,Y,8551,101.79761904761904,103.02409638554217
Male,,0.0,Graduate,,3416,2000,98,480.0,1.0,Semiurban,N,5416,54.70707070707071,55.265306122448976
,No,3.0,Not Graduate,Yes,3333,2667,192,360.0,,Rural,N,6000,31.088082901554404,31.25
Female,No,,Graduate,No,2718,4167,110,360.0,,Rural,N,6885,62.02702702702703,62.59090909090909
Male,,3.0,Not Graduate,Yes,2600,4000,75,360.0,1.0,Semiurban,N,6600,86.84210526315789,88.0
Male,No,3.0,Graduate,No,2340,3022,131,240.0,0.0,Semiurban,N,5362,40.621212121212125,40.93129770992366
Male,,2.0,Not Graduate,No,3000,2583,225,120.0,,Urban,Y,5583,24.70353982300885,24.813333333333333
,No,2.0,Not Graduate,No,3189,2583,137,240.0,0.0,Urban,Y,5772,41.82608695652174,42.13138686131387
Male,,2.0,Graduate,,12000,754,176,60.0,1.0,Rural,N,12754,72.05649717514125,72.4659090909091
,,,Not Graduate,,2383,3066,495,360.0,0.0,Semiurban,Y,5449,10.985887096774194,11.008080808080807
Female,,1.0,Graduate,Yes,4300,4750,97,300.0,1.0,Semiurban,N,9050,92.3469387755102,93.29896907216495
Female,No,3.0,Not Graduate,Yes,3052,4486,285,60.0,0.0,Semiurban,N,7538,26.35664335664336,26.449122807017545
Male,No,,Not Graduate,Yes,2014,5266,100,180.0,,Rural,Y,7280,72.07920792079207,72.8
Male,No,1.0,Not Graduate,No,5786,2500,76,84.0,,Rural,N,8286,107.6103896103896,109.02631578947368
Male,,0.0,Not Graduate,No,4300,6250,139,84.0,,Rural,N,10550,75.35714285714286,75.89928057553956
,,,Not Graduate,,2275,0,139,120.0,0.0,Urban,Y,2275,16.25,16.366906474820144
Male,Yes,2.0,Not Graduate,,2014,2750,55,300.0,,Semiurban,Y,4764,85.07142857142857,86.61818181818182
,No,0.0,Not Graduate,No,4583,1451,168,240.0,0.0,Semiurban,N,6034,35.70414201183432,35.916666666666664
Male,,2.0,Graduate,,2439,4595,85,360.0,0.0,Rural,N,7034,81.79069767441861,82.75294117647059
,Yes,3.0,Graduate,No,2577,0,30,,0.0,Urban,N,2577,83.12903225806451,85.9
,,2.0,Not Graduate,,3189,736,99,300.0,1.0,Urban,N,3925,39.25,39.64646464646464
Female,Yes,2.0,Not Graduate,,8666,2667,290,60.0,,Urban,N,11333,38.94501718213058,39.07931034482758
,No,1.0,Not Graduate,,9323,3369,154,120.0,0.0,Urban,N,12692,81.88387096774194,82.41558441558442
Male,Yes,,Not Graduate,Yes,2500,2750,114,,,Semiurban,Y,5250,45.65217391304348,46.05263157894737
,No,0.0,Graduate,No,3052,800,141,480.0,0.0,Rural,N,3852,27.12676056338028,27.319148936170212
Female,No,1.0,Graduate,No,7451,6250,182,360.0,1.0,Semiurban,N,13701,74.8688524590164,75.28021978021978
Male,,3.0,Not Graduate,Yes,150,900,436,84.0,,Semiurban,N,1050,2.402745995423341,2.408256880733945
,,3.0,Not Graduate,No,5166,4983,312,180.0,,Urban,N,10149,32.424920127795524,32.52884615384615
Female,Yes,1.0,Graduate,,2875,2500,350,,1.0,Rural,Y,5375,15.313390313390313,15.357142857142858
,,3.0,Graduate,No,5786,5250,210,360.0,0.0,Rural,N,11036,52.30331753554503,52.55238095238095
Female,,0.0,Not Graduate,,2275,1459,201,,,Urban,Y,3734,18.485148514851485,18.577114427860696
,Yes,,Not Graduate,Yes,2708,2083,97,84.0,1.0,Urban,Y,4791,48.88775510204081,49.391752577319586
Female,Yes,0.0,Not Graduate,Yes,5786,1500,350,120.0,0.0,Urban,Y,7286,20.75783475783476,20.81714285714286
Male,Yes,,Not Graduate,Yes,150,700,436,,1.0,Urban,N,850,1.9450800915331807,1.9495412844036697
Female,No,2.0,Graduate,Yes,2301,1300,47,480.0,0.0,Semiurban,Y,3601,75.02083333333333,76.61702127659575
,Yes,3.0,Not Graduate,,6250,2330,106,180.0,1.0,Urban,Y,8580,80.18691588785046,80.94339622641509
,Yes,,Graduate,,2645,1640,74,60.0,1.0,Urban,Y,4285,57.13333333333333,57.9054054054054
Female,,3.0,Not Graduate,Yes,3666,2791,144,,0.0,Semiurban,N,6457,44.53103448275862,44.84027777777778
,,2.0,Graduate,Yes,5786,5750,210,240.0,0.0,Semiurban,N,11536,54.67298578199052,54.93333333333333
Female,No,,Graduate,No,3625,1330,109,360.0,1.0,Urban,Y,4955,45.04545454545455,45.45871559633027
Male,,0.0,Not Graduate,Yes,2666,1030,72,180.0,,Semiurban,N,3696,50.63013698630137,51.333333333333336
Male,,,Not Graduate,Yes,4950,800,176,60.0,0.0,Urban,N,5750,32.48587570621469,32.67045454545455
Male,Yes,1.0,Graduate,No,2577,2583,154,240.0,0.0,Urban,N,5160,33.29032258064516,33.506493506493506
Female,No,,Not Graduate,,2718,3263,312,120.0,1.0,Urban,N,5981,19.108626198083066,19.169871794871796
Male,,0.0,Not Graduate,No,2600,2500,267,360.0,1.0,Semiurban,N,5100,19.029850746268657,19.10112359550562
Male,,2.0,Not Graduate,Yes,3250,3806,160,180.0,,Urban,N,7056,43.82608695652174,44.1
Male,,1.0,Graduate,,6400,1516,72,84.0,0.0,Semiurban,N,7916,108.43835616438356,109.94444444444444
Female,Yes,,Not Graduate,,5500,5654,315,,,Semiurban,Y,11154,35.29746835443038,35.40952380952381
Female,Yes,3.0,Not Graduate,Yes,150,2853,136,180.0,0.0,Urban,N,3003,21.91970802919708,22.080882352941178
,No,0.0,Not Graduate,,2178,1083,490,84.0,1.0,Urban,N,3261,6.641547861507128,6.655102040816327
,Yes,,Graduate,Yes,2132,5701,152,,0.0,Semiurban,Y,7833,51.19607843137255,51.5328947368421
,Yes,3.0,Not Graduate,No,2275,3333,255,240.0,,Rural,N,5608,21.90625,21.992156862745098
Female,Yes,,Not Graduate,No,7451,2791,436,180.0,0.0,Urban,N,10242,23.437070938215104,23.490825688073393
Male,,2.0,Graduate,Yes,4166,2750,133,360.0,1.0,Semiurban,N,6916,51.61194029850746,52.0
,No,3.0,Not Graduate,Yes,5500,3333,700,60.0,0.0,Urban,N,8833,12.600570613409417,12.618571428571428
Female,No,1.0,Graduate,Yes,8333,1590,133,,,Urban,Y,9923,74.05223880597015,74.60902255639098
Female,No,0.0,Graduate,Yes,1000,5701,131,240.0,,Urban,N,6701,50.76515151515152,51.152671755725194
Female,,2.0,Graduate,Yes,3200,3440,184,240.0,0.0,Rural,N,6640,35.891891891891895,36.08695652173913
,Yes,,Not Graduate,,9323,3369,67,180.0,0.0,Semiurban,Y,12692,186.64705882352945,189.43283582089552
,No,0.0,Not Graduate,,2875,0,66,240.0,,Semiurban,N,2875,42.91044776119403,43.56060606060606
,Yes,1.0,Not Graduate,No,2875,4000,240,180.0,,Urban,N,6875,28.526970954356848,28.645833333333332
Female,Yes,2.0,Not Graduate,No,7100,700,330,240.0,0.0,Rural,N,7800,23.56495468277945,23.636363636363637
,No,0.0,Graduate,,20166,1030,75,60.0,,Rural,Y,21196,278.89473684210526,282.61333333333334
Female,,,Graduate,,3029,688,136,84.0,0.0,Urban,N,3717,27.131386861313867,27.330882352941178
Female,,,Not Graduate,No,2237,5250,94,360.0,0.0,Rural,Y,7487,78.81052631578947,79.64893617021276
Male,No,3.0,Graduate,No,6250,3333,114,240.0,,Semiurban,N,9583,83.33043478260869,84.06140350877193
Female,Yes,,Not Graduate,,3500,1590,116,120.0,0.0,Semiurban,N,5090,43.50427350427351,43.87931034482759
Male,Yes,0.0,Not Graduate,,2666,2416,70,360.0,,Urban,N,5082,71.5774647887324,72.6
Male,Yes,0.0,Graduate,No,7100,7750,600,240.0,0.0,Rural,N,14850,24.70881863560732,24.75
,Yes,,Graduate,Yes,1977,1250,125,84.0,,Urban,N,3227,25.61111111111111,25.816
,Yes,0.0,Graduate,Yes,5316,3449,187,84.0,,Rural,N,8765,46.62234042553192,46.8716577540107
Female,No,0.0,Not Graduate,Yes,10513,5701,349,360.0,1.0,Rural,N,16214,46.32571428571429,46.458452722063036
,No,2.0,Graduate,,2799,500,133,60.0,1.0,Semiurban,N,3299,24.619402985074625,24.804511278195488
Male,Yes,1.0,Graduate,Yes,3416,688,25,180.0,,Rural,Y,4104,157.84615384615384,164.16
Female,Yes,,Not Graduate,Yes,12841,3750,74,120.0,0.0,Urban,N,16591,221.2133333333333,224.2027027027027
Male,,0.0,Not Graduate,,150,6000,30,240.0,,Urban,Y,6150,198.3870967741936,205.0
,,0.0,Not Graduate,No,2301,6000,133,60.0,1.0,Semiurban,Y,8301,61.94776119402985,62.41353383458647
Female,No,2.0,Graduate,No,3333,3167,158,84.0,0.0,Rural,N,6500,40.880503144654085,41.139240506329116
,Yes,2.0,Graduate,,2500,4595,176,120.0,1.0,Semiurban,Y,7095,40.08474576271186,40.3125
,No,3.0,Graduate,No,5786,2083,201,300.0,,Urban,Y,7869,38.95544554455446,39.149253731343286
,Yes,1.0,Not Graduate,Yes,2178,754,116,120.0,,Semiurban,Y,2932,25.05982905982906,25.275862068965516
,No,3.0,Graduate,,2799,1330,95,180.0,,Urban,N,4129,43.01041666666666,43.463157894736845
Female,,,Graduate,Yes,2473,4866,125,240.0,,Urban,N,7339,58.24603174603175,58.712
Female,No,3.0,Graduate,,3189,2083,650,84.0,,Rural,Y,5272,8.09831029185868,8.11076923076923
,No,0.0,Graduate,Yes,2950,3440,106,300.0,1.0,Urban,N,6390,59.7196261682243,60.283018867924525
Male,No,3.0,Graduate,,8666,1868,650,120.0,,Rural,Y,10534,16.18125960061444,16.206153846153846
Female,No,3.0,Graduate,Yes,3750,4750,81,240.0,0.0,Rural,N,8500,103.65853658536584,104.93827160493827
,No,1.0,Graduate,Yes,3200,2383,228,300.0,1.0,Urban,Y,5583,24.37991266375546,24.486842105263158
Female,No,,Graduate,No,2799,3500,600,480.0,,Urban,N,6299,10.480865224625624,10.498333333333333
,No,0.0,Not Graduate,Yes,3189,2330,110,480.0,,Rural,N,5519,49.72072072072072,50.17272727272727
,Yes,2.0,Not Graduate,,2927,2083,495,300.0,1.0,Urban,N,5010,10.100806451612904,10.121212121212121
Male,Yes,2.0,Graduate,,7100,1030,650,360.0,0.0,Urban,Y,8130,12.488479262672811,12.507692307692308
Male,Yes,,Not Graduate,Yes,4166,4167,81,480.0,1.0,Rural,N,8333,101.6219512195122,102.87654320987654
Female,,3.0,Graduate,,3416,1590,152,,0.0,Semiurban,N,5006,32.71895424836601,32.93421052631579
Female,No,2.0,Not Graduate,No,1863,5701,74,180.0,1.0,Urban,Y,7564,100.85333333333334,102.21621621621621
Male,,0.0,Not Graduate,No,6747,3600,133,240.0,1.0,Rural,N,10347,77.21641791044776,77.796992481203
,No,0.0,Not Graduate,No,2400,6250,47,240.0,0.0,Semiurban,N,8650,180.2083333333333,184.04255319148936
,No,1.0,Graduate,Yes,8000,2045,25,120.0,,Rural,N,10045,386.34615384615387,401.8
Female,No,3.0,Graduate,Yes,2473,2750,78,360.0,,Rural,Y,5223,66.11392405063292,66.96153846153847
,Yes,3.0,Graduate,,2491,1929,495,360.0,,Rural,N,4420,8.911290322580646,8.929292929292929
,No,,Graduate,,3800,5750,114,480.0,0.0,Urban,N,9550,83.04347826086956,83.7719298245614
Male,Yes,2.0,Graduate,No,8333,3806,55,84.0,0.0,Semiurban,N,12139,216.7678571428572,220.70909090909092
Female,Yes,2.0,Not Graduate,No,2147,1250,80,120.0,0.0,Semiurban,N,3397,41.93827160493827,42.4625
Female,Yes,1.0,Not Graduate,No,2400,754,80,,0.0,Semiurban,N,3154,38.93827160493827,39.425
Male,Yes,2.0,Not Graduate,,2500,3600,120,300.0,,Rural,N,6100,50.413223140495866,50.833333333333336
Female,No,0.0,Graduate,,9323,7210,109,180.0,0.0,Urban,N,16533,150.3,151.67889908256882
,Yes,,Graduate,No,2266,7210,78,60.0,1.0,Urban,N,9476,119.9493670886076,121.48717948717949
Female,No,2.0,Not Graduate,,3167,1500,104,120.0,1.0,Rural,N,4667,44.44761904761905,44.875
Male,Yes,0.0,Not Graduate,No,2301,1843,128,360.0,0.0,Semiurban,N,4144,32.12403100775194,32.375
Male,Yes,3.0,Not Graduate,,2799,4486,495,180.0,0.0,Semiurban,Y,7285,14.6875,14.717171717171718
,No,2.0,Graduate,No,3189,1666,47,120.0,,Urban,N,4855,101.14583333333331,103.29787234042553
,No,1.0,Not Graduate,Yes,2950,1516,140,,1.0,Urban,N,4466,31.673758865248228,31.9
Female,Yes,0.0,Graduate,Yes,1863,3333,600,360.0,0.0,Semiurban,N,5196,8.645590682196339,8.66
,,3.0,Not Graduate,,2718,2853,83,84.0,1.0,Rural,Y,5571,66.32142857142857,67.12048192771084
,No,3.0,Not Graduate,Yes,2718,5701,315,84.0,0.0,Semiurban,Y,8419,26.64240506329114,26.726984126984128
Male,No,1.0,Graduate,No,3366,1964,165,240.0,1.0,Rural,N,5330,32.10843373493976,32.303030303030305
Male,,0.0,Not Graduate,Yes,1977,5266,81,360.0,1.0,Rural,N,7243,88.32926829268293,89.41975308641975
,Yes,1.0,Graduate,Yes,3073,1030,285,180.0,1.0,Urban,Y,4103,14.346153846153848,14.396491228070175
Male,,,Not Graduate,Yes,3666,1030,109,240.0,1.0,Urban,N,4696,42.69090909090909,43.08256880733945
Female,No,1.0,Not Graduate,No,2645,3750,290,300.0,0.0,Rural,N,6395,21.97594501718213,22.051724137931036
Female,,1.0,Not Graduate,Yes,5417,4866,125,,0.0,Semiurban,N,10283,81.61111111111111,82.264
Female,,1.0,Not Graduate,No,4300,2853,158,,,Rural,N,7153,44.9874213836478,45.27215189873418
Male,Yes,3.0,Graduate,Yes,13650,500,95,240.0,,Urban,N,14150,147.39583333333334,148.94736842105263
,,0.0,Graduate,Yes,2833,1330,115,180.0,,Semiurban,N,4163,35.88793103448276,36.2
,No,0.0,Graduate,Yes,8666,2083,350,84.0,,Semiurban,N,10749,30.623931623931625,30.71142857142857
,Yes,3.0,Graduate,Yes,2577,3369,66,240.0,0.0,Semiurban,N,5946,88.74626865671642,90.0909090909091
Male,,1.0,Graduate,No,2383,3022,124,480.0,,Semiurban,N,5405,43.24,43.58870967741935
,No,2.0,Not Graduate,Yes,2178,2416,370,240.0,,Rural,N,4594,12.382749326145552,12.416216216216217
Female,No,,Graduate,Yes,12841,2142,97,84.0,,Urban,N,14983,152.8877551020408,154.46391752577318
,,0.0,Graduate,,9323,3449,490,120.0,1.0,Semiurban,Y,12772,26.0122199592668,26.06530612244898
,No,1.0,Not Graduate,No,4843,4866,47,240.0,0.0,Semiurban,N,9709,202.2708333333333,206.5744680851064
,,,Graduate,,2014,4983,168,300.0,0.0,Rural,N,6997,41.40236686390533,41.648809523809526
Male,Yes,2.0,Graduate,No,6747,3440,110,240.0,,Urban,N,10187,91.77477477477476,92.60909090909091
,,2.0,Not Graduate,,2853,5063,255,300.0,,Semiurban,Y,7916,30.921875,31.04313725490196
Male,Yes,3.0,Not Graduate,No,3250,5701,290,360.0,1.0,Semiurban,N,8951,30.759450171821307,30.86551724137931
Female,,2.0,Not Graduate,No,2060,1843,240,60.0,,Urban,N,3903,16.195020746887966,16.2625
Male,Yes,0.0,Graduate,No,5266,1640,63,84.0,,Rural,N,6906,107.90625,109.61904761904762
,No,1.0,Graduate,,2875,1666,122,480.0,0.0,Semiurban,Y,4541,36.91869918699187,37.221311475409834
,Yes,,Not Graduate,Yes,2400,6250,128,480.0,,Semiurban,Y,8650,67.05426356589147,67.578125
,Yes,2.0,Graduate,Yes,2395,688,115,120.0,1.0,Rural,Y,3083,26.57758620689655,26.808695652173913
Female,,2.0,Graduate,Yes,1000,700,114,480.0,0.0,Semiurban,Y,1700,14.782608695652174,14.912280701754385
Female,,3.0,Not Graduate,No,8000,2000,349,240.0,,Rural,Y,10000,28.571428571428573,28.653295128939828
Female,Yes,2.0,Graduate,Yes,2439,983,115,84.0,0.0,Rural,Y,3422,29.5,29.756521739130434
Female,No,2.0,Graduate,No,2479,754,74,180.0,0.0,Urban,Y,3233,43.10666666666667,43.689189189189186
Female,No,3.0,Not Graduate,Yes,5500,2133,109,240.0,,Semiurban,N,7633,69.39090909090909,70.02752293577981
,,2.0,Not Graduate,No,2491,1500,290,360.0,,Semiurban,N,3991,13.714776632302405,13.76206896551724
Male,No,1.0,Not Graduate,No,2577,5625,436,120.0,0.0,Semiurban,N,8202,18.76887871853547,18.81192660550459
,,1.0,Not Graduate,No,2275,5750,110,300.0,,Urban,N,8025,72.29729729729729,72.95454545454545
Male,No,,Graduate,,3800,3440,240,60.0,,Semiurban,N,7240,30.04149377593361,30.166666666666668
Male,No,2.0,Not Graduate,No,2275,2330,176,120.0,1.0,Semiurban,Y,4605,26.016949152542374,26.164772727272727
,,1.0,Not Graduate,Yes,7451,5701,90,240.0,0.0,Semiurban,N,13152,144.52747252747253,146.13333333333333
Male,Yes,3.0,Not Graduate,,2178,900,78,,,Semiurban,N,3078,38.962025316455694,39.46153846153846
Male,,1.0,Graduate,Yes,2875,1500,113,,0.0,Semiurban,Y,4375,38.37719298245614,38.716814159292035
Female,No,0.0,Graduate,,2577,1640,312,60.0,0.0,Semiurban,N,4217,13.472843450479234,13.51602564102564
,No,1.0,Graduate,No,2395,7750,131,360.0,,Semiurban,N,10145,76.85606060606061,77.44274809160305
Male,,3.0,Graduate,,2395,5701,88,240.0,0.0,Rural,Y,8096,90.96629213483146,92.0
Female,No,3.0,Not Graduate,No,8000,1300,330,360.0,0.0,Urban,N,9300,28.09667673716012,28.181818181818183
Female,Yes,3.0,Not Graduate,Yes,2301,2383,255,300.0,1.0,Urban,Y,4684,18.296875,18.36862745098039
,Yes,1.0,Not Graduate,No,7333,3500,308,300.0,1.0,Semiurban,N,10833,35.05825242718446,35.172077922077925
Male,,3.0,Graduate,No,4950,983,93,60.0,1.0,Semiurban,N,5933,63.11702127659574,63.795698924731184
Female,No,0.0,Graduate,Yes,4843,500,228,120.0,0.0,Semiurban,N,5343,23.33187772925764,23.43421052631579
Female,Yes,2.0,Graduate,,3189,2531,122,180.0,0.0,Semiurban,N,5720,46.50406504065041,46.885245901639344
Female,,3.0,Graduate,Yes,2383,700,55,480.0,0.0,Rural,N,3083,55.05357142857143,56.054545454545455
Female,No,,Graduate,No,2708,4167,90,,0.0,Urban,N,6875,75.54945054945055,76.38888888888889
Male,Yes,3.0,Not Graduate,,2237,983,106,180.0,,Urban,N,3220,30.09345794392524,30.37735849056604
,Yes,,Graduate,,3416,1451,115,180.0,1.0,Semiurban,N,4867,41.956896551724135,42.321739130434786
Male,Yes,,Not Graduate,,5266,800,176,,,Rural,N,6066,34.271186440677965,34.46590909090909
Male,No,2.0,Graduate,Yes,3416,4750,80,240.0,0.0,Rural,N,8166,100.8148148148148,102.075
Female,,2.0,Not Graduate,Yes,5667,3369,133,60.0,1.0,Urban,Y,9036,67.43283582089552,67.93984962406014
Male,Yes,1.0,Not Graduate,,2708,2750,436,60.0,1.0,Urban,N,5458,12.489702517162472,12.51834862385321
Female,No,0.0,Not Graduate,,2583,2416,436,,1.0,Rural,N,4999,11.439359267734554,11.465596330275229
,No,,Graduate,,2178,2133,25,180.0,1.0,Urban,N,4311,165.80769230769232,172.44
Male,No,,Not Graduate,No,1000,1590,225,480.0,,Rural,Y,2590,11.460176991150442,11.511111111111111
Female,No,,Graduate,,3000,688,137,60.0,,Rural,N,3688,26.72463768115942,26.919708029197082
,,1.0,Graduate,No,1977,1929,200,84.0,,Rural,N,3906,19.432835820895523,19.53
,No,1.0,Not Graduate,Yes,7451,983,312,180.0,,Urban,Y,8434,26.945686900958467,27.03205128205128
,,2.0,Not Graduate,,3600,3583,168,240.0,,Urban,N,7183,42.50295857988166,42.75595238095238
Male,Yes,3.0,Graduate,No,11000,1213,78,120.0,0.0,Rural,N,12213,154.59493670886076,156.57692307692307
Female,No,0.0,Graduate,Yes,4300,2750,116,300.0,1.0,Rural,N,7050,60.256410256410255,60.775862068965516
,No,,Graduate,No,2439,1868,59,240.0,,Semiurban,N,4307,71.78333333333333,73.0
Male,Yes,1.0,Not Graduate,Yes,2383,2416,370,360.0,1.0,Semiurban,N,4799,12.935309973045822,12.97027027027027
Female,No,2.0,Not Graduate,Yes,3052,1500,285,180.0,1.0,Rural,N,4552,15.916083916083917,15.971929824561403
,No,1.0,Not Graduate,Yes,2875,1083,290,240.0,1.0,Semiurban,N,3958,13.601374570446737,13.648275862068965
Female,Yes,2.0,Not Graduate,,7333,4196,136,180.0,1.0,Semiurban,N,11529,84.15328467153284,84.7720588235294
Female,No,2.0,Not Graduate,No,13650,1459,267,60.0,1.0,Urban,N,15109,56.37686567164179,56.58801498127341
Male,No,2.0,Graduate,No,3625,2853,95,,1.0,Semiurban,N,6478,67.47916666666667,68.18947368421053
Male,No,3.0,Graduate,Yes,2718,3333,165,180.0,1.0,Rural,N,6051,36.45180722891566,36.67272727272727
,Yes,3.0,Not Graduate,No,2178,2416,255,480.0,1.0,Rural,Y,4594,17.9453125,18.015686274509804
Male,,3.0,Not Graduate,,2483,3369,210,300.0,0.0,Rural,N,5852,27.734597156398102,27.866666666666667
Male,,1.0,Not Graduate,Yes,1863,3449,80,300.0,0.0,Semiurban,N,5312,65.58024691358025,66.4
Female,,2.0,Graduate,,2266,3583,290,180.0,,Rural,N,5849,20.09965635738832,20.16896551724138
,No,2.0,Not Graduate,Yes,4166,4196,80,,,Semiurban,Y,8362,103.23456790123456,104.525
Male,Yes,0.0,Graduate,Yes,3167,3369,200,180.0,,Rural,Y,6536,32.517412935323385,32.68
,No,3.0,Graduate,No,3189,2142,300,84.0,1.0,Urban,N,5331,17.710963455149503,17.77
Female,,0.0,Graduate,,7451,900,290,180.0,0.0,Urban,Y,8351,28.69759450171821,28.79655172413793
Female,,3.0,Not Graduate,,3333,1451,17,120.0,,Semiurban,N,4784,265.77777777777777,281.4117647058824
Female,Yes,2.0,Graduate,,12000,1964,255,240.0,1.0,Urban,N,13964,54.546875,54.76078431372549
Male,Yes,,Not Graduate,No,4583,1516,72,300.0,,Urban,Y,6099,83.54794520547945,84.70833333333333
Male,Yes,1.0,Graduate,Yes,2132,3022,137,60.0,0.0,Semiurban,N,5154,37.34782608695652,37.62043795620438
,,,Graduate,,2479,1800,436,240.0,,Semiurban,N,4279,9.791762013729976,9.814220183486238
,No,3.0,Graduate,Yes,2439,1250,349,360.0,1.0,Rural,N,3689,10.54,10.570200573065902
Female,Yes,3.0,Not Graduate,No,5166,3440,320,84.0,,Semiurban,N,8606,26.809968847352025,26.89375
,No,3.0,Graduate,No,8333,2045,63,84.0,,Rural,N,10378,162.15625,164.73015873015873
,No,0.0,Graduate,No,3750,3440,495,360.0,,Semiurban,N,7190,14.495967741935484,14.525252525252526
,No,2.0,Graduate,No,1000,983,650,240.0,,Semiurban,Y,1983,3.046082949308756,3.0507692307692307
Male,,3.0,Graduate,Yes,2666,2416,58,300.0,,Semiurban,N,5082,86.13559322033899,87.62068965517241
Female,,0.0,Not Graduate,,10000,983,275,120.0,,Semiurban,N,10983,39.79347826086956,39.93818181818182
Male,,1.0,Graduate,No,3522,1213,113,,0.0,Rural,N,4735,41.53508771929825,41.902654867256636
,,0.0,Graduate,No,3073,985,116,240.0,0.0,Urban,Y,4058,34.68376068376068,34.98275862068966
,Yes,0.0,Not Graduate,Yes,6080,2000,58,480.0,,Semiurban,N,8080,136.94915254237287,139.31034482758622
,Yes,,Not Graduate,,1625,2383,128,84.0,1.0,Semiurban,Y,4008,31.069767441860463,31.3125
,No,3.0,Not Graduate,,2600,4167,140,360.0,0.0,Semiurban,N,6767,47.99290780141844,48.33571428571429
Female,Yes,0.0,Not Graduate,Yes,2333,2791,210,120.0,,Urban,N,5124,24.28436018957346,24.4
Male,No,0.0,Not Graduate,Yes,5166,4417,495,300.0,0.0,Urban,N,9583,19.320564516129032,19.35959595959596
Male,Yes,3.0,Not Graduate,No,2383,2750,700,180.0,0.0,Semiurban,Y,5133,7.322396576319543,7.332857142857143
,No,3.0,Graduate,,2147,1500,370,360.0,1.0,Urban,N,3647,9.830188679245284,9.856756756756758
,Yes,3.0,Not Graduate,,2500,700,72,240.0,0.0,Rural,N,3200,43.83561643835616,44.44444444444444
Male,Yes,3.0,Not Graduate,,2132,5654,74,360.0,1.0,Rural,N,7786,103.81333333333332,105.21621621621621
Female,No,3.0,Not Graduate,No,11000,2531,85,,,Rural,N,13531,157.3372093023256,159.18823529411765
Female,,0.0,Not Graduate,,2600,1250,180,240.0,1.0,Semiurban,N,3850,21.2707182320442,21.38888888888889
,No,2.0,Graduate,Yes,2266,830,106,,0.0,Semiurban,N,3096,28.93457943925233,29.20754716981132
,Yes,0.0,Graduate,Yes,2577,5625,182,,,Semiurban,Y,8202,44.81967213114754,45.065934065934066
,No,0.0,Graduate,Yes,10000,5250,88,300.0,0.0,Rural,Y,15250,171.34831460674158,173.29545454545453
Male,Yes,2.0,Graduate,,3625,2667,80,480.0,,Rural,N,6292,77.67901234567901,78.65
,,0.0,Graduate,,2927,7210,370,,1.0,Rural,N,10137,27.32345013477089,27.397297297297296
,No,2.0,Graduate,,3200,1451,150,480.0,0.0,Semiurban,N,4651,30.801324503311257,31.006666666666668
,,0.0,Not Graduate,,2500,6250,93,300.0,0.0,Semiurban,Y,8750,93.08510638297872,94.08602150537635
Female,Yes,2.0,Not Graduate,Yes,12000,2330,180,480.0,1.0,Semiurban,Y,14330,79.17127071823204,79.61111111111111
Male,,3.0,Not Graduate,Yes,2577,1590,208,360.0,,Urban,N,4167,19.9377990430622,20.033653846153847
Female,No,1.0,Graduate,Yes,2853,4983,192,60.0,,Semiurban,N,7836,40.60103626943005,40.8125
Male,No,2.0,Graduate,No,4166,4196,95,,0.0,Urban,N,8362,87.10416666666667,88.02105263157895
,Yes,,Not Graduate,,1928,4595,650,180.0,1.0,Rural,N,6523,10.019969278033797,10.035384615384615
,No,3.0,Not Graduate,,4950,4417,160,,,Rural,Y,9367,58.18012422360248,58.54375
,No,1.0,Graduate,Yes,24763,2142,349,,0.0,Semiurban,Y,26905,76.87142857142857,77.09169054441261
,No,1.0,Graduate,No,2833,2416,210,480.0,1.0,Rural,N,5249,24.87677725118484,24.995238095238093
Female,Yes,,Not Graduate,Yes,1625,3167,201,300.0,0.0,Urban,N,4792,23.722772277227723,23.8407960199005
Male,,3.0,Not Graduate,No,2950,1459,495,60.0,1.0,Urban,N,4409,8.889112903225806,8.907070707070707
Female,,,Graduate,No,1863,736,330,360.0,,Semiurban,Y,2599,7.851963746223565,7.875757575757576
Female,No,,Not Graduate,,1863,2142,78,180.0,,Urban,N,4005,50.69620253164557,51.34615384615385
,No,1.0,Not Graduate,,2577,2853,700,360.0,0.0,Rural,N,5430,7.746077032810271,7.757142857142857
Male,No,3.0,Graduate,Yes,1000,1666,83,240.0,,Rural,Y,2666,31.73809523809524,32.12048192771084
Female,Yes,,Graduate,Yes,1000,3449,275,480.0,1.0,Urban,N,4449,16.119565217391305,16.17818181818182
Male,No,,Not Graduate,,2439,5750,76,120.0,,Semiurban,N,8189,106.35064935064936,107.75
Female,,0.0,Not Graduate,Yes,1625,1640,109,480.0,,Urban,N,3265,29.681818181818183,29.954128440366972
Female,Yes,2.0,Graduate,Yes,8666,2250,110,480.0,,Semiurban,Y,10916,98.34234234234236,99.23636363636363
Female,Yes,0.0,Graduate,,2718,3167,115,180.0,,Urban,N,5885,50.73275862068966,51.17391304347826
Female,No,,Graduate,Yes,3366,1640,137,,,Rural,N,5006,36.27536231884058,36.54014598540146
Female,,3.0,Not Graduate,,2645,4196,300,360.0,,Urban,Y,6841,22.727574750830566,22.803333333333335
Male,No,1.0,Not Graduate,No,7451,1083,118,480.0,,Rural,Y,8534,71.71428571428571,72.32203389830508
,No,2.0,Not Graduate,,2799,3066,650,,,Semiurban,N,5865,9.009216589861753,9.023076923076923
Female,,0.0,Graduate,,2395,2667,275,,,Semiurban,N,5062,18.34057971014493,18.407272727272726
Female,No,1.0,Not Graduate,,2799,5750,104,180.0,,Urban,N,8549,81.41904761904762,82.20192307692308
Male,Yes,2.0,Graduate,No,5316,3066,17,60.0,,Rural,N,8382,465.6666666666667,493.05882352941177
Female,No,2.0,Graduate,Yes,1928,1451,78,240.0,,Rural,N,3379,42.77215189873418,43.32051282051282
Female,Yes,3.0,Not Graduate,,2060,4750,152,300.0,,Semiurban,N,6810,44.50980392156863,44.80263157894737
Male,,2.0,Graduate,No,2333,2250,70,84.0,0.0,Semiurban,N,4583,64.54929577464789,65.47142857142858
Male,No,2.0,Graduate,No,4166,7210,59,240.0,,Rural,N,11376,189.6,192.8135593220339
Female,No,1.0,Not Graduate,,5500,5750,300,84.0,1.0,Semiurban,N,11250,37.37541528239203,37.5
,,2.0,Graduate,No,5266,1516,168,180.0,0.0,Rural,N,6782,40.1301775147929,40.36904761904762
Female,No,3.0,Graduate,Yes,2600,4167,75,,,Rural,N,6767,89.03947368421052,90.22666666666667
,No,2.0,Not Graduate,Yes,5417,3369,133,240.0,,Urban,Y,8786,65.56716417910448,66.06015037593986
Male,,2.0,Graduate,No,5042,1083,104,360.0,0.0,Urban,N,6125,58.333333333333336,58.89423076923077
Male,,1.0,Not Graduate,,4950,3750,131,180.0,1.0,Rural,N,8700,65.9090909090909,66.41221374045801
Male,Yes,1.0,Not Graduate,Yes,2799,1250,182,300.0,,Semiurban,N,4049,22.12568306010929,22.247252747252748
Male,No,,Graduate,Yes,2500,830,70,60.0,,Urban,N,3330,46.901408450704224,47.57142857142857
Male,,3.0,Not Graduate,,5786,2250,110,180.0,,Rural,Y,8036,72.3963963963964,73.05454545454545
,No,,Graduate,No,3029,4417,184,300.0,,Semiurban,Y,7446,40.24864864864865,40.46739130434783
,No,2.0,Not Graduate,No,20166,2045,112,,1.0,Urban,Y,22211,196.55752212389385,198.3125
Male,No,1.0,Graduate,Yes,2178,4300,187,84.0,1.0,Semiurban,N,6478,34.45744680851064,34.64171122994652
Female,Yes,1.0,Graduate,,2183,4000,47,480.0,,Semiurban,Y,6183,128.8125,131.5531914893617
,,,Graduate,,2340,5625,290,240.0,0.0,Urban,N,7965,27.371134020618555,27.46551724137931
,Yes,,Not Graduate,,2666,5063,114,240.0,0.0,Urban,N,7729,67.20869565217392,67.79824561403508
Male,Yes,3.0,Not Graduate,No,2147,2083,50,60.0,0.0,Semiurban,N,4230,82.94117647058823,84.6
,Yes,2.0,Graduate,,2266,830,600,360.0,0.0,Semiurban,N,3096,5.151414309484193,5.16
Female,Yes,,Graduate,,2718,1640,58,84.0,1.0,Rural,Y,4358,73.86440677966101,75.13793103448276
,,,Graduate,No,5500,3500,88,480.0,1.0,Urban,Y,9000,101.12359550561796,102.27272727272727
Female,No,0.0,Not Graduate,Yes,2071,800,17,480.0,0.0,Rural,Y,2871,159.5,168.88235294117646
Male,,2.0,Not Graduate,,5166,688,255,120.0,1.0,Semiurban,N,5854,22.8671875,22.95686274509804
,No,1.0,Graduate,,2600,830,300,60.0,1.0,Semiurban,N,3430,11.395348837209305,11.433333333333334
Female,Yes,,Graduate,No,5000,754,100,300.0,,Rural,N,5754,56.97029702970297,57.54
,No,2.0,Graduate,No,150,2416,67,,1.0,Rural,N,2566,37.73529411764706,38.298507462686565
,No,,Graduate,Yes,5417,5250,120,84.0,,Semiurban,N,10667,88.15702479338843,88.89166666666667
Female,Yes,3.0,Graduate,Yes,2875,5625,267,180.0,0.0,Rural,N,8500,31.71641791044776,31.835205992509362
,,1.0,Not Graduate,,2500,3500,131,240.0,0.0,Urban,N,6000,45.45454545454545,45.80152671755725
,No,3.0,Graduate,No,20166,1800,140,,0.0,Semiurban,N,21966,155.7872340425532,156.9
Male,,2.0,Graduate,,2853,0,131,,0.0,Urban,Y,2853,21.613636363636363,21.778625954198475
,,0.0,Graduate,,2439,5625,187,180.0,0.0,Semiurban,Y,8064,42.8936170212766,43.12299465240642
Female,,0.0,Not Graduate,,3500,2853,83,180.0,1.0,Urban,N,6353,75.63095238095238,76.5421686746988
Female,No,,Not Graduate,,5266,5654,74,60.0,,Semiurban,N,10920,145.6,147.56756756756758
Female,,,Not Graduate,Yes,3522,2133,490,360.0,0.0,Urban,Y,5655,11.517311608961304,11.540816326530612
Male,No,3.0,Graduate,No,2799,1300,320,180.0,0.0,Rural,N,4099,12.769470404984425,12.809375
,No,0.0,Not Graduate,No,150,0,180,240.0,0.0,Urban,N,150,0.8287292817679558,0.8333333333333334
Male,,,Not Graduate,Yes,3250,2383,99,180.0,0.0,Urban,Y,5633,56.33,56.898989898989896
Male,,1.0,Not Graduate,,2853,1459,285,360.0,0.0,Rural,Y,4312,15.076923076923077,15.12982456140351
Male,,2.0,Graduate,No,3846,4866,131,,,Urban,N,8712,66.0,66.50381679389314
,Yes,1.0,Graduate,No,6747,2531,140,480.0,1.0,Semiurban,N,9278,65.80141843971631,66.27142857142857
Male,,1.0,Not Graduate,,4166,1666,25,480.0,1.0,Urban,N,5832,224.30769230769232,233.28
Male,,1.0,Not Graduate,No,11000,3449,70,84.0,1.0,Semiurban,N,14449,203.50704225352112,206.4142857142857
,,,Graduate,No,2853,3500,118,,,Semiurban,N,6353,53.38655462184874,53.83898305084746
,No,1.0,Graduate,,1625,2383,208,120.0,1.0,Rural,Y,4008,19.177033492822968,19.26923076923077
Female,Yes,1.0,Not Graduate,Yes,3625,1083,17,480.0,1.0,Rural,N,4708,261.55555555555554,276.94117647058823
Female,,0.0,Graduate,,2718,2791,290,,0.0,Urban,N,5509,18.93127147766323,18.99655172413793
Male,Yes,2.0,Graduate,,4583,3600,94,180.0,1.0,Semiurban,Y,8183,86.13684210526316,87.05319148936171
,Yes,1.0,Graduate,,2439,3369,83,180.0,0.0,Semiurban,N,5808,69.14285714285714,69.97590361445783
Female,Yes,3.0,Not Graduate,No,1000,3806,116,120.0,,Rural,Y,4806,41.07692307692308,41.43103448275862
Male,,3.0,Graduate,No,2275,688,312,60.0,0.0,Rural,N,2963,9.466453674121404,9.496794871794872
Female,No,2.0,Graduate,,15000,1640,76,480.0,,Rural,N,16640,216.1038961038961,218.94736842105263
Male,No,,Not Graduate,Yes,6400,3500,98,84.0,,Semiurban,Y,9900,100.0,101.0204081632653
Female,No,3.0,Not Graduate,Yes,8333,4196,76,300.0,,Urban,N,12529,162.71428571428572,164.85526315789474
Female,,3.0,Not Graduate,Yes,3167,2000,122,480.0,,Semiurban,N,5167,42.00813008130081,42.35245901639344
Male,Yes,2.0,Not Graduate,Yes,3416,6250,330,,,Rural,Y,9666,29.202416918429,29.29090909090909
,No,2.0,Graduate,No,6747,2330,370,300.0,1.0,Semiurban,Y,9077,24.46630727762804,24.532432432432433
,Yes,3.0,Not Graduate,No,2266,7750,155,180.0,0.0,Semiurban,N,10016,64.2051282051282,64.61935483870968
,,,Not Graduate,,11000,4866,85,84.0,0.0,Rural,Y,15866,184.4883720930233,186.65882352941176
Female,No,0.0,Not Graduate,,1977,4417,110,84.0,,Rural,N,6394,57.6036036036036,58.127272727272725
Female,No,2.0,Graduate,,2000,1250,99,360.0,,Rural,N,3250,32.5,32.82828282828283
Male,No,3.0,Graduate,Yes,2275,2583,175,480.0,1.0,Semiurban,N,4858,27.602272727272727,27.76
,,,Graduate,,5000,2250,495,360.0,1.0,Rural,N,7250,14.616935483870968,14.646464646464647
,,,Graduate,No,2645,4417,114,,0.0,Semiurban,N,7062,61.40869565217391,61.94736842105263
,Yes,0.0,Graduate,,2147,3600,139,120.0,1.0,Urban,N,5747,41.05,41.34532374100719
Male,,1.0,Graduate,Yes,5042,2750,109,84.0,1.0,Urban,Y,7792,70.83636363636364,71.4862385321101
,,1.0,Graduate,Yes,4166,4000,141,60.0,1.0,Semiurban,Y,8166,57.50704225352113,57.91489361702128
Female,No,2.0,Graduate,,10513,700,376,120.0,1.0,Rural,Y,11213,29.742705570291776,29.8218085106383
Male,No,0.0,Not Graduate,,2340,7750,63,480.0,1.0,Urban,N,10090,157.65625,160.15873015873015
Female,,3.0,Graduate,,10000,2083,90,60.0,0.0,Rural,N,12083,132.78021978021977,134.25555555555556
Female,Yes,1.0,Not Graduate,No,2333,3449,187,360.0,0.0,Urban,Y,5782,30.75531914893617,30.919786096256683
Female,No,1.0,Not Graduate,No,2147,2900,600,60.0,,Urban,N,5047,8.397670549084859,8.411666666666667
Female,,2.0,Not Graduate,Yes,4950,1929,63,84.0,1.0,Urban,N,6879,107.484375,109.19047619047619
Male,,3.0,Graduate,Yes,1800,1459,600,360.0,0.0,Rural,N,3259,5.422628951747088,5.431666666666667
Male,,0.0,Graduate,,5166,754,59,300.0,,Rural,N,5920,98.66666666666669,100.33898305084746
Female,,3.0,Graduate,Yes,4843,4300,133,180.0,0.0,Semiurban,N,9143,68.23134328358209,68.74436090225564
Male,,3.0,Graduate,Yes,2071,2750,35,120.0,1.0,Urban,N,4821,133.91666666666666,137.74285714285713
,Yes,3.0,Graduate,No,2060,2250,66,300.0,,Urban,N,4310,64.32835820895522,65.3030303030303
Female,Yes,0.0,Graduate,Yes,7100,1451,490,180.0,0.0,Semiurban,N,8551,17.415478615071283,17.451020408163266
Male,No,1.0,Graduate,,2853,700,30,120.0,0.0,Urban,N,3553,114.61290322580643,118.43333333333334
,Yes,,Graduate,No,15000,1929,78,84.0,0.0,Urban,N,16929,214.2911392405064,217.03846153846155
Female,No,1.0,Not Graduate,,5667,1300,44,60.0,0.0,Rural,Y,6967,154.82222222222222,158.3409090909091
Male,No,1.0,Graduate,Yes,3600,6000,66,120.0,1.0,Semiurban,N,9600,143.28358208955223,145.45454545454547
,No,0.0,Not Graduate,Yes,3600,1666,140,480.0,1.0,Urban,N,5266,37.347517730496456,37.614285714285714
Female,,1.0,Graduate,No,3189,1929,150,60.0,,Semiurban,Y,5118,33.89403973509934,34.12
,No,1.0,Graduate,Yes,3200,3600,436,84.0,,Urban,Y,6800,15.560640732265446,15.596330275229358
Male,No,3.0,Not Graduate,No,7100,3167,75,480.0,0.0,Rural,N,10267,135.0921052631579,136.89333333333335
Male,,,Graduate,,7333,1250,35,60.0,,Semiurban,N,8583,238.41666666666663,245.22857142857143
,,0.0,Graduate,Yes,5786,1451,166,480.0,0.0,Semiurban,N,7237,43.33532934131737,43.596385542168676
,,2.0,Graduate,,12841,4486,25,480.0,0.0,Urban,N,17327,666.4230769230769,693.08
Female,No,0.0,Not Graduate,No,1625,5250,66,60.0,,Urban,N,6875,102.61194029850746,104.16666666666667
Female,Yes,3.0,Graduate,Yes,5000,1800,76,300.0,0.0,Rural,N,6800,88.31168831168831,89.47368421052632
Male,No,1.0,Not Graduate,No,2875,500,104,120.0,1.0,Semiurban,N,3375,32.142857142857146,32.45192307692308
,Yes,,Not Graduate,Yes,15000,2330,80,120.0,1.0,Semiurban,N,17330,213.9506172839506,216.625
Male,No,2.0,Graduate,Yes,3189,1964,175,,0.0,Urban,N,5153,29.27840909090909,29.445714285714285
Female,Yes,2.0,Graduate,Yes,11000,1083,349,180.0,,Semiurban,N,12083,34.52285714285714,34.621776504298
Female,,1.0,Graduate,No,5042,1083,182,480.0,0.0,Rural,N,6125,33.46994535519126,33.65384615384615
Female,No,1.0,Not Graduate,,1800,5654,350,360.0,,Urban,N,7454,21.23646723646724,21.297142857142855
Male,Yes,3.0,Graduate,Yes,3073,2500,106,240.0,0.0,Rural,Y,5573,52.08411214953271,52.575471698113205
Female,Yes,,Graduate,,2491,2330,140,,,Urban,Y,4821,34.191489361702125,34.43571428571428
Male,No,2.0,Graduate,,5667,800,495,360.0,,Semiurban,N,6467,13.038306451612904,13.064646464646465
Female,No,2.0,Graduate,,2132,900,700,60.0,0.0,Urban,N,3032,4.325249643366619,4.331428571428572
Male,No,0.0,Not Graduate,No,4583,3600,495,60.0,,Rural,N,8183,16.49798387096774,16.53131313131313
Female,,2.0,Graduate,No,1928,3167,349,180.0,0.0,Semiurban,N,5095,14.557142857142855,14.598853868194842
Male,Yes,3.0,Graduate,,5417,4983,308,180.0,1.0,Semiurban,N,10400,33.65695792880259,33.76623376623377
Male,No,2.0,Graduate,No,2479,5063,168,,1.0,Rural,N,7542,44.62721893491124,44.892857142857146
Female,No,1.0,Graduate,No,2400,1500,118,480.0,1.0,Rural,N,3900,32.77310924369748,33.05084745762712
Male,Yes,2.0,Not Graduate,No,5316,3449,600,300.0,1.0,Semiurban,Y,8765,14.584026622296172,14.608333333333333
,Yes,2.0,Not Graduate,,11000,4300,97,480.0,0.0,Semiurban,N,15300,156.12244897959184,157.7319587628866
Female,Yes,3.0,Graduate,No,5316,3066,436,360.0,0.0,Semiurban,N,8382,19.180778032036613,19.224770642201836
Male,No,3.0,Not Graduate,Yes,20166,2000,184,84.0,,Rural,N,22166,119.81621621621622,120.46739130434783
Male,,2.0,Not Graduate,Yes,6400,6000,125,240.0,0.0,Semiurban,N,12400,98.41269841269842,99.2
,No,,Not Graduate,No,3750,2383,81,120.0,,Rural,N,6133,74.79268292682927,75.71604938271605
Female,Yes,2.0,Graduate,Yes,2132,3167,300,120.0,0.0,Rural,N,5299,17.6046511627907,17.663333333333334
,,2.0,Graduate,No,2479,4300,74,60.0,,Urban,N,6779,90.38666666666668,91.60810810810811
Male,No,0.0,Not Graduate,,9323,4595,180,180.0,0.0,Urban,N,13918,76.89502762430939,77.32222222222222
Female,Yes,2.0,Graduate,Yes,2275,3600,436,60.0,1.0,Urban,Y,5875,13.443935926773456,13.474770642201834
Female,Yes,0.0,Graduate,No,2340,1500,106,84.0,1.0,Urban,Y,3840,35.88785046728972,36.22641509433962
,No,1.0,Not Graduate,Yes,3750,1640,312,84.0,,Semiurban,Y,5390,17.22044728434505,17.275641025641026
Male,No,,Not Graduate,,1000,4595,308,360.0,0.0,Rural,Y,5595,18.106796116504853,18.165584415584416
Male,Yes,3.0,Graduate,Yes,8000,1451,125,120.0,,Rural,N,9451,75.0079365079365,75.608
,No,0.0,Graduate,No,1800,3167,370,300.0,,Semiurban,N,4967,13.388140161725069,13.424324324324324
,,3.0,Not Graduate,No,2600,4983,150,60.0,1.0,Rural,N,7583,50.21854304635762,50.553333333333335
,,3.0,Graduate,,11000,2853,700,480.0,1.0,Rural,N,13853,19.761768901569187,19.79
,Yes,0.0,Graduate,No,5266,5701,104,,1.0,Urban,N,10967,104.44761904761904,105.45192307692308
Female,Yes,2.0,Not Graduate,No,20166,1590,165,120.0,1.0,Semiurban,N,21756,131.06024096385542,131.85454545454544
Female,,3.0,Not Graduate,Yes,2799,4486,225,,0.0,Semiurban,N,7285,32.23451327433628,32.37777777777778
Female,,2.0,Not Graduate,Yes,2799,1250,66,120.0,0.0,Urban,N,4049,60.43283582089552,61.34848484848485
Female,,3.0,Not Graduate,,2799,4595,210,60.0,,Rural,N,7394,35.04265402843602,35.20952380952381
,No,0.0,Graduate,No,10513,2900,55,120.0,0.0,Urban,N,13413,239.5178571428572,243.87272727272727
Male,No,,Not Graduate,Yes,3029,900,114,360.0,,Semiurban,Y,3929,34.165217391304346,34.46491228070175
,No,,Graduate,,5316,7750,96,480.0,1.0,Urban,N,13066,134.70103092783506,136.10416666666666
,,2.0,Graduate,Yes,2500,4000,124,240.0,0.0,Rural,N,6500,52.0,52.41935483870968
,Yes,3.0,Graduate,No,2875,4595,175,120.0,,Urban,Y,7470,42.44318181818182,42.68571428571428
Male,No,3.0,Not Graduate,,1863,6000,330,480.0,,Urban,Y,7863,23.755287009063444,23.827272727272728
Male,Yes,0.0,Not Graduate,,2178,4750,192,240.0,1.0,Rural,Y,6928,35.89637305699482,36.083333333333336
Male,,3.0,Not Graduate,Yes,5667,4866,141,180.0,1.0,Semiurban,Y,10533,74.17605633802818,74.70212765957447
,Yes,2.0,Graduate,,3083,2250,308,60.0,0.0,Rural,N,5333,17.258899676375403,17.314935064935064
Female,,3.0,Not Graduate,Yes,24763,2900,330,84.0,0.0,Urban,Y,27663,83.57401812688822,83.82727272727273
Male,,1.0,Graduate,,5786,1590,104,120.0,,Urban,N,7376,70.24761904761905,70.92307692307692
Female,Yes,0.0,Not Graduate,No,2927,4167,17,,1.0,Rural,Y,7094,394.1111111111111,417.29411764705884
Female,,,Graduate,No,3200,7210,114,,,Rural,N,10410,90.52173913043478,91.3157894736842
,No,,Graduate,,1863,2667,140,480.0,0.0,Urban,N,4530,32.12765957446808,32.357142857142854
,No,1.0,Not Graduate,,3625,4595,30,84.0,0.0,Semiurban,N,8220,265.16129032258067,274.0
Female,,2.0,Not Graduate,,3600,3440,267,240.0,1.0,Urban,N,7040,26.26865671641791,26.367041198501873
Male,No,0.0,Graduate,Yes,2439,754,78,180.0,0.0,Urban,N,3193,40.41772151898734,40.93589743589744
,,1.0,Not Graduate,No,3073,1929,240,240.0,0.0,Urban,Y,5002,20.755186721991706,20.841666666666665
Female,No,2.0,Graduate,No,6747,1451,67,180.0,0.0,Semiurban,N,8198,120.55882352941175,122.35820895522389
,No,3.0,Graduate,,2666,1516,114,360.0,1.0,Semiurban,Y,4182,36.36521739130435,36.68421052631579
Male,,3.0,Not Graduate,,1863,1516,75,240.0,0.0,Urban,Y,3379,44.46052631578947,45.053333333333335
,,0.0,Graduate,No,3189,1800,88,480.0,1.0,Rural,N,4989,56.056179775280896,56.69318181818182
Female,,,Graduate,Yes,2178,2250,155,,,Rural,N,4428,28.384615384615383,28.56774193548387
,No,,Graduate,No,1800,4595,154,180.0,1.0,Urban,N,6395,41.25806451612903,41.52597402597402
Male,Yes,0.0,Not Graduate,,2583,2416,240,480.0,1.0,Urban,N,4999,20.74273858921162,20.829166666666666
Male,No,1.0,Not Graduate,No,6080,4196,133,180.0,,Urban,N,10276,76.68656716417911,77.26315789473684
,,1.0,Not Graduate,,2666,3022,97,480.0,1.0,Urban,N,5688,58.04081632653061,58.63917525773196
Male,,0.0,Not Graduate,No,3333,7750,44,360.0,1.0,Rural,N,11083,246.2888888888889,251.88636363636363
Male,No,0.0,Not Graduate,,6400,2667,113,480.0,1.0,Urban,Y,9067,79.53508771929825,80.23893805309734
Male,No,2.0,Graduate,No,2395,2791,17,360.0,1.0,Semiurban,N,5186,288.1111111111111,305.05882352941177
Male,No,0.0,Not Graduate,,3366,1300,44,120.0,1.0,Semiurban,N,4666,103.68888888888888,106.04545454545455
Male,,1.0,Not Graduate,Yes,1863,1500,182,180.0,0.0,Rural,N,3363,18.37704918032787,18.478021978021978
Male,,3.0,Not Graduate,Yes,5667,4750,370,360.0,,Rural,N,10417,28.078167115902964,28.154054054054054
Female,No,,Not Graduate,,3000,3066,106,360.0,,Urban,N,6066,56.691588785046726,57.22641509433962
Female,No,0.0,Graduate,Yes,11000,4417,600,84.0,0.0,Semiurban,N,15417,25.6522462562396,25.695
Male,,1.0,Graduate,No,12000,3806,80,,0.0,Urban,N,15806,195.1358024691358,197.575
Female,Yes,2.0,Graduate,,3333,6250,650,120.0,1.0,Rural,N,9583,14.720430107526882,14.743076923076924
Male,No,1.0,Graduate,Yes,2200,1459,275,60.0,,Rural,Y,3659,13.257246376811594,13.305454545454545
Male,,3.0,Not Graduate,,7451,2900,225,60.0,0.0,Urban,Y,10351,45.80088495575221,46.004444444444445
,No,3.0,Graduate,,2301,4595,75,360.0,1.0,Rural,N,6896,90.73684210526316,91.94666666666667
,Yes,2.0,Graduate,No,2400,1590,290,84.0,,Semiurban,Y,3990,13.711340206185566,13.758620689655173
Female,Yes,2.0,Graduate,Yes,3250,1666,137,120.0,1.0,Rural,N,4916,35.6231884057971,35.88321167883212
Female,,,Graduate,Yes,12000,2142,94,300.0,0.0,Urban,N,14142,148.86315789473684,150.4468085106383
Male,,1.0,Not Graduate,,2147,3440,176,120.0,,Urban,N,5587,31.56497175141243,31.744318181818183
Male,,3.0,Graduate,,5000,4000,70,480.0,1.0,Rural,N,9000,126.7605633802817,128.57142857142858
,No,,Not Graduate,,5266,3369,208,300.0,0.0,Semiurban,N,8635,41.31578947368421,41.51442307692308
Female,No,0.0,Not Graduate,No,3500,2791,320,60.0,0.0,Semiurban,N,6291,19.59813084112149,19.659375
Female,,3.0,Graduate,Yes,2071,1083,59,300.0,0.0,Rural,N,3154,52.56666666666667,53.45762711864407
Female,Yes,3.0,Graduate,,2237,1640,201,180.0,,Semiurban,N,3877,19.19306930693069,19.28855721393035
Male,Yes,0.0,Graduate,No,6400,2083,192,480.0,0.0,Urban,Y,8483,43.95336787564767,44.182291666666664
,,,Not Graduate,,3083,3583,94,360.0,,Semiurban,N,6666,70.16842105263157,70.91489361702128
Female,,2.0,Not Graduate,Yes,3800,4000,155,60.0,,Urban,Y,7800,50.0,50.32258064516129
Male,Yes,,Graduate,Yes,3000,2330,208,300.0,1.0,Rural,Y,5330,25.502392344497608,25.625
Female,Yes,3.0,Not Graduate,Yes,5667,1300,350,84.0,1.0,Semiurban,N,6967,19.84900284900285,19.905714285714286
,No,3.0,Not Graduate,Yes,3073,5250,98,180.0,,Semiurban,N,8323,84.07070707070707,84.92857142857143
,Yes,2.0,Not Graduate,Yes,3846,2383,95,360.0,0.0,Semiurban,N,6229,64.88541666666667,65.56842105263158
,No,0.0,Not Graduate,,20166,983,320,180.0,0.0,Rural,Y,21149,65.88473520249221,66.090625
,Yes,3.0,Not Graduate,Yes,11000,3583,330,60.0,1.0,Rural,N,14583,44.05740181268882,44.19090909090909
,No,1.0,Not Graduate,Yes,2600,1590,137,360.0,0.0,Rural,Y,4190,30.36231884057971,30.583941605839417
,No,3.0,Graduate,Yes,15000,7750,600,180.0,1.0,Rural,Y,22750,37.85357737104825,37.916666666666664
Male,,2.0,Graduate,,2666,6000,116,120.0,0.0,Semiurban,N,8666,74.06837606837607,74.70689655172414
,No,1.0,Not Graduate,Yes,2799,4983,166,60.0,0.0,Urban,N,7782,46.59880239520958,46.87951807228916
,No,3.0,Graduate,Yes,6250,754,63,180.0,,Rural,Y,7004,109.4375,111.17460317460318
Male,No,1.0,Not Graduate,No,3416,1451,600,,0.0,Urban,Y,4867,8.098169717138104,8.111666666666666
,No,3.0,Graduate,,2583,1868,81,480.0,1.0,Urban,N,4451,54.28048780487805,54.95061728395062
,Yes,,Graduate,,1000,1666,44,120.0,1.0,Urban,N,2666,59.24444444444445,60.59090909090909
Male,,2.0,Graduate,No,3750,1459,74,120.0,1.0,Semiurban,N,5209,69.45333333333333,70.39189189189189
Female,Yes,2.0,Graduate,Yes,2237,5266,70,360.0,,Urban,N,7503,105.67605633802818,107.18571428571428
Male,,0.0,Not Graduate,Yes,2000,3066,255,84.0,1.0,Urban,N,5066,19.7890625,19.866666666666667
,Yes,3.0,Graduate,,4166,754,76,120.0,,Rural,Y,4920,63.896103896103895,64.73684210526316
,,2.0,Not Graduate,No,2060,1250,67,120.0,1.0,Rural,N,3310,48.6764705882353,49.40298507462686
Male,No,,Graduate,Yes,10513,5250,141,300.0,1.0,Rural,N,15763,111.00704225352112,111.79432624113475
Male,,3.0,Graduate,No,3625,2583,93,300.0,,Rural,N,6208,66.04255319148936,66.75268817204301
Male,,1.0,Not Graduate,Yes,4166,1459,124,180.0,0.0,Rural,Y,5625,45.0,45.36290322580645
Female,No,0.0,Graduate,Yes,3666,1640,200,84.0,0.0,Rural,N,5306,26.39800995024876,26.53
,No,,Not Graduate,,150,1516,128,240.0,1.0,Semiurban,N,1666,12.914728682170542,13.015625
,No,3.0,Not Graduate,Yes,2200,3600,118,300.0,0.0,Semiurban,N,5800,48.739495798319325,49.152542372881356
,Yes,1.0,Graduate,Yes,11000,3600,187,180.0,,Urban,N,14600,77.65957446808511,78.07486631016043
Male,Yes,3.0,Graduate,Yes,3522,6250,208,480.0,,Urban,N,9772,46.75598086124402,46.98076923076923
,No,1.0,Not Graduate,,2833,2330,168,300.0,,Urban,Y,5163,30.550295857988164,30.732142857142858
,,3.0,Not Graduate,No,2439,4196,47,84.0,0.0,Rural,N,6635,138.22916666666666,141.17021276595744
,,3.0,Graduate,Yes,1863,1451,93,480.0,1.0,Semiurban,N,3314,35.255319148936174,35.634408602150536
,No,3.0,Graduate,,4166,1640,74,60.0,1.0,Rural,N,5806,77.41333333333333,78.45945945945945
,Yes,1.0,Graduate,No,2950,1250,118,360.0,1.0,Semiurban,Y,4200,35.294117647058826,35.59322033898305
,No,0.0,Not Graduate,Yes,3073,4866,490,84.0,0.0,Rural,N,7939,16.169042769857434,16.20204081632653
,Yes,3.0,Not Graduate,,4000,3750,88,60.0,0.0,Urban,N,7750,87.07865168539325,88.06818181818181
,No,1.0,Graduate,No,6400,2583,141,60.0,0.0,Rural,N,8983,63.26056338028169,63.709219858156025
,No,0.0,Not Graduate,Yes,5316,5654,124,120.0,,Urban,Y,10970,87.76,88.46774193548387
Female,Yes,,Not Graduate,,2950,1030,74,180.0,,Semiurban,N,3980,53.06666666666667,53.78378378378378
Male,,3.0,Graduate,No,2275,1300,315,84.0,0.0,Urban,N,3575,11.313291139240508,11.34920634920635
,No,2.0,Graduate,,6747,2416,97,,0.0,Rural,N,9163,93.5,94.4639175257732
,Yes,1.0,Graduate,,3200,4196,78,300.0,0.0,Semiurban,Y,7396,93.62025316455696,94.82051282051282
Female,Yes,,Not Graduate,No,3800,2667,308,,1.0,Semiurban,Y,6467,20.928802588996763,20.996753246753247
Male,,,Graduate,No,7451,2500,184,300.0,1.0,Rural,N,9951,53.78918918918919,54.08152173913044
,No,2.0,Not Graduate,No,3000,983,275,,,Semiurban,Y,3983,14.431159420289855,14.483636363636364
Female,No,1.0,Not Graduate,No,2340,3066,267,240.0,0.0,Semiurban,Y,5406,20.171641791044777,20.247191011235955
,Yes,0.0,Graduate,Yes,2301,3333,109,480.0,,Semiurban,Y,5634,51.21818181818182,51.68807339449541
Female,Yes,2.0,Graduate,No,5667,900,17,180.0,1.0,Semiurban,N,6567,364.8333333333333,386.29411764705884
Male,No,2.0,Graduate,,3416,4486,110,84.0,0.0,Rural,N,7902,71.1891891891892,71.83636363636364
Female,,,Graduate,,2200,5750,98,240.0,0.0,Semiurban,Y,7950,80.3030303030303,81.12244897959184
Male,,2.0,Graduate,,6747,6000,94,84.0,0.0,Semiurban,N,12747,134.17894736842106,135.60638297872342
Male,,3.0,Not Graduate,Yes,5786,3066,312,120.0,1.0,Semiurban,Y,8852,28.28115015974441,28.371794871794872
,Yes,1.0,Graduate,,8000,7210,75,240.0,,Semiurban,N,15210,200.1315789473684,202.8
,No,2.0,Not Graduate,Yes,3500,4417,144,60.0,0.0,Urban,N,7917,54.6,54.979166666666664
,No,0.0,Not Graduate,Yes,5316,1451,350,180.0,1.0,Semiurban,Y,6767,19.27920227920228,19.334285714285713
Male,,3.0,Graduate,,3800,2667,166,240.0,0.0,Rural,Y,6467,38.7245508982036,38.95783132530121
Female,Yes,1.0,Graduate,,2799,5654,94,84.0,,Rural,N,8453,88.97894736842105,89.92553191489361
Female,,1.0,Not Graduate,,8000,2750,120,360.0,,Rural,Y,10750,88.84297520661157,89.58333333333333
Female,No,0.0,Graduate,,3366,3500,44,480.0,1.0,Urban,N,6866,152.57777777777778,156.04545454545453
Male,,0.0,Graduate,,8000,4300,349,360.0,1.0,Semiurban,N,12300,35.142857142857146,35.24355300859599
,Yes,3.0,Graduate,Yes,2950,3600,495,84.0,1.0,Semiurban,Y,6550,13.205645161290322,13.232323232323232
,,3.0,Graduate,,2178,2900,72,180.0,0.0,Semiurban,N,5078,69.56164383561644,70.52777777777777
Male,No,0.0,Graduate,No,6747,2531,330,240.0,1.0,Urban,Y,9278,28.03021148036254,28.115151515151513
,No,3.0,Graduate,Yes,2333,3022,225,84.0,0.0,Semiurban,N,5355,23.694690265486727,23.8
Male,No,2.0,Graduate,,1928,7210,600,300.0,,Rural,Y,9138,15.204658901830284,15.23
Female,No,0.0,Graduate,No,3000,4750,109,84.0,0.0,Semiurban,N,7750,70.45454545454545,71.10091743119266
Male,Yes,,Graduate,No,2237,688,30,360.0,0.0,Rural,N,2925,94.35483870967742,97.5
Male,No,2.0,Not Graduate,Yes,2708,1929,490,180.0,1.0,Rural,Y,4637,9.443991853360489,9.463265306122448
Male,Yes,2.0,Not Graduate,No,7100,3500,47,84.0,1.0,Urban,N,10600,220.8333333333333,225.53191489361703
Female,Yes,2.0,Graduate,No,2799,1213,155,84.0,1.0,Rural,N,4012,25.71794871794872,25.883870967741935
,,2.0,Graduate,Yes,5166,3600,308,,1.0,Rural,N,8766,28.368932038834952,28.461038961038962
,,1.0,Graduate,Yes,2237,5625,650,360.0,0.0,Rural,N,7862,12.076804915514591,12.095384615384615
,No,2.0,Graduate,,3052,688,115,360.0,1.0,Semiurban,N,3740,32.241379310344826,32.52173913043478
,No,0.0,Graduate,No,3522,1300,201,84.0,0.0,Urban,N,4822,23.871287128712872,23.99004975124378
Male,Yes,0.0,Graduate,,2577,4000,285,60.0,,Semiurban,Y,6577,22.996503496503497,23.07719298245614
Female,,2.0,Graduate,Yes,1800,6000,165,480.0,1.0,Urban,N,7800,46.98795180722892,47.27272727272727
Male,,1.0,Not Graduate,Yes,20166,688,192,120.0,,Rural,N,20854,108.05181347150258,108.61458333333333
Male,Yes,2.0,Graduate,,24763,1213,94,60.0,0.0,Rural,N,25976,273.4315789473684,276.3404255319149
Male,No,2.0,Graduate,No,2340,3583,25,240.0,,Rural,N,5923,227.80769230769232,236.92
Female,Yes,1.0,Graduate,Yes,9323,2045,192,240.0,,Rural,N,11368,58.90155440414508,59.208333333333336
Male,,2.0,Graduate,No,7333,2531,376,,1.0,Semiurban,Y,9864,26.16445623342175,26.23404255319149
,No,,Not Graduate,No,2799,800,436,300.0,1.0,Rural,N,3599,8.235697940503432,8.254587155963304
Female,No,0.0,Not Graduate,No,6250,2383,80,120.0,0.0,Semiurban,Y,8633,106.58024691358024,107.9125
Female,No,1.0,Not Graduate,No,3029,3806,228,,,Semiurban,N,6835,29.847161572052403,29.978070175438596
,Yes,1.0,Not Graduate,No,6400,800,158,480.0,0.0,Rural,N,7200,45.283018867924525,45.56962025316456
Male,,0.0,Not Graduate,Yes,3522,4196,94,,0.0,Rural,N,7718,81.2421052631579,82.1063829787234
Male,No,3.0,Not Graduate,,7333,3750,140,120.0,0.0,Rural,N,11083,78.60283687943263,79.16428571428571
Female,,,Graduate,No,4950,2133,495,,,Semiurban,Y,7083,14.28024193548387,14.309090909090909
,No,3.0,Graduate,No,11000,1640,100,300.0,0.0,Rural,N,12640,125.14851485148516,126.4
Male,No,3.0,Not Graduate,Yes,4300,4866,240,84.0,,Rural,N,9166,38.03319502074689,38.19166666666667
Female,,2.0,Graduate,Yes,4843,1590,320,240.0,0.0,Semiurban,N,6433,20.0404984423676,20.103125
Female,Yes,0.0,Graduate,,2200,2853,370,360.0,1.0,Semiurban,N,5053,13.619946091644206,13.656756756756756
Male,Yes,2.0,Not Graduate,Yes,5000,2500,300,240.0,1.0,Semiurban,N,7500,24.91694352159469,25.0
Male,,,Graduate,No,3366,1500,165,60.0,0.0,Urban,Y,4866,29.3132530120482,29.490909090909092
,,2.0,Not Graduate,No,3083,4983,225,,0.0,Semiurban,Y,8066,35.690265486725664,35.84888888888889
,,0.0,Graduate,,3500,2583,137,84.0,,Rural,Y,6083,44.07971014492754,44.4014598540146
Female,Yes,1.0,Not Graduate,Yes,2799,3022,122,360.0,0.0,Urban,Y,5821,47.32520325203252,47.71311475409836
Male,No,2.0,Not Graduate,Yes,10513,1666,128,480.0,0.0,Semiurban,Y,12179,94.4108527131783,95.1484375
,No,0.0,Not Graduate,Yes,8333,900,320,360.0,,Semiurban,N,9233,28.76323987538941,28.853125
,Yes,1.0,Graduate,,3366,4866,110,120.0,0.0,Semiurban,N,8232,74.16216216216216,74.83636363636364
Male,,1.0,Not Graduate,,13650,3369,114,84.0,0.0,Semiurban,Y,17019,147.9913043478261,149.28947368421052
Male,No,1.0,Not Graduate,No,3029,3600,154,120.0,0.0,Semiurban,Y,6629,42.76774193548387,43.04545454545455
Male,,1.0,Graduate,,3846,1300,490,84.0,1.0,Rural,N,5146,10.480651731160895,10.50204081632653
Male,,0.0,Graduate,Yes,3416,2250,83,180.0,1.0,Urban,N,5666,67.45238095238095,68.26506024096386
Male,Yes,0.0,Graduate,No,2132,3263,95,480.0,,Rural,Y,5395,56.19791666666666,56.78947368421053
,,,Not Graduate,No,2833,800,97,240.0,,Urban,N,3633,37.07142857142857,37.45360824742268
Female,Yes,2.0,Not Graduate,No,4843,3583,118,480.0,1.0,Semiurban,N,8426,70.80672268907563,71.40677966101696
,,2.0,Graduate,No,2799,1929,308,360.0,1.0,Semiurban,Y,4728,15.300970873786408,15.35064935064935
Female,,1.0,Not Graduate,No,2583,2853,47,240.0,1.0,Rural,N,5436,113.25,115.65957446808511
,Yes,2.0,Graduate,No,2200,3333,370,300.0,0.0,Semiurban,N,5533,14.913746630727765,14.954054054054055
Female,Yes,0.0,Not Graduate,Yes,150,7750,495,84.0,0.0,Semiurban,N,7900,15.92741935483871,15.95959595959596
,Yes,3.0,Graduate,Yes,2875,3806,83,360.0,,Semiurban,Y,6681,79.53571428571429,80.49397590361446
Male,No,3.0,Not Graduate,No,3000,3750,90,480.0,1.0,Rural,Y,6750,74.17582417582418,75.0
Male,Yes,,Not Graduate,Yes,2927,3333,225,480.0,0.0,Rural,N,6260,27.699115044247787,27.822222222222223
Male,No,2.0,Not Graduate,No,2483,830,88,,1.0,Rural,N,3313,37.2247191011236,37.64772727272727
Male,No,0.0,Graduate,No,2237,1868,59,,,Urban,Y,4105,68.41666666666667,69.57627118644068
,Yes,,Graduate,Yes,2060,4196,349,360.0,0.0,Semiurban,N,6256,17.874285714285715,17.925501432664756
Female,No,1.0,Graduate,Yes,2395,3750,184,240.0,,Semiurban,N,6145,33.21621621621622,33.39673913043478
Male,No,2.0,Not Graduate,,1625,4486,25,240.0,0.0,Semiurban,Y,6111,235.03846153846155,244.44
Female,,0.0,Graduate,No,11000,6000,136,300.0,0.0,Semiurban,N,17000,124.08759124087592,125.0
Male,No,1.0,Graduate,,5786,754,320,,0.0,Semiurban,N,6540,20.373831775700936,20.4375
Male,No,3.0,Graduate,Yes,2060,4196,75,,0.0,Urban,N,6256,82.3157894736842,83.41333333333333
,,0.0,Graduate,,1928,3500,72,60.0,1.0,Urban,Y,5428,74.35616438356165,75.38888888888889
Male,No,2.0,Not Graduate,,6747,1330,370,300.0,0.0,Semiurban,Y,8077,21.77088948787062,21.82972972972973
,,1.0,Not Graduate,Yes,2178,3806,63,84.0,0.0,Rural,N,5984,93.5,94.98412698412699
Male,No,0.0,Graduate,Yes,2014,2142,106,60.0,,Rural,Y,4156,38.8411214953271,39.20754716981132
Male,No,,Graduate,,7200,2045,109,180.0,0.0,Semiurban,Y,9245,84.04545454545455,84.81651376146789
Male,Yes,3.0,Graduate,No,2014,3066,94,120.0,1.0,Semiurban,Y,5080,53.47368421052632,54.04255319148936
Male,No,2.0,Not Graduate,No,5417,2416,240,300.0,,Semiurban,Y,7833,32.50207468879668,32.6375
Male,No,2.0,Graduate,Yes,4843,1868,650,300.0,0.0,Semiurban,N,6711,10.308755760368664,10.324615384615385
,,,Graduate,,11000,1250,112,240.0,0.0,Urban,N,12250,108.40707964601768,109.375
,Yes,0.0,Not Graduate,,2060,4983,285,360.0,,Semiurban,N,7043,24.625874125874127,24.712280701754388
Female,No,0.0,Graduate,,2875,4300,116,300.0,,Rural,Y,7175,61.32478632478632,61.85344827586207
,Yes,3.0,Graduate,Yes,15000,4983,25,60.0,0.0,Semiurban,N,19983,768.5769230769231,799.32
,Yes,0.0,Not Graduate,,2853,4983,72,,1.0,Semiurban,Y,7836,107.34246575342466,108.83333333333333
Male,,0.0,Graduate,No,2383,1843,225,180.0,0.0,Rural,N,4226,18.699115044247787,18.782222222222224
Male,,3.0,Not Graduate,No,3600,1929,75,120.0,0.0,Semiurban,Y,5529,72.75,73.72
,,2.0,Graduate,No,2577,4300,110,,0.0,Urban,N,6877,61.95495495495496,62.518181818181816
Female,,,Not Graduate,No,4000,5266,125,180.0,0.0,Urban,N,9266,73.53968253968254,74.128
,,2.0,Graduate,No,3000,688,30,480.0,,Rural,N,3688,118.96774193548389,122.93333333333334
Female,No,1.0,Not Graduate,Yes,2708,2667,99,360.0,0.0,Semiurban,N,5375,53.75,54.292929292929294
Male,Yes,3.0,Graduate,,2927,2083,285,84.0,,Semiurban,N,5010,17.517482517482517,17.57894736842105
,No,0.0,Graduate,No,2200,7750,176,,0.0,Rural,Y,9950,56.21468926553672,56.53409090909091
Female,,0.0,Not Graduate,No,2275,6000,97,480.0,1.0,Semiurban,N,8275,84.43877551020408,85.30927835051547
Female,Yes,2.0,Not Graduate,Yes,3666,1868,17,360.0,,Urban,N,5534,307.44444444444446,325.52941176470586
Female,No,,Graduate,No,11000,3263,152,300.0,1.0,Urban,Y,14263,93.22222222222224,93.83552631578948
Male,Yes,1.0,Not Graduate,No,2395,2667,76,300.0,,Urban,N,5062,65.74025974025975,66.60526315789474
,,0.0,Not Graduate,Yes,5786,0,155,84.0,1.0,Semiurban,N,5786,37.08974358974359,37.329032258064515
Male,,1.0,Not Graduate,,8000,2500,350,300.0,,Urban,Y,10500,29.914529914529915,30.0
Female,Yes,3.0,Graduate,No,4166,2900,131,,0.0,Rural,N,7066,53.53030303030303,53.93893129770992
Male,,1.0,Not Graduate,,3366,2791,700,120.0,0.0,Urban,Y,6157,8.783166904422254,8.795714285714286
,No,2.0,Graduate,Yes,15000,1083,180,120.0,1.0,Urban,N,16083,88.85635359116021,89.35
,Yes,,Not Graduate,Yes,5500,2667,490,84.0,1.0,Urban,N,8167,16.63340122199593,16.66734693877551
,No,,Graduate,Yes,2583,3167,255,84.0,,Urban,N,5750,22.4609375,22.54901960784314
Male,,0.0,Graduate,Yes,2383,3369,290,360.0,1.0,Urban,Y,5752,19.766323024054984,19.83448275862069
Female,No,,Not Graduate,Yes,1928,736,187,120.0,0.0,Rural,Y,2664,14.170212765957446,14.245989304812834
Male,,0.0,Not Graduate,Yes,4843,2791,74,120.0,1.0,Urban,Y,7634,101.78666666666666,103.16216216216216
,No,0.0,Graduate,,2439,688,650,60.0,0.0,Urban,Y,3127,4.803379416282642,4.810769230769231
Male,,1.0,Graduate,,6400,688,47,360.0,,Urban,Y,7088,147.66666666666666,150.80851063829786
,,0.0,Not Graduate,,3600,5750,141,,,Rural,N,9350,65.84507042253522,66.31205673758865
Female,,1.0,Graduate,Yes,24763,2791,139,120.0,0.0,Rural,Y,27554,196.8142857142857,198.23021582733813
Male,Yes,1.0,Graduate,Yes,5166,3022,140,480.0,,Semiurban,N,8188,58.0709219858156,58.48571428571429
,,1.0,Graduate,Yes,7200,2250,74,480.0,,Rural,Y,9450,126.0,127.70270270270271
Female,No,2.0,Graduate,Yes,20166,2500,176,360.0,0.0,Rural,Y,22666,128.05649717514123,128.7840909090909
Female,Yes,3.0,Graduate,Yes,5000,2416,106,,1.0,Urban,N,7416,69.30841121495327,69.9622641509434
Female,Yes,0.0,Not Graduate,,2060,7750,131,360.0,0.0,Semiurban,N,9810,74.31818181818181,74.8854961832061
Female,No,0.0,Graduate,,3200,0,370,84.0,0.0,Urban,N,3200,8.625336927223719,8.64864864864865
Male,Yes,3.0,Graduate,No,3000,6250,106,120.0,1.0,Urban,Y,9250,86.44859813084112,87.26415094339623
,No,2.0,Not Graduate,,2577,1868,350,360.0,,Urban,Y,4445,12.663817663817664,12.7
,Yes,1.0,Not Graduate,,2483,1964,225,60.0,0.0,Semiurban,Y,4447,19.67699115044248,19.764444444444443
Female,Yes,2.0,Not Graduate,Yes,5000,4417,114,120.0,0.0,Rural,Y,9417,81.88695652173914,82.60526315789474
,No,2.0,Graduate,No,2132,688,144,240.0,0.0,Semiurban,N,2820,19.448275862068964,19.583333333333332
Male,No,0.0,Graduate,,5417,7210,180,480.0,1.0,Rural,Y,12627,69.76243093922652,70.15
Female,Yes,2.0,Not Graduate,,3189,2142,490,,1.0,Urban,Y,5331,10.85743380855397,10.879591836734694
Female,No,0.0,Graduate,No,3167,4300,155,240.0,0.0,Urban,Y,7467,47.86538461538461,48.174193548387095
,Yes,0.0,Not Graduate,No,2799,830,290,180.0,0.0,Semiurban,N,3629,12.470790378006871,12.513793103448275
,Yes,1.0,Not Graduate,No,2666,2383,35,84.0,1.0,Rural,N,5049,140.25,144.25714285714287
Male,,2.0,Graduate,Yes,2183,2383,192,360.0,,Rural,N,4566,23.6580310880829,23.78125
,,,Graduate,,13650,1800,376,180.0,1.0,Rural,N,15450,40.98143236074271,41.090425531914896
,No,3.0,Graduate,No,2950,2853,275,360.0,,Semiurban,N,5803,21.02536231884058,21.10181818181818
,No,,Not Graduate,No,2147,3066,600,120.0,,Semiurban,N,5213,8.6738768718802,8.688333333333333
,Yes,0.0,Not Graduate,,2275,3369,187,120.0,,Urban,N,5644,30.02127659574468,30.181818181818183
Male,No,1.0,Not Graduate,No,2000,2853,67,300.0,,Semiurban,N,4853,71.36764705882354,72.43283582089552
Male,Yes,1.0,Graduate,No,6400,5250,290,240.0,1.0,Rural,N,11650,40.03436426116839,40.172413793103445
Female,Yes,,Graduate,Yes,6080,4000,349,480.0,0.0,Semiurban,N,10080,28.8,28.882521489971346
,,2.0,Graduate,No,5042,4167,133,300.0,0.0,Rural,N,9209,68.72388059701493,69.2406015037594
Male,Yes,0.0,Graduate,,3846,2667,200,60.0,1.0,Semiurban,N,6513,32.40298507462686,32.565
Female,Yes,0.0,Not Graduate,No,2060,4000,114,,,Semiurban,Y,6060,52.69565217391305,53.1578947368421
,No,0.0,Not Graduate,,2439,4300,112,,1.0,Semiurban,N,6739,59.63716814159292,60.169642857142854
Female,No,2.0,Graduate,Yes,1800,5625,275,300.0,1.0,Rural,N,7425,26.90217391304348,27.0
Male,No,2.0,Not Graduate,,3416,2250,140,120.0,1.0,Urban,Y,5666,40.184397163120565,40.47142857142857
Male,Yes,,Not Graduate,No,24763,500,116,120.0,1.0,Semiurban,N,25263,215.92307692307693,217.7844827586207
Female,Yes,0.0,Graduate,No,4583,736,182,240.0,0.0,Semiurban,N,5319,29.0655737704918,29.225274725274726
,,3.0,Graduate,No,3366,6000,94,120.0,0.0,Rural,N,9366,98.58947368421052,99.63829787234043
Female,Yes,0.0,Graduate,,11000,3167,59,240.0,,Semiurban,N,14167,236.11666666666667,240.11864406779662
,No,1.0,Not Graduate,No,3750,2133,75,120.0,,Rural,N,5883,77.40789473684211,78.44
,Yes,2.0,Graduate,,8666,4983,140,180.0,1.0,Urban,N,13649,96.80141843971631,97.49285714285715
Female,,2.0,Graduate,,20166,5701,72,300.0,0.0,Semiurban,N,25867,354.3424657534247,359.2638888888889
Female,Yes,2.0,Graduate,No,2237,3022,255,180.0,1.0,Semiurban,N,5259,20.54296875,20.623529411764707
Female,,,Not Graduate,No,2237,7210,180,60.0,,Rural,Y,9447,52.193370165745854,52.483333333333334
Male,No,,Graduate,No,3333,2900,141,60.0,0.0,Rural,Y,6233,43.894366197183096,44.205673758865245
,Yes,2.0,Not Graduate,Yes,2071,2531,152,480.0,0.0,Urban,N,4602,30.07843137254902,30.276315789473685
Male,,0.0,Not Graduate,,4166,4486,300,360.0,,Urban,Y,8652,28.74418604651163,28.84
Male,Yes,2.0,Graduate,,2875,1500,240,,1.0,Rural,Y,4375,18.15352697095436,18.229166666666668
,No,3.0,Not Graduate,No,2666,3022,370,360.0,0.0,Rural,Y,5688,15.331536388140162,15.372972972972972
,,3.0,Graduate,,3366,2142,600,300.0,1.0,Rural,N,5508,9.164725457570716,9.18
Male,,0.0,Graduate,Yes,150,4000,118,84.0,0.0,Urban,N,4150,34.87394957983193,35.16949152542373
,Yes,0.0,Not Graduate,Yes,1625,2750,93,240.0,0.0,Semiurban,N,4375,46.54255319148936,47.043010752688176
Male,No,3.0,Graduate,Yes,2275,2142,192,240.0,,Rural,Y,4417,22.8860103626943,23.005208333333332
Female,,1.0,Graduate,,3052,3333,175,240.0,0.0,Urban,Y,6385,36.27840909090909,36.48571428571429
,Yes,3.0,Not Graduate,,5000,736,140,,0.0,Rural,N,5736,40.680851063829785,40.97142857142857
Female,,0.0,Not Graduate,No,2071,2583,315,240.0,1.0,Urban,N,4654,14.727848101265822,14.774603174603175
Male,,,Graduate,No,7100,1250,158,60.0,1.0,Urban,Y,8350,52.515723270440255,52.848101265822784
Female,,3.0,Graduate,Yes,5667,4486,275,120.0,0.0,Rural,N,10153,36.78623188405797,36.92
Female,,1.0,Graduate,,4950,1250,275,300.0,1.0,Rural,N,6200,22.463768115942027,22.545454545454547
Male,No,3.0,Graduate,Yes,2833,688,200,360.0,1.0,Semiurban,N,3521,17.51741293532338,17.605
Male,,,Not Graduate,Yes,2666,3333,228,360.0,0.0,Urban,N,5999,26.19650655021834,26.31140350877193
,No,,Graduate,,7333,2531,78,360.0,0.0,Rural,Y,9864,124.86075949367088,126.46153846153847
Female,Yes,0.0,Not Graduate,Yes,5266,4417,225,480.0,1.0,Urban,Y,9683,42.84513274336283,43.035555555555554
Male,,2.0,Graduate,No,2333,0,154,300.0,0.0,Rural,N,2333,15.051612903225806,15.14935064935065
Male,Yes,,Graduate,,3052,6000,228,300.0,,Semiurban,Y,9052,39.52838427947598,39.70175438596491
Male,Yes,,Not Graduate,,2666,3440,137,180.0,0.0,Semiurban,Y,6106,44.2463768115942,44.56934306569343
,Yes,,Not Graduate,No,2927,900,255,120.0,0.0,Semiurban,N,3827,14.94921875,15.007843137254902
,Yes,,Not Graduate,,2275,1843,168,240.0,1.0,Semiurban,N,4118,24.366863905325445,24.511904761904763
Male,,,Not Graduate,,2400,2133,349,240.0,,Urban,N,4533,12.951428571428572,12.988538681948423
Female,Yes,2.0,Graduate,,2645,1800,168,480.0,0.0,Semiurban,Y,4445,26.301775147929,26.458333333333332
,Yes,3.0,Not Graduate,Yes,7333,4167,285,,1.0,Urban,N,11500,40.20979020979021,40.35087719298246
Male,Yes,3.0,Not Graduate,,3416,1451,370,360.0,,Rural,N,4867,13.118598382749326,13.154054054054054
,No,,Graduate,,5000,2791,67,300.0,0.0,Semiurban,N,7791,114.57352941176472,116.28358208955224
Male,No,0.0,Not Graduate,Yes,3000,4000,285,480.0,,Semiurban,Y,7000,24.47552447552448,24.56140350877193
Female,Yes,2.0,Graduate,,2266,2142,300,84.0,,Semiurban,N,4408,14.644518272425248,14.693333333333333
Female,Yes,,Graduate,No,12000,1459,85,360.0,0.0,Urban,N,13459,156.5,158.34117647058824
,Yes,,Not Graduate,No,2483,500,93,60.0,,Rural,Y,2983,31.73404255319149,32.075268817204304
Female,No,1.0,Graduate,Yes,5266,3449,370,480.0,1.0,Rural,Y,8715,23.49056603773585,23.554054054054053
Female,Yes,2.0,Graduate,Yes,2275,0,55,60.0,,Semiurban,N,2275,40.625,41.36363636363637
Female,Yes,3.0,Graduate,No,2132,1213,228,300.0,,Semiurban,Y,3345,14.60698689956332,14.671052631578947
Male,Yes,2.0,Graduate,Yes,11000,1640,95,180.0,,Urban,Y,12640,131.66666666666666,133.05263157894737
Male,Yes,3.0,Graduate,,5042,4196,160,360.0,,Semiurban,N,9238,57.37888198757764,57.7375
Female,No,3.0,Graduate,,3750,830,320,60.0,0.0,Semiurban,N,4580,14.26791277258567,14.3125
,,1.0,Not Graduate,,2473,688,158,480.0,0.0,Urban,N,3161,19.88050314465409,20.00632911392405
Female,No,,Graduate,No,2583,2531,76,480.0,1.0,Rural,Y,5114,66.41558441558442,67.28947368421052
Female,Yes,2.0,Graduate,No,2600,4595,35,120.0,,Rural,N,7195,199.86111111111111,205.57142857142858
Female,No,3.0,Not Graduate,,10000,1929,100,480.0,,Urban,N,11929,118.10891089108912,119.29
Male,No,1.0,Graduate,No,150,2083,176,360.0,0.0,Rural,N,2233,12.615819209039548,12.6875
Male,No,0.0,Graduate,No,10000,3806,158,180.0,1.0,Semiurban,Y,13806,86.83018867924528,87.37974683544304
Male,Yes,0.0,Graduate,Yes,2266,2500,137,240.0,1.0,Rural,Y,4766,34.53623188405797,34.78832116788321
Female,,0.0,Not Graduate,No,2340,5654,124,180.0,1.0,Rural,N,7994,63.952,64.46774193548387
Female,,,Not Graduate,,5000,1213,165,240.0,,Semiurban,Y,6213,37.4277108433735,37.654545454545456
Male,No,1.0,Graduate,No,2479,3333,90,240.0,1.0,Rural,N,5812,63.86813186813187,64.57777777777778
,Yes,,Not Graduate,,3073,1666,300,,1.0,Urban,N,4739,15.744186046511627,15.796666666666667
Female,,,Graduate,No,2183,1030,182,360.0,0.0,Semiurban,Y,3213,17.557377049180328,17.653846153846153
,No,3.0,Not Graduate,,2301,4000,59,180.0,1.0,Urban,N,6301,105.01666666666668,106.79661016949153
Female,Yes,,Graduate,No,5166,3333,210,180.0,1.0,Rural,Y,8499,40.279620853080566,40.47142857142857
,,2.0,Graduate,No,2200,1030,192,180.0,,Rural,N,3230,16.735751295336787,16.822916666666668
,,0.0,Not Graduate,No,3189,2000,160,84.0,1.0,Urban,N,5189,32.22981366459627,32.43125
Female,Yes,1.0,Graduate,No,2500,754,116,,,Semiurban,N,3254,27.811965811965813,28.051724137931036
Female,,0.0,Graduate,,5166,1459,59,300.0,0.0,Semiurban,N,6625,110.41666666666669,112.28813559322033
Female,No,,Graduate,,2333,2250,118,180.0,,Semiurban,Y,4583,38.51260504201681,38.83898305084746
Male,,,Not Graduate,,3366,1083,66,360.0,0.0,Semiurban,Y,4449,66.40298507462687,67.4090909090909
,No,1.0,Not Graduate,Yes,3366,7210,50,300.0,,Urban,Y,10576,207.37254901960785,211.52
Female,Yes,,Not Graduate,Yes,4300,3583,330,300.0,0.0,Urban,N,7883,23.81570996978852,23.887878787878787
,No,1.0,Not Graduate,No,3189,1451,208,180.0,1.0,Urban,N,4640,22.20095693779904,22.307692307692307
,No,3.0,Not Graduate,No,2071,1459,315,120.0,0.0,Semiurban,N,3530,11.170886075949369,11.206349206349206
,No,2.0,Graduate,No,1977,2667,490,360.0,0.0,Urban,N,4644,9.458248472505092,9.477551020408164
,Yes,0.0,Graduate,Yes,2666,830,315,240.0,1.0,Urban,Y,3496,11.063291139240508,11.098412698412698
Female,,,Graduate,No,3366,4196,290,84.0,,Semiurban,Y,7562,25.98625429553265,26.075862068965517
,No,1.0,Graduate,,6747,3333,67,300.0,1.0,Rural,N,10080,148.23529411764707,150.44776119402985
Female,Yes,2.0,Graduate,,2853,4417,93,60.0,0.0,Rural,N,7270,77.34042553191489,78.17204301075269
Female,Yes,3.0,Not Graduate,Yes,5166,2791,240,360.0,0.0,Semiurban,Y,7957,33.016597510373444,33.15416666666667
,No,1.0,Not Graduate,,2395,4750,70,480.0,1.0,Rural,Y,7145,100.6338028169014,102.07142857142857
,Yes,0.0,Not Graduate,No,3333,4595,495,,1.0,Semiurban,Y,7928,15.983870967741936,16.016161616161614
,,1.0,Not Graduate,,3666,2583,95,240.0,,Rural,N,6249,65.09375,65.77894736842106
Female,Yes,2.0,Not Graduate,Yes,3666,5701,267,240.0,,Rural,Y,9367,34.951492537313435,35.08239700374532
Male,,2.0,Graduate,No,3500,736,98,180.0,1.0,Urban,N,4236,42.78787878787879,43.224489795918366
Male,,,Not Graduate,Yes,5266,1459,350,84.0,1.0,Semiurban,N,6725,19.15954415954416,19.214285714285715
Female,No,,Graduate,,4000,2045,75,,1.0,Semiurban,Y,6045,79.53947368421052,80.6
Female,No,2.0,Graduate,No,2340,0,125,240.0,,Rural,N,2340,18.571428571428573,18.72
Female,Yes,2.0,Graduate,No,1863,3806,95,180.0,1.0,Urban,N,5669,59.052083333333336,59.67368421052632
Male,,0.0,Not Graduate,No,3250,4750,124,,0.0,Rural,Y,8000,64.0,64.51612903225806
Female,Yes,2.0,Not Graduate,No,6400,2330,182,480.0,0.0,Semiurban,Y,8730,47.704918032786885,47.967032967032964
Male,,1.0,Graduate,,6747,4000,255,84.0,,Semiurban,N,10747,41.98046875,42.14509803921569
Male,,0.0,Not Graduate,No,11000,7210,152,84.0,0.0,Rural,N,18210,119.01960784313724,119.80263157894737
Male,,1.0,Graduate,,2473,3600,80,,1.0,Semiurban,N,6073,74.9753086419753,75.9125
,Yes,2.0,Graduate,Yes,5417,1640,94,,1.0,Rural,N,7057,74.28421052631579,75.07446808510639
Female,,1.0,Not Graduate,No,3167,5701,74,300.0,0.0,Semiurban,N,8868,118.24,119.83783783783784
Female,Yes,1.0,Graduate,Yes,2799,830,78,60.0,0.0,Urban,Y,3629,45.936708860759495,46.52564102564103
Male,,,Not Graduate,,1800,2853,240,240.0,1.0,Urban,N,4653,19.30705394190872,19.3875
,,,Graduate,Yes,2491,2142,137,300.0,,Rural,Y,4633,33.572463768115945,33.81751824817518
Male,No,3.0,Graduate,No,2200,5250,350,60.0,1.0,Semiurban,N,7450,21.225071225071225,21.285714285714285
Male,Yes,,Not Graduate,No,2645,1929,182,84.0,1.0,Rural,Y,4574,24.994535519125684,25.13186813186813
Male,No,3.0,Graduate,No,5166,2133,104,360.0,1.0,Semiurban,N,7299,69.51428571428572,70.1826923076923
Female,Yes,2.0,Graduate,Yes,2799,3369,81,480.0,0.0,Rural,N,6168,75.21951219512195,76.14814814814815
,No,,Graduate,,4166,1516,228,,0.0,Urban,N,5682,24.812227074235807,24.92105263157895
Female,No,3.0,Not Graduate,,7333,1083,201,84.0,1.0,Rural,N,8416,41.66336633663367,41.87064676616915
Male,Yes,0.0,Not Graduate,No,2718,1868,47,,1.0,Semiurban,N,4586,95.54166666666669,97.57446808510639
Male,No,3.0,Graduate,No,5316,983,139,60.0,,Rural,N,6299,44.99285714285714,45.31654676258993
,Yes,0.0,Not Graduate,,1800,800,175,84.0,0.0,Urban,N,2600,14.772727272727272,14.857142857142858
Male,Yes,0.0,Graduate,No,5786,1964,58,240.0,1.0,Urban,Y,7750,131.35593220338984,133.6206896551724
Female,Yes,0.0,Graduate,No,2400,2667,90,180.0,0.0,Rural,Y,5067,55.68131868131868,56.3
,No,0.0,Graduate,,2395,2383,166,84.0,,Semiurban,N,4778,28.610778443113773,28.783132530120483
,No,1.0,Not Graduate,Yes,5000,1459,600,480.0,0.0,Semiurban,Y,6459,10.747088186356072,10.765
Male,No,0.0,Graduate,No,15000,800,98,84.0,,Rural,Y,15800,159.59595959595958,161.22448979591837
Male,No,1.0,Graduate,,3333,1030,228,60.0,0.0,Semiurban,N,4363,19.05240174672489,19.135964912280702
,Yes,1.0,Graduate,No,7333,1330,30,360.0,0.0,Urban,N,8663,279.4516129032258,288.76666666666665
Male,Yes,1.0,Not Graduate,,2577,5250,495,240.0,1.0,Rural,N,7827,15.78024193548387,15.812121212121212
,Yes,,Graduate,,2439,2330,47,300.0,0.0,Semiurban,Y,4769,99.35416666666669,101.46808510638297
Female,,3.0,Not Graduate,No,15000,2667,124,300.0,0.0,Semiurban,Y,17667,141.336,142.4758064516129
Female,,3.0,Graduate,Yes,4166,5701,175,240.0,,Rural,N,9867,56.0625,56.38285714285714
Female,No,2.0,Not Graduate,,7200,7750,184,180.0,0.0,Urban,N,14950,80.8108108108108,81.25
,Yes,1.0,Graduate,,3200,4866,152,60.0,1.0,Rural,Y,8066,52.71895424836601,53.06578947368421
,Yes,0.0,Not Graduate,,2014,1300,168,84.0,,Urban,Y,3314,19.609467455621303,19.726190476190474
,No,2.0,Graduate,No,3189,4866,90,120.0,,Rural,N,8055,88.51648351648352,89.5
Male,No,3.0,Not Graduate,No,11000,1213,320,240.0,1.0,Rural,Y,12213,38.046728971962615,38.165625
Female,Yes,3.0,Not Graduate,,5316,5701,104,,0.0,Urban,N,11017,104.92380952380952,105.9326923076923
Male,,0.0,Not Graduate,Yes,3666,5063,349,,1.0,Semiurban,N,8729,24.94,25.011461318051577
,,3.0,Graduate,Yes,2950,4750,109,300.0,1.0,Semiurban,N,7700,70.0,70.64220183486239
,,3.0,Graduate,No,1977,2133,110,480.0,0.0,Urban,N,4110,37.02702702702703,37.36363636363637
,No,,Graduate,No,6747,1451,349,120.0,1.0,Rural,Y,8198,23.422857142857143,23.48997134670487
,Yes,1.0,Not Graduate,Yes,5417,985,99,480.0,0.0,Urban,N,6402,64.02,64.66666666666667
Male,No,3.0,Not Graduate,Yes,4000,4417,330,360.0,,Semiurban,N,8417,25.42900302114804,25.506060606060608
Female,No,0.0,Graduate,,2237,5701,158,60.0,1.0,Semiurban,N,7938,49.9245283018868,50.24050632911393
Female,No,,Graduate,,15000,5625,133,300.0,0.0,Semiurban,Y,20625,153.9179104477612,155.0751879699248
,,0.0,Not Graduate,Yes,1928,3600,225,120.0,,Urban,N,5528,24.460176991150444,24.56888888888889
Female,No,2.0,Graduate,,2473,1083,131,,0.0,Semiurban,N,3556,26.939393939393938,27.14503816793893
Female,Yes,0.0,Graduate,,7100,5701,175,240.0,1.0,Urban,Y,12801,72.73295454545455,73.14857142857143
Female,,1.0,Not Graduate,Yes,8000,3263,144,360.0,0.0,Rural,N,11263,77.67586206896551,78.21527777777777
Male,,3.0,Graduate,,2014,688,110,480.0,1.0,Rural,N,2702,24.34234234234234,24.563636363636363
Male,No,2.0,Graduate,Yes,5042,7750,154,480.0,,Semiurban,N,12792,82.52903225806452,83.06493506493507
,No,2.0,Not Graduate,No,10000,4167,182,360.0,1.0,Semiurban,N,14167,77.4153005464481,77.84065934065934
,,3.0,Graduate,,2400,688,93,300.0,1.0,Semiurban,N,3088,32.85106382978724,33.204301075268816
,Yes,2.0,Not Graduate,Yes,2071,754,118,180.0,,Rural,Y,2825,23.73949579831933,23.940677966101696
Male,Yes,0.0,Graduate,Yes,2500,3022,315,360.0,0.0,Semiurban,N,5522,17.474683544303797,17.530158730158732
Female,No,,Graduate,Yes,6250,3449,85,,1.0,Rural,Y,9699,112.77906976744184,114.10588235294118
Female,Yes,1.0,Graduate,No,2400,0,376,360.0,1.0,Semiurban,Y,2400,6.36604774535809,6.382978723404255
Female,No,1.0,Graduate,,2473,736,155,480.0,,Urban,N,3209,20.57051282051282,20.703225806451613
Female,Yes,2.0,Graduate,,2000,1300,350,360.0,1.0,Rural,N,3300,9.401709401709402,9.428571428571429
Male,Yes,2.0,Not Graduate,Yes,3625,7210,81,84.0,0.0,Semiurban,N,10835,132.1341463414634,133.76543209876544
Female,No,1.0,Not Graduate,No,8333,5625,122,360.0,1.0,Semiurban,N,13958,113.47967479674796,114.40983606557377
Female,Yes,,Graduate,No,2483,688,72,360.0,1.0,Rural,Y,3171,43.43835616438356,44.041666666666664
,,0.0,Not Graduate,,11000,5654,166,60.0,0.0,Urban,N,16654,99.7245508982036,100.32530120481928
,,,Graduate,Yes,2237,4750,75,60.0,,Semiurban,N,6987,91.9342105263158,93.16
,,,Not Graduate,,2178,1300,120,84.0,0.0,Rural,Y,3478,28.74380165289256,28.983333333333334
,Yes,0.0,Not Graduate,Yes,2875,2133,94,360.0,,Rural,N,5008,52.71578947368421,53.276595744680854
Female,Yes,1.0,Graduate,,3846,3750,106,60.0,,Urban,N,7596,70.99065420560747,71.66037735849056
Male,No,2.0,Graduate,,12000,1083,67,480.0,,Rural,N,13083,192.39705882352945,195.26865671641792
,,0.0,Not Graduate,,2833,1213,600,120.0,,Rural,Y,4046,6.732113144758736,6.743333333333333
Male,Yes,1.0,Graduate,Yes,5667,3333,180,120.0,1.0,Semiurban,N,9000,49.72375690607735,50.0
,Yes,1.0,Graduate,,1800,985,201,60.0,0.0,Semiurban,N,2785,13.787128712871286,13.855721393034825
Male,No,2.0,Graduate,Yes,2014,6000,115,360.0,1.0,Urban,N,8014,69.08620689655173,69.68695652173913
,,1.0,Not Graduate,,8333,736,59,240.0,1.0,Urban,N,9069,151.15,153.71186440677965
,No,3.0,Not Graduate,Yes,3600,2900,155,240.0,0.0,Semiurban,N,6500,41.66666666666666,41.935483870967744
Female,Yes,2.0,Graduate,,3167,1666,17,360.0,1.0,Urban,N,4833,268.5,284.29411764705884
Female,,2.0,Graduate,,20166,2000,59,480.0,1.0,Semiurban,N,22166,369.4333333333333,375.6949152542373
,,0.0,Graduate,,5786,736,182,480.0,,Rural,N,6522,35.63934426229508,35.83516483516483
Female,No,,Not Graduate,No,2833,736,114,84.0,,Rural,N,3569,31.034782608695654,31.30701754385965
Male,No,,Graduate,Yes,3000,1516,106,240.0,0.0,Rural,N,4516,42.20560747663552,42.60377358490566
Female,Yes,2.0,Graduate,No,5500,1590,175,240.0,0.0,Rural,Y,7090,40.28409090909091,40.51428571428571
,Yes,3.0,Not Graduate,No,5316,5250,116,180.0,0.0,Semiurban,N,10566,90.3076923076923,91.08620689655173
,No,,Not Graduate,Yes,3250,5750,59,120.0,,Urban,N,9000,150.0,152.54237288135593
Female,Yes,1.0,Not Graduate,No,6400,736,98,480.0,,Rural,Y,7136,72.08080808080808,72.81632653061224
Male,Yes,2.0,Graduate,Yes,2383,3066,240,180.0,0.0,Rural,N,5449,22.609958506224068,22.704166666666666
Male,Yes,3.0,Graduate,,2833,1666,58,300.0,0.0,Rural,N,4499,76.2542372881356,77.56896551724138
Female,No,0.0,Graduate,No,150,3022,285,360.0,0.0,Urban,N,3172,11.090909090909092,11.12982456140351
Female,,0.0,Graduate,,2200,2250,201,120.0,0.0,Semiurban,N,4450,22.02970297029703,22.139303482587064
Male,Yes,0.0,Graduate,No,2395,4167,76,180.0,,Urban,N,6562,85.22077922077922,86.34210526315789
Female,No,,Not Graduate,,2577,2416,120,480.0,1.0,Rural,N,4993,41.26446280991736,41.608333333333334
Male,,1.0,Not Graduate,,5786,0,155,360.0,0.0,Semiurban,N,5786,37.08974358974359,37.329032258064515
Male,No,3.0,Not Graduate,,1625,1964,97,84.0,1.0,Semiurban,N,3589,36.62244897959184,37.0
Male,No,,Not Graduate,,2014,900,176,,1.0,Urban,N,2914,16.463276836158194,16.556818181818183
,Yes,,Not Graduate,No,2927,2383,97,,1.0,Rural,N,5310,54.18367346938776,54.74226804123711
Female,No,2.0,Not Graduate,Yes,3666,4595,114,84.0,1.0,Urban,Y,8261,71.83478260869565,72.46491228070175
,No,3.0,Graduate,No,2178,2500,152,120.0,,Urban,N,4678,30.57516339869281,30.776315789473685
,,,Not Graduate,Yes,5500,4983,144,180.0,1.0,Rural,Y,10483,72.29655172413793,72.79861111111111
,,0.0,Graduate,,5166,2583,90,60.0,,Rural,N,7749,85.15384615384616,86.1
Female,,2.0,Graduate,Yes,12000,2045,290,,1.0,Rural,Y,14045,48.264604810996566,48.43103448275862
Male,,0.0,Graduate,,7200,1213,490,240.0,0.0,Urban,N,8413,17.134419551934826,17.16938775510204
,,,Not Graduate,Yes,13650,3806,124,84.0,0.0,Rural,N,17456,139.648,140.7741935483871
Female,No,2.0,Graduate,,3083,2500,100,120.0,0.0,Semiurban,N,5583,55.277227722772274,55.83
Male,Yes,0.0,Graduate,No,3167,2416,180,300.0,0.0,Urban,N,5583,30.84530386740332,31.016666666666666
Female,No,3.0,Not Graduate,No,10000,4983,300,360.0,0.0,Semiurban,N,14983,49.77740863787376,49.943333333333335
,,0.0,Not Graduate,No,2583,2791,315,480.0,1.0,Urban,Y,5374,17.00632911392405,17.06031746031746
Female,,,Graduate,,2395,0,115,180.0,1.0,Semiurban,Y,2395,20.64655172413793,20.82608695652174
Female,Yes,,Not Graduate,No,5417,1640,99,,0.0,Semiurban,N,7057,70.57,71.28282828282828
Male,,1.0,Not Graduate,,4000,2000,168,300.0,,Rural,N,6000,35.50295857988166,35.714285714285715
Female,Yes,2.0,Not Graduate,No,5417,3440,350,,,Semiurban,Y,8857,25.23361823361824,25.305714285714284
Female,No,,Graduate,,13650,2000,176,,0.0,Urban,N,15650,88.4180790960452,88.92045454545455
,,3.0,Graduate,Yes,2071,2383,128,360.0,0.0,Rural,N,4454,34.52713178294574,34.796875
,,2.0,Not Graduate,Yes,2645,5750,35,120.0,1.0,Urban,Y,8395,233.19444444444449,239.85714285714286
Male,No,1.0,Not Graduate,Yes,3625,1213,30,300.0,,Rural,N,4838,156.06451612903226,161.26666666666668
Female,,2.0,Graduate,No,13650,1590,114,300.0,0.0,Semiurban,Y,15240,132.52173913043478,133.68421052631578
,Yes,,Graduate,Yes,11000,2900,182,240.0,,Rural,Y,13900,75.95628415300547,76.37362637362638
Male,Yes,0.0,Graduate,Yes,2060,6250,50,300.0,,Urban,N,8310,162.94117647058823,166.2
Female,No,2.0,Graduate,No,2301,4417,192,84.0,1.0,Urban,N,6718,34.80829015544042,34.989583333333336
,,1.0,Not Graduate,No,2577,1640,308,180.0,,Urban,N,4217,13.647249190938512,13.691558441558442
,,,Not Graduate,,6080,6000,370,360.0,,Semiurban,N,12080,32.56064690026954,32.648648648648646
,No,,Not Graduate,,3000,7750,63,300.0,0.0,Semiurban,N,10750,167.96875,170.63492063492063
Male,,3.0,Graduate,,2479,1213,120,,0.0,Semiurban,N,3692,30.512396694214875,30.766666666666666
,No,3.0,Graduate,Yes,3333,5250,267,240.0,1.0,Urban,Y,8583,32.026119402985074,32.146067415730336
,No,,Not Graduate,,2200,2853,312,180.0,,Urban,N,5053,16.143769968051117,16.19551282051282
Male,Yes,1.0,Not Graduate,,7100,3369,35,60.0,,Rural,N,10469,290.80555555555554,299.1142857142857
Male,,0.0,Graduate,Yes,3846,4000,93,60.0,0.0,Urban,N,7846,83.46808510638297,84.36559139784946
,,1.0,Not Graduate,No,2200,5266,133,360.0,,Rural,N,7466,55.71641791044776,56.13533834586466
Female,Yes,3.0,Graduate,,12000,5654,114,360.0,,Urban,N,17654,153.51304347826087,154.859649122807
,Yes,3.0,Graduate,Yes,4300,1300,50,120.0,1.0,Semiurban,N,5600,109.80392156862744,112.0
Female,Yes,2.0,Graduate,Yes,2183,1516,160,,1.0,Urban,N,3699,22.975155279503102,23.11875
Female,,,Graduate,,5316,4417,228,60.0,1.0,Rural,N,9733,42.50218340611354,42.68859649122807
Female,,,Not Graduate,,8333,1459,81,,,Rural,Y,9792,119.41463414634148,120.88888888888889
,No,1.0,Graduate,,10000,6000,308,84.0,1.0,Semiurban,N,16000,51.77993527508091,51.94805194805195
,,2.0,Graduate,,5316,1516,275,84.0,1.0,Semiurban,N,6832,24.7536231884058,24.843636363636364
,,0.0,Not Graduate,Yes,6747,4750,370,180.0,1.0,Rural,N,11497,30.98921832884097,31.072972972972973
,No,,Graduate,,9323,3449,100,60.0,,Urban,Y,12772,126.45544554455444,127.72
Female,,1.0,Graduate,No,2266,4595,349,480.0,0.0,Urban,N,6861,19.602857142857143,19.659025787965614
Female,Yes,,Not Graduate,No,3846,1250,109,360.0,,Urban,Y,5096,46.32727272727273,46.75229357798165
Female,,,Not Graduate,Yes,2178,1500,122,480.0,1.0,Urban,Y,3678,29.902439024390244,30.147540983606557
Female,,0.0,Graduate,No,13650,2416,104,120.0,1.0,Semiurban,N,16066,153.0095238095238,154.48076923076923
Female,No,0.0,Graduate,,2071,0,176,240.0,1.0,Semiurban,N,2071,11.700564971751412,11.767045454545455
,,1.0,Not Graduate,Yes,2853,754,495,120.0,0.0,Rural,Y,3607,7.272177419354839,7.2868686868686865
Female,Yes,1.0,Graduate,No,1977,2416,99,480.0,1.0,Urban,Y,4393,43.93,44.37373737373738
Male,,1.0,Graduate,No,15000,4167,650,480.0,,Urban,N,19167,29.442396313364057,29.487692307692306
,Yes,1.0,Graduate,,2340,4000,109,240.0,0.0,Semiurban,Y,6340,57.63636363636363,58.1651376146789
Male,No,3.0,Graduate,,1800,3167,109,360.0,1.0,Semiurban,Y,4967,45.154545454545456,45.56880733944954
Male,Yes,3.0,Not Graduate,Yes,13650,2750,144,60.0,0.0,Rural,N,16400,113.10344827586206,113.88888888888889
Male,,1.0,Not Graduate,,5786,983,128,,,Semiurban,N,6769,52.47286821705426,52.8828125
,No,2.0,Not Graduate,No,3029,7750,600,120.0,1.0,Urban,Y,10779,17.935108153078204,17.965
Female,,,Graduate,,1977,5654,152,120.0,,Semiurban,N,7631,49.87581699346405,50.203947368421055
Female,,0.0,Graduate,No,3167,1213,47,360.0,0.0,Semiurban,N,4380,91.25,93.19148936170212
Female,,2.0,Not Graduate,,3083,4300,436,,1.0,Rural,Y,7383,16.894736842105264,16.93348623853211
Female,No,,Not Graduate,,5667,1330,155,60.0,1.0,Semiurban,Y,6997,44.8525641025641,45.14193548387097
Male,Yes,3.0,Not Graduate,,2950,1500,184,180.0,,Semiurban,N,4450,24.054054054054053,24.184782608695652
Female,Yes,3.0,Graduate,No,3200,900,44,,0.0,Urban,N,4100,91.11111111111111,93.18181818181819
Male,No,,Graduate,,2383,2045,290,240.0,,Urban,Y,4428,15.216494845360824,15.26896551724138
Female,,0.0,Not Graduate,,3522,4866,76,,0.0,Rural,N,8388,108.93506493506491,110.36842105263158
Male,,0.0,Not Graduate,,3625,4196,160,120.0,1.0,Semiurban,N,7821,48.5776397515528,48.88125
,No,,Graduate,No,2183,6250,600,480.0,0.0,Urban,Y,8433,14.031613976705492,14.055
,Yes,2.0,Graduate,No,3189,1451,94,180.0,1.0,Semiurban,N,4640,48.8421052631579,49.361702127659576
Female,No,2.0,Not Graduate,No,11000,1800,228,60.0,1.0,Semiurban,N,12800,55.89519650655022,56.14035087719298
,,1.0,Graduate,No,1000,1843,67,120.0,1.0,Semiurban,N,2843,41.80882352941177,42.43283582089552
Male,,3.0,Not Graduate,Yes,3029,1964,187,360.0,0.0,Semiurban,N,4993,26.55851063829787,26.700534759358288
,,1.0,Graduate,No,3750,3449,137,60.0,1.0,Urban,N,7199,52.16666666666666,52.54744525547445
Female,No,1.0,Not Graduate,No,7333,3500,133,120.0,,Semiurban,Y,10833,80.84328358208955,81.45112781954887
Female,Yes,0.0,Graduate,No,6080,1590,180,,0.0,Semiurban,Y,7670,42.3756906077348,42.611111111111114
Male,Yes,,Not Graduate,No,4300,3806,320,240.0,0.0,Urban,N,8106,25.252336448598133,25.33125
Female,,,Graduate,,2875,1868,600,180.0,,Rural,Y,4743,7.891846921797005,7.905
Female,No,0.0,Graduate,Yes,3083,500,113,300.0,,Urban,Y,3583,31.42982456140351,31.707964601769913
,,1.0,Graduate,,2950,4000,144,120.0,,Rural,N,6950,47.93103448275862,48.263888888888886
Female,No,0.0,Graduate,No,6250,1213,95,,0.0,Rural,N,7463,77.73958333333333,78.5578947368421
,,0.0,Graduate,,9323,1800,99,480.0,1.0,Urban,N,11123,111.23,112.35353535353535
Male,Yes,3.0,Not Graduate,Yes,2266,7750,376,,0.0,Urban,N,10016,26.56763925729443,26.638297872340427
Male,Yes,1.0,Graduate,Yes,5667,5625,210,,,Urban,Y,11292,53.51658767772512,53.77142857142857
,,1.0,Not Graduate,Yes,5166,2583,95,120.0,0.0,Urban,N,7749,80.71875,81.56842105263158
,Yes,2.0,Graduate,Yes,10000,1516,25,240.0,0.0,Urban,Y,11516,442.9230769230769,460.64
Female,,1.0,Graduate,No,3052,1666,109,300.0,,Urban,Y,4718,42.89090909090909,43.28440366972477
Male,No,3.0,Not Graduate,Yes,4000,1300,201,180.0,,Semiurban,N,5300,26.23762376237624,26.3681592039801
Female,No,2.0,Not Graduate,No,2875,1964,225,60.0,,Rural,N,4839,21.41150442477876,21.506666666666668
Male,Yes,3.0,Graduate,Yes,3666,754,192,180.0,1.0,Urban,N,4420,22.90155440414508,23.020833333333332
Female,No,1.0,Graduate,Yes,7333,2531,285,180.0,1.0,Urban,N,9864,34.48951048951049,34.61052631578947
,No,,Not Graduate,Yes,2500,2000,30,180.0,,Urban,Y,4500,145.16129032258064,150.0
Male,No,0.0,Not Graduate,Yes,8000,2667,168,84.0,0.0,Rural,N,10667,63.11834319526627,63.49404761904762
Male,,0.0,Graduate,Yes,3250,3583,78,120.0,0.0,Rural,N,6833,86.49367088607595,87.6025641025641
Female,,0.0,Not Graduate,Yes,2400,1030,72,240.0,0.0,Semiurban,N,3430,46.98630136986301,47.638888888888886
Male,No,,Not Graduate,No,24763,3806,495,360.0,,Semiurban,Y,28569,57.59879032258065,57.71515151515152
,No,1.0,Graduate,,3189,4595,155,300.0,1.0,Urban,N,7784,49.8974358974359,50.21935483870968
Female,,2.0,Not Graduate,,1800,2000,122,300.0,1.0,Semiurban,Y,3800,30.89430894308943,31.147540983606557
Female,No,3.0,Not Graduate,,13650,1030,116,360.0,0.0,Semiurban,N,14680,125.47008547008546,126.55172413793103
Male,,0.0,Graduate,,15000,2045,320,180.0,0.0,Rural,Y,17045,53.099688473520246,53.265625
,No,0.0,Graduate,,2200,2750,160,120.0,0.0,Urban,N,4950,30.74534161490683,30.9375
Female,,1.0,Not Graduate,,2833,2330,114,,,Semiurban,N,5163,44.89565217391304,45.28947368421053
Male,No,0.0,Not Graduate,,8333,983,118,,1.0,Urban,Y,9316,78.28571428571429,78.94915254237289
Female,Yes,1.0,Not Graduate,No,3167,700,267,480.0,,Rural,N,3867,14.42910447761194,14.48314606741573
,No,2.0,Graduate,Yes,7451,3583,168,240.0,,Semiurban,N,11034,65.28994082840237,65.67857142857143
Male,,,Not Graduate,No,2014,1330,81,360.0,0.0,Rural,N,3344,40.78048780487805,41.28395061728395
,Yes,3.0,Graduate,,2833,1964,90,480.0,0.0,Rural,N,4797,52.71428571428572,53.3
Male,No,1.0,Graduate,Yes,2178,983,70,60.0,1.0,Semiurban,Y,3161,44.52112676056338,45.15714285714286
Male,Yes,1.0,Graduate,No,3250,5654,285,180.0,0.0,Semiurban,N,8904,31.132867132867133,31.242105263157896
Male,,0.0,Not Graduate,No,3189,1083,175,480.0,,Semiurban,N,4272,24.27272727272728,24.411428571428573
,No,3.0,Graduate,Yes,2491,1459,320,480.0,,Semiurban,N,3950,12.305295950155765,12.34375
Male,No,3.0,Graduate,,3029,2853,255,360.0,,Urban,N,5882,22.9765625,23.066666666666666
,Yes,0.0,Not Graduate,,1977,6250,124,240.0,0.0,Semiurban,N,8227,65.816,66.34677419354838
Female,Yes,0.0,Graduate,Yes,3189,5701,315,84.0,1.0,Rural,Y,8890,28.132911392405063,28.22222222222222
,,0.0,Not Graduate,,2340,1516,285,84.0,,Semiurban,Y,3856,13.482517482517483,13.529824561403508
,,2.0,Graduate,Yes,8000,3449,110,60.0,1.0,Urban,N,11449,103.14414414414416,104.08181818181818
Male,No,3.0,Not Graduate,,3666,3449,112,480.0,1.0,Rural,N,7115,62.9646017699115,63.526785714285715
Female,No,1.0,Graduate,No,150,5654,137,300.0,0.0,Semiurban,N,5804,42.05797101449275,42.36496350364963
Female,Yes,3.0,Not Graduate,No,10000,4595,114,180.0,0.0,Urban,N,14595,126.91304347826087,128.02631578947367
Male,Yes,2.0,Not Graduate,Yes,1800,1800,104,120.0,,Semiurban,N,3600,34.285714285714285,34.61538461538461
Female,Yes,1.0,Graduate,No,5000,6250,115,300.0,1.0,Urban,N,11250,96.98275862068964,97.82608695652173
Male,No,3.0,Graduate,No,2000,985,58,84.0,0.0,Urban,N,2985,50.59322033898305,51.46551724137931
Female,,,Graduate,,2266,4300,376,360.0,,Rural,Y,6566,17.416445623342174,17.46276595744681
,,3.0,Not Graduate,No,3625,3600,44,300.0,0.0,Rural,Y,7225,160.55555555555554,164.20454545454547
Female,No,,Not Graduate,No,5266,6000,50,480.0,0.0,Urban,N,11266,220.90196078431373,225.32
Female,,1.0,Not Graduate,No,5000,1590,267,240.0,0.0,Urban,Y,6590,24.58955223880597,24.681647940074907
Female,,1.0,Not Graduate,No,2583,1451,140,180.0,0.0,Semiurban,N,4034,28.609929078014183,28.814285714285713
Male,No,1.0,Not Graduate,No,3200,2000,94,60.0,1.0,Semiurban,Y,5200,54.73684210526316,55.319148936170215
Male,,3.0,Graduate,Yes,2875,1459,128,,1.0,Rural,Y,4334,33.5968992248062,33.859375
Female,No,3.0,Not Graduate,No,2183,2500,116,240.0,,Semiurban,Y,4683,40.02564102564103,40.37068965517241
,No,0.0,Graduate,,3666,2791,275,180.0,0.0,Rural,N,6457,23.394927536231883,23.48
Female,,1.0,Graduate,Yes,2927,830,600,60.0,0.0,Rural,Y,3757,6.251247920133111,6.261666666666667
Male,No,1.0,Not Graduate,,3800,3806,75,,1.0,Urban,N,7606,100.07894736842104,101.41333333333333
Female,No,2.0,Graduate,,4950,3449,255,180.0,0.0,Urban,N,8399,32.80859375,32.937254901960785
Male,,1.0,Graduate,No,2333,4983,96,180.0,1.0,Rural,N,7316,75.42268041237114,76.20833333333333
Female,No,2.0,Not Graduate,Yes,2500,1330,67,84.0,1.0,Semiurban,N,3830,56.3235294117647,57.16417910447761
Female,No,0.0,Graduate,No,3333,4595,50,120.0,0.0,Urban,N,7928,155.45098039215685,158.56
Female,,3.0,Not Graduate,,12000,3440,106,240.0,0.0,Rural,N,15440,144.29906542056074,145.66037735849056
Male,,,Graduate,,3750,1640,112,,0.0,Semiurban,Y,5390,47.69911504424779,48.125
Female,Yes,1.0,Not Graduate,No,24763,5625,330,180.0,0.0,Semiurban,N,30388,91.80664652567977,92.08484848484848
Male,,0.0,Not Graduate,,15000,1459,300,84.0,1.0,Urban,N,16459,54.68106312292359,54.86333333333334
Female,,3.0,Not Graduate,,5417,5625,30,240.0,,Urban,N,11042,356.1935483870968,368.06666666666666
,No,0.0,Not Graduate,No,2071,1030,90,,1.0,Semiurban,N,3101,34.07692307692308,34.455555555555556
Male,Yes,0.0,Not Graduate,Yes,2439,2750,58,480.0,0.0,Semiurban,Y,5189,87.94915254237289,89.46551724137932
Female,No,1.0,Not Graduate,,3366,2853,59,180.0,1.0,Rural,Y,6219,103.65,105.40677966101696
Female,Yes,1.0,Not Graduate,Yes,3800,2750,93,60.0,0.0,Semiurban,Y,6550,69.68085106382979,70.43010752688173
Male,Yes,2.0,Graduate,No,3189,1964,490,360.0,0.0,Urban,Y,5153,10.4949083503055,10.516326530612245
Female,Yes,,Graduate,No,2708,4983,228,360.0,,Urban,N,7691,33.585152838427945,33.73245614035088
Female,Yes,2.0,Not Graduate,No,2500,1929,152,180.0,1.0,Urban,N,4429,28.94771241830065,29.138157894736842
Female,,1.0,Graduate,,2014,6250,83,240.0,0.0,Semiurban,N,8264,98.38095238095238,99.56626506024097
Female,No,2.0,Not Graduate,No,6080,2000,125,240.0,1.0,Semiurban,N,8080,64.12698412698413,64.64
,Yes,2.0,Graduate,,15000,1640,116,180.0,0.0,Rural,N,16640,142.22222222222223,143.44827586206895
Female,Yes,3.0,Graduate,No,150,830,118,,1.0,Rural,Y,980,8.235294117647058,8.305084745762711
Female,No,0.0,Not Graduate,,2147,2045,495,,,Rural,N,4192,8.451612903225806,8.468686868686868
,Yes,2.0,Not Graduate,Yes,2400,3066,267,300.0,1.0,Semiurban,N,5466,20.395522388059703,20.471910112359552
Female,Yes,1.0,Not Graduate,,3800,3440,104,480.0,1.0,Semiurban,N,7240,68.95238095238095,69.61538461538461
,Yes,0.0,Not Graduate,,2483,3600,58,84.0,,Urban,N,6083,103.10169491525424,104.87931034482759
Female,Yes,3.0,Not Graduate,,2708,3167,55,,,Rural,N,5875,104.91071428571428,106.81818181818181
Male,,2.0,Not Graduate,No,2483,2531,308,180.0,,Semiurban,N,5014,16.22653721682848,16.27922077922078
Female,,3.0,Graduate,,5000,830,81,180.0,1.0,Urban,N,5830,71.09756097560975,71.9753086419753
Male,Yes,1.0,Not Graduate,Yes,3083,4000,168,84.0,1.0,Semiurban,Y,7083,41.9112426035503,42.160714285714285
Male,,2.0,Not Graduate,,2833,1929,25,240.0,1.0,Urban,Y,4762,183.15384615384616,190.48
,,0.0,Graduate,No,6400,1213,72,180.0,,Semiurban,N,7613,104.28767123287672,105.73611111111111
Female,Yes,3.0,Graduate,Yes,2500,1250,114,480.0,,Rural,N,3750,32.608695652173914,32.89473684210526
Male,,1.0,Graduate,Yes,1000,4983,17,,0.0,Urban,N,5983,332.3888888888889,351.94117647058823
Male,No,,Graduate,,2237,2330,376,360.0,,Semiurban,Y,4567,12.114058355437663,12.14627659574468
,Yes,,Not Graduate,,7451,5266,83,120.0,,Rural,Y,12717,151.39285714285714,153.21686746987953
Male,No,2.0,Graduate,,3666,4417,74,360.0,,Urban,Y,8083,107.77333333333333,109.22972972972973
Male,Yes,,Graduate,,11000,1516,436,84.0,0.0,Semiurban,N,12516,28.640732265446225,28.706422018348626
,Yes,3.0,Graduate,No,7200,2250,308,480.0,,Rural,N,9450,30.58252427184466,30.681818181818183
,,2.0,Not Graduate,Yes,10513,3066,137,480.0,0.0,Urban,N,13579,98.39855072463769,99.11678832116789
,Yes,1.0,Graduate,,2799,2416,300,,0.0,Urban,N,5215,17.325581395348838,17.383333333333333
,Yes,2.0,Graduate,,3000,500,83,180.0,1.0,Rural,N,3500,41.66666666666666,42.16867469879518
,Yes,0.0,Graduate,,4843,5654,154,480.0,0.0,Rural,Y,10497,67.72258064516129,68.16233766233766
,No,1.0,Graduate,,2491,4300,81,180.0,0.0,Semiurban,Y,6791,82.8170731707317,83.8395061728395
Male,Yes,3.0,Graduate,Yes,2237,5250,600,,0.0,Urban,Y,7487,12.45757071547421,12.478333333333333
Male,,1.0,Not Graduate,No,4583,1500,376,360.0,0.0,Semiurban,Y,6083,16.135278514588858,16.1781914893617
Female,Yes,3.0,Not Graduate,Yes,2491,1250,120,180.0,0.0,Urban,Y,3741,30.917355371900825,31.175
Male,No,3.0,Not Graduate,Yes,7333,4417,137,480.0,,Semiurban,N,11750,85.14492753623189,85.76642335766424
,,3.0,Not Graduate,Yes,3333,3600,160,,,Rural,N,6933,43.06211180124224,43.33125
Female,,3.0,Graduate,No,2000,4000,228,480.0,1.0,Semiurban,Y,6000,26.200873362445414,26.31578947368421
Male,Yes,,Not Graduate,Yes,5417,1451,109,120.0,0.0,Rural,N,6868,62.43636363636364,63.00917431192661
,,1.0,Graduate,Yes,1928,2045,225,360.0,,Rural,Y,3973,17.579646017699115,17.657777777777778
Female,Yes,1.0,Graduate,No,2301,800,55,480.0,0.0,Semiurban,N,3101,55.375,56.38181818181818
Female,Yes,0.0,Graduate,,4000,3500,290,360.0,,Rural,N,7500,25.77319587628866,25.862068965517242
Male,No,2.0,Not Graduate,No,3800,736,139,180.0,0.0,Rural,N,4536,32.4,32.63309352517986
Female,,1.0,Graduate,,7451,3022,109,360.0,0.0,Semiurban,N,10473,95.2090909090909,96.08256880733946
,,3.0,Not Graduate,No,3600,4196,350,60.0,,Urban,N,7796,22.21082621082621,22.274285714285714
Female,,0.0,Graduate,,12841,4300,201,120.0,1.0,Semiurban,Y,17141,84.85643564356435,85.27860696517413
,No,1.0,Graduate,Yes,3416,2133,74,60.0,,Urban,N,5549,73.98666666666666,74.98648648648648
Female,No,3.0,Not Graduate,No,24763,900,81,360.0,0.0,Urban,Y,25663,312.9634146341463,316.82716049382714
Female,,0.0,Graduate,Yes,2666,900,255,84.0,1.0,Urban,N,3566,13.9296875,13.984313725490196
,No,,Not Graduate,Yes,6080,3750,155,84.0,,Semiurban,N,9830,63.01282051282051,63.41935483870968
,No,2.0,Not Graduate,Yes,3416,6250,94,60.0,,Urban,Y,9666,101.74736842105264,102.82978723404256
Female,No,,Not Graduate,No,2400,2853,308,84.0,,Urban,N,5253,17.0,17.055194805194805
,No,3.0,Not Graduate,,2266,1843,88,120.0,,Rural,N,4109,46.16853932584269,46.69318181818182
Female,Yes,1.0,Graduate,No,4000,1843,95,300.0,0.0,Rural,Y,5843,60.864583333333336,61.50526315789474
Female,,,Graduate,Yes,1863,2330,495,120.0,1.0,Semiurban,N,4193,8.453629032258064,8.470707070707071
Male,Yes,1.0,Not Graduate,,5166,1843,131,240.0,,Semiurban,N,7009,53.09848484848485,53.50381679389313
Female,Yes,0.0,Graduate,,2500,800,80,60.0,,Rural,Y,3300,40.74074074074074,41.25
,Yes,2.0,Not Graduate,Yes,3522,3066,131,300.0,,Semiurban,N,6588,49.90909090909091,50.29007633587786
Male,,,Not Graduate,Yes,4583,1843,88,120.0,0.0,Semiurban,N,6426,72.20224719101124,73.02272727272727
Female,No,,Not Graduate,No,13650,2791,187,300.0,,Urban,N,16441,87.45212765957447,87.91978609625669
Female,Yes,1.0,Graduate,Yes,3800,3066,168,60.0,0.0,Rural,N,6866,40.62721893491124,40.86904761904762
Male,Yes,1.0,Not Graduate,No,2060,500,285,,,Semiurban,Y,2560,8.951048951048952,8.982456140350877
Male,Yes,3.0,Graduate,No,3000,4000,118,180.0,0.0,Urban,Y,7000,58.8235294117647,59.32203389830509
,Yes,2.0,Graduate,No,5500,2791,200,84.0,0.0,Semiurban,N,8291,41.24875621890547,41.455
Male,,,Not Graduate,No,7333,7210,47,240.0,1.0,Rural,Y,14543,302.9791666666667,309.4255319148936
Female,,0.0,Not Graduate,Yes,3083,1516,50,180.0,1.0,Rural,Y,4599,90.17647058823528,91.98
,Yes,3.0,Graduate,Yes,7100,500,47,180.0,0.0,Semiurban,N,7600,158.33333333333334,161.70212765957447
Female,No,0.0,Graduate,,4000,3750,80,360.0,,Rural,N,7750,95.679012345679,96.875
Male,,0.0,Graduate,,2132,4750,168,240.0,1.0,Urban,Y,6882,40.72189349112426,40.964285714285715
Female,No,0.0,Graduate,Yes,8333,1868,122,,0.0,Semiurban,Y,10201,82.9349593495935,83.61475409836065
,Yes,,Not Graduate,No,2479,5750,80,84.0,,Urban,N,8229,101.5925925925926,102.8625
Female,No,0.0,Graduate,No,11000,6000,168,300.0,1.0,Urban,N,17000,100.59171597633136,101.19047619047619
Male,Yes,1.0,Not Graduate,Yes,3029,1666,67,240.0,,Urban,Y,4695,69.04411764705883,70.07462686567165
Female,Yes,3.0,Not Graduate,,6747,2791,109,180.0,1.0,Urban,Y,9538,86.7090909090909,87.5045871559633
Male,,2.0,Not Graduate,,2132,4983,158,240.0,1.0,Semiurban,Y,7115,44.74842767295598,45.03164556962025
,Yes,0.0,Not Graduate,,13650,1330,50,180.0,1.0,Urban,Y,14980,293.72549019607845,299.6
Male,No,,Graduate,Yes,1928,3263,490,240.0,,Rural,Y,5191,10.572301425661914,10.593877551020409
,Yes,,Not Graduate,,2500,4486,180,84.0,1.0,Urban,N,6986,38.59668508287293,38.81111111111111
Male,,0.0,Not Graduate,,5316,5266,44,84.0,1.0,Urban,N,10582,235.1555555555556,240.5
,,2.0,Graduate,No,1928,0,141,120.0,0.0,Rural,Y,1928,13.577464788732394,13.673758865248226
Female,,,Not Graduate,Yes,6400,1213,78,480.0,0.0,Urban,Y,7613,96.36708860759494,97.6025641025641
,No,0.0,Graduate,No,3800,1843,30,300.0,0.0,Semiurban,N,5643,182.03225806451613,188.1
,Yes,0.0,Graduate,Yes,2383,2531,90,480.0,,Urban,N,4914,54.0,54.6
Female,,1.0,Graduate,,6400,900,55,120.0,1.0,Semiurban,N,7300,130.35714285714286,132.72727272727272
,Yes,,Graduate,No,12000,1516,320,60.0,1.0,Rural,Y,13516,42.10591900311527,42.2375
,,0.0,Not Graduate,Yes,3750,3583,109,60.0,0.0,Urban,Y,7333,66.66363636363636,67.27522935779817
Female,,2.0,Not Graduate,No,3200,3369,200,360.0,,Rural,N,6569,32.681592039801,32.845
Male,No,1.0,Graduate,,3167,4417,109,,1.0,Urban,N,7584,68.94545454545455,69.57798165137615
Male,,1.0,Not Graduate,Yes,2333,2083,124,,,Semiurban,N,4416,35.328,35.61290322580645
,No,2.0,Not Graduate,Yes,2301,2791,63,84.0,0.0,Semiurban,N,5092,79.5625,80.82539682539682
Male,Yes,1.0,Graduate,Yes,5042,1250,136,180.0,,Rural,N,6292,45.92700729927007,46.26470588235294
,No,2.0,Not Graduate,,2577,2330,104,480.0,0.0,Semiurban,Y,4907,46.73333333333333,47.18269230769231
Female,No,,Graduate,Yes,8666,6250,436,60.0,0.0,Rural,Y,14916,34.13272311212815,34.211009174311926
,,1.0,Graduate,Yes,3000,2791,155,480.0,,Urban,N,5791,37.12179487179487,37.36129032258064
Male,No,3.0,Not Graduate,,5042,736,96,480.0,,Semiurban,N,5778,59.56701030927835,60.1875
Female,Yes,,Not Graduate,No,13650,3806,80,240.0,,Semiurban,Y,17456,215.50617283950612,218.2
Female,No,1.0,Not Graduate,No,2301,3369,55,60.0,,Semiurban,N,5670,101.25,103.0909090909091
,Yes,,Graduate,No,2301,3066,210,180.0,1.0,Rural,N,5367,25.43601895734597,25.557142857142857
Male,,,Not Graduate,Yes,10513,983,44,240.0,0.0,Urban,N,11496,255.46666666666667,261.27272727272725
,Yes,2.0,Graduate,Yes,6747,830,154,240.0,,Urban,N,7577,48.883870967741935,49.201298701298704
Female,No,3.0,Not Graduate,,1977,2853,58,84.0,,Urban,Y,4830,81.86440677966101,83.27586206896552
Female,No,0.0,Not Graduate,,2132,4983,114,360.0,,Urban,N,7115,61.869565217391305,62.41228070175438
,No,0.0,Graduate,No,2473,1929,74,480.0,1.0,Rural,N,4402,58.693333333333335,59.486486486486484
Male,No,2.0,Graduate,No,3750,2416,700,240.0,0.0,Rural,Y,6166,8.796005706134094,8.808571428571428
,Yes,2.0,Not Graduate,,12841,1030,312,360.0,,Urban,Y,13871,44.31629392971246,44.458333333333336
Female,Yes,2.0,Not Graduate,Yes,3029,1330,200,480.0,1.0,Urban,N,4359,21.686567164179102,21.795
Female,,3.0,Not Graduate,No,11000,2583,109,300.0,0.0,Semiurban,Y,13583,123.48181818181818,124.61467889908256
Male,Yes,3.0,Graduate,Yes,2400,1451,275,180.0,0.0,Rural,N,3851,13.952898550724637,14.003636363636364
Male,,0.0,Graduate,No,5042,1516,118,180.0,0.0,Urban,N,6558,55.109243697479,55.57627118644068
Male,No,,Not Graduate,,3800,4167,35,300.0,,Semiurban,N,7967,221.3055555555556,227.62857142857143
,No,,Graduate,No,2708,1250,240,60.0,0.0,Semiurban,N,3958,16.42323651452282,16.491666666666667
Female,Yes,3.0,Graduate,No,5316,5250,124,60.0,1.0,Semiurban,N,10566,84.528,85.20967741935483
,No,3.0,Graduate,,2483,754,47,,0.0,Semiurban,N,3237,67.4375,68.87234042553192
,Yes,,Graduate,Yes,3600,1459,228,,0.0,Semiurban,Y,5059,22.09170305676856,22.18859649122807
Male,,1.0,Not Graduate,Yes,2060,5266,290,300.0,0.0,Semiurban,N,7326,25.17525773195876,25.26206896551724
Male,,,Graduate,Yes,2395,1083,98,120.0,1.0,Semiurban,Y,3478,35.13131313131313,35.48979591836735
,Yes,0.0,Graduate,,6080,800,166,300.0,,Rural,Y,6880,41.19760479041916,41.44578313253012
Male,,2.0,Not Graduate,Yes,2237,3333,180,84.0,1.0,Semiurban,N,5570,30.773480662983424,30.944444444444443
Female,No,2.0,Not Graduate,,3846,3333,228,120.0,,Semiurban,Y,7179,31.34934497816593,31.486842105263158
Female,Yes,2.0,Not Graduate,,2600,2330,88,180.0,,Urban,N,4930,55.39325842696629,56.02272727272727
Female,Yes,0.0,Graduate,No,2439,1800,47,300.0,,Urban,Y,4239,88.3125,90.19148936170212
Female,,0.0,Graduate,,2266,4486,67,240.0,1.0,Rural,N,6752,99.29411764705884,100.77611940298507
Female,Yes,0.0,Not Graduate,Yes,150,2250,168,360.0,1.0,Rural,Y,2400,14.201183431952662,14.285714285714286
Male,,,Graduate,Yes,2833,2250,120,480.0,,Semiurban,Y,5083,42.00826446280992,42.358333333333334
,Yes,3.0,Graduate,No,3800,5654,35,180.0,0.0,Rural,N,9454,262.6111111111111,270.1142857142857
Male,Yes,3.0,Not Graduate,Yes,3600,985,106,240.0,,Urban,N,4585,42.85046728971962,43.25471698113208
,Yes,1.0,Graduate,,3189,2000,109,120.0,,Urban,N,5189,47.17272727272727,47.60550458715596
Female,No,1.0,Not Graduate,No,1977,2791,128,480.0,1.0,Rural,N,4768,36.96124031007752,37.25
Male,,0.0,Graduate,,1928,4750,152,60.0,,Rural,Y,6678,43.64705882352941,43.93421052631579
Male,No,2.0,Graduate,Yes,2383,985,100,,1.0,Semiurban,Y,3368,33.34653465346535,33.68
,No,3.0,Graduate,,2060,4486,25,300.0,,Semiurban,N,6546,251.7692307692308,261.84
Male,No,1.0,Graduate,,13650,3167,320,300.0,0.0,Semiurban,Y,16817,52.38940809968848,52.553125
Male,,3.0,Graduate,,3500,1250,290,60.0,0.0,Urban,N,4750,16.323024054982817,16.379310344827587
,Yes,,Graduate,No,1800,736,120,360.0,,Semiurban,Y,2536,20.958677685950413,21.133333333333333
Male,,3.0,Not Graduate,No,3666,3500,78,84.0,,Semiurban,Y,7166,90.70886075949367,91.87179487179488
Female,Yes,3.0,Graduate,Yes,9323,3369,59,480.0,1.0,Urban,N,12692,211.53333333333333,215.11864406779662
Female,Yes,2.0,Not Graduate,Yes,10513,4417,208,240.0,0.0,Urban,N,14930,71.43540669856459,71.77884615384616
Male,No,,Graduate,Yes,2799,3263,30,60.0,1.0,Urban,N,6062,195.5483870967742,202.06666666666666
Male,No,1.0,Not Graduate,No,2014,1451,228,180.0,0.0,Urban,N,3465,15.131004366812228,15.197368421052632
Male,No,2.0,Not Graduate,No,3083,2583,180,84.0,1.0,Semiurban,N,5666,31.30386740331492,31.477777777777778
,Yes,,Graduate,No,2333,7750,112,180.0,1.0,Semiurban,N,10083,89.23008849557522,90.02678571428571
Male,,,Graduate,No,2950,2330,300,60.0,,Rural,N,5280,17.54152823920266,17.6
Male,Yes,2.0,Graduate,No,8000,5654,200,480.0,1.0,Rural,N,13654,67.93034825870647,68.27
Female,Yes,2.0,Graduate,Yes,2200,700,255,300.0,,Semiurban,N,2900,11.328125,11.372549019607844
,,0.0,Graduate,Yes,2500,2416,376,84.0,0.0,Urban,N,4916,13.039787798408488,13.074468085106384
Male,No,3.0,Not Graduate,No,2577,5250,184,300.0,1.0,Semiurban,Y,7827,42.30810810810811,42.53804347826087
Female,Yes,2.0,Graduate,No,3416,3600,106,,1.0,Semiurban,N,7016,65.57009345794393,66.18867924528301
Female,Yes,0.0,Not Graduate,No,2718,3806,55,60.0,,Urban,N,6524,116.5,118.61818181818182
Male,No,0.0,Not Graduate,No,8666,688,166,120.0,1.0,Semiurban,Y,9354,56.01197604790419,56.34939759036145
,Yes,3.0,Graduate,,3029,2133,490,,,Semiurban,N,5162,10.513238289205702,10.534693877551021
,Yes,1.0,Not Graduate,,2237,1516,131,240.0,0.0,Rural,N,3753,28.431818181818183,28.64885496183206
,Yes,1.0,Not Graduate,,3846,2853,128,180.0,1.0,Semiurban,N,6699,51.93023255813954,52.3359375
Female,Yes,3.0,Not Graduate,No,2718,5654,63,120.0,0.0,Semiurban,N,8372,130.8125,132.88888888888889
Male,,0.0,Not Graduate,Yes,3189,5750,240,480.0,0.0,Urban,N,8939,37.09128630705394,37.24583333333333
,No,1.0,Graduate,,2853,900,118,60.0,1.0,Semiurban,N,3753,31.537815126050425,31.805084745762713
,Yes,1.0,Not Graduate,No,1977,5266,184,300.0,,Rural,N,7243,39.15135135135135,39.36413043478261
Male,No,,Graduate,,2183,3369,83,84.0,,Semiurban,N,5552,66.0952380952381,66.89156626506023
Female,Yes,,Not Graduate,No,20166,2791,320,180.0,,Semiurban,N,22957,71.51713395638629,71.740625
Male,Yes,1.0,Not Graduate,No,2275,1250,182,480.0,1.0,Rural,N,3525,19.262295081967213,19.36813186813187
,,2.0,Not Graduate,Yes,6080,4486,255,120.0,,Urban,N,10566,41.2734375,41.43529411764706
Female,,3.0,Graduate,Yes,5266,2531,176,180.0,1.0,Urban,N,7797,44.05084745762712,44.30113636363637
Female,Yes,0.0,Not Graduate,No,3522,985,97,300.0,1.0,Urban,N,4507,45.98979591836735,46.4639175257732
Female,,1.0,Graduate,,2708,2531,133,360.0,,Urban,N,5239,39.09701492537314,39.390977443609025
,No,1.0,Graduate,No,4950,2330,495,84.0,1.0,Semiurban,Y,7280,14.67741935483871,14.707070707070708
Female,Yes,3.0,Not Graduate,Yes,2340,2383,267,120.0,,Urban,N,4723,17.62313432835821,17.689138576779026
Female,,0.0,Not Graduate,,3366,2133,285,300.0,1.0,Semiurban,N,5499,19.227272727272727,19.294736842105262
Female,Yes,0.0,Not Graduate,,2301,5701,700,300.0,0.0,Semiurban,N,8002,11.4151212553495,11.43142857142857
Male,Yes,0.0,Graduate,No,8333,2383,17,,0.0,Semiurban,N,10716,595.3333333333334,630.3529411764706
,,1.0,Not Graduate,No,5667,2750,100,60.0,0.0,Semiurban,N,8417,83.33663366336634,84.17
Male,No,0.0,Graduate,No,5316,3066,255,300.0,,Semiurban,N,8382,32.7421875,32.870588235294115
Female,Yes,1.0,Not Graduate,Yes,12000,5701,165,,1.0,Rural,N,17701,106.63253012048192,107.27878787878788
Male,No,0.0,Graduate,Yes,1928,1868,97,84.0,1.0,Semiurban,N,3796,38.734693877551024,39.134020618556704
Female,Yes,0.0,Graduate,,24763,688,144,360.0,0.0,Rural,N,25451,175.5241379310345,176.74305555555554
Female,Yes,3.0,Graduate,No,3029,2330,128,180.0,,Urban,N,5359,41.542635658914726,41.8671875
,No,1.0,Not Graduate,No,2483,1516,154,360.0,,Urban,Y,3999,25.8,25.967532467532468
Female,,,Not Graduate,No,2645,1640,44,60.0,1.0,Urban,N,4285,95.22222222222224,97.38636363636364
,No,,Graduate,No,15000,2667,88,180.0,1.0,Rural,Y,17667,198.5056179775281,200.76136363636363
,Yes,,Not Graduate,Yes,3600,985,155,84.0,1.0,Rural,Y,4585,29.39102564102564,29.580645161290324
,Yes,0.0,Graduate,Yes,2853,2853,104,60.0,0.0,Urban,N,5706,54.34285714285714,54.86538461538461
,,1.0,Not Graduate,No,1977,0,154,300.0,,Semiurban,N,1977,12.75483870967742,12.837662337662337
,No,0.0,Graduate,No,24763,5750,330,,,Urban,N,30513,92.18429003021149,92.46363636363637
Male,,,Graduate,,2950,2142,70,240.0,1.0,Urban,N,5092,71.71830985915493,72.74285714285715
,Yes,,Not Graduate,No,5417,3583,144,120.0,,Urban,N,9000,62.06896551724138,62.5
Male,Yes,1.0,Graduate,,2383,5250,240,84.0,1.0,Rural,Y,7633,31.67219917012448,31.804166666666667
Male,Yes,3.0,Not Graduate,No,3800,1516,74,300.0,,Rural,N,5316,70.88,71.83783783783784
Male,,,Graduate,No,3000,5750,140,180.0,0.0,Rural,N,8750,62.05673758865248,62.5
,No,3.0,Graduate,Yes,4000,2083,376,84.0,1.0,Rural,N,6083,16.135278514588858,16.1781914893617
,No,3.0,Graduate,Yes,5166,4417,150,84.0,0.0,Semiurban,Y,9583,63.4635761589404,63.88666666666666
Male,,3.0,Graduate,,2014,6250,158,60.0,0.0,Semiurban,Y,8264,51.9748427672956,52.30379746835443
Male,,,Not Graduate,,7451,4000,95,480.0,0.0,Urban,N,11451,119.28125,120.53684210526316
Male,Yes,0.0,Not Graduate,,3500,1500,120,84.0,0.0,Rural,Y,5000,41.32231404958678,41.666666666666664
Female,No,3.0,Not Graduate,No,24763,900,158,,,Rural,Y,25663,161.40251572327043,162.4240506329114
,No,2.0,Not Graduate,Yes,3052,7750,50,180.0,1.0,Rural,N,10802,211.80392156862743,216.04
Male,,,Graduate,Yes,7100,6250,122,120.0,1.0,Semiurban,N,13350,108.53658536585364,109.42622950819673
,No,0.0,Graduate,,3029,2667,94,,0.0,Semiurban,Y,5696,59.95789473684211,60.59574468085106
Male,Yes,1.0,Not Graduate,Yes,3083,983,158,480.0,1.0,Semiurban,N,4066,25.57232704402516,25.734177215189874
,,3.0,Not Graduate,,6747,3022,63,60.0,0.0,Semiurban,N,9769,152.640625,155.06349206349208
,,0.0,Graduate,,9323,830,490,60.0,0.0,Urban,N,10153,20.67820773930753,20.720408163265308
Male,Yes,,Graduate,No,3083,754,81,360.0,,Semiurban,N,3837,46.79268292682927,47.370370370370374
Female,Yes,2.0,Not Graduate,,3189,5063,275,,,Urban,N,8252,29.89855072463768,30.007272727272728
,No,1.0,Graduate,,3625,6000,114,360.0,0.0,Urban,N,9625,83.69565217391305,84.4298245614035
Male,Yes,2.0,Not Graduate,No,8000,0,120,84.0,,Urban,Y,8000,66.11570247933884,66.66666666666667
,No,0.0,Graduate,Yes,8333,3806,30,,1.0,Semiurban,N,12139,391.5806451612903,404.6333333333333
,Yes,,Graduate,,5316,983,144,480.0,,Semiurban,N,6299,43.44137931034483,43.74305555555556
,No,,Graduate,,6747,2133,118,480.0,0.0,Urban,N,8880,74.6218487394958,75.2542372881356
,,2.0,Not Graduate,,3052,2791,96,180.0,,Rural,N,5843,60.23711340206186,60.864583333333336
Female,Yes,0.0,Graduate,Yes,3167,1030,70,240.0,0.0,Urban,Y,4197,59.11267605633803,59.957142857142856
Male,Yes,,Not Graduate,No,3800,4866,320,84.0,,Semiurban,Y,8666,26.99688473520249,27.08125
Male,,,Graduate,No,2014,1843,78,240.0,,Urban,N,3857,48.822784810126585,49.44871794871795
,Yes,0.0,Not Graduate,No,13650,688,115,480.0,0.0,Urban,N,14338,123.60344827586206,124.67826086956522
Male,Yes,0.0,Not Graduate,No,1863,1666,267,480.0,,Rural,Y,3529,13.167910447761194,13.217228464419476
Female,,,Not Graduate,,3846,6250,267,360.0,1.0,Urban,Y,10096,37.67164179104478,37.81273408239701
Female,,3.0,Graduate,No,1928,4196,93,60.0,1.0,Semiurban,Y,6124,65.14893617021276,65.84946236559139
Female,,1.0,Graduate,,9323,1030,350,,0.0,Urban,N,10353,29.49572649572649,29.58
Male,Yes,2.0,Graduate,Yes,3800,985,376,,,Rural,Y,4785,12.692307692307692,12.726063829787234
,Yes,,Graduate,,15000,4000,95,180.0,1.0,Rural,N,19000,197.91666666666663,200.0
Male,No,3.0,Not Graduate,Yes,1928,688,240,360.0,0.0,Urban,N,2616,10.854771784232366,10.9
,No,3.0,Graduate,Yes,2479,1213,122,180.0,0.0,Rural,N,3692,30.016260162601625,30.262295081967213
Female,No,0.0,Not Graduate,No,2266,3583,75,480.0,1.0,Urban,Y,5849,76.96052631578948,77.98666666666666
,Yes,1.0,Graduate,No,4000,2330,200,180.0,1.0,Urban,N,6330,31.49253731343284,31.65
Female,,,Graduate,Yes,13650,3066,350,120.0,,Semiurban,N,16716,47.623931623931625,47.76
,Yes,2.0,Not Graduate,,2400,1330,285,180.0,0.0,Semiurban,N,3730,13.041958041958042,13.087719298245615
Male,,2.0,Not Graduate,No,2060,5654,99,240.0,,Urban,N,7714,77.14,77.91919191919192
,Yes,3.0,Not Graduate,,1977,3022,58,300.0,0.0,Urban,N,4999,84.72881355932203,86.1896551724138
,No,3.0,Not Graduate,,2383,5654,96,180.0,1.0,Semiurban,N,8037,82.85567010309278,83.71875
Female,No,3.0,Graduate,,5786,2900,66,480.0,1.0,Rural,Y,8686,129.6417910447761,131.6060606060606
Male,,,Graduate,No,8000,3750,700,300.0,,Semiurban,N,11750,16.761768901569187,16.785714285714285
Male,Yes,2.0,Graduate,Yes,1863,700,88,480.0,0.0,Semiurban,N,2563,28.797752808988765,29.125
,No,3.0,Not Graduate,Yes,2491,5750,112,84.0,0.0,Rural,N,8241,72.929203539823,73.58035714285714
Male,Yes,2.0,Not Graduate,Yes,3500,1964,44,240.0,1.0,Urban,Y,5464,121.42222222222222,124.18181818181819
,No,2.0,Graduate,Yes,3800,1843,100,84.0,,Rural,N,5643,55.87128712871287,56.43
Female,,2.0,Not Graduate,,8000,2000,180,480.0,1.0,Rural,N,10000,55.24861878453039,55.55555555555556
Female,Yes,1.0,Graduate,No,2275,3806,187,120.0,0.0,Semiurban,Y,6081,32.34574468085106,32.518716577540104
Male,,,Graduate,Yes,9323,1300,490,180.0,1.0,Urban,Y,10623,21.635437881873727,21.679591836734694
Male,No,,Not Graduate,,5166,3449,330,,1.0,Rural,N,8615,26.027190332326285,26.106060606060606
,No,,Graduate,,4843,4486,176,180.0,1.0,Semiurban,N,9329,52.706214689265536,53.00568181818182
,No,,Graduate,No,3029,800,88,60.0,0.0,Rural,N,3829,43.02247191011236,43.51136363636363
Female,No,,Graduate,,3366,3167,184,120.0,0.0,Semiurban,N,6533,35.31351351351351,35.505434782608695
Male,,0.0,Not Graduate,,2577,1640,106,60.0,1.0,Rural,Y,4217,39.41121495327103,39.783018867924525
Male,,1.0,Graduate,Yes,2395,2416,97,60.0,,Rural,N,4811,49.09183673469388,49.597938144329895
Male,No,1.0,Graduate,No,2708,4167,96,84.0,0.0,Urban,Y,6875,70.87628865979381,71.61458333333333
Male,,3.0,Graduate,No,2583,983,136,240.0,0.0,Rural,Y,3566,26.02919708029197,26.220588235294116
Male,,0.0,Graduate,,2014,3263,200,480.0,,Semiurban,N,5277,26.253731343283583,26.385
Female,No,0.0,Not Graduate,Yes,5000,900,66,360.0,1.0,Urban,N,5900,88.05970149253731,89.39393939393939
Male,No,1.0,Graduate,No,2645,1500,125,300.0,,Rural,Y,4145,32.8968253968254,33.16
Female,,,Graduate,Yes,3189,3750,67,240.0,,Semiurban,Y,6939,102.04411764705884,103.56716417910448
Female,,3.0,Graduate,Yes,2950,985,47,240.0,0.0,Semiurban,N,3935,81.97916666666667,83.72340425531915
Male,,2.0,Graduate,,4950,2133,370,120.0,,Semiurban,N,7083,19.09164420485175,19.143243243243244
Male,No,0.0,Graduate,No,7333,3806,81,180.0,0.0,Semiurban,Y,11139,135.84146341463415,137.5185185185185
Female,No,0.0,Graduate,,2666,5250,104,360.0,1.0,Urban,N,7916,75.39047619047619,76.11538461538461
Female,No,,Graduate,Yes,2600,4417,700,480.0,,Semiurban,N,7017,10.009985734664763,10.024285714285714
,No,0.0,Graduate,,3666,2083,136,120.0,,Semiurban,Y,5749,41.96350364963504,42.27205882352941
Female,No,1.0,Graduate,Yes,2799,2667,315,,0.0,Urban,N,5466,17.29746835443038,17.35238095238095
Female,No,0.0,Not Graduate,Yes,13650,2383,63,120.0,,Semiurban,Y,16033,250.515625,254.4920634920635
Male,Yes,2.0,Graduate,,7333,2531,370,60.0,1.0,Rural,N,9864,26.587601078167115,26.65945945945946
,No,2.0,Not Graduate,Yes,2183,1929,124,360.0,0.0,Semiurban,N,4112,32.896,33.16129032258065
,No,1.0,Graduate,No,5316,5250,50,180.0,1.0,Semiurban,N,10566,207.1764705882353,211.32
Female,,3.0,Graduate,No,3167,4000,88,,1.0,Urban,N,7167,80.52808988764045,81.44318181818181
Female,No,,Not Graduate,Yes,3846,2250,128,120.0,0.0,Rural,N,6096,47.25581395348837,47.625
Male,No,3.0,Not Graduate,Yes,8000,3500,94,300.0,0.0,Semiurban,N,11500,121.05263157894736,122.34042553191489
,,1.0,Graduate,Yes,3029,2142,144,120.0,0.0,Semiurban,Y,5171,35.66206896551724,35.90972222222222
,,3.0,Not Graduate,Yes,5166,1300,124,180.0,0.0,Semiurban,N,6466,51.728,52.145161290322584
Male,No,0.0,Not Graduate,,24763,1964,154,240.0,,Urban,N,26727,172.43225806451613,173.55194805194805
Female,Yes,2.0,Not Graduate,Yes,3189,7750,93,360.0,0.0,Rural,N,10939,116.37234042553192,117.6236559139785
Male,No,,Not Graduate,,24763,4866,104,240.0,1.0,Urban,N,29629,282.1809523809524,284.8942307692308
Male,,1.0,Not Graduate,,10513,5250,141,180.0,0.0,Semiurban,Y,15763,111.00704225352112,111.79432624113475
,No,0.0,Graduate,No,12000,900,308,480.0,,Rural,N,12900,41.74757281553398,41.883116883116884
Female,No,3.0,Graduate,Yes,5500,1030,152,120.0,,Rural,N,6530,42.6797385620915,42.96052631578947
Female,No,,Graduate,Yes,2666,4167,175,240.0,1.0,Semiurban,N,6833,38.82386363636363,39.04571428571428
Female,No,2.0,Graduate,,2132,688,109,360.0,1.0,Rural,Y,2820,25.63636363636364,25.871559633027523
Male,No,3.0,Graduate,No,4950,3167,201,120.0,,Rural,N,8117,40.18316831683168,40.38308457711443
,No,,Graduate,,2875,688,436,180.0,0.0,Rural,N,3563,8.153318077803204,8.172018348623853
,Yes,0.0,Not Graduate,No,4950,2667,63,60.0,,Urban,Y,7617,119.015625,120.9047619047619
Female,,2.0,Graduate,Yes,4950,688,113,120.0,,Urban,N,5638,49.45614035087719,49.89380530973451
Female,Yes,3.0,Not Graduate,Yes,1000,2045,85,240.0,0.0,Rural,Y,3045,35.406976744186046,35.8235294117647
Male,,3.0,Not Graduate,No,12000,1500,180,300.0,0.0,Urban,N,13500,74.58563535911603,75.0
,No,1.0,Graduate,,8000,2000,50,60.0,1.0,Urban,N,10000,196.07843137254903,200.0
Male,No,1.0,Graduate,No,2600,4750,349,480.0,0.0,Urban,N,7350,21.0,21.060171919770774
Female,,0.0,Graduate,Yes,24763,1929,109,360.0,,Semiurban,Y,26692,242.65454545454543,244.88073394495413
Female,No,1.0,Not Graduate,No,3666,2750,109,180.0,,Urban,N,6416,58.32727272727273,58.862385321100916
Female,Yes,1.0,Graduate,,15000,3449,94,84.0,1.0,Urban,N,18449,194.2,196.2659574468085
Female,No,,Graduate,,2799,754,112,120.0,,Rural,N,3553,31.4424778761062,31.723214285714285
Female,Yes,0.0,Not Graduate,No,10513,5625,90,84.0,0.0,Semiurban,N,16138,177.34065934065933,179.3111111111111
Male,Yes,0.0,Graduate,No,2491,700,600,,1.0,Urban,N,3191,5.309484193011647,5.318333333333333
,,,Not Graduate,No,3250,1083,74,120.0,,Semiurban,Y,4333,57.77333333333333,58.554054054054056
Male,Yes,1.0,Not Graduate,,2583,4595,330,300.0,0.0,Semiurban,N,7178,21.68580060422961,21.75151515151515
Male,,3.0,Not Graduate,Yes,3625,4866,109,180.0,0.0,Semiurban,Y,8491,77.19090909090909,77.89908256880734
Male,Yes,2.0,Graduate,Yes,1977,1030,176,120.0,,Semiurban,N,3007,16.98870056497175,17.085227272727273
Female,,0.0,Graduate,No,2833,2416,650,180.0,0.0,Urban,N,5249,8.062980030721967,8.075384615384616
Female,Yes,2.0,Graduate,,15000,3066,109,180.0,,Rural,Y,18066,164.23636363636365,165.74311926605503
Female,Yes,,Graduate,,12841,2330,370,,,Semiurban,N,15171,40.8921832884097,41.002702702702706
Female,Yes,1.0,Graduate,No,2333,2083,83,300.0,,Urban,Y,4416,52.57142857142857,53.204819277108435
Female,No,1.0,Graduate,,2950,5701,436,180.0,,Rural,N,8651,19.79633867276888,19.841743119266056
,Yes,2.0,Not Graduate,Yes,4300,2500,76,480.0,1.0,Semiurban,N,6800,88.31168831168831,89.47368421052632
Female,,2.0,Graduate,No,2178,2330,158,180.0,,Rural,N,4508,28.35220125786164,28.531645569620252
Female,Yes,1.0,Not Graduate,No,4166,754,139,300.0,0.0,Rural,N,4920,35.142857142857146,35.39568345323741
Male,No,1.0,Graduate,No,13650,4983,255,240.0,,Urban,N,18633,72.78515625,73.07058823529412
Female,Yes,0.0,Not Graduate,No,6080,7210,200,60.0,,Rural,N,13290,66.11940298507463,66.45
Female,,,Graduate,No,7451,700,137,120.0,,Rural,N,8151,59.06521739130435,59.496350364963504
,No,0.0,Graduate,Yes,2927,3500,96,300.0,,Rural,N,6427,66.25773195876289,66.94791666666667
Female,Yes,2.0,Graduate,,3073,2330,175,360.0,0.0,Semiurban,N,5403,30.69886363636364,30.874285714285715
Male,Yes,1.0,Not Graduate,,2853,4196,125,300.0,0.0,Rural,N,7049,55.94444444444444,56.392
Female,Yes,2.0,Graduate,No,4950,2045,47,240.0,1.0,Semiurban,N,6995,145.72916666666666,148.82978723404256
Male,,2.0,Graduate,,2147,4167,308,60.0,,Urban,N,6314,20.433656957928804,20.5
Female,No,2.0,Not Graduate,Yes,11000,2667,115,120.0,1.0,Urban,N,13667,117.81896551724138,118.84347826086956
Male,,,Not Graduate,Yes,5667,4750,139,84.0,,Rural,Y,10417,74.40714285714286,74.94244604316546
Female,,0.0,Not Graduate,No,1977,4196,165,84.0,,Semiurban,Y,6173,37.18674698795181,37.412121212121214
Female,,0.0,Graduate,No,7333,4486,55,300.0,,Semiurban,N,11819,211.05357142857144,214.8909090909091
Female,,0.0,Graduate,Yes,2491,1500,30,360.0,,Semiurban,N,3991,128.74193548387098,133.03333333333333
,Yes,0.0,Graduate,Yes,3250,754,350,180.0,,Semiurban,N,4004,11.407407407407408,11.44
,,,Graduate,,5667,1590,95,360.0,0.0,Urban,N,7257,75.59375,76.38947368421053
Female,No,1.0,Graduate,,13650,4866,131,480.0,,Rural,N,18516,140.27272727272728,141.34351145038167
Male,No,0.0,Not Graduate,Yes,5042,1516,176,300.0,1.0,Urban,N,6558,37.05084745762712,37.26136363636363
Female,Yes,,Not Graduate,Yes,7200,2416,155,180.0,1.0,Urban,N,9616,61.64102564102564,62.038709677419355
,No,2.0,Graduate,Yes,2178,2083,175,360.0,1.0,Semiurban,Y,4261,24.21022727272728,24.34857142857143
,No,3.0,Graduate,,2875,4866,255,300.0,0.0,Rural,Y,7741,30.23828125,30.356862745098038
,Yes,3.0,Graduate,Yes,13650,2500,225,,1.0,Rural,Y,16150,71.46017699115045,71.77777777777777
Male,No,,Graduate,No,3000,1459,376,240.0,1.0,Urban,Y,4459,11.827586206896552,11.85904255319149
Female,,,Graduate,Yes,7333,1300,47,84.0,0.0,Rural,N,8633,179.85416666666666,183.68085106382978
Female,,1.0,Graduate,No,3600,4983,90,180.0,1.0,Rural,N,8583,94.31868131868131,95.36666666666666
Female,No,3.0,Graduate,Yes,4000,4486,122,480.0,,Urban,Y,8486,68.99186991869918,69.55737704918033
,,1.0,Not Graduate,No,5417,5654,200,240.0,,Semiurban,N,11071,55.07960199004975,55.355
,No,2.0,Graduate,,2950,1459,67,60.0,0.0,Semiurban,N,4409,64.83823529411765,65.80597014925372
Female,No,2.0,Not Graduate,No,8666,4750,155,480.0,1.0,Semiurban,Y,13416,86.0,86.55483870967743
Female,Yes,0.0,Not Graduate,Yes,3500,4417,93,180.0,0.0,Semiurban,Y,7917,84.22340425531915,85.12903225806451
Female,,0.0,Not Graduate,No,1000,500,17,300.0,1.0,Rural,N,1500,83.33333333333333,88.23529411764706
Female,No,,Graduate,,4000,4595,112,180.0,0.0,Rural,N,8595,76.06194690265487,76.74107142857143
Female,,0.0,Graduate,,10000,6250,650,480.0,,Rural,N,16250,24.961597542242703,25.0
Female,Yes,1.0,Not Graduate,,4300,2667,80,60.0,,Semiurban,Y,6967,86.01234567901234,87.0875
Female,Yes,1.0,Graduate,Yes,2147,900,95,300.0,,Urban,N,3047,31.73958333333333,32.07368421052632
Female,No,0.0,Not Graduate,No,4000,4750,67,360.0,,Rural,N,8750,128.6764705882353,130.59701492537314
Female,,3.0,Graduate,No,3073,5654,182,240.0,,Semiurban,N,8727,47.68852459016394,47.95054945054945
Male,No,,Not Graduate,No,2395,5266,267,360.0,0.0,Semiurban,N,7661,28.58582089552239,28.692883895131086
Male,Yes,3.0,Not Graduate,,2950,5625,140,180.0,,Rural,N,8575,60.81560283687944,61.25
Female,Yes,1.0,Not Graduate,No,2333,4595,700,240.0,0.0,Urban,N,6928,9.8830242510699,9.897142857142857
Male,,1.0,Not Graduate,,2147,3583,93,84.0,0.0,Rural,N,5730,60.95744680851064,61.61290322580645
,,3.0,Graduate,Yes,3600,1250,58,300.0,0.0,Semiurban,N,4850,82.20338983050847,83.62068965517241
,Yes,,Not Graduate,No,2178,736,275,300.0,0.0,Semiurban,Y,2914,10.557971014492754,10.596363636363636
Male,,2.0,Not Graduate,No,1977,1868,35,300.0,1.0,Rural,N,3845,106.80555555555556,109.85714285714286
Female,Yes,0.0,Not Graduate,,3366,1516,100,84.0,,Rural,N,4882,48.336633663366335,48.82
Female,Yes,,Not Graduate,,4583,3022,99,360.0,0.0,Rural,Y,7605,76.05,76.81818181818181
Male,,1.0,Not Graduate,Yes,5166,800,112,84.0,0.0,Semiurban,N,5966,52.796460176991154,53.267857142857146
,,2.0,Not Graduate,Yes,2071,3440,76,60.0,1.0,Urban,Y,5511,71.57142857142857,72.51315789473684
,No,0.0,Graduate,No,3750,4000,90,60.0,1.0,Semiurban,N,7750,85.16483516483517,86.11111111111111
Male,No,0.0,Graduate,Yes,4300,2330,182,480.0,1.0,Rural,N,6630,36.22950819672131,36.42857142857143
Male,No,,Not Graduate,No,7333,1459,490,120.0,0.0,Semiurban,Y,8792,17.906313645621182,17.942857142857143
Female,Yes,0.0,Not Graduate,,3625,1640,99,,0.0,Urban,N,5265,52.65,53.18181818181818
Male,Yes,1.0,Not Graduate,Yes,2500,4750,495,240.0,1.0,Semiurban,Y,7250,14.616935483870968,14.646464646464647
Male,Yes,,Not Graduate,No,3625,5266,158,120.0,0.0,Urban,N,8891,55.918238993710695,56.27215189873418
,No,2.0,Graduate,,3416,1213,75,180.0,,Semiurban,N,4629,60.9078947368421,61.72
Female,No,3.0,Not Graduate,,5417,4486,100,84.0,,Urban,N,9903,98.04950495049503,99.03
Male,Yes,0.0,Not Graduate,,2927,4866,81,480.0,0.0,Urban,N,7793,95.03658536585364,96.20987654320987
Female,No,0.0,Graduate,Yes,3800,983,290,180.0,,Rural,N,4783,16.436426116838486,16.49310344827586
Male,No,,Not Graduate,No,2473,5063,116,300.0,0.0,Semiurban,Y,7536,64.41025641025641,64.96551724137932
Male,No,,Graduate,Yes,1863,4000,25,60.0,0.0,Rural,Y,5863,225.5,234.52
Female,Yes,,Not Graduate,No,5500,3583,72,84.0,,Rural,N,9083,124.42465753424658,126.15277777777777
Male,Yes,1.0,Graduate,Yes,2301,2900,115,84.0,0.0,Rural,N,5201,44.83620689655172,45.22608695652174
