Loan_ID,Gender,Married,Dependents,Education,Self_Employed,ApplicantIncome,CoapplicantIncome,LoanAmount,Loan_Amount_Term,Credit_History,Property_Area
LP010001,,Yes,2,Graduate,,3076,0,110,240,1,Semiurban
LP010002,Male,No,,Graduate,Yes,5000,1500,110,180,0,Rural
LP010003,,No,1,Not Graduate,Yes,5720,1800,78,,0,Rural
LP010004,,No,,Graduate,No,5720,2546,126,360,1,Urban
LP010005,Male,Yes,3,Not Graduate,Yes,5000,2546,110,240,0,Semiurban
LP010006,Male,No,,Graduate,,3076,0,100,240,1,Semiurban
LP010007,,No,1,Graduate,Yes,3276,0,78,,0,Urban
LP010008,Female,No,,Graduate,No,3076,2546,126,,,Urban
LP010009,,No,0,Not Graduate,Yes,2340,0,110,180,0,Semiurban
LP010010,,No,1,Not Graduate,,2340,0,208,,0,Rural
LP010011,,Yes,2,Graduate,Yes,2340,1800,100,180,0,Urban
LP010012,,No,,Graduate,Yes,5000,2546,100,180,0,Semiurban
LP010013,Male,Yes,0,Not Graduate,Yes,3076,2546,126,240,0,Semiurban
LP010014,,No,3,Graduate,No,5720,0,100,240,1,Semiurban
LP010015,Female,No,3,Graduate,No,2340,2546,126,180,,Urban
LP010016,Male,No,,Not Graduate,No,3076,0,100,360,,Urban
LP010017,Female,Yes,3,Graduate,No,5720,2546,110,180,1,Urban
LP010018,Female,Yes,2,Graduate,,3076,0,126,,1,Semiurban
LP010019,Female,Yes,1,Not Graduate,,5000,2546,100,180,0,Urban
LP010020,Female,No,0,Not Graduate,No,2340,1800,110,180,0,Semiurban
LP010021,Male,No,,Not Graduate,No,3276,1800,110,180,0,Rural
LP010022,Male,Yes,3,Not Graduate,No,2340,0,110,360,1,Rural
LP010023,Female,Yes,1,Graduate,Yes,2340,1800,126,360,0,Rural
LP010024,Female,No,2,Not Graduate,,5000,0,126,180,1,Urban
LP010025,Male,Yes,3,Not Graduate,Yes,5720,0,100,,0,Semiurban
LP010026,Male,No,3,Graduate,No,2340,1500,208,240,1,Urban
LP010027,Male,Yes,0,Not Graduate,,5720,1800,208,,,Rural
LP010028,,Yes,2,Not Graduate,No,5720,1500,78,240,1,Semiurban
LP010029,,Yes,2,Graduate,Yes,5000,1500,208,,0,Rural
LP010030,,No,,Not Graduate,,2340,2546,208,360,1,Semiurban
LP010031,Female,No,0,Not Graduate,Yes,5000,0,100,,0,Urban
LP010032,,Yes,,Graduate,,5000,0,126,180,0,Semiurban
LP010033,Female,No,0,Not Graduate,No,3276,1500,208,240,0,Rural
LP010034,Female,No,2,Not Graduate,,5000,2546,78,,0,Semiurban
LP010035,,No,0,Graduate,Yes,3276,1800,100,,0,Semiurban
LP010036,Female,No,0,Graduate,Yes,5720,0,110,,,Rural
LP010037,,Yes,0,Not Graduate,Yes,5720,0,110,360,,Rural
LP010038,,No,1,Not Graduate,Yes,3076,2546,78,360,0,Rural
LP010039,Male,No,1,Not Graduate,No,3076,0,126,,1,Rural
LP010040,,Yes,2,Graduate,Yes,5720,0,110,360,1,Semiurban
LP010041,Male,No,0,Not Graduate,No,2340,0,126,,,Semiurban
LP010042,,No,2,Not Graduate,,3076,0,208,360,,Rural
LP010043,,No,1,Graduate,Yes,5000,2546,208,,0,Semiurban
LP010044,Male,Yes,0,Not Graduate,,3076,0,208,180,1,Rural
LP010045,Male,Yes,,Not Graduate,,5720,1500,110,360,1,Semiurban
LP010046,,No,1,Not Graduate,No,2340,0,110,,0,Urban
LP010047,Female,No,1,Graduate,Yes,5720,1800,126,240,1,Semiurban
LP010048,Male,Yes,1,Graduate,No,2340,0,126,180,,Rural
LP010049,Female,Yes,0,Not Graduate,Yes,3076,0,78,360,0,Urban
LP010050,Female,Yes,3,Not Graduate,,5000,0,208,,1,Urban
LP010051,Female,No,,Graduate,No,5000,0,100,240,1,Rural
LP010052,Male,No,,Not Graduate,Yes,5720,0,100,240,,Rural
LP010053,Female,Yes,2,Graduate,,2340,1800,208,240,0,Semiurban
LP010054,Male,No,0,Graduate,No,3076,0,78,180,,Semiurban
LP010055,Female,No,1,Graduate,No,2340,0,126,180,1,Urban
LP010056,,No,3,Graduate,No,2340,1500,110,240,0,Semiurban
LP010057,,No,0,Graduate,No,2340,2546,78,180,,Semiurban
LP010058,Male,No,0,Not Graduate,,3076,1500,78,,,Semiurban
LP010059,,No,3,Graduate,,2340,1800,208,360,0,Urban
LP010060,,No,1,Not Graduate,,5000,2546,126,360,1,Semiurban
LP010061,Female,Yes,0,Not Graduate,,5720,0,100,360,0,Semiurban
LP010062,Male,Yes,,Not Graduate,Yes,3276,1800,100,180,,Rural
LP010063,Female,Yes,,Graduate,,2340,1800,100,,,Urban
LP010064,Female,Yes,3,Not Graduate,No,5000,1500,78,,0,Rural
LP010065,Female,Yes,1,Not Graduate,No,5000,2546,110,180,0,Urban
LP010066,Female,Yes,3,Not Graduate,No,5720,1800,126,180,0,Rural
LP010067,Female,Yes,0,Graduate,No,5720,2546,110,,0,Rural
LP010068,Female,Yes,,Not Graduate,Yes,3276,0,100,,,Rural
LP010069,Female,Yes,2,Graduate,No,3276,2546,110,240,0,Rural
LP010070,Male,No,3,Graduate,No,3276,1500,78,360,0,Semiurban
LP010071,,No,2,Not Graduate,No,3076,1500,208,240,,Semiurban
LP010072,Female,Yes,2,Not Graduate,,3076,1800,110,,,Semiurban
LP010073,Female,No,,Graduate,,5000,2546,110,240,,Rural
LP010074,Female,No,3,Graduate,Yes,5720,1500,110,360,0,Urban
LP010075,Female,Yes,2,Not Graduate,Yes,2340,0,100,180,0,Urban
LP010076,Female,Yes,0,Not Graduate,Yes,5720,1500,110,240,1,Rural
LP010077,Female,Yes,1,Not Graduate,No,3076,0,126,240,0,Rural
LP010078,,No,1,Not Graduate,Yes,5000,0,78,180,1,Semiurban
LP010079,,No,,Not Graduate,,2340,2546,126,180,0,Rural
LP010080,Female,Yes,3,Graduate,,3276,1800,126,360,,Semiurban
LP010081,,No,3,Graduate,,3276,0,100,,1,Semiurban
LP010082,Male,No,1,Graduate,No,3076,1500,110,240,1,Rural
LP010083,Female,No,0,Graduate,No,5000,1800,78,360,,Urban
LP010084,Male,Yes,1,Graduate,Yes,5720,1800,78,240,1,Urban
LP010085,Male,No,1,Not Graduate,Yes,3076,1800,78,360,0,Rural
LP010086,Female,No,3,Graduate,Yes,5720,1800,110,360,1,Semiurban
LP010087,,No,2,Not Graduate,Yes,2340,2546,78,180,,Semiurban
LP010088,Male,No,0,Graduate,No,5720,2546,78,,0,Urban
LP010089,Female,No,3,Graduate,,2340,2546,208,240,1,Semiurban
LP010090,Male,No,1,Not Graduate,No,5000,1500,208,,0,Urban
LP010091,Male,No,2,Graduate,Yes,3076,2546,78,360,1,Rural
LP010092,Male,Yes,0,Graduate,No,5720,1800,126,180,,Rural
LP010093,Male,Yes,,Graduate,,5000,0,110,,1,Semiurban
LP010094,,No,0,Graduate,No,5000,0,126,180,,Rural
LP010095,Male,Yes,0,Not Graduate,,5720,0,126,180,0,Rural
LP010096,Male,No,1,Graduate,Yes,3276,0,110,240,0,Semiurban
LP010097,Male,No,1,Graduate,No,3276,0,110,360,0,Semiurban
LP010098,,No,,Graduate,Yes,2340,0,100,240,1,Urban
LP010099,Male,Yes,,Graduate,Yes,5000,0,100,240,,Rural
LP010100,Male,No,,Graduate,,3076,0,100,,1,Rural
LP010101,,No,3,Graduate,,3076,0,78,180,,Semiurban
LP010102,,Yes,3,Graduate,Yes,5000,1500,78,240,,Rural
LP010103,,Yes,1,Graduate,,3276,0,78,240,0,Urban
LP010104,Male,No,1,Not Graduate,,5000,0,100,360,,Urban
LP010105,,Yes,,Not Graduate,Yes,2340,2546,110,,1,Semiurban
LP010106,,Yes,3,Not Graduate,Yes,5000,1500,78,,0,Rural
LP010107,Male,No,2,Graduate,,5720,0,110,180,,Urban
LP010108,,No,3,Graduate,Yes,3276,2546,100,180,1,Rural
LP010109,Male,No,1,Not Graduate,Yes,5720,2546,110,,1,Semiurban
LP010110,Female,Yes,3,Not Graduate,,5720,1500,78,,0,Semiurban
LP010111,,Yes,1,Not Graduate,No,5000,2546,110,360,,Rural
LP010112,Female,Yes,,Not Graduate,No,5000,1800,100,240,,Urban
LP010113,Male,No,,Graduate,Yes,3076,1500,78,360,0,Semiurban
LP010114,,Yes,,Not Graduate,,5720,1500,78,360,0,Rural
LP010115,Male,Yes,2,Graduate,Yes,5000,1800,100,,0,Rural
LP010116,Female,No,2,Not Graduate,,3076,1500,126,,0,Urban
LP010117,Male,No,1,Graduate,Yes,5720,2546,208,240,1,Semiurban
LP010118,,No,0,Graduate,Yes,3076,2546,100,180,0,Rural
LP010119,,Yes,2,Graduate,,3276,2546,110,,,Semiurban
LP010120,Female,No,1,Graduate,Yes,2340,1800,126,360,,Semiurban
LP010121,Male,Yes,3,Not Graduate,No,5720,2546,100,240,,Semiurban
LP010122,,Yes,,Graduate,No,5000,1800,208,180,1,Rural
LP010123,Female,No,,Graduate,,3276,1800,78,360,,Rural
LP010124,,No,,Not Graduate,Yes,3076,1800,208,360,1,Urban
LP010125,,No,1,Not Graduate,No,2340,1500,208,180,,Urban
LP010126,Male,No,,Not Graduate,,5720,0,100,360,0,Semiurban
LP010127,,No,2,Not Graduate,,2340,1800,78,360,1,Rural
LP010128,Male,Yes,3,Graduate,,3276,2546,78,240,1,Semiurban
LP010129,,Yes,,Not Graduate,No,2340,1800,208,360,1,Rural
LP010130,Female,Yes,1,Graduate,No,5720,0,100,360,,Rural
LP010131,,No,3,Not Graduate,No,3276,1500,78,240,0,Semiurban
LP010132,Male,Yes,,Graduate,No,3076,2546,78,240,,Urban
LP010133,Male,No,0,Not Graduate,Yes,5720,1500,110,180,1,Rural
LP010134,Female,No,,Not Graduate,No,2340,1500,208,180,0,Semiurban
LP010135,,Yes,2,Not Graduate,,5720,0,126,180,1,Urban
LP010136,,Yes,3,Not Graduate,Yes,3276,1800,208,240,1,Urban
LP010137,Female,No,2,Graduate,No,2340,2546,100,360,,Rural
LP010138,,Yes,0,Not Graduate,Yes,3076,0,78,360,,Semiurban
LP010139,,No,0,Graduate,,5000,1500,78,360,0,Urban
LP010140,Male,Yes,2,Graduate,No,3076,0,110,360,,Rural
LP010141,,Yes,3,Not Graduate,Yes,5720,0,78,240,,Semiurban
LP010142,,Yes,0,Not Graduate,No,5000,1800,78,,,Rural
LP010143,Female,Yes,0,Graduate,Yes,3276,0,126,180,1,Semiurban
LP010144,Female,Yes,,Graduate,Yes,2340,2546,208,,1,Rural
LP010145,Male,No,1,Graduate,,2340,1800,78,180,,Rural
LP010146,,Yes,0,Graduate,,3276,0,100,180,1,Semiurban
LP010147,,Yes,3,Graduate,No,5720,1800,126,240,,Rural
LP010148,,Yes,3,Not Graduate,No,3076,2546,126,180,0,Semiurban
LP010149,Male,No,,Not Graduate,Yes,5000,1500,110,240,,Urban
LP010150,Male,No,3,Graduate,,3276,0,100,,0,Urban
LP010151,Female,No,,Not Graduate,,5720,1800,126,360,,Rural
LP010152,Male,No,0,Graduate,Yes,5720,0,208,,0,Semiurban
LP010153,,No,0,Not Graduate,,5000,1500,100,,1,Urban
LP010154,,Yes,0,Graduate,,3276,2546,208,240,,Semiurban
LP010155,Male,Yes,0,Not Graduate,Yes,3076,1500,110,240,0,Urban
LP010156,,Yes,1,Not Graduate,No,3076,0,110,180,0,Semiurban
LP010157,,No,1,Graduate,No,3276,2546,78,360,1,Semiurban
LP010158,Male,No,0,Not Graduate,No,2340,0,208,,0,Urban
LP010159,Male,Yes,3,Graduate,Yes,3076,0,208,,,Urban
LP010160,,No,,Graduate,No,2340,1800,110,240,0,Rural
LP010161,,No,2,Not Graduate,Yes,3276,0,208,240,0,Semiurban
LP010162,,No,,Graduate,Yes,5720,0,100,240,0,Rural
LP010163,Female,Yes,2,Not Graduate,,3276,0,78,,1,Urban
LP010164,Female,Yes,2,Not Graduate,,5720,1800,78,240,1,Urban
LP010165,Female,No,0,Graduate,No,3276,2546,100,180,1,Semiurban
LP010166,Male,No,2,Not Graduate,Yes,2340,0,126,180,0,Semiurban
LP010167,Female,No,0,Graduate,No,2340,1800,208,180,1,Urban
LP010168,Male,No,1,Graduate,No,3276,0,126,360,1,Rural
LP010169,Male,Yes,3,Not Graduate,,5720,0,126,180,,Semiurban
LP010170,Female,No,2,Graduate,No,3276,0,208,240,0,Semiurban
LP010171,Female,Yes,3,Not Graduate,No,5720,1800,110,240,1,Rural
LP010172,Female,Yes,0,Not Graduate,,2340,1800,208,,,Urban
LP010173,,Yes,2,Graduate,No,5000,1500,110,360,,Urban
LP010174,Female,No,,Not Graduate,No,3076,1500,100,360,0,Urban
LP010175,,Yes,1,Graduate,Yes,2340,1800,110,240,0,Urban
LP010176,Male,Yes,1,Graduate,No,3276,0,126,,,Rural
LP010177,,No,2,Graduate,,3276,0,126,180,0,Urban
LP010178,Female,No,1,Graduate,,5720,2546,126,180,,Semiurban
LP010179,Male,No,,Not Graduate,Yes,3076,0,110,,1,Semiurban
LP010180,Male,Yes,3,Graduate,,2340,2546,126,,0,Semiurban
LP010181,Male,No,,Graduate,,3076,0,78,240,1,Rural
LP010182,,Yes,1,Graduate,,3076,1500,208,360,0,Rural
LP010183,Female,Yes,3,Not Graduate,No,2340,1800,126,,,Semiurban
LP010184,Male,No,,Not Graduate,Yes,5720,0,110,240,1,Urban
LP010185,Male,Yes,0,Graduate,Yes,5720,2546,126,360,,Urban
LP010186,Male,Yes,0,Not Graduate,Yes,5720,1800,110,180,,Urban
LP010187,,Yes,3,Not Graduate,Yes,5000,2546,208,,,Urban
LP010188,,Yes,3,Graduate,,3076,0,110,180,0,Semiurban
LP010189,Female,No,3,Graduate,No,5000,0,208,240,0,Urban
LP010190,,Yes,0,Not Graduate,,5720,0,126,180,,Rural
LP010191,Male,No,,Not Graduate,,2340,1800,78,240,,Urban
LP010192,Female,Yes,3,Not Graduate,,3076,1500,126,240,0,Urban
LP010193,Male,Yes,0,Graduate,,2340,1500,208,360,1,Semiurban
LP010194,Male,No,3,Not Graduate,Yes,3276,2546,100,240,0,Urban
LP010195,,Yes,3,Not Graduate,Yes,3076,1500,100,240,0,Semiurban
LP010196,Female,Yes,3,Not Graduate,No,2340,1500,100,180,0,Semiurban
LP010197,,Yes,0,Not Graduate,,5720,2546,126,360,1,Urban
LP010198,,Yes,,Graduate,Yes,5000,2546,110,360,0,Semiurban
LP010199,Female,Yes,0,Graduate,No,2340,2546,78,360,0,Rural
LP010200,Male,Yes,0,Graduate,,3276,1800,78,180,1,Semiurban
LP010201,Male,No,3,Not Graduate,,5720,2546,126,360,0,Semiurban
LP010202,Female,No,2,Graduate,Yes,3276,1800,208,180,,Urban
LP010203,Male,No,2,Not Graduate,,5000,1800,126,360,1,Urban
LP010204,Female,Yes,2,Not Graduate,,3276,1800,100,240,0,Semiurban
LP010205,Female,Yes,0,Graduate,Yes,2340,2546,208,,,Rural
LP010206,,Yes,3,Not Graduate,No,2340,1500,78,360,,Rural
LP010207,Female,No,2,Not Graduate,No,5720,1500,126,180,1,Semiurban
LP010208,,Yes,1,Not Graduate,Yes,5000,2546,110,,1,Semiurban
LP010209,Male,No,1,Graduate,Yes,5000,1500,110,180,0,Semiurban
LP010210,Male,Yes,1,Graduate,No,3076,2546,78,240,1,Semiurban
LP010211,Male,Yes,,Graduate,No,3076,1800,208,240,0,Urban
LP010212,Male,Yes,3,Graduate,Yes,2340,0,100,180,,Semiurban
LP010213,,No,0,Graduate,Yes,3276,0,110,,,Semiurban
LP010214,Male,Yes,0,Graduate,Yes,3276,2546,110,,0,Rural
LP010215,Female,No,3,Graduate,,5720,1800,126,360,1,Semiurban
LP010216,Female,Yes,,Graduate,Yes,5000,0,78,240,0,Semiurban
LP010217,Female,Yes,3,Graduate,,2340,1800,110,,0,Semiurban
LP010218,,No,,Graduate,No,3276,0,126,240,1,Semiurban
LP010219,Male,Yes,2,Not Graduate,No,3076,1500,208,,0,Semiurban
LP010220,Male,Yes,2,Graduate,Yes,2340,1500,110,,1,Rural
LP010221,Male,Yes,,Not Graduate,Yes,5720,1800,78,360,1,Urban
LP010222,,Yes,3,Not Graduate,No,2340,0,126,180,,Urban
LP010223,Female,No,2,Graduate,No,3276,1800,208,240,,Rural
LP010224,Female,No,3,Graduate,No,5720,1500,126,240,1,Semiurban
LP010225,Male,Yes,2,Not Graduate,No,3076,1800,100,180,1,Rural
LP010226,Female,Yes,3,Graduate,Yes,3076,0,78,360,1,Semiurban
LP010227,Female,No,3,Graduate,,3276,0,78,360,1,Urban
LP010228,,Yes,1,Not Graduate,No,5720,1500,110,240,0,Urban
LP010229,,No,,Graduate,No,3076,1800,126,180,1,Urban
LP010230,,Yes,0,Graduate,,5720,0,208,360,,Semiurban
LP010231,,No,,Not Graduate,Yes,2340,1800,110,180,1,Semiurban
LP010232,Male,No,3,Not Graduate,,5000,1500,78,,,Rural
LP010233,,No,3,Not Graduate,Yes,5000,0,126,240,1,Semiurban
LP010234,Female,No,,Graduate,Yes,5000,1500,208,360,0,Semiurban
LP010235,Male,Yes,3,Not Graduate,Yes,3076,0,78,,0,Urban
LP010236,Female,Yes,2,Graduate,Yes,3276,0,208,180,1,Semiurban
LP010237,Female,No,3,Graduate,Yes,5000,2546,126,180,,Rural
LP010238,Female,No,,Graduate,No,3276,0,208,240,0,Rural
LP010239,,No,,Not Graduate,Yes,5000,0,110,,,Urban
LP010240,,No,,Graduate,No,2340,2546,110,360,,Semiurban
LP010241,Male,Yes,1,Graduate,Yes,5000,0,126,240,0,Urban
LP010242,Male,No,1,Not Graduate,No,3276,1500,78,,1,Urban
LP010243,,No,1,Not Graduate,,3076,1800,100,240,,Rural
LP010244,Female,No,1,Graduate,,2340,1800,100,,,Urban
LP010245,Male,No,1,Not Graduate,No,3276,1500,100,360,1,Urban
LP010246,,No,1,Graduate,Yes,5720,0,78,180,1,Rural
LP010247,,No,1,Graduate,No,5000,1800,110,180,0,Urban
LP010248,,No,,Graduate,No,2340,1500,110,180,0,Urban
LP010249,Female,Yes,0,Not Graduate,Yes,3076,2546,110,360,1,Semiurban
LP010250,,No,1,Not Graduate,,5720,2546,126,,1,Semiurban
LP010251,,No,,Graduate,No,5000,1500,110,240,,Semiurban
LP010252,,No,0,Graduate,,2340,0,110,180,1,Semiurban
LP010253,,Yes,1,Graduate,,3276,0,110,180,,Rural
LP010254,Male,Yes,0,Graduate,,5000,0,100,360,0,Rural
LP010255,Male,Yes,0,Not Graduate,No,2340,1500,208,360,0,Semiurban
LP010256,,No,2,Not Graduate,No,5000,1800,110,,,Urban
LP010257,Female,No,3,Not Graduate,Yes,2340,0,208,,0,Urban
LP010258,Male,No,2,Not Graduate,Yes,3276,0,110,,,Urban
LP010259,,Yes,0,Not Graduate,No,5000,2546,100,240,,Semiurban
LP010260,Male,No,,Graduate,Yes,2340,2546,100,,,Urban
LP010261,Male,Yes,1,Not Graduate,,5720,2546,208,,1,Rural
LP010262,Female,Yes,3,Graduate,,3076,0,100,240,0,Semiurban
LP010263,,Yes,1,Graduate,No,2340,0,126,180,0,Semiurban
LP010264,,Yes,,Not Graduate,,2340,0,78,180,,Urban
LP010265,Female,Yes,3,Not Graduate,No,2340,1800,78,360,1,Semiurban
LP010266,Female,No,2,Graduate,No,5000,1800,110,240,0,Urban
LP010267,,No,0,Graduate,No,3076,1800,100,,1,Semiurban
LP010268,,Yes,,Graduate,,5000,0,78,180,0,Urban
LP010269,Female,No,0,Not Graduate,No,2340,0,208,360,,Urban
LP010270,Male,No,0,Not Graduate,No,2340,0,208,240,0,Urban
LP010271,Male,Yes,1,Not Graduate,Yes,3076,1500,208,240,1,Urban
LP010272,Female,Yes,,Not Graduate,,5720,1500,110,240,,Urban
LP010273,Male,No,0,Graduate,No,5000,0,78,,1,Rural
LP010274,Female,No,2,Not Graduate,Yes,5720,1500,78,,0,Rural
LP010275,Male,No,3,Graduate,No,2340,1800,78,,0,Urban
LP010276,Male,No,,Not Graduate,,2340,0,208,360,,Rural
LP010277,,Yes,1,Not Graduate,Yes,3276,0,208,240,,Urban
LP010278,,No,,Not Graduate,Yes,3276,0,110,360,1,Urban
LP010279,Male,Yes,1,Graduate,No,5720,2546,126,360,,Rural
LP010280,Male,Yes,3,Graduate,No,3276,1500,78,360,1,Rural
LP010281,,No,2,Not Graduate,,3076,0,110,,,Urban
LP010282,,No,0,Graduate,,5720,2546,208,240,0,Rural
LP010283,,No,,Graduate,No,3276,1800,126,180,1,Semiurban
LP010284,Female,Yes,1,Not Graduate,Yes,3276,2546,100,,0,Rural
LP010285,Male,Yes,3,Not Graduate,,3076,1800,126,,0,Urban
LP010286,,Yes,0,Graduate,,3076,0,110,180,1,Semiurban
LP010287,Male,Yes,3,Not Graduate,Yes,5720,0,126,360,,Rural
LP010288,Female,No,2,Graduate,No,5000,1500,208,360,1,Rural
LP010289,Female,Yes,0,Graduate,,3076,2546,126,,0,Rural
LP010290,,Yes,0,Not Graduate,Yes,3276,0,208,,0,Rural
LP010291,Female,No,0,Graduate,,5720,1800,126,,0,Rural
LP010292,Male,Yes,1,Not Graduate,Yes,5000,0,110,180,0,Urban
LP010293,,Yes,0,Graduate,,5720,1500,100,,1,Rural
LP010294,Male,No,3,Graduate,No,3276,1800,78,,1,Semiurban
LP010295,Male,Yes,1,Graduate,Yes,5000,0,126,240,1,Rural
LP010296,Female,Yes,0,Graduate,,5000,1500,100,180,1,Rural
LP010297,Female,Yes,3,Graduate,,3076,1500,126,180,0,Urban
LP010298,Female,Yes,3,Graduate,Yes,2340,0,100,240,,Urban
LP010299,Female,No,,Not Graduate,Yes,3276,0,208,360,1,Semiurban
LP010300,Female,Yes,3,Graduate,No,2340,1500,100,180,0,Urban
LP010301,,No,2,Graduate,Yes,3276,0,78,,1,Semiurban
LP010302,Male,Yes,0,Graduate,,5720,0,100,,0,Rural
LP010303,Male,No,0,Not Graduate,No,2340,1500,78,360,,Urban
LP010304,Male,No,0,Graduate,Yes,5000,2546,78,240,,Rural
LP010305,Male,No,3,Graduate,,3076,1500,100,240,1,Rural
LP010306,Female,Yes,3,Graduate,Yes,3276,2546,78,240,,Urban
LP010307,Male,Yes,0,Not Graduate,,3076,0,78,,0,Urban
LP010308,,Yes,1,Not Graduate,,3276,0,208,240,0,Urban
LP010309,,No,1,Not Graduate,No,5000,1800,110,240,1,Rural
LP010310,Male,Yes,2,Graduate,No,5000,1500,208,,,Urban
LP010311,Male,Yes,,Graduate,Yes,5000,1800,110,360,,Semiurban
LP010312,,Yes,2,Graduate,No,5000,0,110,,0,Semiurban
LP010313,,Yes,0,Not Graduate,Yes,5000,1500,208,240,0,Urban
LP010314,Female,No,0,Graduate,No,3076,1800,78,360,0,Semiurban
LP010315,,No,0,Not Graduate,No,5720,0,208,240,0,Urban
LP010316,Female,Yes,,Not Graduate,Yes,2340,2546,78,,,Rural
LP010317,Female,Yes,3,Graduate,No,3076,0,208,,1,Semiurban
LP010318,Female,Yes,,Graduate,No,2340,1500,208,360,,Semiurban
LP010319,Female,No,2,Not Graduate,No,5720,1500,126,240,,Semiurban
LP010320,Female,Yes,3,Graduate,No,3276,1500,100,240,0,Semiurban
LP010321,Male,No,3,Not Graduate,Yes,5720,0,208,360,0,Semiurban
LP010322,,No,2,Not Graduate,,5720,1500,100,180,0,Rural
LP010323,Female,Yes,3,Graduate,Yes,3276,0,78,,1,Semiurban
LP010324,,Yes,1,Graduate,Yes,2340,0,126,,1,Urban
LP010325,,Yes,2,Graduate,Yes,5000,0,126,240,0,Semiurban
LP010326,Female,No,2,Graduate,No,3276,0,110,,0,Urban
LP010327,Male,No,1,Graduate,No,3276,1800,100,360,,Urban
LP010328,Female,Yes,,Graduate,,5720,0,126,,,Rural
LP010329,Male,No,,Graduate,No,3276,0,78,360,,Semiurban
LP010330,,Yes,,Not Graduate,,3076,0,110,,0,Rural
LP010331,Male,Yes,3,Graduate,,5000,0,126,180,,Semiurban
LP010332,Male,No,1,Graduate,No,5720,1500,78,240,1,Semiurban
LP010333,Male,No,2,Graduate,,2340,1500,100,180,,Rural
LP010334,,No,2,Graduate,Yes,2340,1500,78,360,1,Rural
LP010335,,No,2,Not Graduate,Yes,2340,0,78,240,,Urban
LP010336,Male,Yes,3,Graduate,Yes,2340,0,78,,1,Urban
LP010337,Male,Yes,3,Not Graduate,,2340,0,208,,0,Urban
LP010338,Female,Yes,,Not Graduate,,5720,2546,126,180,1,Rural
LP010339,Male,No,3,Not Graduate,Yes,3076,0,78,240,,Semiurban
LP010340,Female,Yes,,Not Graduate,No,3076,2546,110,,0,Urban
LP010341,Male,No,,Not Graduate,Yes,2340,0,208,360,0,Rural
LP010342,Female,No,2,Graduate,No,3076,0,78,180,0,Urban
LP010343,,No,3,Not Graduate,No,5000,1800,78,,1,Semiurban
LP010344,Male,Yes,,Not Graduate,,3076,2546,126,360,0,Rural
LP010345,Male,No,1,Graduate,,3276,1800,208,360,,Rural
LP010346,Male,No,1,Not Graduate,No,2340,0,78,180,0,Semiurban
LP010347,Male,No,3,Graduate,No,3276,1800,78,180,,Rural
LP010348,Female,No,2,Graduate,No,3276,1800,100,180,0,Rural
LP010349,Male,No,2,Graduate,,2340,0,110,360,1,Rural
LP010350,,No,,Graduate,Yes,5720,2546,110,240,0,Urban
LP010351,,No,3,Not Graduate,No,3076,1500,126,240,,Semiurban
LP010352,Male,No,1,Not Graduate,,5000,0,208,240,,Urban
LP010353,,No,,Not Graduate,Yes,5720,2546,78,240,0,Semiurban
LP010354,Male,No,,Graduate,,5000,0,208,240,1,Rural
LP010355,Male,No,0,Graduate,Yes,2340,1800,126,240,0,Semiurban
LP010356,,No,3,Graduate,,3076,1500,100,,1,Rural
LP010357,Male,Yes,,Not Graduate,Yes,5720,1800,126,,,Rural
LP010358,,Yes,1,Graduate,No,2340,0,110,180,,Semiurban
LP010359,Female,No,0,Not Graduate,,5720,0,100,240,0,Rural
LP010360,Male,No,1,Not Graduate,Yes,3276,1500,78,,1,Urban
LP010361,Female,No,2,Graduate,Yes,3076,2546,126,360,,Semiurban
LP010362,,Yes,0,Graduate,Yes,3076,2546,208,360,1,Semiurban
LP010363,Female,Yes,0,Graduate,No,2340,0,208,240,0,Semiurban
LP010364,Female,Yes,,Graduate,,2340,0,110,360,1,Rural
LP010365,,No,2,Graduate,Yes,2340,1800,110,,1,Urban
LP010366,Female,No,,Not Graduate,No,3076,1500,110,360,,Semiurban
LP010367,Female,No,3,Not Graduate,No,3276,0,110,240,1,Rural
LP010368,,No,1,Graduate,No,3076,0,78,180,1,Urban
LP010369,Female,Yes,1,Graduate,No,2340,1500,100,180,,Rural
LP010370,,No,,Graduate,No,5000,0,110,,,Rural
LP010371,Female,Yes,1,Not Graduate,No,3276,0,126,,0,Urban
LP010372,,Yes,1,Not Graduate,No,3076,2546,78,,,Rural
LP010373,,No,3,Not Graduate,,5000,1500,100,,1,Urban
LP010374,Female,Yes,2,Not Graduate,,3276,2546,78,240,0,Semiurban
LP010375,Female,Yes,0,Graduate,No,3076,2546,208,180,,Semiurban
LP010376,Female,Yes,,Not Graduate,Yes,2340,1500,78,180,,Urban
LP010377,Male,Yes,,Not Graduate,Yes,3076,2546,78,240,,Rural
LP010378,Male,No,3,Graduate,Yes,3276,1800,208,360,0,Semiurban
LP010379,Male,No,3,Graduate,No,2340,0,208,180,0,Urban
LP010380,,Yes,0,Not Graduate,Yes,5720,0,208,240,,Urban
LP010381,Female,No,2,Graduate,,5000,1800,78,360,0,Rural
LP010382,,Yes,,Graduate,,2340,0,208,,1,Rural
LP010383,Male,No,3,Graduate,,2340,2546,110,180,1,Semiurban
LP010384,Female,No,,Not Graduate,,3276,0,126,240,0,Semiurban
LP010385,,No,1,Not Graduate,No,3276,1500,126,180,,Semiurban
LP010386,Female,No,,Graduate,,5000,0,208,180,0,Rural
LP010387,,No,2,Graduate,Yes,3276,0,100,240,0,Semiurban
LP010388,Female,Yes,2,Not Graduate,Yes,2340,2546,78,,,Urban
LP010389,Male,No,,Not Graduate,,5000,0,126,360,,Urban
LP010390,Male,Yes,1,Graduate,,5000,2546,110,240,1,Semiurban
LP010391,Female,Yes,2,Graduate,,3076,0,100,360,1,Rural
LP010392,,No,3,Not Graduate,Yes,2340,1800,100,240,0,Semiurban
LP010393,Male,Yes,,Graduate,Yes,2340,2546,110,240,1,Urban
LP010394,Male,No,1,Not Graduate,,3276,2546,78,180,,Semiurban
LP010395,Male,Yes,3,Graduate,Yes,2340,0,78,360,,Urban
LP010396,Female,Yes,,Not Graduate,Yes,3276,0,208,360,1,Rural
LP010397,Female,No,1,Graduate,No,2340,1500,110,360,0,Urban
LP010398,,No,3,Not Graduate,,3076,0,110,180,1,Semiurban
LP010399,,No,2,Graduate,,2340,0,110,240,,Rural
LP010400,,No,,Graduate,No,3076,2546,208,180,1,Rural
LP010401,Female,Yes,,Graduate,No,2340,1800,126,240,1,Rural
LP010402,Female,No,2,Graduate,Yes,2340,0,78,240,,Semiurban
LP010403,,Yes,0,Not Graduate,No,5720,2546,208,240,0,Urban
LP010404,,Yes,3,Graduate,,2340,1800,208,240,,Semiurban
LP010405,Female,Yes,2,Not Graduate,,3076,1500,208,,1,Urban
LP010406,,Yes,,Not Graduate,,5000,0,110,240,,Rural
LP010407,Male,Yes,3,Graduate,Yes,3076,1500,208,180,0,Urban
LP010408,Female,Yes,3,Not Graduate,Yes,2340,0,126,360,0,Rural
LP010409,,No,0,Graduate,,3276,0,100,240,0,Rural
LP010410,Female,Yes,,Not Graduate,,5720,1500,208,180,0,Rural
LP010411,Male,Yes,1,Graduate,Yes,3276,2546,126,180,1,Rural
LP010412,Female,Yes,0,Graduate,Yes,5720,0,110,180,1,Semiurban
LP010413,Female,No,0,Not Graduate,No,5720,1500,100,180,1,Urban
LP010414,Female,No,1,Not Graduate,Yes,3276,0,78,180,1,Semiurban
LP010415,Female,Yes,1,Graduate,Yes,2340,0,78,240,0,Rural
LP010416,Male,No,0,Not Graduate,,3076,1800,110,360,0,Urban
LP010417,Female,Yes,3,Graduate,,3276,0,110,240,1,Urban
LP010418,Female,No,2,Graduate,,5000,0,78,240,1,Urban
LP010419,,Yes,2,Not Graduate,No,5720,0,110,360,,Semiurban
LP010420,Female,No,0,Graduate,Yes,3076,0,78,,0,Urban
LP010421,,No,3,Not Graduate,No,5000,1800,110,240,1,Urban
LP010422,Male,No,1,Graduate,Yes,3076,0,78,360,1,Urban
LP010423,Male,Yes,0,Graduate,Yes,2340,1800,126,240,1,Urban
LP010424,Male,Yes,,Graduate,,5000,2546,110,360,1,Rural
LP010425,Male,Yes,3,Not Graduate,Yes,3276,1800,78,,1,Urban
LP010426,,No,,Graduate,No,3076,0,110,180,0,Rural
LP010427,Female,No,,Graduate,,3276,1500,78,360,,Urban
LP010428,Male,Yes,0,Not Graduate,No,3276,1500,78,240,,Urban
LP010429,Female,No,3,Graduate,No,3076,2546,100,240,,Semiurban
LP010430,,Yes,,Not Graduate,,3076,0,110,,0,Semiurban
LP010431,,Yes,3,Not Graduate,Yes,5720,2546,126,,1,Semiurban
LP010432,,Yes,2,Not Graduate,No,5720,2546,208,360,,Urban
LP010433,Male,Yes,,Graduate,Yes,5000,0,208,180,1,Rural
LP010434,Female,No,,Not Graduate,,5000,0,110,240,,Semiurban
LP010435,Female,No,3,Graduate,Yes,5000,0,78,180,0,Semiurban
LP010436,Female,No,2,Not Graduate,Yes,5720,1500,78,,,Urban
LP010437,,Yes,,Graduate,,3276,1800,126,,,Semiurban
LP010438,Male,No,0,Not Graduate,Yes,2340,0,110,360,1,Urban
LP010439,,Yes,3,Not Graduate,No,2340,0,208,,1,Rural
LP010440,,Yes,3,Not Graduate,No,3076,0,126,360,,Urban
LP010441,Female,Yes,,Graduate,No,5720,1500,110,360,0,Rural
LP010442,,Yes,2,Not Graduate,Yes,3076,0,110,180,0,Rural
LP010443,Female,Yes,,Graduate,No,2340,0,110,180,1,Urban
LP010444,Male,Yes,1,Graduate,Yes,3076,1500,100,360,,Urban
LP010445,Female,No,,Graduate,Yes,5720,0,126,360,,Rural
LP010446,Male,No,1,Graduate,Yes,5720,1500,110,360,,Semiurban
LP010447,Female,No,0,Graduate,Yes,5720,2546,126,,0,Urban
LP010448,,No,3,Graduate,,2340,0,208,180,0,Urban
LP010449,,Yes,3,Not Graduate,No,5720,2546,110,,,Urban
LP010450,Male,Yes,2,Not Graduate,No,5000,0,78,180,,Rural
LP010451,Male,No,,Graduate,Yes,5000,2546,110,,0,Semiurban
LP010452,Male,No,0,Graduate,,5720,1500,110,180,1,Urban
LP010453,Female,No,1,Not Graduate,Yes,5000,1500,126,360,,Urban
LP010454,Female,No,2,Not Graduate,No,5720,1800,126,180,0,Semiurban
LP010455,Male,No,0,Graduate,No,2340,0,100,,1,Rural
LP010456,,No,0,Not Graduate,,5000,1500,110,240,0,Urban
LP010457,Female,No,1,Graduate,Yes,2340,0,208,180,,Urban
LP010458,Female,No,1,Not Graduate,,5000,1500,126,,0,Rural
LP010459,Female,Yes,3,Not Graduate,Yes,3276,0,100,180,,Urban
LP010460,Male,Yes,,Not Graduate,,3276,0,78,,0,Rural
LP010461,Male,Yes,2,Not Graduate,No,2340,1800,78,240,0,Semiurban
LP010462,Male,Yes,,Not Graduate,,5000,1800,100,180,,Semiurban
LP010463,Male,No,2,Graduate,No,3276,2546,78,360,,Rural
LP010464,Male,Yes,0,Graduate,No,5720,1500,110,,,Rural
LP010465,,No,1,Not Graduate,Yes,3076,0,126,,0,Rural
LP010466,,Yes,1,Graduate,,3276,2546,208,240,,Semiurban
LP010467,Male,No,0,Graduate,,3276,0,78,360,0,Semiurban
LP010468,Female,No,0,Not Graduate,,5720,0,110,240,1,Urban
LP010469,Male,Yes,2,Graduate,,3276,2546,126,180,0,Rural
LP010470,,Yes,0,Graduate,Yes,3276,0,110,240,,Rural
LP010471,,No,2,Not Graduate,Yes,3276,2546,110,,1,Urban
LP010472,Female,No,,Graduate,Yes,5000,1500,126,180,1,Urban
LP010473,,No,1,Not Graduate,No,3276,2546,78,180,1,Semiurban
LP010474,Male,Yes,1,Not Graduate,No,3076,1500,78,360,,Urban
LP010475,Female,Yes,1,Graduate,No,5000,1800,110,,1,Urban
LP010476,Male,No,,Not Graduate,Yes,5000,2546,100,240,,Rural
LP010477,Male,Yes,,Graduate,No,2340,1800,78,240,1,Urban
LP010478,Female,No,3,Graduate,,3276,2546,110,180,1,Rural
LP010479,Male,Yes,2,Not Graduate,No,3076,0,208,360,1,Rural
LP010480,,Yes,2,Graduate,Yes,3076,1800,208,360,1,Rural
LP010481,Male,Yes,3,Graduate,Yes,2340,0,100,,1,Urban
LP010482,Female,Yes,1,Graduate,Yes,3076,0,110,,0,Urban
LP010483,Female,Yes,2,Graduate,Yes,5000,0,208,,1,Rural
LP010484,Female,No,2,Graduate,,5720,1800,78,180,0,Semiurban
LP010485,Male,No,1,Graduate,No,5000,1500,110,,,Semiurban
LP010486,Female,Yes,0,Graduate,No,5720,2546,100,360,,Rural
LP010487,Female,No,0,Not Graduate,Yes,3076,0,100,,1,Semiurban
LP010488,Male,No,3,Graduate,No,3276,0,78,360,,Urban
LP010489,,Yes,,Not Graduate,,5720,1800,208,,1,Rural
LP010490,Male,No,2,Not Graduate,Yes,5000,0,208,,0,Urban
LP010491,Female,Yes,2,Graduate,No,5000,0,100,180,,Semiurban
LP010492,Female,No,3,Not Graduate,No,5000,0,126,360,1,Semiurban
LP010493,Male,No,3,Not Graduate,No,5000,1500,100,180,1,Urban
LP010494,,No,2,Not Graduate,No,2340,0,100,360,,Semiurban
LP010495,Female,No,1,Graduate,Yes,3076,0,110,,,Semiurban
LP010496,Female,No,1,Not Graduate,Yes,3276,2546,78,180,,Urban
LP010497,Female,No,,Not Graduate,,2340,0,110,,1,Urban
LP010498,Male,No,2,Not Graduate,Yes,3076,2546,100,,1,Urban
LP010499,Female,Yes,2,Not Graduate,No,5720,0,110,240,1,Urban
LP010500,,Yes,2,Not Graduate,No,2340,1500,208,360,0,Semiurban
LP010501,Female,Yes,2,Not Graduate,No,2340,0,100,360,1,Urban
LP010502,Female,Yes,3,Graduate,,2340,1500,208,360,1,Rural
LP010503,,No,0,Not Graduate,Yes,2340,1500,208,360,1,Semiurban
LP010504,Female,No,2,Not Graduate,Yes,5720,1500,78,360,,Semiurban
LP010505,Male,No,0,Graduate,Yes,5000,1800,208,180,1,Urban
LP010506,Male,Yes,1,Graduate,No,2340,2546,110,360,0,Semiurban
LP010507,Male,Yes,,Not Graduate,No,3076,1500,110,180,0,Urban
LP010508,,Yes,1,Not Graduate,No,5000,0,126,240,,Semiurban
LP010509,Female,No,2,Graduate,,5720,0,78,240,0,Urban
LP010510,Male,Yes,1,Not Graduate,,3276,1500,126,180,0,Semiurban
LP010511,,No,3,Not Graduate,No,5720,1500,208,240,1,Rural
LP010512,Female,Yes,0,Graduate,,3276,0,100,180,1,Urban
LP010513,,No,2,Not Graduate,,3076,0,110,360,1,Urban
LP010514,Male,Yes,3,Graduate,,3276,1500,100,180,1,Rural
LP010515,Male,No,0,Not Graduate,Yes,2340,1500,126,240,1,Urban
LP010516,Male,Yes,3,Not Graduate,,5000,0,126,180,0,Semiurban
LP010517,,Yes,1,Graduate,No,5000,1500,110,240,1,Semiurban
LP010518,,No,2,Graduate,Yes,2340,0,126,,0,Semiurban
LP010519,Male,No,1,Not Graduate,,5000,1500,100,180,,Rural
LP010520,,Yes,,Not Graduate,No,5720,0,126,,0,Rural
LP010521,Male,No,2,Not Graduate,,2340,0,100,240,1,Semiurban
LP010522,Male,Yes,1,Graduate,No,2340,0,208,360,1,Rural
LP010523,Female,No,2,Graduate,No,5000,0,78,180,1,Urban
LP010524,,Yes,0,Graduate,,3276,1500,110,360,,Rural
LP010525,Male,No,2,Graduate,,3076,0,126,360,,Urban
LP010526,Male,Yes,2,Graduate,Yes,3276,1800,110,360,0,Semiurban
LP010527,,Yes,0,Graduate,,5720,0,126,240,0,Semiurban
LP010528,Female,Yes,1,Not Graduate,No,2340,0,208,240,1,Semiurban
LP010529,Female,No,2,Graduate,Yes,2340,0,100,,1,Rural
LP010530,Male,Yes,3,Graduate,No,5720,1500,110,,1,Semiurban
LP010531,,No,2,Graduate,No,3076,1500,208,,0,Rural
LP010532,Female,No,1,Graduate,,2340,0,208,360,1,Semiurban
LP010533,,No,0,Not Graduate,No,3276,1500,78,,0,Urban
LP010534,,Yes,1,Graduate,,5720,1500,208,180,0,Rural
LP010535,Male,No,,Not Graduate,No,2340,1500,78,240,1,Urban
LP010536,Female,No,2,Graduate,Yes,3276,2546,208,,1,Urban
LP010537,Male,No,2,Not Graduate,,5720,0,100,240,0,Urban
LP010538,Female,Yes,0,Graduate,Yes,5720,1500,208,360,0,Semiurban
LP010539,Female,No,2,Graduate,,5720,2546,100,240,0,Urban
LP010540,Female,No,3,Graduate,Yes,3076,2546,126,180,0,Urban
LP010541,Female,No,3,Graduate,,5720,1500,208,240,,Urban
LP010542,Female,No,1,Not Graduate,Yes,5000,2546,208,240,1,Rural
LP010543,,Yes,0,Not Graduate,Yes,5000,1800,126,180,0,Rural
LP010544,Male,Yes,,Graduate,,5720,2546,78,180,,Rural
LP010545,,No,1,Graduate,,2340,0,100,,,Rural
LP010546,Female,No,0,Not Graduate,No,5000,2546,126,240,0,Rural
LP010547,Male,No,0,Not Graduate,No,3276,1500,126,,,Rural
LP010548,Female,No,1,Not Graduate,,3276,0,110,,,Rural
LP010549,Male,Yes,1,Graduate,,2340,1800,126,180,,Semiurban
LP010550,,Yes,2,Not Graduate,Yes,3276,2546,78,240,1,Rural
LP010551,Male,Yes,,Graduate,Yes,2340,1800,78,180,0,Urban
LP010552,Male,Yes,3,Graduate,No,3276,0,78,360,1,Semiurban
LP010553,Male,No,2,Not Graduate,No,5720,2546,100,240,,Rural
LP010554,Male,No,0,Graduate,No,3276,2546,100,360,,Rural
LP010555,Male,Yes,,Graduate,Yes,5720,1800,208,240,,Urban
LP010556,Female,Yes,,Not Graduate,Yes,3276,2546,126,,1,Urban
LP010557,Male,No,1,Graduate,Yes,3276,2546,78,180,0,Urban
LP010558,Male,No,,Not Graduate,No,3276,0,126,360,,Semiurban
LP010559,,No,,Not Graduate,,5720,1800,208,240,1,Semiurban
LP010560,Male,No,0,Not Graduate,No,3276,1500,208,,1,Semiurban
LP010561,,No,2,Graduate,Yes,3276,1500,78,180,1,Semiurban
LP010562,Female,Yes,,Not Graduate,No,3076,0,126,180,1,Urban
LP010563,Male,Yes,1,Not Graduate,No,5720,0,208,360,0,Urban
LP010564,,No,2,Graduate,No,5000,1800,110,,,Urban
LP010565,,No,1,Graduate,No,2340,1800,100,240,,Urban
LP010566,Female,Yes,,Not Graduate,Yes,3076,0,126,360,0,Urban
LP010567,Male,No,2,Graduate,No,3276,0,78,240,,Rural
LP010568,Male,Yes,,Graduate,Yes,5000,0,208,,1,Urban
LP010569,,Yes,0,Graduate,No,5000,1500,208,180,,Urban
LP010570,Male,Yes,2,Graduate,Yes,3276,1800,208,180,1,Rural
LP010571,,Yes,1,Graduate,,3276,0,100,180,0,Semiurban
LP010572,Male,No,0,Not Graduate,Yes,3076,1800,126,240,,Urban
LP010573,,No,3,Not Graduate,Yes,5720,1500,208,240,,Rural
LP010574,Male,Yes,1,Not Graduate,,3076,1800,100,180,0,Rural
LP010575,Female,No,,Graduate,,5720,1800,110,240,1,Rural
LP010576,Male,No,1,Graduate,,5000,0,126,240,,Rural
LP010577,Male,No,3,Not Graduate,,2340,0,78,180,1,Semiurban
LP010578,Female,No,1,Not Graduate,,3276,0,126,180,,Semiurban
LP010579,Male,Yes,0,Not Graduate,,3076,1500,208,240,0,Semiurban
LP010580,Female,No,1,Graduate,No,5000,2546,78,240,,Urban
LP010581,Male,Yes,2,Not Graduate,No,3076,1500,126,,1,Rural
LP010582,,Yes,3,Graduate,,5720,0,78,360,,Urban
LP010583,,No,1,Not Graduate,Yes,3276,0,126,240,0,Rural
LP010584,Male,Yes,3,Not Graduate,Yes,5720,1800,110,,1,Rural
LP010585,Male,No,0,Graduate,,5720,1800,110,,0,Semiurban
LP010586,Male,No,2,Graduate,No,5720,1800,110,360,1,Semiurban
LP010587,,Yes,,Not Graduate,No,5000,1800,126,,1,Urban
LP010588,Male,No,1,Not Graduate,Yes,3276,0,78,,,Rural
LP010589,,Yes,0,Not Graduate,,2340,0,110,240,0,Rural
LP010590,Female,Yes,3,Graduate,No,3076,2546,100,360,0,Urban
LP010591,,No,3,Graduate,,5720,1800,100,360,,Semiurban
LP010592,,No,0,Not Graduate,,3276,2546,110,,1,Rural
LP010593,Female,No,1,Not Graduate,Yes,3076,1500,110,,,Rural
LP010594,,Yes,,Not Graduate,,3276,1500,208,180,0,Rural
LP010595,Male,No,1,Graduate,,3076,1800,100,240,1,Semiurban
LP010596,Male,Yes,2,Not Graduate,Yes,3276,0,100,,0,Semiurban
LP010597,,Yes,1,Not Graduate,No,2340,0,110,180,1,Urban
LP010598,Male,No,2,Graduate,,3276,1800,208,180,1,Semiurban
LP010599,,No,3,Not Graduate,Yes,3276,1500,78,240,,Semiurban
LP010600,Male,No,2,Not Graduate,No,5720,1500,208,180,0,Urban
LP010601,Male,Yes,,Graduate,,5720,2546,208,,,Urban
LP010602,,No,0,Graduate,No,5720,0,100,180,,Rural
LP010603,Male,Yes,2,Not Graduate,Yes,3276,1800,110,180,,Semiurban
LP010604,,No,1,Graduate,,2340,0,110,,0,Urban
LP010605,Male,No,2,Graduate,Yes,3076,2546,110,180,0,Urban
LP010606,Male,Yes,3,Graduate,Yes,5720,0,208,360,1,Rural
LP010607,Female,Yes,2,Graduate,,5000,2546,208,240,1,Semiurban
LP010608,Female,No,,Graduate,Yes,3276,0,126,,1,Rural
LP010609,,No,2,Graduate,No,2340,1500,78,240,1,Semiurban
LP010610,Female,No,,Graduate,Yes,2340,1800,126,,,Urban
LP010611,,No,1,Not Graduate,,5720,1800,78,180,1,Rural
LP010612,Female,No,3,Graduate,,5720,0,126,240,0,Semiurban
LP010613,Male,Yes,0,Graduate,No,5000,1800,126,,1,Urban
LP010614,,Yes,1,Graduate,,5000,1800,126,360,0,Rural
LP010615,,Yes,1,Graduate,Yes,5720,2546,126,,,Rural
LP010616,Male,Yes,0,Not Graduate,Yes,3076,0,208,180,,Urban
LP010617,,No,2,Not Graduate,,5720,2546,78,180,0,Semiurban
LP010618,,Yes,2,Graduate,No,5720,1800,126,180,,Semiurban
LP010619,Female,Yes,2,Not Graduate,No,2340,0,126,360,0,Rural
LP010620,,Yes,3,Not Graduate,,5720,0,110,240,0,Urban
LP010621,Male,No,1,Not Graduate,Yes,5720,2546,208,360,0,Semiurban
LP010622,Female,Yes,,Not Graduate,,5720,1500,100,240,,Semiurban
LP010623,Female,No,0,Not Graduate,,3076,1500,110,,1,Semiurban
LP010624,Male,Yes,1,Graduate,No,2340,0,100,360,,Rural
LP010625,Male,No,2,Graduate,Yes,3276,0,126,360,,Rural
LP010626,Female,Yes,0,Graduate,No,3276,0,78,,,Rural
LP010627,,No,,Not Graduate,No,3276,2546,100,180,,Semiurban
LP010628,Female,Yes,1,Graduate,Yes,3276,1800,100,180,,Urban
LP010629,Male,No,1,Not Graduate,Yes,2340,0,100,,1,Urban
LP010630,Female,No,3,Graduate,Yes,5720,2546,78,180,1,Urban
LP010631,Male,Yes,1,Graduate,,3276,1500,110,,0,Rural
LP010632,Female,No,1,Graduate,Yes,5720,1800,208,360,1,Semiurban
LP010633,,No,,Graduate,,3276,0,78,360,,Semiurban
LP010634,Female,Yes,,Not Graduate,No,3076,1800,110,240,0,Urban
LP010635,Female,Yes,0,Graduate,Yes,5720,1500,126,360,,Semiurban
LP010636,Male,No,2,Graduate,,2340,2546,110,240,0,Urban
LP010637,Male,Yes,,Not Graduate,,3076,2546,100,180,,Rural
LP010638,Male,Yes,0,Not Graduate,,3076,0,110,,0,Urban
LP010639,Female,Yes,1,Graduate,,2340,2546,110,180,0,Rural
LP010640,,No,0,Graduate,No,3076,0,126,,1,Semiurban
LP010641,Male,No,0,Not Graduate,Yes,5720,2546,126,,0,Semiurban
LP010642,Male,No,0,Not Graduate,Yes,5000,0,110,360,1,Rural
LP010643,Female,No,0,Graduate,Yes,5000,1500,78,240,1,Semiurban
LP010644,Male,No,,Not Graduate,Yes,3276,1800,126,240,1,Rural
LP010645,,No,2,Not Graduate,Yes,3276,1500,100,180,0,Urban
LP010646,,No,0,Graduate,Yes,5720,1500,78,360,1,Rural
LP010647,Male,Yes,3,Graduate,,2340,0,110,240,1,Urban
LP010648,Male,No,1,Graduate,Yes,5720,0,100,240,0,Semiurban
LP010649,Female,No,1,Not Graduate,,3276,0,100,240,0,Urban
LP010650,,Yes,1,Graduate,No,3076,1800,78,180,,Urban
LP010651,,Yes,1,Graduate,,5720,2546,110,360,,Semiurban
LP010652,Male,Yes,1,Graduate,No,5720,2546,100,240,0,Semiurban
LP010653,Female,No,0,Not Graduate,Yes,2340,1500,126,360,1,Urban
LP010654,,Yes,2,Graduate,No,3276,0,126,240,0,Rural
LP010655,,No,3,Graduate,No,5720,1800,78,180,0,Urban
LP010656,Female,No,,Not Graduate,,3076,2546,126,360,,Semiurban
LP010657,Female,No,3,Not Graduate,,3076,1500,208,240,,Rural
LP010658,,Yes,,Graduate,No,5000,0,110,180,0,Urban
LP010659,,Yes,,Graduate,No,3276,1800,100,180,1,Semiurban
LP010660,Female,No,3,Graduate,Yes,3076,1500,100,180,0,Rural
LP010661,,No,0,Not Graduate,,2340,1500,78,240,0,Semiurban
LP010662,Male,No,1,Graduate,No,3276,0,78,180,,Rural
LP010663,Male,Yes,0,Graduate,,3076,0,100,,1,Urban
LP010664,Female,No,1,Not Graduate,Yes,5720,0,126,180,,Rural
LP010665,Female,Yes,2,Not Graduate,Yes,3276,0,78,,1,Rural
LP010666,Female,No,,Graduate,No,3076,1800,208,180,0,Urban
LP010667,Male,Yes,3,Not Graduate,Yes,5720,0,78,180,0,Rural
LP010668,,No,2,Graduate,No,5000,0,126,180,1,Urban
LP010669,Male,Yes,1,Graduate,,3276,0,110,240,1,Semiurban
LP010670,,Yes,0,Not Graduate,,3276,1800,208,360,0,Semiurban
LP010671,Male,Yes,3,Not Graduate,No,3076,2546,78,240,1,Semiurban
LP010672,,Yes,,Not Graduate,No,5000,1500,110,240,0,Urban
LP010673,Male,Yes,2,Not Graduate,No,2340,0,110,240,1,Urban
LP010674,Female,Yes,,Graduate,,3076,1500,100,360,,Urban
LP010675,Male,No,1,Not Graduate,,3076,1800,126,360,1,Urban
LP010676,,No,,Not Graduate,Yes,2340,0,100,180,,Semiurban
LP010677,Male,No,0,Graduate,Yes,2340,1800,126,360,,Urban
LP010678,Male,No,2,Graduate,,2340,2546,110,240,,Semiurban
LP010679,Male,Yes,2,Graduate,,2340,0,78,,,Rural
LP010680,Female,No,0,Not Graduate,No,2340,2546,126,180,,Rural
LP010681,Male,Yes,,Graduate,,5720,0,126,,,Semiurban
LP010682,Female,Yes,0,Not Graduate,,5720,1800,110,,,Rural
LP010683,Female,Yes,3,Not Graduate,Yes,2340,1800,208,,1,Semiurban
LP010684,Male,No,0,Not Graduate,Yes,5000,0,110,360,1,Urban
LP010685,Male,Yes,,Not Graduate,No,5000,0,110,240,,Semiurban
LP010686,Male,No,0,Graduate,Yes,2340,0,126,180,,Urban
LP010687,,No,1,Graduate,No,5720,2546,110,180,,Rural
LP010688,Male,No,0,Graduate,,5000,0,100,180,1,Semiurban
LP010689,Female,No,0,Graduate,,5720,0,110,,1,Urban
LP010690,Male,No,,Graduate,No,3076,2546,78,240,0,Semiurban
LP010691,,Yes,3,Not Graduate,Yes,5720,0,110,180,0,Semiurban
LP010692,Male,Yes,3,Not Graduate,Yes,2340,0,110,240,0,Semiurban
LP010693,,No,,Not Graduate,,3276,0,78,360,1,Rural
LP010694,,Yes,,Not Graduate,Yes,2340,2546,208,180,1,Urban
LP010695,Male,No,,Graduate,No,3076,1500,208,360,1,Rural
LP010696,Female,Yes,1,Not Graduate,,5720,0,208,180,1,Urban
LP010697,,Yes,2,Not Graduate,Yes,5000,1800,100,,,Semiurban
LP010698,Male,Yes,0,Not Graduate,,2340,1800,78,180,0,Rural
LP010699,Male,Yes,,Not Graduate,,5000,1500,100,180,0,Urban
LP010700,Female,Yes,,Not Graduate,Yes,5720,0,100,240,0,Urban
LP010701,,Yes,,Not Graduate,No,3076,0,100,,,Rural
LP010702,,Yes,3,Graduate,Yes,2340,1500,78,,,Urban
LP010703,Male,Yes,,Graduate,Yes,5000,0,126,360,0,Urban
LP010704,Male,Yes,0,Not Graduate,Yes,2340,1800,126,180,,Semiurban
LP010705,Female,Yes,,Not Graduate,Yes,2340,1500,208,180,1,Urban
LP010706,Female,Yes,0,Not Graduate,Yes,5000,0,100,240,,Urban
LP010707,,Yes,1,Not Graduate,Yes,3076,1800,208,180,0,Rural
LP010708,,Yes,2,Not Graduate,No,2340,0,100,240,0,Urban
LP010709,Male,No,3,Graduate,,3076,0,208,,,Semiurban
LP010710,,Yes,0,Graduate,No,3076,0,110,180,1,Rural
LP010711,Female,Yes,1,Not Graduate,Yes,5720,1500,78,360,1,Rural
LP010712,Female,Yes,2,Graduate,No,5000,0,100,240,0,Urban
LP010713,Male,Yes,2,Not Graduate,,5720,1500,100,,0,Rural
LP010714,Female,Yes,2,Not Graduate,No,3276,0,100,240,,Rural
LP010715,Female,Yes,0,Graduate,Yes,5720,1500,78,180,1,Rural
LP010716,Female,No,1,Graduate,,2340,1800,110,,,Semiurban
LP010717,Female,No,,Graduate,Yes,2340,1500,126,,0,Semiurban
LP010718,Male,No,1,Graduate,Yes,2340,1800,78,360,,Urban
LP010719,Male,Yes,1,Not Graduate,,3276,2546,110,,0,Semiurban
LP010720,,Yes,1,Graduate,,3076,0,208,180,0,Urban
LP010721,Female,Yes,0,Graduate,Yes,2340,0,100,240,,Rural
LP010722,,No,0,Graduate,No,5720,0,100,,,Semiurban
LP010723,Male,Yes,0,Not Graduate,,3076,1800,126,180,0,Semiurban
LP010724,Male,Yes,1,Not Graduate,No,5720,1800,208,360,1,Semiurban
LP010725,Male,No,0,Not Graduate,No,5720,1800,110,240,1,Semiurban
LP010726,Male,No,2,Graduate,,2340,1500,208,360,0,Rural
LP010727,Male,Yes,0,Graduate,No,5720,0,208,360,,Rural
LP010728,Male,Yes,3,Graduate,,3276,1800,126,,0,Semiurban
LP010729,Male,Yes,0,Not Graduate,,3076,2546,110,240,1,Rural
LP010730,Female,Yes,0,Graduate,,2340,1800,126,,0,Rural
LP010731,,No,0,Graduate,,2340,0,110,360,0,Rural
LP010732,Male,Yes,0,Not Graduate,No,5720,1800,78,180,0,Urban
LP010733,Female,Yes,3,Graduate,No,5720,1800,78,240,1,Semiurban
LP010734,Female,No,,Graduate,,5000,0,100,360,1,Urban
LP010735,,Yes,0,Graduate,,5000,1800,126,,,Urban
LP010736,Male,Yes,2,Graduate,,2340,0,78,360,,Rural
LP010737,,No,3,Not Graduate,,2340,0,208,,1,Urban
LP010738,Male,No,,Not Graduate,Yes,5720,0,208,180,1,Rural
LP010739,Female,Yes,0,Not Graduate,No,3276,1800,78,180,0,Rural
LP010740,Female,No,,Graduate,No,3276,1800,126,,,Urban
LP010741,Female,No,2,Graduate,,5720,2546,100,180,,Semiurban
LP010742,Female,Yes,3,Not Graduate,Yes,5000,0,208,180,0,Semiurban
LP010743,,No,3,Graduate,Yes,5000,0,100,,,Rural
LP010744,Male,Yes,,Not Graduate,Yes,3276,1500,208,,1,Urban
LP010745,Male,Yes,0,Not Graduate,,2340,1500,110,,1,Semiurban
LP010746,,Yes,1,Graduate,Yes,5720,0,78,360,1,Urban
LP010747,Male,Yes,3,Not Graduate,,2340,1800,126,360,1,Urban
LP010748,Female,No,1,Not Graduate,Yes,5000,0,208,360,0,Urban
LP010749,Male,Yes,3,Not Graduate,,3276,2546,78,,,Rural
LP010750,Female,Yes,0,Not Graduate,,2340,1800,100,240,0,Rural
LP010751,,Yes,0,Not Graduate,No,5000,0,126,,0,Rural
LP010752,Male,Yes,3,Not Graduate,,5000,0,126,360,1,Semiurban
LP010753,,No,,Graduate,Yes,5000,1800,78,240,0,Urban
LP010754,Male,No,0,Not Graduate,No,2340,2546,78,360,0,Rural
LP010755,Female,No,0,Not Graduate,Yes,3076,1500,78,180,0,Urban
LP010756,,Yes,2,Graduate,,3276,0,110,360,1,Urban
LP010757,Male,No,0,Graduate,No,5000,1800,110,240,0,Rural
LP010758,Female,No,2,Not Graduate,,2340,2546,126,180,1,Semiurban
LP010759,,Yes,0,Graduate,,5720,1800,78,360,1,Rural
LP010760,,No,0,Graduate,Yes,3276,0,110,,,Urban
LP010761,Male,Yes,,Not Graduate,Yes,5720,0,126,240,0,Urban
LP010762,Male,No,,Graduate,Yes,5720,0,208,,1,Semiurban
LP010763,Male,No,0,Not Graduate,No,2340,0,78,,,Rural
LP010764,Female,No,3,Not Graduate,Yes,3076,1500,110,360,,Urban
LP010765,Male,No,3,Not Graduate,,2340,0,126,180,,Urban
LP010766,,Yes,0,Not Graduate,No,2340,2546,78,240,1,Urban
LP010767,,Yes,3,Graduate,Yes,3276,0,126,180,1,Urban
LP010768,Male,No,0,Not Graduate,Yes,2340,1500,208,240,0,Rural
LP010769,Male,Yes,,Graduate,Yes,3276,1800,126,180,1,Rural
LP010770,,No,1,Graduate,,5000,0,126,240,0,Rural
LP010771,Female,No,2,Not Graduate,Yes,3276,1800,208,240,1,Rural
LP010772,Male,No,3,Not Graduate,,2340,1500,100,360,,Rural
LP010773,Male,No,3,Graduate,No,5000,1800,78,180,1,Semiurban
LP010774,,No,,Not Graduate,Yes,5000,2546,208,360,0,Rural
LP010775,Male,No,3,Not Graduate,,3076,1500,208,180,0,Urban
LP010776,Female,Yes,0,Not Graduate,Yes,2340,0,78,,,Rural
LP010777,,Yes,0,Graduate,Yes,5720,0,126,180,,Semiurban
LP010778,Male,No,1,Graduate,No,2340,0,110,360,,Urban
LP010779,,Yes,1,Graduate,No,5720,0,78,240,0,Semiurban
LP010780,Male,No,1,Graduate,,3076,1500,208,180,1,Urban
LP010781,Male,Yes,0,Not Graduate,,2340,1500,126,240,1,Urban
LP010782,Male,Yes,1,Not Graduate,,3076,1500,100,180,0,Rural
LP010783,Female,Yes,1,Graduate,No,5720,0,126,360,0,Semiurban
LP010784,Female,No,0,Graduate,,3276,1500,110,,0,Semiurban
LP010785,,Yes,,Graduate,No,2340,1500,126,,0,Urban
LP010786,Male,No,3,Graduate,No,5000,1500,110,,1,Rural
LP010787,Male,No,2,Graduate,Yes,5000,0,100,240,,Urban
LP010788,Female,No,0,Not Graduate,Yes,3076,2546,100,360,1,Semiurban
LP010789,Male,Yes,0,Graduate,,3276,0,126,180,0,Urban
LP010790,Female,Yes,2,Graduate,No,5000,2546,78,360,,Rural
LP010791,Male,Yes,2,Not Graduate,No,5000,2546,78,180,1,Semiurban
LP010792,,No,1,Not Graduate,No,2340,2546,78,,0,Urban
LP010793,Male,No,2,Not Graduate,Yes,5000,0,100,240,0,Rural
LP010794,Male,Yes,3,Graduate,No,5720,0,110,,0,Semiurban
LP010795,Female,No,3,Not Graduate,,3076,1800,208,240,1,Rural
LP010796,Male,Yes,3,Graduate,,5000,0,126,360,1,Urban
LP010797,Male,Yes,3,Graduate,Yes,2340,0,110,360,1,Semiurban
LP010798,Female,Yes,3,Not Graduate,,5720,2546,208,240,0,Rural
LP010799,,Yes,1,Graduate,No,5000,1800,100,360,1,Semiurban
LP010800,,No,0,Graduate,No,3076,0,208,,,Urban
LP010801,Female,Yes,2,Not Graduate,,3076,1500,100,360,,Urban
LP010802,Female,Yes,0,Not Graduate,Yes,3076,0,100,240,0,Rural
LP010803,Female,Yes,2,Not Graduate,No,5000,0,110,180,,Semiurban
LP010804,Female,Yes,1,Not Graduate,No,5720,1800,78,360,0,Urban
LP010805,Female,Yes,1,Not Graduate,Yes,3276,1500,78,360,1,Rural
LP010806,,Yes,,Not Graduate,No,3076,1800,110,,0,Rural
LP010807,,Yes,,Not Graduate,,5720,1800,126,240,0,Rural
LP010808,Female,No,1,Not Graduate,,2340,0,100,,1,Semiurban
LP010809,Male,No,1,Not Graduate,Yes,2340,2546,126,180,0,Urban
LP010810,Female,No,2,Not Graduate,Yes,5720,0,100,180,0,Urban
LP010811,Male,No,1,Graduate,,2340,1500,100,360,,Semiurban
LP010812,Female,Yes,0,Graduate,Yes,2340,0,78,360,0,Urban
LP010813,Female,No,2,Graduate,,3076,0,78,180,,Rural
LP010814,,No,1,Not Graduate,Yes,5000,2546,100,360,0,Rural
LP010815,Male,No,2,Graduate,,5000,2546,78,180,1,Semiurban
LP010816,Male,Yes,2,Graduate,No,5000,0,78,,1,Rural
LP010817,,No,3,Graduate,No,5000,1500,208,,,Urban
LP010818,,No,,Graduate,,5720,2546,208,,0,Urban
LP010819,,Yes,2,Graduate,No,3076,2546,100,,0,Semiurban
LP010820,,No,2,Not Graduate,,5720,1500,78,360,0,Rural
LP010821,Male,Yes,3,Not Graduate,Yes,2340,1500,208,360,,Urban
LP010822,Male,No,1,Not Graduate,No,3076,1500,126,240,,Urban
LP010823,Female,Yes,2,Graduate,No,3276,1500,100,180,,Urban
LP010824,Female,No,3,Graduate,No,5000,0,100,180,,Rural
LP010825,,No,0,Not Graduate,,2340,0,126,360,,Urban
LP010826,,No,3,Not Graduate,No,5000,1800,100,240,,Rural
LP010827,,Yes,,Not Graduate,Yes,5000,1800,78,,1,Urban
LP010828,Female,No,,Graduate,No,5000,1800,208,180,1,Rural
LP010829,Female,Yes,1,Not Graduate,Yes,3276,2546,110,,0,Urban
LP010830,Female,Yes,1,Not Graduate,No,2340,1500,208,360,0,Rural
LP010831,Female,Yes,,Not Graduate,No,5000,0,126,360,,Semiurban
LP010832,Female,Yes,,Not Graduate,Yes,5000,0,110,240,1,Semiurban
LP010833,Female,No,2,Not Graduate,No,3076,1500,78,,,Semiurban
LP010834,Female,No,,Graduate,Yes,5000,1800,78,180,1,Urban
LP010835,,No,1,Graduate,Yes,3076,2546,208,180,1,Rural
LP010836,,Yes,,Not Graduate,Yes,2340,0,100,360,1,Urban
LP010837,,No,1,Graduate,No,2340,0,100,360,1,Rural
LP010838,,Yes,0,Not Graduate,No,2340,2546,126,,,Rural
LP010839,Female,Yes,,Not Graduate,Yes,3076,2546,100,240,,Urban
LP010840,Male,Yes,1,Graduate,No,3276,1800,78,,,Rural
LP010841,Female,No,3,Graduate,,3276,1500,110,,1,Semiurban
LP010842,Male,No,2,Graduate,Yes,5000,0,208,180,0,Urban
LP010843,,Yes,1,Graduate,Yes,2340,1800,208,180,,Semiurban
LP010844,Female,No,,Not Graduate,,5720,1500,208,240,,Semiurban
LP010845,,No,,Graduate,,5000,0,100,180,0,Semiurban
LP010846,Female,Yes,0,Not Graduate,Yes,3276,0,110,240,,Urban
LP010847,,Yes,3,Not Graduate,,3276,0,100,180,,Semiurban
LP010848,Male,No,1,Not Graduate,Yes,2340,1800,100,240,1,Urban
LP010849,Male,Yes,3,Not Graduate,No,3076,0,78,240,0,Urban
LP010850,Male,Yes,0,Not Graduate,,5000,0,78,360,0,Semiurban
LP010851,Female,No,2,Graduate,Yes,3076,0,100,,0,Rural
LP010852,Male,No,3,Not Graduate,Yes,3276,0,126,,,Rural
LP010853,Female,Yes,0,Graduate,Yes,2340,1500,126,,0,Urban
LP010854,Male,No,1,Not Graduate,,3276,0,126,180,1,Semiurban
LP010855,Male,Yes,2,Graduate,No,2340,2546,100,360,0,Urban
LP010856,Female,Yes,,Graduate,No,5720,1800,110,240,0,Rural
LP010857,Female,No,0,Not Graduate,,3076,2546,126,240,1,Urban
LP010858,Male,Yes,,Not Graduate,Yes,5000,1500,78,240,,Urban
LP010859,Female,Yes,2,Graduate,Yes,2340,1800,208,180,1,Rural
LP010860,Male,Yes,0,Not Graduate,Yes,5720,1500,208,,1,Semiurban
LP010861,Female,No,0,Not Graduate,,5720,1800,100,360,0,Rural
LP010862,,No,2,Graduate,,3076,2546,208,240,0,Semiurban
LP010863,,No,1,Graduate,Yes,2340,2546,100,180,0,Semiurban
LP010864,,Yes,0,Not Graduate,Yes,5000,0,208,240,0,Rural
LP010865,,Yes,2,Not Graduate,Yes,5000,1500,110,240,1,Urban
LP010866,,No,3,Not Graduate,,5000,2546,110,240,,Urban
LP010867,Male,No,,Not Graduate,,3276,1800,110,240,,Rural
LP010868,,No,0,Graduate,No,3276,0,110,360,0,Semiurban
LP010869,,Yes,3,Graduate,Yes,2340,0,126,240,0,Rural
LP010870,,No,0,Not Graduate,Yes,5000,0,78,240,0,Urban
LP010871,,Yes,1,Graduate,No,5720,0,110,360,,Urban
LP010872,Female,No,2,Graduate,Yes,5000,2546,126,360,1,Semiurban
LP010873,Male,Yes,0,Graduate,No,2340,1500,100,240,1,Rural
LP010874,,Yes,2,Graduate,,5000,1500,208,360,,Urban
LP010875,,No,0,Graduate,No,3076,0,208,,1,Rural
LP010876,,Yes,1,Graduate,No,5000,1800,126,360,,Rural
LP010877,Male,No,1,Graduate,,5720,2546,208,,1,Rural
LP010878,Female,Yes,3,Not Graduate,Yes,2340,2546,110,360,1,Semiurban
LP010879,Male,Yes,1,Not Graduate,No,2340,1800,208,360,0,Urban
LP010880,Female,No,2,Graduate,No,5720,1800,110,240,,Semiurban
LP010881,,Yes,1,Graduate,Yes,2340,2546,110,180,,Urban
LP010882,,No,0,Graduate,No,5000,2546,208,180,0,Urban
LP010883,Male,No,1,Graduate,,2340,0,126,240,0,Rural
LP010884,Male,No,2,Graduate,No,5000,1500,100,180,,Rural
LP010885,Female,Yes,0,Not Graduate,Yes,2340,0,126,,,Urban
LP010886,Female,Yes,3,Graduate,Yes,5000,0,78,,0,Rural
LP010887,Male,Yes,3,Not Graduate,No,5000,1500,78,360,,Rural
LP010888,Female,No,3,Not Graduate,Yes,5720,0,110,180,0,Rural
LP010889,Male,No,0,Graduate,Yes,5720,0,110,240,,Semiurban
LP010890,Female,Yes,3,Graduate,No,3276,0,126,,0,Semiurban
LP010891,Male,Yes,1,Graduate,No,5720,0,126,180,,Urban
LP010892,Male,No,0,Not Graduate,Yes,5000,1800,110,240,,Rural
LP010893,Male,Yes,0,Not Graduate,No,5000,0,100,180,1,Rural
LP010894,Female,No,0,Not Graduate,,2340,1800,100,360,,Rural
LP010895,Female,Yes,,Graduate,No,2340,1800,78,360,0,Semiurban
LP010896,Female,No,2,Graduate,Yes,3276,1500,100,360,1,Urban
LP010897,Male,Yes,,Graduate,,5000,0,208,,0,Rural
LP010898,Female,Yes,,Graduate,Yes,3276,2546,110,180,0,Semiurban
LP010899,Female,No,,Graduate,Yes,5000,0,126,,0,Semiurban
LP010900,Male,No,2,Graduate,,5720,0,110,,0,Rural
LP010901,,No,,Not Graduate,No,2340,1800,208,180,,Rural
LP010902,Male,Yes,3,Not Graduate,Yes,3276,0,100,180,0,Semiurban
LP010903,Female,No,0,Graduate,No,3076,1800,110,360,1,Semiurban
LP010904,Male,No,0,Graduate,No,5000,1800,208,180,1,Urban
LP010905,,Yes,1,Not Graduate,,5720,1800,100,,0,Semiurban
LP010906,Male,No,3,Not Graduate,Yes,3076,2546,78,180,,Semiurban
LP010907,Female,No,2,Not Graduate,,5720,0,78,,1,Urban
LP010908,,No,0,Graduate,,5720,1800,78,240,,Semiurban
LP010909,Female,Yes,,Not Graduate,Yes,5000,1500,208,360,1,Semiurban
LP010910,,Yes,1,Not Graduate,Yes,5720,1800,208,180,0,Urban
LP010911,,Yes,1,Not Graduate,,3276,0,126,,1,Urban
LP010912,Male,No,0,Not Graduate,,3076,0,126,,0,Rural
LP010913,Male,Yes,3,Not Graduate,,5720,2546,78,240,,Semiurban
LP010914,Female,No,1,Graduate,Yes,5720,1800,110,240,1,Rural
LP010915,Male,No,0,Graduate,Yes,2340,1500,100,240,1,Urban
LP010916,Male,No,3,Not Graduate,,2340,2546,126,360,0,Semiurban
LP010917,,Yes,0,Graduate,Yes,3276,2546,100,,,Urban
LP010918,Male,Yes,0,Graduate,Yes,2340,1800,110,240,0,Semiurban
LP010919,,No,3,Not Graduate,Yes,5720,1800,78,,0,Rural
LP010920,,No,3,Graduate,No,5720,2546,100,360,,Semiurban
LP010921,,Yes,3,Graduate,No,3076,2546,78,240,0,Urban
LP010922,Female,Yes,0,Not Graduate,,2340,2546,100,180,0,Semiurban
LP010923,Female,Yes,1,Not Graduate,No,5000,0,110,,,Rural
LP010924,Female,No,2,Graduate,,2340,2546,126,360,1,Rural
LP010925,,Yes,2,Graduate,,5720,0,208,360,,Rural
LP010926,Female,Yes,0,Graduate,Yes,3076,1500,78,180,,Urban
LP010927,Female,Yes,0,Not Graduate,,2340,1500,126,,,Semiurban
LP010928,Male,No,1,Graduate,,3076,1800,100,240,0,Semiurban
LP010929,Female,Yes,3,Graduate,,2340,2546,126,360,,Urban
LP010930,Female,No,0,Not Graduate,,3276,1500,208,360,0,Rural
LP010931,,No,,Graduate,Yes,5720,1500,78,,,Urban
LP010932,,No,3,Not Graduate,Yes,5720,0,78,360,,Semiurban
LP010933,,Yes,0,Graduate,,5000,0,126,360,0,Semiurban
LP010934,,Yes,,Not Graduate,No,5720,0,110,360,0,Semiurban
LP010935,,Yes,1,Graduate,No,5000,0,100,180,1,Semiurban
LP010936,,No,,Graduate,,5720,1500,126,360,1,Semiurban
LP010937,Female,Yes,0,Not Graduate,Yes,2340,1800,110,360,0,Rural
LP010938,,No,2,Not Graduate,,2340,1500,78,180,1,Urban
LP010939,,Yes,0,Not Graduate,,3276,1800,100,240,0,Rural
LP010940,Male,Yes,2,Not Graduate,Yes,2340,1500,78,360,1,Semiurban
LP010941,Female,Yes,1,Not Graduate,No,3076,0,208,180,1,Rural
LP010942,Female,Yes,1,Not Graduate,,2340,2546,110,180,0,Urban
LP010943,Female,No,3,Not Graduate,Yes,5000,1500,208,240,,Semiurban
LP010944,,No,3,Graduate,Yes,3276,0,208,,0,Rural
LP010945,,No,2,Graduate,,3076,1800,208,360,1,Urban
LP010946,,No,2,Graduate,Yes,3076,1800,110,360,1,Rural
LP010947,Male,Yes,1,Graduate,,5720,1500,100,240,0,Rural
LP010948,,No,,Graduate,No,5000,1800,78,180,1,Urban
LP010949,Male,No,2,Graduate,,2340,0,100,,0,Semiurban
LP010950,Female,No,2,Graduate,No,2340,0,100,180,1,Rural
LP010951,,Yes,,Not Graduate,Yes,5720,2546,100,180,1,Semiurban
LP010952,Male,No,3,Graduate,,2340,2546,78,240,,Urban
LP010953,Male,No,3,Not Graduate,Yes,3076,1800,78,240,0,Semiurban
LP010954,,Yes,2,Graduate,,2340,1500,110,,,Rural
LP010955,Female,Yes,3,Not Graduate,Yes,2340,1800,126,180,,Rural
LP010956,Female,No,3,Graduate,No,3076,0,78,360,1,Urban
LP010957,Female,No,3,Graduate,,5000,1500,78,360,0,Rural
LP010958,Male,Yes,1,Graduate,Yes,5000,0,126,180,1,Rural
LP010959,Male,No,0,Graduate,,3076,0,78,360,0,Urban
LP010960,Male,Yes,2,Not Graduate,,3076,0,100,180,,Semiurban
LP010961,Male,No,2,Graduate,No,3276,1500,78,180,1,Semiurban
LP010962,Female,No,1,Not Graduate,Yes,3276,0,110,,1,Semiurban
LP010963,,No,0,Graduate,,2340,0,78,360,,Semiurban
LP010964,Male,No,0,Graduate,,2340,0,126,,,Rural
LP010965,Male,No,1,Graduate,,3276,1800,100,360,0,Semiurban
LP010966,Female,Yes,,Graduate,,2340,1500,126,240,1,Urban
LP010967,,Yes,,Not Graduate,,5000,2546,78,,,Urban
LP010968,,No,0,Not Graduate,Yes,5000,2546,78,360,0,Semiurban
LP010969,Female,No,,Not Graduate,,5720,0,110,360,0,Rural
LP010970,Female,No,,Graduate,,3276,2546,100,360,,Urban
LP010971,,Yes,,Graduate,,5000,2546,78,360,1,Urban
LP010972,Male,Yes,0,Graduate,Yes,5720,0,110,180,,Rural
LP010973,,Yes,,Graduate,,3076,0,110,,,Urban
LP010974,Female,Yes,2,Not Graduate,,5000,0,126,360,0,Semiurban
LP010975,Male,Yes,0,Not Graduate,No,5720,2546,100,180,0,Semiurban
LP010976,Male,Yes,1,Not Graduate,No,2340,0,208,,0,Semiurban
LP010977,Female,Yes,,Graduate,,5720,1500,110,180,,Rural
LP010978,Female,Yes,3,Not Graduate,,5000,1800,208,240,0,Urban
LP010979,Female,No,0,Graduate,No,2340,0,126,,,Urban
LP010980,,Yes,1,Not Graduate,Yes,2340,0,110,180,,Rural
LP010981,,Yes,2,Not Graduate,Yes,5720,0,100,,0,Semiurban
LP010982,Male,Yes,1,Not Graduate,No,5720,1500,208,360,,Semiurban
LP010983,Female,Yes,,Not Graduate,,5000,0,100,240,0,Rural
LP010984,Male,No,3,Graduate,No,2340,1500,208,240,,Urban
LP010985,Male,Yes,,Graduate,Yes,3276,1800,126,240,,Semiurban
LP010986,Male,No,1,Not Graduate,No,5720,0,110,180,0,Semiurban
LP010987,Male,No,0,Not Graduate,Yes,3276,1800,110,180,,Urban
LP010988,Female,No,3,Graduate,,3276,2546,126,180,,Semiurban
LP010989,Male,Yes,3,Not Graduate,,2340,0,78,240,0,Urban
LP010990,Female,Yes,1,Not Graduate,,5000,2546,208,,1,Urban
LP010991,Female,Yes,,Not Graduate,Yes,3276,1500,208,,0,Semiurban
LP010992,,No,1,Graduate,No,5000,2546,78,180,1,Semiurban
LP010993,Female,No,3,Graduate,,5720,1500,126,,,Urban
LP010994,,No,1,Not Graduate,Yes,2340,1800,100,180,1,Rural
LP010995,Female,No,3,Not Graduate,,3076,0,100,,0,Rural
LP010996,Female,Yes,,Graduate,No,2340,1800,126,,,Semiurban
LP010997,Female,Yes,0,Graduate,,3076,2546,100,240,1,Urban
LP010998,,Yes,0,Graduate,Yes,5720,1500,126,,0,Urban
LP010999,,No,1,Graduate,Yes,5000,2546,208,240,1,Urban
LP011000,Male,No,3,Graduate,,5720,0,208,360,0,Rural
LP011001,,Yes,0,Graduate,,2340,0,78,,,Semiurban
LP011002,,Yes,3,Graduate,Yes,3076,0,126,,0,Semiurban
LP011003,,No,,Graduate,,3076,0,100,240,1,Rural
LP011004,,Yes,1,Not Graduate,,2340,2546,126,240,,Urban
LP011005,Male,Yes,3,Not Graduate,,2340,0,110,240,,Rural
LP011006,,No,1,Graduate,No,5720,1500,78,360,0,Rural
LP011007,Female,No,3,Not Graduate,No,3276,0,110,360,,Semiurban
LP011008,Female,No,3,Graduate,No,3076,1800,78,360,1,Rural
LP011009,,Yes,,Not Graduate,,2340,1500,78,240,,Urban
LP011010,,No,1,Graduate,Yes,5720,0,78,360,0,Rural
LP011011,Female,Yes,2,Graduate,,3276,1800,110,,0,Urban
LP011012,Female,Yes,3,Not Graduate,,5000,0,78,,,Rural
LP011013,Male,No,3,Not Graduate,No,2340,1800,126,240,1,Urban
LP011014,Female,Yes,0,Not Graduate,Yes,3276,2546,126,180,,Semiurban
LP011015,Female,No,1,Not Graduate,No,5000,2546,110,,,Semiurban
LP011016,,No,2,Not Graduate,Yes,5000,0,208,360,0,Rural
LP011017,Female,Yes,,Graduate,,5720,0,208,180,,Semiurban
LP011018,Male,Yes,2,Graduate,,3076,1500,110,,1,Rural
LP011019,Female,No,,Graduate,,2340,1500,78,,1,Urban
LP011020,,No,2,Not Graduate,Yes,3276,2546,78,,1,Urban
LP011021,,No,2,Graduate,No,5000,0,78,240,1,Semiurban
LP011022,Female,No,1,Graduate,No,3076,1500,110,180,1,Rural
LP011023,,No,0,Not Graduate,No,5000,0,78,360,,Urban
LP011024,Male,No,2,Graduate,Yes,2340,2546,126,,1,Rural
LP011025,Male,Yes,3,Not Graduate,Yes,2340,1500,78,360,1,Semiurban
LP011026,Female,Yes,3,Not Graduate,,5720,0,110,240,,Rural
LP011027,Female,Yes,3,Graduate,No,2340,0,78,360,,Semiurban
LP011028,Female,Yes,0,Graduate,Yes,2340,1500,126,180,1,Rural
LP011029,,No,2,Not Graduate,No,2340,0,110,180,1,Semiurban
LP011030,Male,Yes,,Not Graduate,No,3076,1800,208,360,0,Rural
LP011031,Male,Yes,,Graduate,Yes,3276,0,110,360,1,Rural
LP011032,,No,1,Graduate,Yes,3276,1800,100,240,1,Rural
LP011033,Male,Yes,0,Graduate,,2340,0,208,180,0,Semiurban
LP011034,Female,No,2,Graduate,,3276,1500,208,,,Rural
LP011035,Female,No,3,Graduate,,2340,2546,110,360,,Semiurban
LP011036,Female,No,0,Not Graduate,No,3276,1500,100,180,,Urban
LP011037,Male,No,0,Not Graduate,No,3276,0,208,240,1,Rural
LP011038,Female,No,2,Graduate,,5000,1800,78,,0,Rural
LP011039,,Yes,1,Graduate,No,3076,1500,100,180,0,Semiurban
LP011040,,Yes,1,Graduate,No,5000,1800,100,240,1,Rural
LP011041,Male,Yes,1,Graduate,No,5000,0,110,,1,Rural
LP011042,,No,3,Graduate,No,3276,0,110,180,1,Urban
LP011043,,Yes,3,Not Graduate,Yes,5720,1500,110,240,1,Rural
LP011044,Male,Yes,2,Not Graduate,Yes,5720,2546,100,360,,Rural
LP011045,Female,Yes,1,Graduate,,3076,2546,126,360,0,Urban
LP011046,Female,Yes,2,Graduate,,2340,1800,110,240,0,Semiurban
LP011047,Female,No,1,Graduate,No,3276,1500,126,,0,Urban
LP011048,Male,Yes,0,Not Graduate,No,3076,0,208,180,,Urban
LP011049,,No,,Not Graduate,Yes,5000,0,78,,,Rural
LP011050,Female,No,,Not Graduate,No,3276,1800,78,180,0,Rural
LP011051,Female,Yes,1,Graduate,No,5000,0,126,180,,Semiurban
LP011052,Male,No,2,Graduate,,3076,1800,100,,,Semiurban
LP011053,Female,No,3,Not Graduate,No,5720,1500,78,360,0,Semiurban
LP011054,Male,No,1,Not Graduate,Yes,3076,1800,126,360,1,Urban
LP011055,,No,1,Graduate,No,3276,1800,110,180,0,Urban
LP011056,Male,No,3,Not Graduate,No,3276,0,126,360,1,Urban
LP011057,Male,No,1,Not Graduate,No,2340,1800,208,360,,Semiurban
LP011058,Male,No,0,Not Graduate,No,5720,2546,126,360,1,Semiurban
LP011059,Male,Yes,3,Graduate,No,3276,1800,110,,1,Rural
LP011060,,Yes,0,Graduate,Yes,5720,1800,126,240,1,Urban
LP011061,,No,,Not Graduate,,3276,1500,110,240,1,Rural
LP011062,Female,No,3,Not Graduate,No,5720,1800,110,360,,Semiurban
LP011063,,Yes,3,Graduate,,3076,0,208,360,0,Rural
LP011064,,Yes,2,Graduate,,5720,1500,208,,0,Urban
LP011065,Female,Yes,2,Not Graduate,Yes,5000,0,78,360,1,Semiurban
LP011066,,Yes,3,Not Graduate,,3076,2546,110,180,0,Urban
LP011067,Male,No,,Not Graduate,No,3276,2546,110,240,0,Semiurban
LP011068,Male,No,1,Graduate,No,3276,0,110,180,0,Urban
LP011069,Female,Yes,2,Not Graduate,No,2340,1800,78,,0,Rural
LP011070,Female,Yes,,Not Graduate,No,5000,0,100,360,,Semiurban
LP011071,Female,Yes,,Not Graduate,Yes,2340,0,208,,0,Urban
LP011072,Male,Yes,2,Not Graduate,,3076,0,208,,1,Semiurban
LP011073,,No,1,Not Graduate,Yes,2340,0,110,360,0,Semiurban
LP011074,Male,Yes,2,Graduate,,3076,1800,78,180,,Urban
LP011075,Female,Yes,,Not Graduate,Yes,2340,0,110,,0,Rural
LP011076,,Yes,0,Not Graduate,Yes,5720,0,208,360,1,Semiurban
LP011077,,No,2,Graduate,Yes,3076,2546,78,240,,Urban
LP011078,Male,No,,Graduate,No,3076,0,126,240,0,Semiurban
LP011079,Female,No,2,Not Graduate,No,5720,0,208,360,1,Rural
LP011080,Male,Yes,,Not Graduate,Yes,5720,1800,126,240,1,Rural
LP011081,,Yes,1,Not Graduate,,5000,1500,100,,1,Urban
LP011082,Male,Yes,,Graduate,,5720,1500,126,360,0,Rural
LP011083,Male,No,3,Graduate,No,2340,0,78,360,,Semiurban
LP011084,Female,No,0,Graduate,Yes,5720,2546,126,,0,Rural
LP011085,Female,Yes,,Graduate,No,5720,1500,100,,,Rural
LP011086,,Yes,2,Not Graduate,No,3076,0,208,360,,Rural
LP011087,Male,No,2,Graduate,No,3076,1800,100,240,1,Semiurban
LP011088,Male,Yes,,Not Graduate,Yes,5720,1500,78,180,1,Rural
LP011089,Male,Yes,3,Graduate,Yes,5000,0,126,240,1,Semiurban
LP011090,,Yes,,Not Graduate,No,3076,1500,126,240,0,Urban
LP011091,,No,1,Not Graduate,Yes,2340,1800,78,180,,Semiurban
LP011092,Female,Yes,3,Not Graduate,,2340,0,110,,1,Semiurban
LP011093,Female,Yes,,Graduate,,5720,0,78,240,0,Urban
LP011094,Female,Yes,0,Not Graduate,No,5720,1800,78,360,,Rural
LP011095,Male,Yes,3,Not Graduate,,5000,1800,100,240,,Rural
LP011096,Male,No,,Not Graduate,No,5720,0,100,,0,Urban
LP011097,Female,No,0,Graduate,No,3276,1800,78,360,,Rural
LP011098,Male,No,,Not Graduate,No,3276,1800,208,,0,Rural
LP011099,Female,Yes,1,Graduate,Yes,5720,1800,126,360,1,Urban
LP011100,,No,2,Not Graduate,Yes,3276,0,78,,,Rural
LP011101,Female,Yes,,Graduate,Yes,2340,0,110,240,0,Urban
LP011102,,No,3,Not Graduate,Yes,5720,1500,126,,1,Rural
LP011103,Male,Yes,,Not Graduate,No,2340,0,208,180,1,Rural
LP011104,Female,No,,Not Graduate,Yes,2340,1500,78,240,1,Rural
LP011105,Male,No,,Not Graduate,,3276,0,208,,,Rural
LP011106,,No,,Graduate,,5000,2546,126,240,1,Urban
LP011107,,Yes,3,Not Graduate,Yes,2340,1500,110,,1,Semiurban
LP011108,,Yes,3,Not Graduate,,3276,1800,126,,1,Semiurban
LP011109,Male,Yes,,Not Graduate,,5000,2546,126,240,0,Urban
LP011110,Male,No,2,Graduate,Yes,3276,0,78,360,,Urban
LP011111,Male,Yes,,Graduate,No,3276,0,126,360,1,Rural
LP011112,Male,Yes,3,Graduate,No,5720,2546,78,,,Rural
LP011113,,Yes,1,Not Graduate,No,3076,0,78,180,1,Semiurban
LP011114,,Yes,,Graduate,Yes,5000,1800,208,180,0,Semiurban
LP011115,Female,Yes,,Graduate,No,3276,1500,110,,1,Urban
LP011116,Female,Yes,,Graduate,No,2340,2546,78,,,Urban
LP011117,Male,No,,Not Graduate,,2340,1500,100,240,1,Rural
LP011118,,No,0,Graduate,No,3076,0,208,180,,Rural
LP011119,,Yes,,Not Graduate,Yes,5000,0,78,240,,Rural
LP011120,,No,3,Graduate,No,5720,0,78,360,0,Semiurban
LP011121,Female,No,3,Graduate,,5000,1500,208,240,1,Semiurban
LP011122,Female,Yes,0,Not Graduate,,2340,0,126,,,Urban
LP011123,,Yes,,Not Graduate,,2340,0,78,240,0,Semiurban
LP011124,,No,2,Not Graduate,,5720,1800,110,240,,Rural
LP011125,,Yes,,Graduate,No,5720,0,78,240,0,Urban
LP011126,Female,No,3,Not Graduate,,2340,2546,208,,1,Semiurban
LP011127,,No,1,Not Graduate,,3276,2546,100,,1,Rural
LP011128,,No,1,Graduate,,3276,2546,208,180,1,Urban
LP011129,Male,Yes,2,Not Graduate,No,5720,1800,208,240,1,Semiurban
LP011130,Male,No,,Not Graduate,Yes,3276,0,110,360,1,Urban
LP011131,Female,Yes,0,Graduate,,5720,1500,126,240,1,Urban
LP011132,,Yes,,Graduate,,5000,1500,110,360,,Semiurban
LP011133,,Yes,2,Graduate,,5000,0,110,180,,Rural
LP011134,Male,Yes,2,Not Graduate,No,5000,1800,78,240,0,Semiurban
LP011135,Female,Yes,2,Graduate,No,5720,0,100,360,1,Rural
LP011136,Male,No,1,Not Graduate,,5720,1500,208,240,1,Urban
LP011137,Male,Yes,,Graduate,Yes,3276,0,110,240,,Rural
LP011138,Male,Yes,,Graduate,,3276,2546,110,180,0,Rural
LP011139,Male,Yes,0,Graduate,Yes,3276,0,126,360,0,Urban
LP011140,,Yes,2,Not Graduate,Yes,3076,0,126,360,0,Semiurban
LP011141,,Yes,2,Not Graduate,No,5720,0,100,,1,Urban
LP011142,Male,No,3,Not Graduate,No,5000,1500,208,360,1,Rural
LP011143,Female,Yes,3,Not Graduate,No,5000,1500,110,240,0,Semiurban
LP011144,Female,Yes,1,Not Graduate,Yes,3076,1500,78,180,1,Semiurban
LP011145,Female,No,,Graduate,Yes,3076,2546,126,,1,Urban
LP011146,Female,Yes,0,Graduate,Yes,5000,1500,110,,1,Urban
LP011147,Male,No,0,Graduate,No,5720,0,78,240,1,Rural
LP011148,,No,2,Graduate,No,5000,0,110,180,0,Semiurban
LP011149,Female,No,0,Not Graduate,No,5000,1800,100,,0,Semiurban
LP011150,Male,No,2,Not Graduate,,3076,1500,100,180,,Urban
LP011151,Female,Yes,,Not Graduate,Yes,3076,0,78,360,1,Urban
LP011152,Female,Yes,0,Graduate,Yes,3276,2546,126,,1,Rural
LP011153,Male,No,2,Graduate,,3076,0,100,,1,Rural
LP011154,,No,,Not Graduate,Yes,5000,1500,126,180,,Semiurban
LP011155,,Yes,,Graduate,Yes,3276,1500,78,,,Urban
LP011156,Male,No,2,Graduate,,5000,1500,78,360,,Rural
LP011157,,No,2,Not Graduate,Yes,5720,0,110,,,Semiurban
LP011158,Male,No,1,Graduate,No,5720,0,78,240,1,Rural
LP011159,Male,Yes,,Not Graduate,,3076,1800,110,,1,Semiurban
LP011160,Male,No,2,Graduate,Yes,3276,0,126,240,1,Rural
LP011161,,Yes,,Not Graduate,No,2340,1800,110,,,Urban
LP011162,Male,Yes,0,Graduate,Yes,5720,1500,126,,0,Semiurban
LP011163,Female,Yes,3,Not Graduate,,5720,1800,100,,0,Urban
LP011164,,No,3,Not Graduate,No,5720,1800,126,180,1,Urban
LP011165,,No,2,Graduate,Yes,5720,0,208,,0,Semiurban
LP011166,,Yes,2,Graduate,,3076,0,110,,,Rural
LP011167,,Yes,,Not Graduate,Yes,3276,0,100,360,,Rural
LP011168,Female,Yes,2,Not Graduate,Yes,5720,1800,126,360,1,Semiurban
LP011169,,No,,Not Graduate,No,3076,0,78,240,0,Semiurban
LP011170,,No,2,Not Graduate,Yes,3276,0,110,180,1,Urban
LP011171,Male,Yes,,Not Graduate,,3276,1800,126,360,,Semiurban
LP011172,,Yes,2,Graduate,,2340,1800,100,360,0,Semiurban
LP011173,Female,No,1,Graduate,No,5000,1500,78,180,,Semiurban
LP011174,Female,Yes,,Graduate,No,5720,0,110,240,0,Urban
LP011175,Female,No,1,Graduate,Yes,3076,2546,100,,1,Urban
LP011176,Female,No,1,Graduate,,3276,0,78,,,Urban
LP011177,,Yes,1,Not Graduate,No,2340,1500,208,,1,Urban
LP011178,,Yes,1,Graduate,Yes,5000,0,78,360,,Semiurban
LP011179,Female,No,0,Graduate,Yes,3276,0,110,360,0,Urban
LP011180,Female,No,3,Not Graduate,,3276,1800,208,180,0,Semiurban
LP011181,,No,0,Not Graduate,,5720,2546,126,180,,Urban
LP011182,Female,No,2,Graduate,Yes,5000,0,208,,,Semiurban
LP011183,Male,No,2,Graduate,,5000,0,208,,,Rural
LP011184,Female,Yes,3,Not Graduate,Yes,3076,0,208,,0,Urban
LP011185,Female,No,3,Graduate,Yes,2340,1800,78,360,1,Semiurban
LP011186,Male,No,3,Not Graduate,,3076,2546,208,,1,Semiurban
LP011187,Male,No,1,Graduate,No,2340,1800,208,360,,Urban
LP011188,,Yes,0,Graduate,Yes,3076,2546,126,,1,Urban
LP011189,,Yes,2,Graduate,,2340,0,208,180,1,Semiurban
LP011190,Male,No,0,Graduate,Yes,5720,0,78,180,1,Rural
LP011191,Male,No,0,Not Graduate,Yes,2340,2546,100,360,1,Urban
LP011192,,Yes,0,Not Graduate,Yes,3076,1800,100,,0,Rural
LP011193,Female,Yes,3,Graduate,,5000,2546,78,,0,Semiurban
LP011194,Male,Yes,3,Graduate,,3276,0,78,180,0,Semiurban
LP011195,,Yes,2,Graduate,,2340,0,208,360,,Rural
LP011196,Female,No,2,Graduate,No,2340,0,78,180,,Urban
LP011197,Male,Yes,2,Not Graduate,Yes,5000,0,208,360,0,Semiurban
LP011198,Female,No,0,Not Graduate,No,5720,0,110,360,1,Urban
LP011199,,No,3,Graduate,Yes,3076,0,126,180,0,Urban
LP011200,Male,Yes,1,Not Graduate,,5720,1500,126,240,1,Rural
LP011201,Female,Yes,0,Not Graduate,Yes,2340,2546,126,,1,Semiurban
LP011202,Male,Yes,,Graduate,Yes,2340,1800,110,360,0,Urban
LP011203,Female,Yes,0,Graduate,Yes,5720,0,126,,,Urban
LP011204,,No,3,Graduate,No,3076,0,208,,1,Urban
LP011205,,No,,Not Graduate,,2340,1800,100,,1,Semiurban
LP011206,Male,No,0,Not Graduate,,2340,2546,126,,0,Rural
LP011207,Female,Yes,3,Not Graduate,Yes,5720,0,126,240,1,Rural
LP011208,Male,No,3,Not Graduate,,3276,2546,208,240,1,Semiurban
LP011209,Male,Yes,1,Graduate,No,5000,0,208,,0,Rural
LP011210,Female,No,0,Graduate,No,2340,0,126,180,1,Rural
LP011211,Female,Yes,3,Graduate,,3076,1500,78,,,Rural
LP011212,Female,No,2,Not Graduate,No,3276,1800,110,360,,Rural
LP011213,,No,3,Graduate,No,5720,2546,100,,,Rural
LP011214,Male,Yes,1,Graduate,,5720,0,100,240,0,Urban
LP011215,Male,No,3,Not Graduate,,3076,1800,110,360,0,Semiurban
LP011216,,No,0,Graduate,Yes,3276,2546,126,360,,Urban
LP011217,Female,Yes,0,Not Graduate,Yes,3076,0,126,240,0,Urban
LP011218,,Yes,,Not Graduate,No,2340,0,126,240,0,Semiurban
LP011219,,Yes,0,Graduate,,3276,0,126,360,0,Urban
LP011220,,Yes,,Graduate,No,5000,1500,126,240,,Rural
LP011221,Male,Yes,2,Not Graduate,,5000,0,100,240,0,Urban
LP011222,,No,1,Graduate,No,3076,0,126,,0,Semiurban
LP011223,Male,Yes,2,Graduate,No,5000,0,208,360,,Urban
LP011224,Male,No,,Not Graduate,No,3076,0,78,240,,Rural
LP011225,Male,No,3,Graduate,Yes,2340,1800,126,240,0,Semiurban
LP011226,Female,Yes,3,Not Graduate,,2340,1500,208,360,0,Urban
LP011227,Male,No,2,Not Graduate,No,3076,2546,100,,1,Rural
LP011228,Male,No,3,Not Graduate,Yes,2340,1500,208,240,,Semiurban
LP011229,Female,Yes,,Not Graduate,No,5000,1800,110,,1,Semiurban
LP011230,Male,No,1,Graduate,No,2340,0,110,,1,Rural
LP011231,,Yes,0,Graduate,,5000,0,208,,1,Semiurban
LP011232,,Yes,,Graduate,No,5000,2546,126,180,1,Semiurban
LP011233,Male,Yes,,Not Graduate,,5720,1500,126,360,,Urban
LP011234,Female,No,0,Graduate,Yes,2340,1500,126,180,,Rural
LP011235,,No,0,Not Graduate,Yes,2340,2546,208,360,,Urban
LP011236,Female,No,1,Not Graduate,No,3076,1500,110,,1,Urban
LP011237,Female,No,1,Graduate,Yes,3076,1500,110,,,Urban
LP011238,,Yes,1,Graduate,,3276,1500,100,,,Rural
LP011239,Female,No,3,Not Graduate,,5000,2546,110,,,Semiurban
LP011240,,Yes,,Not Graduate,Yes,5720,2546,110,,0,Rural
LP011241,Female,No,0,Not Graduate,,5000,1800,78,180,1,Semiurban
LP011242,,No,,Not Graduate,,2340,1500,110,,,Rural
LP011243,Male,No,,Graduate,No,3276,1800,208,,,Semiurban
LP011244,,No,1,Graduate,No,5000,0,126,,1,Urban
LP011245,,No,1,Graduate,,3276,0,208,180,1,Urban
LP011246,,Yes,,Not Graduate,Yes,5000,1500,126,240,,Semiurban
LP011247,,No,1,Not Graduate,,2340,0,126,360,0,Urban
LP011248,Female,No,3,Graduate,No,2340,0,100,360,,Rural
LP011249,Male,No,0,Graduate,Yes,5000,0,110,240,0,Rural
LP011250,,No,,Graduate,,5720,1800,100,240,1,Rural
LP011251,Female,Yes,0,Not Graduate,Yes,2340,1500,126,180,1,Semiurban
LP011252,Male,No,3,Not Graduate,Yes,3076,1800,78,360,0,Semiurban
LP011253,Male,Yes,1,Not Graduate,Yes,5720,1800,78,240,1,Rural
LP011254,Male,No,2,Graduate,,5000,2546,100,240,0,Semiurban
LP011255,Male,Yes,3,Graduate,No,5720,1500,100,180,,Rural
LP011256,,Yes,2,Graduate,Yes,3076,2546,110,180,,Urban
LP011257,,Yes,0,Graduate,Yes,2340,1800,100,,1,Urban
LP011258,Female,Yes,,Graduate,,2340,0,100,240,1,Urban
LP011259,Female,Yes,1,Graduate,No,2340,1500,208,180,1,Rural
LP011260,Female,No,3,Not Graduate,No,3076,1500,100,360,0,Semiurban
LP011261,Male,Yes,1,Graduate,,5720,0,100,180,1,Rural
LP011262,Male,No,2,Graduate,Yes,5000,0,208,360,,Rural
LP011263,,Yes,2,Not Graduate,,5000,0,126,,,Rural
LP011264,Male,Yes,,Not Graduate,No,5720,1800,126,240,,Urban
LP011265,Male,No,2,Not Graduate,Yes,2340,1800,208,240,0,Urban
LP011266,Male,Yes,,Not Graduate,Yes,5000,1800,110,180,,Urban
LP011267,Female,Yes,3,Not Graduate,No,2340,0,100,,,Rural
LP011268,Female,Yes,,Not Graduate,Yes,3276,0,110,240,1,Semiurban
LP011269,,Yes,2,Graduate,,3276,2546,78,180,,Semiurban
LP011270,Male,No,0,Graduate,No,5000,0,110,180,1,Semiurban
LP011271,Male,Yes,,Graduate,No,5720,2546,100,180,,Semiurban
LP011272,,Yes,1,Graduate,Yes,5720,1500,126,180,,Semiurban
LP011273,Male,No,0,Not Graduate,No,5720,2546,100,360,1,Semiurban
LP011274,Male,No,,Not Graduate,,2340,1500,100,,1,Rural
LP011275,Female,Yes,1,Graduate,No,3276,1800,100,360,,Urban
LP011276,,Yes,0,Not Graduate,Yes,2340,0,110,240,0,Semiurban
LP011277,,No,,Not Graduate,No,3076,1800,126,,0,Urban
LP011278,,Yes,3,Graduate,Yes,3076,0,126,180,1,Rural
LP011279,,No,1,Graduate,Yes,5000,2546,110,240,1,Semiurban
LP011280,Female,Yes,3,Graduate,,3076,0,110,180,,Urban
LP011281,Female,No,2,Graduate,No,5720,2546,110,240,0,Rural
LP011282,Male,No,,Graduate,,5000,0,78,,0,Rural
LP011283,Male,No,,Graduate,,3276,1500,78,,,Semiurban
LP011284,Male,Yes,1,Graduate,No,3276,2546,100,360,0,Urban
LP011285,Male,Yes,,Graduate,,3076,1800,78,,,Semiurban
LP011286,Female,Yes,2,Not Graduate,,3076,1800,110,240,,Semiurban
LP011287,,Yes,,Graduate,Yes,3276,1800,110,,1,Semiurban
LP011288,Female,No,0,Not Graduate,,3076,1800,110,,,Semiurban
LP011289,Male,No,3,Graduate,No,3076,1500,126,,0,Rural
LP011290,Female,No,2,Not Graduate,Yes,2340,1500,126,180,0,Rural
LP011291,,Yes,2,Graduate,,3276,0,78,180,,Rural
LP011292,,Yes,3,Graduate,,3276,0,208,,1,Urban
LP011293,Female,Yes,3,Graduate,No,3076,0,208,240,0,Semiurban
LP011294,Female,No,2,Graduate,,5720,0,110,,1,Rural
LP011295,Female,Yes,3,Graduate,No,2340,0,126,240,,Rural
LP011296,Male,Yes,1,Not Graduate,,5720,2546,100,,,Rural
LP011297,Female,No,3,Graduate,,3076,1800,78,180,0,Rural
LP011298,Female,No,0,Graduate,No,3276,0,126,240,0,Rural
LP011299,Female,Yes,0,Graduate,Yes,5720,1500,110,360,1,Urban
LP011300,,No,1,Not Graduate,No,5000,1800,110,180,,Urban
LP011301,,Yes,3,Not Graduate,Yes,5720,2546,208,180,1,Urban
LP011302,Male,No,0,Not Graduate,Yes,3276,2546,110,,0,Semiurban
LP011303,Male,No,,Not Graduate,No,3076,1500,110,360,0,Urban
LP011304,,No,3,Not Graduate,No,5720,1800,100,240,1,Urban
LP011305,,Yes,1,Not Graduate,,3076,0,78,360,,Semiurban
LP011306,,Yes,3,Graduate,,2340,1800,100,,0,Urban
LP011307,Female,Yes,2,Graduate,Yes,5000,1800,208,180,,Urban
LP011308,Female,No,2,Graduate,,3276,2546,126,360,0,Urban
LP011309,,No,0,Not Graduate,No,3276,1500,208,240,,Rural
LP011310,Female,No,2,Graduate,Yes,3076,1800,110,240,0,Rural
LP011311,Female,No,1,Graduate,,5000,0,78,180,,Semiurban
LP011312,Male,Yes,0,Not Graduate,,3276,0,110,,,Semiurban
LP011313,,Yes,1,Graduate,No,5720,1500,78,180,0,Semiurban
LP011314,,Yes,1,Graduate,No,3276,0,78,360,,Semiurban
LP011315,Female,No,2,Graduate,,5720,1800,78,,,Semiurban
LP011316,,No,2,Not Graduate,Yes,3276,1800,126,240,0,Rural
LP011317,Male,Yes,1,Not Graduate,Yes,5720,2546,208,,1,Rural
LP011318,Male,No,2,Graduate,No,2340,1800,126,,0,Urban
LP011319,Male,Yes,2,Graduate,No,3076,0,126,360,1,Urban
LP011320,,No,2,Not Graduate,No,2340,1800,126,180,0,Rural
LP011321,,No,3,Not Graduate,,5720,1800,100,360,1,Rural
LP011322,,Yes,1,Not Graduate,,3076,2546,100,240,1,Urban
LP011323,,Yes,,Not Graduate,No,5000,0,100,180,0,Urban
LP011324,,No,1,Graduate,Yes,5720,0,126,,,Semiurban
LP011325,Male,Yes,0,Not Graduate,No,3276,0,110,360,0,Urban
LP011326,Female,Yes,2,Graduate,No,3276,1500,100,,1,Rural
LP011327,Male,No,2,Not Graduate,Yes,5000,1500,100,360,1,Semiurban
LP011328,,No,,Graduate,Yes,2340,2546,126,240,1,Semiurban
LP011329,Male,No,0,Not Graduate,Yes,5720,1800,208,240,0,Semiurban
LP011330,,Yes,3,Not Graduate,Yes,3276,2546,110,360,1,Semiurban
LP011331,,No,1,Not Graduate,,3076,0,78,240,,Rural
LP011332,Male,No,3,Graduate,,5000,0,78,,,Rural
LP011333,,No,0,Graduate,No,2340,1500,110,180,,Urban
LP011334,Female,No,,Graduate,,2340,1800,126,360,0,Urban
LP011335,,No,0,Graduate,No,3076,1500,208,,,Rural
LP011336,Female,Yes,,Not Graduate,No,3076,0,208,360,0,Rural
LP011337,Female,No,3,Not Graduate,Yes,5000,1800,78,180,1,Urban
LP011338,,No,3,Not Graduate,Yes,3076,0,208,240,0,Rural
LP011339,Male,Yes,0,Graduate,,3276,1500,78,180,,Rural
LP011340,Female,No,0,Not Graduate,,2340,1500,100,180,0,Semiurban
LP011341,Male,No,2,Not Graduate,,3076,0,126,360,0,Rural
LP011342,Female,Yes,,Not Graduate,,5720,1800,208,180,0,Semiurban
LP011343,,No,2,Graduate,Yes,3076,0,126,240,0,Rural
LP011344,,Yes,1,Graduate,Yes,2340,1800,100,360,1,Urban
LP011345,Female,No,1,Not Graduate,,3276,2546,110,240,0,Rural
LP011346,,Yes,0,Graduate,No,3076,2546,110,180,0,Rural
LP011347,Female,Yes,3,Graduate,Yes,3276,1800,110,180,0,Urban
LP011348,,No,1,Not Graduate,Yes,5720,0,78,240,1,Urban
LP011349,Male,Yes,1,Not Graduate,Yes,2340,1800,78,360,1,Urban
LP011350,,Yes,2,Graduate,Yes,5000,1500,110,180,1,Rural
LP011351,Male,No,2,Graduate,,2340,0,100,,0,Urban
LP011352,,No,1,Not Graduate,,5000,1800,78,180,0,Rural
LP011353,Male,Yes,0,Not Graduate,No,5000,1500,110,180,1,Urban
LP011354,,No,2,Not Graduate,Yes,2340,0,126,,0,Rural
LP011355,Male,Yes,1,Not Graduate,,5000,1500,110,360,0,Urban
LP011356,Female,Yes,3,Not Graduate,,3276,1800,110,360,1,Urban
LP011357,Female,No,2,Not Graduate,Yes,5720,0,126,180,1,Semiurban
LP011358,Male,No,1,Not Graduate,,3076,0,78,,,Rural
LP011359,,Yes,,Graduate,,5000,2546,126,360,1,Urban
LP011360,Male,No,2,Graduate,,5000,1800,78,,1,Rural
LP011361,,No,,Not Graduate,No,2340,1500,100,,1,Urban
LP011362,Female,Yes,2,Graduate,,3276,1500,78,,1,Rural
LP011363,,Yes,2,Graduate,Yes,3076,1800,208,,0,Rural
LP011364,Female,Yes,,Not Graduate,Yes,5000,1500,78,240,1,Rural
LP011365,,Yes,0,Not Graduate,Yes,3276,0,208,180,0,Semiurban
LP011366,,Yes,1,Not Graduate,,3076,2546,78,240,0,Rural
LP011367,,Yes,0,Graduate,No,2340,0,126,,1,Urban
LP011368,Male,No,0,Not Graduate,,5000,1500,78,360,1,Semiurban
LP011369,Male,Yes,1,Not Graduate,Yes,2340,0,110,360,,Rural
LP011370,Female,No,3,Graduate,No,2340,1800,78,240,0,Urban
LP011371,Female,No,0,Not Graduate,No,5000,1500,126,,1,Rural
LP011372,Male,Yes,0,Graduate,,3276,1800,126,,0,Semiurban
LP011373,Female,No,0,Graduate,Yes,3276,0,78,360,,Urban
LP011374,Male,Yes,3,Not Graduate,,2340,0,78,180,1,Urban
LP011375,,No,2,Not Graduate,Yes,2340,0,78,240,,Urban
LP011376,Female,Yes,,Not Graduate,No,5720,1800,100,240,0,Semiurban
LP011377,Female,Yes,,Graduate,,3076,2546,208,180,,Urban
LP011378,Male,Yes,3,Not Graduate,No,2340,0,78,,,Rural
LP011379,Female,Yes,0,Graduate,Yes,2340,1800,78,360,0,Rural
LP011380,Female,No,,Not Graduate,No,3076,1800,208,240,0,Urban
LP011381,,No,3,Not Graduate,No,5000,0,110,240,0,Semiurban
LP011382,Female,No,1,Not Graduate,No,3276,0,100,,0,Urban
LP011383,,No,,Not Graduate,,5000,1800,100,180,0,Urban
LP011384,Male,No,1,Graduate,Yes,3076,0,110,360,0,Urban
LP011385,Female,Yes,0,Not Graduate,No,3076,1800,208,,,Rural
LP011386,,Yes,,Not Graduate,No,5720,1800,208,240,0,Rural
LP011387,Male,Yes,3,Not Graduate,No,5720,0,126,360,0,Semiurban
LP011388,Female,Yes,2,Not Graduate,No,3276,0,208,,0,Semiurban
LP011389,Male,Yes,,Graduate,Yes,2340,2546,100,240,0,Semiurban
LP011390,Female,No,,Graduate,Yes,3076,0,126,360,1,Rural
LP011391,Male,Yes,,Not Graduate,,5720,1500,78,,,Rural
LP011392,Male,Yes,,Graduate,Yes,5000,1500,78,240,,Rural
LP011393,,No,3,Not Graduate,Yes,5720,0,78,360,1,Rural
LP011394,Male,No,3,Graduate,No,5000,1500,126,360,,Semiurban
LP011395,Female,Yes,2,Not Graduate,,5720,0,100,240,,Rural
LP011396,Female,Yes,3,Graduate,,5000,2546,208,360,0,Semiurban
LP011397,,No,3,Graduate,No,5720,1800,126,360,,Rural
LP011398,Female,Yes,0,Graduate,,5720,2546,100,180,1,Urban
LP011399,Female,Yes,0,Graduate,Yes,3276,0,208,180,,Semiurban
LP011400,Female,Yes,1,Graduate,,2340,0,110,180,1,Semiurban
LP011401,Male,No,2,Not Graduate,No,3076,0,100,,1,Rural
LP011402,Male,Yes,0,Graduate,,2340,0,110,,,Semiurban
LP011403,Female,Yes,2,Not Graduate,,3276,1500,78,180,0,Urban
LP011404,,No,2,Not Graduate,,5000,0,78,360,1,Semiurban
LP011405,Male,No,,Not Graduate,No,2340,1800,100,240,,Semiurban
LP011406,,No,2,Not Graduate,Yes,3076,1500,110,,,Urban
LP011407,Female,Yes,,Not Graduate,,3076,1500,126,240,0,Rural
LP011408,Female,No,1,Not Graduate,Yes,5000,0,208,180,0,Rural
LP011409,Male,Yes,1,Not Graduate,Yes,3076,2546,78,240,,Urban
LP011410,Female,No,1,Not Graduate,Yes,3276,1500,78,240,0,Semiurban
LP011411,Male,Yes,,Not Graduate,,2340,1500,78,360,1,Rural
LP011412,Female,No,,Not Graduate,Yes,3076,0,78,360,,Rural
LP011413,Female,Yes,1,Not Graduate,,2340,1800,100,240,0,Rural
LP011414,Male,Yes,,Graduate,,5720,0,100,360,,Urban
LP011415,Male,No,3,Not Graduate,,2340,1800,110,180,0,Urban
LP011416,Male,No,3,Not Graduate,Yes,5000,1500,126,180,1,Semiurban
LP011417,Female,Yes,,Not Graduate,,3276,1800,110,240,,Urban
LP011418,Female,No,,Graduate,No,3076,0,126,,0,Urban
LP011419,,Yes,0,Graduate,No,3276,0,100,240,1,Urban
LP011420,Male,No,0,Not Graduate,No,2340,2546,78,,1,Rural
LP011421,Female,No,2,Graduate,,3076,0,110,,0,Urban
LP011422,Female,Yes,2,Graduate,No,3276,2546,126,,,Urban
LP011423,Male,No,2,Not Graduate,,5000,1500,208,180,0,Rural
LP011424,,No,1,Not Graduate,,5720,1800,126,240,0,Urban
LP011425,Male,Yes,3,Graduate,,5720,0,110,,1,Urban
LP011426,,Yes,1,Graduate,Yes,5000,0,100,240,0,Rural
LP011427,Female,No,,Not Graduate,No,5720,0,78,360,0,Semiurban
LP011428,,Yes,0,Not Graduate,,5000,0,208,360,,Urban
LP011429,Female,No,,Not Graduate,No,2340,1500,110,,0,Semiurban
LP011430,Male,No,,Not Graduate,No,5000,0,100,180,,Semiurban
LP011431,Male,Yes,0,Not Graduate,Yes,5720,2546,126,180,0,Semiurban
LP011432,Male,Yes,,Not Graduate,No,2340,2546,100,,1,Rural
LP011433,,Yes,2,Graduate,,5000,0,100,180,0,Semiurban
LP011434,Female,Yes,0,Not Graduate,,5000,0,78,180,,Rural
LP011435,Male,Yes,,Not Graduate,No,2340,1800,110,,,Urban
LP011436,Male,Yes,2,Graduate,No,3076,0,100,180,0,Semiurban
LP011437,Female,No,2,Not Graduate,Yes,5720,2546,126,360,0,Semiurban
LP011438,Male,No,3,Not Graduate,,3076,1800,126,240,0,Semiurban
LP011439,Female,Yes,2,Graduate,No,2340,1800,78,,,Urban
LP011440,Female,No,1,Graduate,No,2340,0,100,180,,Urban
LP011441,Female,No,0,Not Graduate,,3276,1800,126,180,1,Rural
LP011442,Female,No,0,Graduate,No,3276,0,126,,0,Rural
LP011443,Female,No,0,Not Graduate,Yes,2340,0,78,360,,Rural
LP011444,,Yes,,Not Graduate,No,3276,0,100,360,,Rural
LP011445,Male,No,,Graduate,No,5000,0,78,360,,Rural
LP011446,,No,1,Not Graduate,Yes,3076,0,100,360,,Rural
LP011447,Male,Yes,2,Not Graduate,Yes,2340,0,126,240,1,Urban
LP011448,,Yes,,Not Graduate,Yes,5000,2546,110,,,Semiurban
LP011449,Female,Yes,2,Not Graduate,,5720,0,126,240,,Semiurban
LP011450,Male,Yes,2,Graduate,No,5720,2546,110,360,0,Semiurban
LP011451,Male,No,,Graduate,No,3276,1500,100,360,1,Urban
LP011452,,Yes,,Not Graduate,Yes,3276,1500,100,,1,Urban
LP011453,,No,1,Not Graduate,,5000,0,208,180,1,Rural
LP011454,Male,No,3,Not Graduate,Yes,5720,2546,100,,0,Rural
LP011455,,Yes,0,Not Graduate,No,2340,2546,100,240,1,Semiurban
LP011456,,Yes,,Not Graduate,,3076,1800,208,180,,Semiurban
LP011457,,Yes,,Graduate,,3276,1800,110,360,1,Urban
LP011458,Female,Yes,2,Graduate,No,5000,0,100,,,Urban
LP011459,Female,Yes,3,Graduate,,3276,1800,78,180,1,Semiurban
LP011460,,Yes,,Not Graduate,,5000,0,100,,1,Urban
LP011461,,No,3,Not Graduate,Yes,5720,1800,100,360,,Semiurban
LP011462,Female,No,0,Not Graduate,,3276,1800,126,240,0,Semiurban
LP011463,Female,No,2,Graduate,Yes,5000,0,100,180,0,Semiurban
LP011464,Male,No,1,Not Graduate,,5000,0,100,180,0,Semiurban
LP011465,Male,Yes,0,Graduate,Yes,3276,0,78,180,,Semiurban
LP011466,Female,Yes,3,Not Graduate,Yes,3076,2546,208,240,,Semiurban
LP011467,,No,3,Not Graduate,,2340,1800,208,240,1,Semiurban
LP011468,,No,0,Not Graduate,Yes,5720,1500,208,180,1,Rural
LP011469,,No,3,Not Graduate,No,3276,2546,126,180,,Urban
LP011470,,Yes,1,Graduate,No,3276,0,100,180,1,Urban
LP011471,Male,Yes,1,Not Graduate,,3076,1800,110,360,1,Semiurban
LP011472,Female,Yes,3,Not Graduate,,5720,0,110,,0,Urban
LP011473,,No,3,Graduate,,3276,1500,78,360,,Rural
LP011474,Male,No,1,Graduate,No,3076,2546,126,360,0,Urban
LP011475,,Yes,3,Graduate,,2340,1800,126,240,1,Rural
LP011476,Female,Yes,,Not Graduate,,5000,0,100,180,1,Rural
LP011477,Male,No,2,Not Graduate,Yes,2340,2546,110,360,0,Semiurban
LP011478,Female,No,,Not Graduate,,2340,1500,126,180,,Urban
LP011479,Female,Yes,3,Not Graduate,No,2340,0,78,240,1,Urban
LP011480,Male,No,3,Graduate,No,2340,1500,110,360,,Rural
LP011481,Male,Yes,2,Graduate,,5000,1800,126,180,0,Semiurban
LP011482,Male,Yes,3,Graduate,No,5720,2546,100,240,1,Semiurban
LP011483,Male,No,2,Graduate,Yes,5720,0,100,240,0,Rural
LP011484,Male,No,1,Graduate,Yes,3076,1800,100,360,,Urban
LP011485,Male,No,2,Not Graduate,,3076,1800,100,240,1,Semiurban
LP011486,Male,Yes,2,Not Graduate,,3276,0,110,,,Rural
LP011487,,No,,Not Graduate,Yes,2340,0,110,240,,Semiurban
LP011488,Female,No,3,Graduate,Yes,2340,0,126,360,1,Rural
LP011489,Male,Yes,1,Graduate,,5000,1500,78,180,0,Semiurban
LP011490,,Yes,0,Not Graduate,No,2340,1800,208,,1,Semiurban
LP011491,,No,2,Not Graduate,,5000,0,208,240,,Semiurban
LP011492,,Yes,0,Not Graduate,,3276,0,100,180,,Semiurban
LP011493,Female,Yes,3,Not Graduate,,3076,1800,126,180,,Rural
LP011494,Male,Yes,2,Not Graduate,,3076,1500,208,180,1,Semiurban
LP011495,,No,0,Not Graduate,,3276,0,208,360,,Urban
LP011496,Female,No,,Graduate,,3276,1800,208,240,1,Urban
LP011497,Female,Yes,0,Not Graduate,,2340,1500,208,,1,Urban
LP011498,Female,Yes,,Graduate,No,3076,0,208,360,,Semiurban
LP011499,,Yes,1,Not Graduate,,5720,2546,126,180,,Urban
LP011500,Male,No,3,Graduate,Yes,3276,1800,208,240,,Semiurban
LP011501,,Yes,0,Graduate,,3076,1800,208,180,0,Semiurban
LP011502,,Yes,2,Graduate,No,3076,1500,126,,0,Rural
LP011503,Male,No,3,Not Graduate,Yes,5000,0,110,180,0,Urban
LP011504,Male,Yes,0,Not Graduate,,3076,0,110,360,,Rural
LP011505,Male,No,2,Not Graduate,,3276,1500,110,360,,Semiurban
LP011506,Female,No,2,Not Graduate,Yes,2340,1800,208,,0,Semiurban
LP011507,Male,No,2,Graduate,,3076,1800,126,,1,Rural
LP011508,,Yes,2,Not Graduate,No,5720,1800,110,240,0,Semiurban
LP011509,Male,Yes,0,Not Graduate,,3276,2546,100,240,0,Rural
LP011510,,No,1,Not Graduate,No,2340,0,100,180,1,Urban
LP011511,Female,Yes,,Graduate,,2340,2546,126,180,0,Semiurban
LP011512,,No,,Graduate,Yes,3276,1800,208,,0,Semiurban
LP011513,,Yes,,Not Graduate,No,2340,0,110,,0,Rural
LP011514,Male,No,1,Not Graduate,,5720,1800,208,,1,Semiurban
LP011515,Male,No,2,Not Graduate,,3076,1800,110,180,1,Urban
LP011516,,Yes,2,Not Graduate,Yes,3276,1500,78,360,0,Urban
LP011517,Male,Yes,3,Graduate,Yes,3076,0,78,,,Urban
LP011518,Female,Yes,,Not Graduate,No,3076,1800,208,,0,Semiurban
LP011519,Female,Yes,,Not Graduate,No,2340,0,100,240,1,Rural
LP011520,Male,No,2,Graduate,No,3276,0,208,360,1,Urban
LP011521,Female,No,,Not Graduate,,3076,1800,110,360,1,Urban
LP011522,Male,Yes,2,Not Graduate,,5000,1500,208,180,,Semiurban
LP011523,,Yes,2,Not Graduate,No,5720,1800,208,,,Rural
LP011524,,No,2,Graduate,,2340,0,110,180,,Rural
LP011525,Female,Yes,0,Graduate,Yes,3276,0,100,180,0,Urban
LP011526,Male,Yes,0,Not Graduate,,3276,1500,78,360,1,Rural
LP011527,Male,Yes,0,Not Graduate,No,2340,1800,110,180,0,Urban
LP011528,Female,Yes,0,Graduate,,3076,0,208,,0,Semiurban
LP011529,,No,1,Graduate,Yes,2340,0,126,360,,Urban
LP011530,Female,No,3,Graduate,No,3276,0,208,360,0,Semiurban
LP011531,,Yes,3,Not Graduate,No,5000,1500,208,,,Urban
LP011532,Male,No,2,Graduate,No,3076,2546,126,360,,Semiurban
LP011533,,Yes,,Graduate,No,2340,1800,208,240,1,Semiurban
LP011534,Female,Yes,0,Graduate,,3276,0,126,,1,Rural
LP011535,Male,Yes,3,Not Graduate,Yes,3276,1500,208,360,0,Urban
LP011536,Female,No,3,Graduate,,3276,1500,100,180,0,Semiurban
LP011537,Female,No,0,Not Graduate,,5000,2546,78,180,1,Urban
LP011538,,No,1,Not Graduate,No,3076,2546,100,,0,Semiurban
LP011539,Female,No,1,Not Graduate,Yes,2340,1800,110,,1,Urban
LP011540,,No,3,Not Graduate,,3076,1800,110,,1,Rural
LP011541,Male,Yes,1,Graduate,Yes,3276,1500,208,240,,Urban
LP011542,,Yes,0,Not Graduate,Yes,5000,1800,110,180,1,Urban
LP011543,Male,No,3,Not Graduate,Yes,5000,1800,110,180,1,Urban
LP011544,,No,0,Not Graduate,Yes,3276,2546,208,,,Urban
LP011545,Female,No,1,Graduate,,3076,1500,208,180,,Semiurban
LP011546,,Yes,0,Graduate,Yes,3076,0,78,240,,Rural
LP011547,,No,1,Graduate,,5000,0,126,360,,Semiurban
LP011548,Male,Yes,1,Graduate,Yes,5720,0,208,240,1,Urban
LP011549,Female,Yes,0,Not Graduate,Yes,5000,2546,78,,1,Urban
LP011550,,No,1,Not Graduate,,5000,0,100,240,1,Semiurban
LP011551,Female,Yes,2,Not Graduate,No,2340,1500,110,180,1,Urban
LP011552,,Yes,0,Graduate,,5000,0,126,180,1,Rural
LP011553,,No,2,Graduate,Yes,5720,0,100,240,1,Urban
LP011554,Female,Yes,0,Graduate,,5000,0,208,,,Rural
LP011555,,No,1,Not Graduate,Yes,3076,0,100,,1,Urban
LP011556,Female,Yes,1,Not Graduate,,2340,1800,78,360,,Rural
LP011557,,No,3,Not Graduate,,2340,0,208,240,,Semiurban
LP011558,Male,No,3,Graduate,,5000,0,208,360,1,Semiurban
LP011559,Female,Yes,2,Graduate,No,2340,2546,126,180,,Urban
LP011560,,No,1,Not Graduate,,2340,2546,78,240,1,Urban
LP011561,,Yes,3,Graduate,,5000,0,110,360,0,Semiurban
LP011562,Male,Yes,1,Not Graduate,No,5720,0,100,240,,Rural
LP011563,Female,No,0,Not Graduate,No,5000,1500,126,240,0,Semiurban
LP011564,,Yes,3,Graduate,Yes,3076,0,126,180,,Urban
LP011565,Male,No,2,Not Graduate,Yes,3276,0,208,360,1,Semiurban
LP011566,,Yes,3,Not Graduate,,5720,0,100,360,1,Semiurban
LP011567,Female,Yes,1,Not Graduate,Yes,5000,1800,126,360,1,Urban
LP011568,,No,,Not Graduate,,5720,0,208,360,1,Urban
LP011569,,Yes,,Not Graduate,No,3276,1800,208,360,,Urban
LP011570,,Yes,1,Graduate,No,2340,0,78,180,1,Semiurban
LP011571,,Yes,0,Not Graduate,,2340,0,208,240,0,Rural
LP011572,Male,Yes,3,Graduate,Yes,3276,1500,110,180,,Semiurban
LP011573,Male,Yes,,Not Graduate,Yes,2340,1800,78,240,0,Rural
LP011574,Female,Yes,0,Graduate,Yes,5720,0,78,360,1,Rural
LP011575,Male,Yes,1,Graduate,,2340,0,110,180,1,Rural
LP011576,Male,Yes,0,Graduate,Yes,3276,1800,110,,1,Urban
LP011577,Female,No,1,Not Graduate,No,3276,1500,126,240,,Urban
LP011578,Male,Yes,3,Graduate,No,3276,1800,126,240,0,Urban
LP011579,Male,Yes,0,Not Graduate,No,3076,1500,110,240,1,Rural
LP011580,Female,No,3,Not Graduate,No,5720,1500,126,360,1,Rural
LP011581,Female,No,0,Graduate,No,3276,2546,110,180,1,Rural
LP011582,Female,No,1,Graduate,No,5720,1500,110,240,,Semiurban
LP011583,,Yes,1,Not Graduate,No,3076,2546,208,360,,Rural
LP011584,,No,0,Not Graduate,No,5720,0,126,180,1,Urban
LP011585,Female,No,1,Not Graduate,No,5000,1500,78,,0,Semiurban
LP011586,Female,Yes,2,Graduate,,3076,1800,78,240,1,Rural
LP011587,Female,Yes,2,Not Graduate,,3076,2546,126,360,,Urban
LP011588,,No,3,Not Graduate,No,2340,0,126,240,1,Rural
LP011589,,No,2,Not Graduate,No,3276,0,126,360,0,Urban
LP011590,Male,Yes,2,Not Graduate,No,3076,1500,126,,,Urban
LP011591,Male,Yes,,Not Graduate,Yes,5720,1800,208,180,0,Urban
LP011592,Female,Yes,,Not Graduate,,5000,1500,110,240,0,Rural
LP011593,,Yes,,Not Graduate,No,5720,0,126,,1,Urban
LP011594,,Yes,,Not Graduate,,5720,0,126,,,Rural
LP011595,,No,1,Not Graduate,No,5000,0,110,,,Urban
LP011596,Female,Yes,3,Not Graduate,Yes,2340,0,110,360,,Rural
LP011597,Male,Yes,3,Not Graduate,No,3276,2546,110,360,0,Semiurban
LP011598,Female,Yes,2,Not Graduate,,3076,0,100,360,,Urban
LP011599,Male,Yes,3,Graduate,,3276,0,78,180,0,Rural
LP011600,Male,Yes,2,Not Graduate,,2340,0,126,,,Rural
LP011601,Female,No,3,Not Graduate,,5000,1800,208,360,1,Rural
LP011602,Male,Yes,0,Not Graduate,No,3276,1500,208,240,0,Urban
LP011603,Male,No,0,Not Graduate,Yes,5720,1800,110,180,1,Semiurban
LP011604,,Yes,3,Not Graduate,Yes,3076,1800,208,240,1,Urban
LP011605,Male,No,1,Graduate,No,3076,1500,78,360,1,Urban
LP011606,Female,No,2,Not Graduate,No,2340,0,126,,1,Semiurban
LP011607,Female,Yes,3,Graduate,,2340,2546,208,360,0,Semiurban
LP011608,Male,Yes,2,Not Graduate,No,5000,0,78,240,,Semiurban
LP011609,,Yes,,Graduate,Yes,2340,2546,78,240,0,Urban
LP011610,,Yes,3,Graduate,No,3276,0,100,180,1,Semiurban
LP011611,Male,Yes,1,Not Graduate,No,3076,1500,100,360,1,Semiurban
LP011612,Male,No,,Graduate,Yes,5000,1500,208,,,Semiurban
LP011613,Female,Yes,3,Graduate,Yes,2340,1800,78,180,1,Urban
LP011614,Male,Yes,0,Not Graduate,No,5720,1500,110,360,0,Semiurban
LP011615,,No,3,Graduate,,3076,0,100,,0,Urban
LP011616,Male,Yes,0,Graduate,,5000,2546,78,240,0,Semiurban
LP011617,Female,No,0,Graduate,,3076,2546,100,,0,Semiurban
LP011618,Female,Yes,3,Not Graduate,Yes,3276,2546,126,180,1,Rural
LP011619,Female,No,3,Not Graduate,Yes,2340,2546,78,360,,Rural
LP011620,Female,Yes,0,Not Graduate,,2340,1800,78,240,0,Urban
LP011621,Female,No,2,Not Graduate,No,2340,2546,126,180,1,Rural
LP011622,Male,No,,Graduate,No,5720,0,100,180,0,Rural
LP011623,Male,Yes,1,Not Graduate,No,3276,1800,126,180,,Rural
LP011624,Male,Yes,3,Graduate,Yes,5720,1800,208,240,1,Urban
LP011625,Male,Yes,,Not Graduate,Yes,3276,1800,110,180,0,Semiurban
LP011626,Female,No,,Not Graduate,,3276,1500,100,360,,Urban
LP011627,,No,2,Graduate,No,3276,1800,78,240,1,Rural
LP011628,Male,No,,Graduate,Yes,2340,0,208,180,1,Urban
LP011629,,Yes,3,Not Graduate,Yes,2340,2546,100,240,0,Urban
LP011630,Male,Yes,,Not Graduate,,2340,1500,110,360,1,Urban
LP011631,Male,No,3,Not Graduate,No,5720,2546,78,180,1,Semiurban
LP011632,,Yes,3,Not Graduate,Yes,5000,0,126,240,0,Semiurban
LP011633,Female,No,0,Not Graduate,Yes,3276,1500,110,240,0,Rural
LP011634,Male,Yes,2,Graduate,Yes,5720,0,100,,1,Semiurban
LP011635,Male,Yes,1,Not Graduate,Yes,2340,1500,78,360,0,Rural
LP011636,Male,No,0,Graduate,No,2340,1800,100,360,0,Semiurban
LP011637,,Yes,1,Not Graduate,,5000,1500,110,,1,Rural
LP011638,Female,Yes,3,Not Graduate,No,2340,1800,78,240,0,Urban
LP011639,,Yes,0,Graduate,,3276,2546,110,180,,Rural
LP011640,,Yes,,Not Graduate,Yes,3076,1500,100,180,1,Semiurban
LP011641,Female,Yes,,Graduate,No,2340,1500,78,240,1,Rural
LP011642,,No,1,Graduate,,5000,0,78,360,,Semiurban
LP011643,Female,Yes,3,Not Graduate,,3076,0,78,,0,Urban
LP011644,Male,No,1,Graduate,Yes,3276,1500,100,180,0,Urban
LP011645,Female,Yes,2,Not Graduate,,3276,2546,208,180,0,Semiurban
LP011646,Male,Yes,,Not Graduate,,3276,1800,100,360,1,Rural
LP011647,,No,0,Not Graduate,,5000,2546,126,360,0,Urban
LP011648,,No,0,Not Graduate,Yes,3076,0,208,360,0,Rural
LP011649,Male,Yes,0,Not Graduate,No,3276,1500,100,,1,Urban
LP011650,,Yes,,Not Graduate,Yes,2340,0,126,240,1,Urban
LP011651,Female,No,3,Not Graduate,,3076,0,110,,0,Rural
LP011652,Male,No,,Graduate,,3276,1500,126,240,,Semiurban
LP011653,,No,,Not Graduate,No,3076,0,78,,1,Semiurban
LP011654,Male,No,0,Graduate,,2340,2546,208,240,,Semiurban
LP011655,Female,Yes,,Not Graduate,No,5720,1800,100,360,,Semiurban
LP011656,Female,Yes,0,Not Graduate,,3276,1500,100,240,1,Rural
LP011657,,Yes,3,Graduate,,2340,1800,78,360,,Rural
LP011658,Female,Yes,2,Graduate,Yes,5000,0,208,,0,Urban
LP011659,Male,Yes,0,Graduate,Yes,3276,0,208,240,,Urban
LP011660,Female,No,1,Graduate,No,5720,1800,78,240,0,Urban
LP011661,Male,No,2,Not Graduate,Yes,2340,0,208,180,1,Rural
LP011662,Male,No,3,Not Graduate,No,2340,2546,78,360,0,Urban
LP011663,Female,Yes,2,Graduate,Yes,3076,0,126,180,1,Rural
LP011664,,No,0,Not Graduate,No,3276,1800,78,,,Rural
LP011665,Female,Yes,3,Graduate,,5720,1800,100,,1,Rural
LP011666,Male,Yes,1,Graduate,No,5000,1500,110,360,0,Urban
LP011667,Male,Yes,0,Graduate,Yes,3076,0,126,,1,Semiurban
LP011668,Female,No,0,Graduate,No,3276,2546,100,,,Rural
LP011669,,Yes,3,Graduate,Yes,5720,1500,126,240,,Urban
LP011670,,Yes,3,Not Graduate,,3076,1500,100,240,0,Urban
LP011671,Male,No,2,Graduate,Yes,5720,2546,208,240,0,Semiurban
LP011672,Male,Yes,1,Graduate,,5720,1500,78,360,1,Rural
LP011673,,No,2,Not Graduate,,3076,2546,100,360,0,Rural
LP011674,Female,Yes,2,Graduate,Yes,3076,0,100,240,1,Urban
LP011675,Male,No,0,Graduate,,3276,1500,208,,0,Rural
LP011676,Male,Yes,3,Not Graduate,Yes,3076,1800,110,180,,Semiurban
LP011677,,Yes,0,Not Graduate,No,3276,0,110,240,,Rural
LP011678,Female,No,1,Not Graduate,,5720,1500,78,240,0,Urban
LP011679,,Yes,2,Not Graduate,No,3076,2546,208,,1,Rural
LP011680,Female,No,1,Not Graduate,No,3276,0,126,,,Rural
LP011681,Female,Yes,3,Graduate,Yes,3276,0,100,240,1,Rural
LP011682,Female,No,3,Graduate,Yes,5000,1800,78,240,,Rural
LP011683,Male,Yes,,Graduate,,3276,1500,110,180,0,Urban
LP011684,,Yes,1,Not Graduate,Yes,3276,1500,126,180,0,Urban
LP011685,,Yes,0,Not Graduate,No,5000,2546,208,,0,Rural
LP011686,Female,No,1,Not Graduate,No,2340,0,100,180,,Urban
LP011687,Male,No,2,Not Graduate,No,3076,1800,100,,0,Urban
LP011688,Male,No,3,Not Graduate,,5000,2546,110,360,0,Urban
LP011689,,No,3,Not Graduate,Yes,3276,2546,110,240,0,Rural
LP011690,Male,No,1,Graduate,No,3276,1800,78,360,1,Rural
LP011691,Male,Yes,1,Not Graduate,,3076,1500,100,240,0,Rural
LP011692,Female,Yes,1,Graduate,Yes,5720,1800,100,180,1,Rural
LP011693,Male,Yes,2,Graduate,Yes,5000,1500,100,240,1,Semiurban
LP011694,Female,Yes,2,Graduate,No,2340,0,100,,,Rural
LP011695,,Yes,0,Not Graduate,,3076,0,126,,0,Rural
LP011696,Male,No,1,Not Graduate,No,3076,1800,208,180,,Rural
LP011697,,Yes,0,Not Graduate,No,5000,2546,126,,0,Semiurban
LP011698,,No,,Not Graduate,,3276,1500,208,240,1,Rural
LP011699,Male,Yes,2,Not Graduate,No,3276,0,126,240,,Semiurban
LP011700,Male,No,3,Graduate,,2340,0,78,180,1,Semiurban
LP011701,,No,,Graduate,,5000,1800,208,240,0,Rural
LP011702,Male,No,3,Not Graduate,No,3076,2546,100,180,,Rural
LP011703,Female,Yes,,Graduate,No,5000,1800,208,180,0,Semiurban
LP011704,Female,Yes,0,Graduate,Yes,5720,2546,100,,,Urban
LP011705,Male,Yes,0,Not Graduate,Yes,3076,0,78,,0,Semiurban
LP011706,,Yes,2,Graduate,,2340,1800,208,240,1,Semiurban
LP011707,Male,No,3,Graduate,,2340,1500,110,,1,Rural
LP011708,Male,No,,Not Graduate,,3076,1800,100,180,,Rural
LP011709,,No,1,Graduate,Yes,3276,1800,208,360,0,Urban
LP011710,,No,1,Not Graduate,No,3076,0,126,,0,Semiurban
LP011711,Female,Yes,2,Not Graduate,No,3076,0,208,,1,Semiurban
LP011712,,No,3,Not Graduate,Yes,5720,1800,100,360,,Urban
LP011713,Female,Yes,1,Graduate,No,3076,2546,110,240,0,Urban
LP011714,,No,2,Graduate,No,5000,0,110,180,0,Semiurban
LP011715,Male,No,2,Graduate,No,5000,0,126,360,1,Semiurban
LP011716,Female,No,3,Not Graduate,Yes,2340,2546,78,360,0,Urban
LP011717,Female,Yes,1,Graduate,,3276,0,110,180,1,Rural
LP011718,Female,Yes,1,Graduate,No,2340,0,78,360,,Semiurban
LP011719,Male,No,1,Not Graduate,No,5720,0,100,360,0,Semiurban
LP011720,Male,No,0,Not Graduate,,3076,2546,208,,0,Semiurban
LP011721,Male,No,1,Not Graduate,No,2340,2546,78,240,1,Semiurban
LP011722,Male,Yes,,Graduate,No,3076,1800,100,240,1,Urban
LP011723,Male,Yes,0,Not Graduate,,2340,1800,100,,0,Urban
LP011724,Female,Yes,0,Graduate,Yes,3076,0,100,,1,Urban
LP011725,Male,No,0,Not Graduate,Yes,2340,0,126,180,1,Urban
LP011726,Female,Yes,0,Not Graduate,No,5000,0,126,180,,Urban
LP011727,Male,No,2,Not Graduate,No,5720,1500,78,360,1,Rural
LP011728,,Yes,,Not Graduate,,2340,2546,100,240,0,Rural
LP011729,Female,No,3,Graduate,,5000,0,78,180,1,Rural
LP011730,,No,1,Graduate,No,3276,2546,110,360,0,Rural
LP011731,Female,Yes,0,Graduate,No,2340,2546,78,240,0,Urban
LP011732,,No,3,Not Graduate,Yes,3076,0,208,180,1,Urban
LP011733,Male,No,2,Graduate,Yes,5720,2546,100,240,0,Rural
LP011734,Male,No,3,Not Graduate,Yes,5000,1500,78,360,,Urban
LP011735,Male,Yes,0,Not Graduate,Yes,5000,0,126,,,Urban
LP011736,Female,No,,Graduate,,5720,0,208,360,0,Semiurban
LP011737,,Yes,3,Not Graduate,Yes,2340,1800,78,,,Semiurban
LP011738,Male,Yes,0,Not Graduate,Yes,3076,0,78,,1,Rural
LP011739,,No,0,Graduate,No,3276,1800,78,360,1,Urban
LP011740,,Yes,1,Graduate,Yes,2340,1800,126,,1,Semiurban
LP011741,Male,No,1,Not Graduate,No,5720,2546,78,240,0,Urban
LP011742,Male,Yes,,Graduate,No,2340,0,110,180,1,Semiurban
LP011743,,No,1,Not Graduate,Yes,2340,1500,110,180,1,Rural
LP011744,Male,Yes,,Graduate,Yes,5720,2546,110,360,0,Urban
LP011745,Male,No,2,Not Graduate,No,5720,1800,78,360,,Urban
LP011746,Male,No,2,Not Graduate,,3276,0,208,360,1,Semiurban
LP011747,Female,No,1,Not Graduate,No,5720,2546,126,360,0,Rural
LP011748,,No,2,Graduate,,5720,0,110,240,,Semiurban
LP011749,,Yes,3,Graduate,,5720,0,110,360,,Rural
LP011750,Female,Yes,3,Not Graduate,Yes,5000,1500,208,360,,Rural
LP011751,,No,3,Graduate,Yes,5720,1500,110,180,1,Rural
LP011752,Male,Yes,2,Graduate,Yes,5720,1500,126,240,,Urban
LP011753,,No,3,Graduate,Yes,5720,1800,208,360,,Semiurban
LP011754,Male,No,,Not Graduate,No,3276,1800,100,240,,Urban
LP011755,Female,Yes,0,Graduate,,2340,1500,126,360,1,Urban
LP011756,Male,Yes,1,Graduate,No,5720,0,126,240,0,Urban
LP011757,,No,,Graduate,,5720,0,78,360,,Rural
LP011758,,Yes,3,Not Graduate,No,3276,1800,100,360,0,Rural
LP011759,,No,0,Not Graduate,,2340,2546,100,240,,Rural
LP011760,Female,Yes,1,Not Graduate,Yes,3276,2546,208,360,,Rural
LP011761,Female,Yes,,Graduate,,3076,1800,110,360,1,Rural
LP011762,,Yes,1,Not Graduate,Yes,3076,1500,100,240,,Rural
LP011763,Male,Yes,2,Graduate,,3076,0,208,180,,Urban
LP011764,Female,Yes,3,Graduate,No,5720,0,100,,0,Rural
LP011765,,No,,Not Graduate,,3276,2546,126,180,1,Semiurban
LP011766,,Yes,,Graduate,No,5720,1800,100,360,0,Rural
LP011767,Female,Yes,0,Not Graduate,No,3076,0,110,240,0,Urban
LP011768,Female,No,0,Graduate,Yes,2340,1500,208,180,0,Semiurban
LP011769,Female,No,0,Graduate,,2340,0,110,240,0,Urban
LP011770,Male,No,1,Graduate,No,3276,0,78,180,1,Urban
LP011771,Male,Yes,3,Graduate,,2340,2546,110,,,Semiurban
LP011772,,Yes,1,Graduate,Yes,3076,2546,110,360,1,Rural
LP011773,Female,No,3,Not Graduate,Yes,3276,1800,208,240,,Urban
LP011774,Male,No,,Not Graduate,,3276,0,126,360,,Urban
LP011775,Female,No,1,Not Graduate,No,3076,1500,100,360,0,Semiurban
LP011776,,No,1,Not Graduate,No,3076,1500,100,,,Rural
LP011777,Male,Yes,1,Graduate,No,3076,1800,208,,1,Semiurban
LP011778,Male,Yes,2,Graduate,,3076,0,208,360,,Semiurban
LP011779,Male,Yes,3,Not Graduate,No,3276,2546,126,240,1,Urban
LP011780,,Yes,3,Not Graduate,No,2340,1500,126,,1,Rural
LP011781,Female,Yes,1,Graduate,No,3076,0,78,,1,Urban
LP011782,Male,No,2,Not Graduate,Yes,5000,1800,100,,,Rural
LP011783,,Yes,1,Graduate,No,3276,1500,100,180,0,Semiurban
LP011784,Female,No,3,Graduate,,5720,0,78,,1,Rural
LP011785,,No,,Not Graduate,,2340,0,208,360,0,Urban
LP011786,Female,No,2,Graduate,No,3276,1500,100,240,1,Rural
LP011787,,Yes,2,Graduate,,3076,1800,110,180,,Rural
LP011788,Female,No,1,Not Graduate,,5000,0,208,,1,Urban
LP011789,Male,Yes,,Not Graduate,No,5720,0,208,360,,Urban
LP011790,Female,No,3,Graduate,Yes,2340,0,126,180,,Urban
LP011791,,Yes,0,Not Graduate,No,3076,0,78,180,,Semiurban
LP011792,,No,3,Graduate,,3276,0,208,240,,Urban
LP011793,Female,Yes,3,Not Graduate,,3276,0,126,,0,Semiurban
LP011794,Male,No,,Graduate,No,2340,0,110,240,,Rural
LP011795,Male,No,2,Graduate,,5000,1800,110,240,1,Rural
LP011796,Female,No,3,Graduate,Yes,3076,2546,100,180,0,Urban
LP011797,Female,No,2,Graduate,No,2340,0,78,,0,Semiurban
LP011798,,Yes,,Graduate,,2340,2546,78,180,0,Semiurban
LP011799,Male,Yes,,Graduate,Yes,3276,0,126,240,0,Semiurban
LP011800,Female,Yes,1,Graduate,,2340,0,100,180,1,Urban
LP011801,Male,No,0,Graduate,Yes,5720,1800,78,180,,Urban
LP011802,Female,No,,Graduate,,5720,1800,100,180,1,Semiurban
LP011803,Female,No,,Not Graduate,No,3076,1500,126,240,,Rural
LP011804,Male,No,2,Graduate,,2340,0,100,360,0,Rural
LP011805,Female,No,,Not Graduate,No,3276,0,208,360,0,Urban
LP011806,Female,No,3,Not Graduate,Yes,3076,0,208,240,0,Urban
LP011807,,Yes,1,Not Graduate,Yes,5000,1800,208,,0,Semiurban
LP011808,Female,Yes,1,Graduate,,3276,0,208,180,,Semiurban
LP011809,Female,Yes,3,Graduate,No,5000,1500,110,240,0,Semiurban
LP011810,Female,Yes,,Not Graduate,No,3076,0,110,360,,Rural
LP011811,,Yes,0,Graduate,Yes,5720,1500,78,240,0,Semiurban
LP011812,Male,Yes,,Graduate,Yes,3276,0,110,360,1,Semiurban
LP011813,,Yes,1,Graduate,,3276,1800,100,,0,Urban
LP011814,,Yes,0,Graduate,Yes,3076,2546,100,360,,Urban
LP011815,Male,No,2,Graduate,Yes,3276,1800,110,,,Semiurban
LP011816,,No,2,Graduate,No,3276,2546,100,,1,Urban
LP011817,Male,No,,Not Graduate,No,3076,0,78,,,Semiurban
LP011818,,No,,Not Graduate,No,2340,2546,126,240,1,Semiurban
LP011819,Male,No,0,Not Graduate,Yes,3076,0,110,240,0,Semiurban
LP011820,Female,No,0,Not Graduate,,3276,2546,208,,0,Urban
LP011821,,No,,Not Graduate,,3076,0,100,360,0,Semiurban
LP011822,,Yes,1,Graduate,Yes,3276,2546,100,180,,Urban
LP011823,,Yes,2,Graduate,,5000,0,126,180,0,Rural
LP011824,,No,0,Graduate,Yes,5000,1500,78,360,0,Rural
LP011825,Female,Yes,1,Not Graduate,,5720,0,100,180,0,Urban
LP011826,,Yes,,Not Graduate,Yes,3076,1500,208,360,0,Rural
LP011827,Female,Yes,3,Graduate,No,3076,1800,126,360,0,Rural
LP011828,Female,Yes,0,Not Graduate,,5000,2546,100,,,Rural
LP011829,Female,Yes,3,Graduate,No,5000,0,208,360,,Semiurban
LP011830,Female,No,1,Graduate,No,5000,1500,100,240,,Rural
LP011831,Male,Yes,2,Graduate,,5720,1500,208,240,,Semiurban
LP011832,Male,No,1,Not Graduate,Yes,5720,0,126,240,0,Urban
LP011833,,No,2,Not Graduate,No,2340,2546,78,360,,Urban
LP011834,Male,No,1,Graduate,No,3076,1800,110,240,1,Rural
LP011835,Male,Yes,0,Graduate,Yes,5720,1800,110,,0,Semiurban
LP011836,,No,0,Not Graduate,Yes,3276,1800,78,,0,Urban
LP011837,,No,3,Not Graduate,,3076,0,100,180,1,Urban
LP011838,,No,1,Not Graduate,,2340,1500,126,180,,Semiurban
LP011839,Male,No,1,Not Graduate,Yes,5000,1800,208,,1,Rural
LP011840,Male,Yes,3,Graduate,No,2340,1500,126,240,,Urban
LP011841,,No,,Graduate,Yes,3076,1800,78,,1,Rural
LP011842,Female,No,1,Not Graduate,,5000,1800,100,240,0,Rural
LP011843,,No,1,Not Graduate,No,2340,2546,100,360,,Semiurban
LP011844,Female,No,1,Not Graduate,No,2340,0,78,240,,Rural
LP011845,Female,Yes,,Not Graduate,,3076,2546,126,240,,Urban
LP011846,,No,0,Graduate,No,5720,1500,110,240,0,Semiurban
LP011847,,No,3,Not Graduate,Yes,3276,1500,126,360,,Rural
LP011848,,No,,Not Graduate,,2340,0,100,,1,Semiurban
LP011849,Male,No,2,Graduate,No,3276,1800,100,180,,Semiurban
LP011850,Female,No,2,Not Graduate,,3076,0,78,360,,Semiurban
LP011851,Male,No,,Graduate,No,3076,1800,126,240,0,Rural
LP011852,Male,Yes,,Graduate,Yes,5720,0,110,240,1,Semiurban
LP011853,,No,0,Graduate,,5000,0,126,180,1,Rural
LP011854,Male,Yes,2,Not Graduate,No,3276,0,100,240,1,Semiurban
LP011855,,Yes,3,Graduate,Yes,2340,0,126,,,Rural
LP011856,Female,No,1,Not Graduate,Yes,5000,0,100,360,,Semiurban
LP011857,,Yes,1,Not Graduate,Yes,3276,1500,100,360,0,Rural
LP011858,Male,No,0,Graduate,No,3276,1800,208,360,0,Urban
LP011859,Male,Yes,0,Graduate,No,5000,0,110,360,,Urban
LP011860,,No,2,Graduate,Yes,5000,2546,78,,1,Semiurban
LP011861,,Yes,3,Not Graduate,Yes,5720,1500,110,,1,Urban
LP011862,Male,Yes,3,Not Graduate,Yes,2340,1800,126,240,,Rural
LP011863,Female,No,,Graduate,Yes,2340,1500,208,360,1,Urban
LP011864,Female,Yes,0,Not Graduate,Yes,2340,2546,100,240,1,Rural
LP011865,,Yes,1,Graduate,No,5000,1800,110,360,,Rural
LP011866,Female,Yes,1,Not Graduate,,5720,0,100,,0,Urban
LP011867,Male,Yes,2,Not Graduate,,3076,0,100,180,,Urban
LP011868,,Yes,1,Not Graduate,,5720,1500,208,180,0,Rural
LP011869,Male,No,3,Not Graduate,No,5000,0,110,360,1,Urban
LP011870,Male,Yes,3,Graduate,,5720,1800,208,,0,Urban
LP011871,Female,Yes,0,Graduate,,5000,2546,100,180,0,Semiurban
LP011872,,No,2,Graduate,,3276,2546,110,180,,Rural
LP011873,,No,1,Not Graduate,,3276,0,100,180,1,Semiurban
LP011874,Female,No,0,Not Graduate,Yes,3076,0,100,,1,Rural
LP011875,Male,Yes,,Graduate,No,3276,0,110,180,1,Urban
LP011876,Male,Yes,,Graduate,,3076,0,78,240,0,Rural
LP011877,Male,Yes,1,Graduate,Yes,2340,0,208,360,0,Urban
LP011878,Male,Yes,1,Not Graduate,,5000,0,126,180,,Semiurban
LP011879,,No,1,Graduate,,2340,0,100,,1,Rural
LP011880,,No,3,Graduate,,2340,1800,208,240,1,Semiurban
LP011881,Female,Yes,1,Graduate,,3076,0,208,180,0,Rural
LP011882,Female,Yes,,Graduate,,5000,1500,110,240,0,Semiurban
LP011883,,Yes,1,Graduate,Yes,3076,1800,110,,0,Urban
LP011884,,Yes,2,Graduate,,5720,1800,110,360,1,Rural
LP011885,Male,No,,Graduate,Yes,2340,0,208,240,1,Semiurban
LP011886,Male,No,2,Graduate,,5000,0,110,360,,Urban
LP011887,Female,Yes,,Graduate,No,2340,1800,126,,,Urban
LP011888,,No,0,Not Graduate,Yes,5720,0,208,240,1,Rural
LP011889,Female,Yes,,Graduate,,5720,0,110,,,Rural
LP011890,,Yes,,Graduate,Yes,5000,1800,100,240,0,Rural
LP011891,Male,No,2,Graduate,,5000,1800,208,,,Semiurban
LP011892,Female,Yes,2,Not Graduate,,5720,1800,78,,0,Urban
LP011893,Female,No,,Not Graduate,Yes,2340,0,78,180,,Urban
LP011894,,Yes,,Graduate,,3276,1800,208,180,1,Rural
LP011895,Male,No,3,Not Graduate,,2340,1500,208,,0,Urban
LP011896,Female,Yes,0,Not Graduate,,3276,1500,78,240,,Urban
LP011897,Male,No,0,Graduate,,3076,0,100,240,1,Rural
LP011898,Female,Yes,1,Not Graduate,,5000,1800,100,240,0,Urban
LP011899,Male,Yes,,Not Graduate,,5720,1800,100,,0,Urban
LP011900,,No,,Graduate,Yes,3076,0,126,360,1,Rural
LP011901,Female,Yes,,Graduate,No,2340,2546,126,240,1,Semiurban
LP011902,Female,No,,Not Graduate,,3276,2546,100,360,0,Rural
LP011903,Male,No,0,Graduate,Yes,5000,1800,78,360,1,Urban
LP011904,Male,Yes,2,Graduate,No,3276,0,126,,,Rural
LP011905,Female,Yes,3,Graduate,Yes,2340,1500,110,360,,Rural
LP011906,,Yes,2,Not Graduate,No,2340,1800,126,360,0,Urban
LP011907,Male,Yes,2,Graduate,No,5720,1800,78,360,0,Urban
LP011908,Male,No,0,Not Graduate,No,3076,0,78,360,,Semiurban
LP011909,Male,Yes,3,Not Graduate,Yes,5000,0,208,,1,Semiurban
LP011910,Female,Yes,,Graduate,No,5720,2546,78,,1,Urban
LP011911,Female,Yes,0,Not Graduate,,3276,1800,100,360,0,Semiurban
LP011912,Female,No,0,Graduate,,3076,1800,78,,1,Semiurban
LP011913,Female,Yes,3,Graduate,No,5000,0,126,240,0,Rural
LP011914,,No,1,Graduate,No,3276,1500,126,360,1,Rural
LP011915,,Yes,0,Graduate,,5000,0,126,240,1,Semiurban
LP011916,Female,No,2,Graduate,Yes,5000,0,78,240,1,Rural
LP011917,,Yes,2,Not Graduate,Yes,3076,1500,100,360,,Rural
LP011918,Male,Yes,,Not Graduate,,3276,1800,100,240,0,Urban
LP011919,Male,No,0,Graduate,Yes,5720,2546,208,,1,Semiurban
LP011920,Male,Yes,,Not Graduate,Yes,5720,1500,110,240,1,Semiurban
LP011921,Female,Yes,0,Not Graduate,No,5720,0,100,360,,Urban
LP011922,Male,Yes,3,Not Graduate,Yes,5000,1800,126,240,,Urban
LP011923,,No,0,Not Graduate,,2340,1500,208,,,Urban
LP011924,Female,Yes,1,Graduate,Yes,3076,1500,100,240,0,Rural
LP011925,,No,2,Graduate,No,5720,1500,100,,,Urban
LP011926,Male,No,3,Graduate,,3076,2546,110,180,,Urban
LP011927,Male,No,2,Not Graduate,,5000,0,110,180,1,Urban
LP011928,Male,Yes,,Not Graduate,,3076,0,110,360,1,Urban
LP011929,Female,No,3,Graduate,No,5720,1500,100,360,,Rural
LP011930,,No,1,Graduate,,5720,1500,100,360,1,Semiurban
LP011931,Female,Yes,2,Not Graduate,No,5000,0,126,360,1,Urban
LP011932,Female,No,0,Graduate,No,5000,2546,78,360,,Urban
LP011933,Male,No,0,Not Graduate,Yes,3276,1800,110,,,Semiurban
LP011934,Female,Yes,0,Graduate,,5000,0,126,180,,Semiurban
LP011935,Female,Yes,3,Graduate,Yes,2340,1500,126,180,,Urban
LP011936,Male,No,1,Not Graduate,Yes,2340,2546,208,240,,Urban
LP011937,Female,Yes,1,Graduate,No,5720,2546,126,180,1,Semiurban
LP011938,Male,Yes,1,Graduate,Yes,5000,1500,110,360,0,Urban
LP011939,Male,Yes,2,Graduate,Yes,2340,0,78,,1,Rural
LP011940,Male,No,3,Graduate,Yes,2340,2546,126,,,Urban
LP011941,Male,No,0,Graduate,,3276,0,100,,0,Urban
LP011942,Female,Yes,2,Graduate,Yes,5000,0,100,180,0,Rural
LP011943,Male,No,1,Not Graduate,No,3276,1800,126,240,0,Semiurban
LP011944,Male,Yes,0,Not Graduate,,3076,0,110,360,1,Semiurban
LP011945,Female,Yes,3,Not Graduate,No,3276,1500,78,,,Semiurban
LP011946,Female,Yes,,Not Graduate,,3076,0,78,,1,Urban
LP011947,,Yes,1,Not Graduate,,3076,0,110,360,0,Semiurban
LP011948,Female,Yes,1,Graduate,,5000,2546,100,240,1,Rural
LP011949,Female,No,1,Graduate,No,3076,1500,100,180,,Rural
LP011950,,No,1,Not Graduate,Yes,3076,0,208,240,1,Urban
LP011951,Female,No,0,Graduate,,3276,2546,126,360,0,Semiurban
LP011952,Female,No,3,Graduate,No,5000,1500,126,360,0,Semiurban
LP011953,Female,Yes,2,Graduate,,5000,1500,100,,1,Rural
LP011954,Female,Yes,0,Graduate,Yes,3076,0,126,180,,Semiurban
LP011955,,No,3,Graduate,,3276,0,110,240,,Rural
LP011956,Female,No,2,Not Graduate,No,3276,0,78,180,,Urban
LP011957,Female,Yes,1,Not Graduate,,3276,0,208,360,1,Rural
LP011958,,Yes,3,Graduate,No,3276,1500,110,,0,Semiurban
LP011959,Male,Yes,1,Not Graduate,Yes,5720,1800,110,,1,Rural
LP011960,,No,3,Not Graduate,Yes,3076,2546,110,240,0,Semiurban
LP011961,Male,Yes,,Not Graduate,,3076,0,126,240,1,Urban
LP011962,,Yes,1,Not Graduate,Yes,3076,1500,78,180,0,Rural
LP011963,,No,1,Graduate,No,5000,2546,208,360,,Urban
LP011964,Female,No,1,Not Graduate,,5000,1800,100,240,1,Urban
LP011965,Male,No,0,Graduate,No,3276,2546,110,180,,Rural
LP011966,Female,Yes,2,Not Graduate,,5000,1800,110,,1,Rural
LP011967,Male,Yes,1,Not Graduate,No,2340,0,110,360,,Rural
LP011968,,No,1,Graduate,,3076,0,100,,0,Urban
LP011969,,Yes,0,Graduate,No,3076,1800,126,360,0,Rural
LP011970,Male,Yes,0,Not Graduate,No,5720,0,126,360,0,Semiurban
LP011971,Female,Yes,,Not Graduate,,5720,2546,78,180,0,Semiurban
LP011972,Female,No,3,Graduate,No,2340,2546,126,,1,Semiurban
LP011973,Female,No,1,Not Graduate,Yes,5720,2546,126,360,0,Semiurban
LP011974,Female,Yes,3,Graduate,No,3276,0,208,,,Urban
LP011975,,Yes,0,Graduate,,3276,1500,208,180,,Urban
LP011976,,Yes,0,Graduate,Yes,3076,1800,126,360,1,Urban
LP011977,,Yes,,Not Graduate,Yes,3276,1500,208,180,1,Semiurban
LP011978,,No,2,Graduate,No,5720,2546,78,180,0,Urban
LP011979,,No,0,Graduate,No,2340,0,126,240,1,Urban
LP011980,Female,Yes,1,Not Graduate,No,3276,0,208,,0,Semiurban
LP011981,Female,Yes,,Graduate,Yes,3076,0,100,180,1,Rural
LP011982,Female,No,2,Not Graduate,Yes,3076,1500,208,240,0,Urban
LP011983,Female,Yes,,Not Graduate,Yes,5720,2546,208,,,Urban
LP011984,,No,0,Graduate,,3276,1800,100,360,0,Rural
LP011985,,Yes,2,Not Graduate,,5720,0,78,360,,Urban
LP011986,,No,3,Not Graduate,No,3076,1500,100,180,,Semiurban
LP011987,Male,Yes,2,Not Graduate,,2340,1500,78,360,1,Rural
LP011988,Female,Yes,1,Graduate,,3276,0,100,,,Urban
LP011989,Female,No,3,Graduate,No,2340,1800,78,360,0,Urban
LP011990,,No,3,Graduate,No,3276,1500,78,180,1,Urban
LP011991,Female,Yes,1,Not Graduate,Yes,3076,1800,110,,1,Urban
LP011992,Female,Yes,3,Graduate,Yes,3276,2546,110,360,0,Semiurban
LP011993,,No,0,Graduate,No,3076,0,208,360,1,Rural
LP011994,Male,No,2,Not Graduate,No,5000,1500,100,,0,Semiurban
LP011995,Male,Yes,2,Graduate,,3076,2546,78,,,Semiurban
LP011996,Male,Yes,1,Not Graduate,,3076,0,110,360,1,Urban
LP011997,,No,0,Graduate,,3276,1800,208,240,,Urban
LP011998,Female,No,3,Not Graduate,No,2340,2546,208,360,1,Urban
LP011999,,No,2,Not Graduate,No,3076,1800,208,,0,Rural
LP012000,,No,2,Not Graduate,Yes,3276,1800,110,,0,Semiurban
LP012001,Female,No,2,Not Graduate,,3076,1500,126,180,0,Semiurban
LP012002,Male,Yes,2,Graduate,Yes,5720,1800,208,180,0,Semiurban
LP012003,Male,Yes,,Not Graduate,No,5720,2546,126,360,1,Rural
LP012004,,No,1,Not Graduate,,5720,0,126,180,,Urban
LP012005,Male,Yes,3,Not Graduate,Yes,5720,1500,126,,,Urban
LP012006,,Yes,3,Not Graduate,No,2340,0,208,180,1,Rural
LP012007,,No,1,Not Graduate,Yes,3076,0,78,180,1,Rural
LP012008,Female,Yes,0,Not Graduate,,5720,2546,126,180,,Urban
LP012009,Female,Yes,1,Graduate,Yes,3276,1500,110,,,Semiurban
LP012010,Female,Yes,2,Not Graduate,Yes,5720,1800,110,360,1,Urban
LP012011,,No,2,Graduate,No,5000,0,126,,1,Rural
LP012012,Female,No,1,Not Graduate,,5000,1500,126,180,1,Rural
LP012013,Male,Yes,1,Not Graduate,Yes,2340,0,126,240,1,Urban
LP012014,Male,Yes,3,Graduate,No,5000,0,110,240,1,Semiurban
LP012015,,Yes,3,Not Graduate,,3276,0,100,,,Rural
LP012016,,Yes,,Not Graduate,No,5720,1500,78,240,,Rural
LP012017,Female,Yes,,Graduate,,5000,0,100,,0,Rural
LP012018,,Yes,2,Graduate,No,5000,1800,110,360,0,Urban
LP012019,,No,,Graduate,No,2340,0,110,,,Urban
LP012020,Male,Yes,,Graduate,No,5000,1800,208,,,Rural
LP012021,Male,Yes,0,Not Graduate,Yes,5720,0,100,,0,Urban
LP012022,Female,No,1,Graduate,Yes,3076,0,126,180,0,Semiurban
LP012023,,Yes,3,Graduate,No,5720,1500,126,360,0,Urban
LP012024,,Yes,,Graduate,,5000,0,110,,1,Rural
LP012025,Male,Yes,3,Not Graduate,No,5000,0,208,180,0,Semiurban
LP012026,,Yes,,Graduate,Yes,5000,0,100,180,1,Urban
LP012027,Male,No,,Not Graduate,,2340,0,208,180,1,Rural
LP012028,Female,Yes,2,Not Graduate,Yes,3276,0,78,180,0,Rural
LP012029,Male,No,0,Not Graduate,No,5720,0,208,180,,Semiurban
LP012030,,Yes,1,Not Graduate,Yes,5000,0,78,360,0,Urban
LP012031,Female,Yes,1,Graduate,Yes,3076,1800,100,360,0,Urban
LP012032,Male,No,2,Graduate,Yes,2340,2546,126,240,0,Urban
LP012033,Male,Yes,2,Not Graduate,No,3276,2546,78,360,0,Urban
LP012034,Female,No,1,Graduate,Yes,5000,1800,126,240,0,Semiurban
LP012035,Female,No,1,Graduate,No,5720,0,208,240,1,Rural
LP012036,Male,No,0,Graduate,No,3076,0,208,180,0,Rural
LP012037,,Yes,,Graduate,Yes,2340,1500,100,360,,Rural
LP012038,Male,Yes,0,Not Graduate,,5720,0,126,360,,Urban
LP012039,Female,Yes,1,Graduate,Yes,5720,0,100,180,1,Urban
LP012040,Male,Yes,,Graduate,Yes,2340,1800,78,,1,Urban
LP012041,Female,No,1,Not Graduate,Yes,5720,1800,208,180,0,Urban
LP012042,Female,Yes,0,Graduate,,3076,1500,208,240,0,Rural
LP012043,,Yes,0,Graduate,,3076,0,208,360,1,Rural
LP012044,Female,No,0,Graduate,No,5720,2546,208,360,,Semiurban
LP012045,Female,No,,Not Graduate,,5000,0,208,240,0,Semiurban
LP012046,,Yes,3,Graduate,,5720,0,78,240,,Urban
LP012047,Female,No,3,Graduate,Yes,5000,0,78,240,1,Semiurban
LP012048,,No,1,Not Graduate,No,5720,1500,100,180,,Rural
LP012049,,No,,Graduate,No,3276,0,110,,,Rural
LP012050,Female,No,2,Not Graduate,,3076,1800,208,240,,Rural
LP012051,Female,No,3,Not Graduate,,5720,2546,208,240,0,Rural
LP012052,Male,Yes,,Not Graduate,Yes,3076,1500,110,180,1,Urban
LP012053,,Yes,,Graduate,,2340,1500,100,240,0,Urban
LP012054,Male,Yes,3,Graduate,,3276,0,78,240,,Semiurban
LP012055,Female,Yes,,Graduate,No,5000,0,208,360,0,Urban
LP012056,Male,Yes,,Graduate,,2340,0,100,240,0,Semiurban
LP012057,,Yes,3,Graduate,Yes,3276,0,110,,0,Rural
LP012058,Male,Yes,0,Not Graduate,No,2340,1500,78,,1,Semiurban
LP012059,,No,1,Not Graduate,No,3076,2546,78,240,1,Urban
LP012060,Female,Yes,2,Not Graduate,,3276,1800,100,180,,Urban
LP012061,Female,Yes,1,Not Graduate,Yes,2340,0,126,240,0,Rural
LP012062,,Yes,0,Graduate,No,5000,2546,126,360,,Urban
LP012063,Female,No,0,Not Graduate,Yes,3276,0,126,,0,Rural
LP012064,Female,Yes,,Not Graduate,Yes,3276,2546,110,360,,Urban
LP012065,Female,Yes,1,Graduate,,2340,0,126,180,1,Rural
LP012066,Female,No,0,Not Graduate,Yes,5720,1800,100,360,,Semiurban
LP012067,,Yes,1,Graduate,No,5000,1500,78,180,1,Semiurban
LP012068,Male,Yes,0,Graduate,,5000,0,100,,0,Rural
LP012069,Male,No,2,Graduate,No,2340,0,100,360,0,Semiurban
LP012070,Female,Yes,0,Not Graduate,Yes,3076,0,208,360,0,Urban
LP012071,Male,No,1,Not Graduate,Yes,3076,1800,110,240,,Rural
LP012072,Male,Yes,,Not Graduate,,5720,1800,78,180,,Semiurban
LP012073,Female,Yes,1,Not Graduate,,5720,1800,208,240,,Semiurban
LP012074,Female,Yes,3,Not Graduate,No,2340,0,110,180,1,Urban
LP012075,Male,No,1,Not Graduate,No,3076,0,78,240,0,Semiurban
LP012076,,No,2,Graduate,Yes,5000,1500,208,,0,Semiurban
LP012077,Female,No,2,Graduate,,3076,1800,126,360,1,Rural
LP012078,,Yes,2,Not Graduate,Yes,2340,2546,100,240,1,Urban
LP012079,Male,Yes,0,Not Graduate,Yes,3076,1500,126,360,0,Semiurban
LP012080,Female,No,2,Graduate,No,3276,2546,78,180,0,Rural
LP012081,,No,1,Graduate,No,2340,0,208,180,1,Semiurban
LP012082,Female,Yes,,Graduate,No,3276,1800,208,,1,Rural
LP012083,Male,Yes,2,Not Graduate,,2340,1500,208,,0,Urban
LP012084,,Yes,1,Not Graduate,No,5000,1500,100,360,0,Urban
LP012085,Male,Yes,0,Not Graduate,,2340,0,208,240,1,Urban
LP012086,Male,No,0,Graduate,Yes,2340,0,110,,0,Semiurban
LP012087,Female,Yes,,Not Graduate,,2340,0,110,360,1,Semiurban
LP012088,,Yes,,Not Graduate,No,2340,1500,110,240,0,Rural
LP012089,Male,Yes,1,Not Graduate,,5720,0,126,,,Urban
LP012090,Male,Yes,,Not Graduate,,3276,2546,78,360,,Urban
LP012091,,Yes,,Not Graduate,No,2340,2546,126,360,0,Rural
LP012092,Male,Yes,0,Not Graduate,No,2340,0,126,,1,Rural
LP012093,Male,Yes,1,Graduate,Yes,5720,0,100,,,Semiurban
LP012094,,No,,Not Graduate,,3076,0,126,,1,Urban
LP012095,,No,1,Graduate,Yes,5720,0,100,180,,Semiurban
LP012096,,No,2,Graduate,Yes,5720,1800,110,240,,Rural
LP012097,,Yes,0,Graduate,,5720,1500,110,,,Urban
LP012098,Female,No,0,Not Graduate,Yes,2340,1800,126,240,0,Rural
LP012099,,Yes,0,Not Graduate,,5720,0,126,360,0,Rural
LP012100,Female,Yes,3,Not Graduate,Yes,5720,0,110,240,1,Urban
LP012101,Female,Yes,1,Not Graduate,Yes,5720,1500,208,,0,Semiurban
LP012102,Female,Yes,2,Graduate,,2340,2546,110,360,1,Rural
LP012103,Male,No,,Not Graduate,No,5000,0,208,,,Rural
LP012104,Female,Yes,2,Graduate,,5000,1500,110,,0,Rural
LP012105,Female,Yes,1,Not Graduate,No,3076,1500,78,360,,Semiurban
LP012106,Male,No,0,Not Graduate,,2340,1800,100,240,1,Semiurban
LP012107,Male,No,3,Graduate,,5720,2546,100,240,0,Semiurban
LP012108,Male,No,1,Graduate,No,5720,1800,78,360,0,Urban
LP012109,,Yes,1,Graduate,No,5720,1800,208,,,Semiurban
LP012110,Male,No,,Not Graduate,,5000,1800,126,240,0,Rural
LP012111,Male,Yes,2,Graduate,,5720,1800,126,240,1,Rural
LP012112,Female,Yes,2,Graduate,,5720,0,100,,0,Urban
LP012113,Male,No,,Graduate,No,5000,2546,126,240,,Semiurban
LP012114,,No,3,Not Graduate,,5720,1800,208,240,1,Urban
LP012115,Male,No,0,Graduate,No,3076,0,126,180,0,Rural
LP012116,,Yes,0,Graduate,Yes,3276,0,110,180,,Semiurban
LP012117,Male,Yes,3,Not Graduate,No,3076,1500,78,360,,Urban
LP012118,Male,Yes,,Graduate,Yes,2340,1500,100,360,,Semiurban
LP012119,Male,Yes,1,Graduate,,3076,0,126,,,Semiurban
LP012120,Male,Yes,2,Graduate,,3076,0,208,180,,Rural
LP012121,,Yes,1,Not Graduate,No,5000,0,126,360,1,Rural
LP012122,,No,2,Graduate,Yes,2340,0,78,180,,Rural
LP012123,Female,Yes,1,Graduate,,3076,1800,110,360,,Urban
LP012124,,No,,Graduate,,3276,1800,100,240,0,Urban
LP012125,Male,No,,Graduate,Yes,3076,0,100,240,1,Urban
LP012126,Female,No,3,Graduate,,5720,1800,208,,,Semiurban
LP012127,Female,No,1,Graduate,,5000,1800,110,180,0,Semiurban
LP012128,Female,No,1,Graduate,No,5720,1500,126,180,1,Rural
LP012129,Male,Yes,3,Not Graduate,,2340,1800,126,180,1,Semiurban
LP012130,,Yes,3,Not Graduate,Yes,2340,1500,208,180,,Semiurban
LP012131,Male,Yes,,Not Graduate,,5000,2546,110,240,1,Rural
LP012132,Female,Yes,,Graduate,No,3076,0,208,240,0,Urban
LP012133,Male,No,1,Not Graduate,,2340,1500,78,180,1,Rural
LP012134,Male,No,,Graduate,Yes,3276,1500,78,,,Semiurban
LP012135,,No,,Graduate,,5000,1500,126,180,,Rural
LP012136,,Yes,1,Graduate,Yes,5720,0,78,360,0,Semiurban
LP012137,Female,Yes,3,Not Graduate,No,3276,0,208,240,1,Rural
LP012138,Male,Yes,1,Not Graduate,,5000,0,100,240,0,Semiurban
LP012139,Male,Yes,0,Graduate,,3276,1800,78,180,1,Semiurban
LP012140,,No,1,Graduate,No,5000,1500,208,360,1,Rural
LP012141,Male,No,0,Not Graduate,Yes,5720,0,100,,1,Semiurban
LP012142,Male,Yes,1,Not Graduate,Yes,3076,2546,100,240,1,Semiurban
LP012143,Male,Yes,0,Not Graduate,,5000,0,78,360,,Semiurban
LP012144,,No,0,Not Graduate,Yes,2340,0,110,360,,Rural
LP012145,Female,No,1,Not Graduate,Yes,5720,0,78,240,0,Urban
LP012146,Female,No,,Not Graduate,,5720,1500,78,240,1,Urban
LP012147,Male,No,2,Not Graduate,Yes,3276,1500,110,360,0,Rural
LP012148,Female,Yes,,Graduate,Yes,2340,1500,78,,0,Rural
LP012149,,No,0,Graduate,,3276,1800,208,360,,Urban
LP012150,,No,1,Not Graduate,,5720,0,110,240,0,Rural
LP012151,Female,No,1,Not Graduate,Yes,5000,0,208,180,0,Semiurban
LP012152,Female,No,1,Graduate,,2340,1500,100,,0,Rural
LP012153,Male,Yes,1,Not Graduate,Yes,5720,0,110,360,1,Urban
LP012154,Female,Yes,2,Graduate,Yes,2340,0,100,240,1,Semiurban
LP012155,Male,Yes,3,Graduate,Yes,5000,1800,126,360,0,Urban
LP012156,Male,Yes,0,Not Graduate,Yes,3076,2546,126,,0,Urban
LP012157,,Yes,2,Graduate,,3276,1500,208,,1,Semiurban
LP012158,,Yes,,Not Graduate,,3276,2546,100,,1,Urban
LP012159,,No,3,Not Graduate,No,5720,2546,100,,0,Urban
LP012160,,No,3,Graduate,,5720,1800,110,,0,Urban
LP012161,Female,No,1,Graduate,No,5000,0,126,240,1,Urban
LP012162,,No,2,Graduate,Yes,5720,1500,208,360,1,Rural
LP012163,Female,Yes,,Not Graduate,,5720,0,208,360,1,Urban
LP012164,,No,1,Not Graduate,Yes,5720,2546,110,180,1,Rural
LP012165,Female,Yes,1,Not Graduate,No,2340,2546,110,,0,Urban
LP012166,Male,No,0,Not Graduate,,2340,1800,208,360,1,Urban
LP012167,Female,No,3,Not Graduate,,3076,2546,110,,1,Rural
LP012168,Female,No,,Not Graduate,,2340,2546,100,360,1,Semiurban
LP012169,,Yes,3,Not Graduate,,3276,2546,208,360,,Semiurban
LP012170,Female,No,2,Graduate,Yes,3076,1800,78,240,,Semiurban
LP012171,Male,Yes,0,Not Graduate,,5720,0,126,240,1,Urban
LP012172,Male,Yes,1,Graduate,No,3276,2546,126,240,0,Semiurban
LP012173,,No,0,Graduate,,3076,1500,78,,1,Urban
LP012174,Male,Yes,1,Not Graduate,No,3076,2546,78,,1,Urban
LP012175,Female,Yes,0,Graduate,No,3276,2546,100,240,1,Semiurban
LP012176,Male,No,1,Graduate,Yes,3076,1500,208,360,1,Rural
LP012177,,No,3,Graduate,,3276,1800,110,,,Rural
LP012178,Female,No,3,Not Graduate,No,3076,0,126,,1,Rural
LP012179,,No,3,Graduate,,3076,1500,78,180,1,Rural
LP012180,Female,No,3,Not Graduate,Yes,3076,0,208,360,,Semiurban
LP012181,Male,No,0,Not Graduate,Yes,3276,0,110,360,1,Semiurban
LP012182,,Yes,1,Not Graduate,,3076,0,126,180,0,Semiurban
LP012183,,No,3,Graduate,No,2340,2546,208,180,,Semiurban
LP012184,Female,No,0,Graduate,Yes,2340,2546,126,180,1,Rural
LP012185,,Yes,1,Not Graduate,No,2340,1800,100,180,0,Urban
LP012186,Female,No,0,Not Graduate,No,2340,0,126,180,1,Semiurban
LP012187,Female,Yes,3,Not Graduate,,2340,0,100,180,1,Semiurban
LP012188,Female,No,2,Graduate,Yes,5720,0,100,,0,Rural
LP012189,Female,No,0,Graduate,,3076,2546,100,,0,Rural
LP012190,Male,Yes,3,Graduate,,5000,2546,110,,0,Semiurban
LP012191,Female,No,,Graduate,,5720,1800,110,240,1,Urban
LP012192,,Yes,1,Graduate,No,3276,2546,100,180,0,Semiurban
LP012193,Male,No,3,Graduate,,5720,2546,208,180,0,Rural
LP012194,,No,,Graduate,Yes,5000,1800,100,180,1,Rural
LP012195,Male,Yes,0,Not Graduate,No,5720,2546,208,180,1,Rural
LP012196,Female,No,0,Graduate,,3076,2546,126,,1,Rural
LP012197,Male,No,,Not Graduate,Yes,2340,2546,110,180,1,Rural
LP012198,Male,Yes,,Graduate,,3076,0,208,240,,Rural
LP012199,,No,1,Not Graduate,,5720,0,208,,1,Semiurban
LP012200,,Yes,0,Graduate,,5000,1500,208,,0,Urban
LP012201,Female,No,,Graduate,No,3276,0,78,,0,Urban
LP012202,Male,Yes,2,Graduate,,3076,0,110,240,1,Rural
LP012203,Male,No,2,Not Graduate,Yes,5000,1500,78,,0,Semiurban
LP012204,Male,Yes,,Graduate,,3276,0,126,240,0,Semiurban
LP012205,Female,Yes,1,Graduate,,2340,1800,208,360,,Rural
LP012206,Female,No,0,Not Graduate,No,3076,0,110,180,,Rural
LP012207,Female,No,2,Graduate,,3076,1800,110,240,1,Rural
LP012208,Female,Yes,,Graduate,Yes,2340,1800,110,180,,Semiurban
LP012209,Female,No,,Not Graduate,Yes,2340,0,208,180,0,Semiurban
LP012210,,Yes,3,Graduate,,5720,1500,100,,1,Urban
LP012211,Male,No,,Not Graduate,Yes,3276,2546,100,,1,Urban
LP012212,Male,No,1,Not Graduate,Yes,5000,2546,100,240,0,Urban
LP012213,Male,Yes,2,Not Graduate,,2340,0,78,240,0,Urban
LP012214,Male,Yes,3,Graduate,Yes,5720,1800,208,,0,Urban
LP012215,Male,No,2,Graduate,Yes,3276,0,126,180,0,Rural
LP012216,Male,No,2,Not Graduate,,3276,0,78,,,Semiurban
LP012217,Male,No,1,Not Graduate,No,3076,1800,110,180,0,Urban
LP012218,Male,No,,Graduate,No,5720,2546,100,360,1,Rural
LP012219,,No,1,Graduate,,5720,0,110,240,,Semiurban
LP012220,Male,Yes,,Graduate,No,3076,0,78,,1,Urban
LP012221,,No,3,Not Graduate,No,5000,0,100,180,0,Rural
LP012222,Female,No,1,Graduate,No,2340,0,208,360,0,Urban
LP012223,Male,Yes,1,Not Graduate,No,3076,1500,100,180,1,Urban
LP012224,Female,Yes,0,Not Graduate,,2340,2546,100,240,1,Semiurban
LP012225,Female,Yes,1,Graduate,No,5720,2546,100,,0,Rural
LP012226,Female,No,0,Graduate,No,3076,0,78,180,,Semiurban
LP012227,,Yes,,Not Graduate,,5000,2546,100,240,0,Urban
LP012228,Female,Yes,,Not Graduate,,2340,2546,78,,,Urban
LP012229,Female,Yes,,Graduate,No,2340,0,110,360,0,Urban
LP012230,Female,Yes,0,Not Graduate,Yes,2340,1800,208,180,,Semiurban
LP012231,Male,No,,Graduate,,5720,1800,100,,0,Urban
LP012232,Male,No,2,Graduate,,2340,1500,78,,1,Rural
LP012233,,No,1,Not Graduate,No,3276,1800,100,,1,Urban
LP012234,,Yes,0,Not Graduate,Yes,2340,2546,100,240,0,Semiurban
LP012235,Male,Yes,,Graduate,,5720,0,100,360,0,Urban
LP012236,,Yes,2,Not Graduate,,3076,1800,126,360,,Rural
LP012237,Male,Yes,1,Not Graduate,,2340,2546,208,240,,Rural
LP012238,Female,Yes,1,Graduate,Yes,2340,2546,208,180,0,Semiurban
LP012239,Female,Yes,,Not Graduate,,3076,0,78,240,,Urban
LP012240,,No,2,Graduate,,3276,0,110,360,1,Semiurban
LP012241,Male,No,0,Not Graduate,Yes,5720,1800,110,240,1,Rural
LP012242,Male,Yes,,Graduate,,3076,0,110,360,0,Semiurban
LP012243,,No,1,Not Graduate,Yes,5720,2546,100,360,1,Urban
LP012244,Male,Yes,1,Not Graduate,Yes,3076,2546,78,360,,Urban
LP012245,Female,Yes,1,Not Graduate,Yes,5000,0,100,360,0,Rural
LP012246,,No,,Not Graduate,No,3276,0,126,180,1,Rural
LP012247,,Yes,3,Not Graduate,,5000,0,78,360,0,Rural
LP012248,Male,No,3,Not Graduate,,3076,0,78,,1,Rural
LP012249,,Yes,3,Not Graduate,,3076,0,78,,1,Rural
LP012250,Male,Yes,2,Not Graduate,Yes,5720,2546,126,360,1,Urban
LP012251,Male,No,,Graduate,No,3076,2546,78,360,1,Urban
LP012252,Male,Yes,1,Not Graduate,Yes,5720,0,126,240,0,Urban
LP012253,Male,Yes,2,Not Graduate,,5720,1500,110,180,1,Semiurban
LP012254,Male,Yes,3,Not Graduate,Yes,3076,0,78,360,1,Semiurban
LP012255,,No,0,Not Graduate,No,5720,1500,100,240,1,Rural
LP012256,Female,Yes,2,Not Graduate,,3276,2546,208,360,0,Urban
LP012257,Female,Yes,2,Graduate,Yes,5000,0,126,180,1,Rural
LP012258,,Yes,,Graduate,No,3076,0,110,180,1,Urban
LP012259,,No,2,Not Graduate,Yes,5720,0,110,,1,Urban
LP012260,Female,No,,Not Graduate,Yes,5720,0,208,180,0,Urban
LP012261,Female,No,0,Not Graduate,,5720,1800,78,,1,Urban
LP012262,Female,No,1,Not Graduate,No,5720,0,100,180,1,Urban
LP012263,Female,No,1,Graduate,Yes,3276,2546,208,240,0,Urban
LP012264,Female,Yes,3,Not Graduate,No,3076,1500,78,180,,Urban
LP012265,Male,No,3,Graduate,,3076,1500,78,240,0,Semiurban
LP012266,,No,0,Not Graduate,,3276,0,126,,,Semiurban
LP012267,Male,Yes,1,Graduate,,3276,1800,100,240,,Rural
LP012268,Female,No,3,Graduate,No,3276,1500,100,,,Urban
LP012269,Female,Yes,2,Graduate,No,3076,1500,126,180,,Rural
LP012270,Female,No,,Not Graduate,Yes,2340,0,78,240,,Semiurban
LP012271,Male,Yes,3,Not Graduate,No,5000,2546,78,240,0,Urban
LP012272,Male,Yes,0,Not Graduate,,3276,2546,100,,1,Semiurban
LP012273,Female,No,1,Not Graduate,Yes,3276,0,100,180,0,Semiurban
LP012274,Male,No,0,Not Graduate,No,3076,2546,100,360,0,Rural
LP012275,Male,Yes,,Graduate,,3076,1500,100,360,1,Urban
LP012276,Female,Yes,,Graduate,,5000,0,78,240,1,Rural
LP012277,Male,Yes,0,Graduate,Yes,5720,2546,100,,0,Urban
LP012278,,Yes,3,Not Graduate,,3076,1800,78,,0,Urban
LP012279,,Yes,3,Graduate,No,5000,1800,126,,0,Urban
LP012280,,Yes,1,Not Graduate,,3076,1800,110,180,0,Semiurban
LP012281,,Yes,1,Graduate,Yes,3076,2546,126,180,1,Semiurban
LP012282,Female,No,2,Not Graduate,,3076,0,126,180,,Rural
LP012283,Female,Yes,2,Graduate,,2340,2546,208,360,0,Rural
LP012284,Female,No,1,Not Graduate,No,2340,1500,126,240,,Rural
LP012285,,No,2,Graduate,No,3276,2546,208,180,,Semiurban
LP012286,,Yes,0,Graduate,No,2340,1800,208,240,0,Semiurban
LP012287,Male,Yes,3,Graduate,No,5000,1800,208,,0,Urban
LP012288,Male,No,2,Not Graduate,,3076,0,126,180,1,Urban
LP012289,,Yes,2,Graduate,No,2340,0,110,180,,Rural
LP012290,,Yes,0,Graduate,,3076,1800,208,180,0,Urban
LP012291,,No,,Graduate,No,5720,1800,100,240,0,Urban
LP012292,,No,1,Not Graduate,No,3276,0,100,360,1,Semiurban
LP012293,Male,No,0,Graduate,No,2340,2546,78,360,0,Semiurban
LP012294,,Yes,,Not Graduate,,3076,1800,100,,,Semiurban
LP012295,Male,Yes,0,Graduate,No,5720,0,100,240,0,Rural
LP012296,,No,3,Graduate,,3276,2546,208,180,0,Semiurban
LP012297,,Yes,0,Not Graduate,No,3276,2546,126,360,1,Rural
LP012298,,No,0,Not Graduate,No,5720,1800,100,,,Urban
LP012299,Male,Yes,3,Graduate,Yes,2340,2546,126,360,,Urban
LP012300,Male,No,1,Not Graduate,No,2340,2546,110,240,,Urban
LP012301,Female,Yes,,Not Graduate,,3076,0,100,,0,Urban
LP012302,,No,2,Not Graduate,Yes,5000,2546,110,240,0,Semiurban
LP012303,Female,Yes,1,Graduate,,3076,1800,110,,0,Urban
LP012304,Female,Yes,0,Graduate,,3076,1800,78,240,,Semiurban
LP012305,Male,No,2,Graduate,Yes,3076,0,126,180,,Urban
LP012306,Male,Yes,3,Not Graduate,No,5720,1500,126,180,,Urban
LP012307,Female,Yes,1,Not Graduate,Yes,3276,0,78,240,,Semiurban
LP012308,,No,,Not Graduate,,3276,0,208,240,0,Rural
LP012309,Male,Yes,1,Not Graduate,No,5000,0,78,360,1,Semiurban
LP012310,,Yes,1,Graduate,Yes,2340,1800,78,360,,Rural
LP012311,,Yes,2,Not Graduate,,3076,1500,78,,1,Semiurban
LP012312,Female,No,3,Graduate,No,5720,0,110,240,,Rural
LP012313,Female,No,3,Not Graduate,,5720,1500,126,240,1,Rural
LP012314,Female,No,1,Graduate,No,3076,1800,208,240,1,Semiurban
LP012315,Female,No,3,Graduate,No,5720,2546,100,360,1,Rural
LP012316,Male,No,2,Not Graduate,Yes,5720,1800,100,360,0,Semiurban
LP012317,Male,Yes,2,Not Graduate,No,3076,1800,100,180,1,Rural
LP012318,Female,Yes,,Not Graduate,,5000,1500,208,,0,Urban
LP012319,Male,No,3,Graduate,No,5720,0,100,360,1,Urban
LP012320,Female,Yes,,Not Graduate,,3276,2546,208,,0,Urban
LP012321,,Yes,0,Graduate,No,3276,2546,100,,,Semiurban
LP012322,,Yes,2,Not Graduate,No,3276,0,100,360,,Rural
LP012323,,Yes,1,Graduate,Yes,3076,1500,208,240,1,Urban
LP012324,Female,No,2,Not Graduate,No,3276,1500,126,240,0,Semiurban
LP012325,,No,0,Graduate,No,2340,0,208,180,,Semiurban
LP012326,Male,Yes,1,Graduate,,5720,0,208,240,0,Rural
LP012327,,Yes,3,Graduate,,5000,1500,78,240,0,Semiurban
LP012328,,No,3,Not Graduate,,3276,0,110,360,,Semiurban
LP012329,,Yes,2,Graduate,No,3076,0,110,,0,Rural
LP012330,Male,Yes,1,Not Graduate,,5000,1800,126,240,0,Urban
LP012331,Female,Yes,1,Graduate,,3076,2546,126,360,0,Rural
LP012332,Male,No,,Not Graduate,No,5000,0,126,,,Urban
LP012333,Female,No,0,Not Graduate,,5000,1500,110,360,0,Urban
LP012334,Female,Yes,3,Graduate,Yes,5720,2546,126,240,,Urban
LP012335,,Yes,2,Graduate,Yes,5000,0,126,240,0,Urban
LP012336,Female,Yes,1,Not Graduate,,2340,2546,208,360,0,Semiurban
LP012337,Male,Yes,3,Graduate,,2340,0,208,180,,Urban
LP012338,Male,Yes,2,Not Graduate,,2340,1800,110,,,Semiurban
LP012339,Female,Yes,3,Not Graduate,No,3076,0,208,,0,Rural
LP012340,,No,2,Not Graduate,Yes,5720,0,126,240,0,Urban
LP012341,,No,3,Not Graduate,Yes,3076,0,208,360,1,Urban
LP012342,Male,Yes,,Not Graduate,,3276,2546,78,360,0,Urban
LP012343,,No,0,Not Graduate,,2340,1800,208,240,,Urban
LP012344,Female,Yes,3,Not Graduate,No,5720,0,110,360,0,Urban
LP012345,Female,Yes,0,Not Graduate,No,2340,0,126,240,1,Rural
LP012346,Male,No,3,Not Graduate,Yes,5720,2546,126,180,0,Urban
LP012347,Female,No,1,Graduate,No,3076,0,110,,1,Rural
LP012348,Male,Yes,,Not Graduate,Yes,3076,0,208,180,,Rural
LP012349,Female,Yes,,Not Graduate,,2340,1800,126,360,,Rural
LP012350,Male,No,0,Not Graduate,,5000,2546,126,,0,Semiurban
LP012351,,No,1,Graduate,Yes,5720,2546,78,240,1,Semiurban
LP012352,Female,Yes,2,Graduate,,3276,0,110,240,,Urban
LP012353,Female,Yes,,Graduate,No,5000,0,208,,0,Rural
LP012354,Male,Yes,1,Graduate,,3076,1500,208,180,,Rural
LP012355,Male,No,1,Graduate,,5720,1800,126,180,0,Urban
LP012356,Female,Yes,0,Graduate,Yes,5000,1800,100,240,1,Urban
LP012357,Male,No,1,Not Graduate,No,3276,1500,78,360,0,Rural
LP012358,Female,Yes,1,Graduate,No,5000,0,78,240,,Semiurban
LP012359,,No,2,Graduate,,3276,1500,78,360,0,Rural
LP012360,Male,No,0,Graduate,,3076,1500,126,360,,Urban
LP012361,Female,No,0,Graduate,No,5720,0,110,,1,Rural
LP012362,,No,1,Graduate,No,3076,1500,110,,,Urban
LP012363,,Yes,2,Not Graduate,Yes,5720,0,78,240,,Semiurban
LP012364,Female,No,3,Not Graduate,,5000,0,100,,1,Rural
LP012365,Male,No,,Graduate,,3076,0,100,240,1,Urban
LP012366,Female,No,0,Not Graduate,No,5720,2546,208,,0,Rural
LP012367,,Yes,2,Graduate,Yes,3276,2546,100,180,1,Semiurban
LP012368,Female,Yes,2,Not Graduate,No,5720,1500,78,180,,Rural
LP012369,Male,Yes,1,Not Graduate,,3076,2546,208,180,0,Urban
LP012370,,Yes,,Graduate,,3076,0,78,,1,Urban
LP012371,Female,Yes,0,Graduate,,5000,0,110,360,,Rural
LP012372,Male,Yes,3,Graduate,,3276,0,78,,1,Rural
LP012373,,No,1,Not Graduate,Yes,5720,1800,208,180,,Urban
LP012374,Male,No,0,Not Graduate,,3076,1500,78,240,1,Urban
LP012375,,No,0,Graduate,No,5720,0,126,360,0,Rural
LP012376,Female,Yes,2,Graduate,Yes,2340,1500,208,180,0,Semiurban
LP012377,Male,No,,Not Graduate,Yes,3276,1800,100,,0,Urban
LP012378,,No,3,Graduate,,3276,2546,110,240,,Semiurban
LP012379,Male,Yes,,Not Graduate,Yes,2340,1800,100,,0,Semiurban
LP012380,Male,No,2,Not Graduate,,3276,2546,78,240,0,Semiurban
LP012381,Female,Yes,3,Graduate,Yes,2340,1500,100,180,0,Urban
LP012382,Male,No,3,Not Graduate,Yes,5720,1500,208,240,,Semiurban
LP012383,,Yes,1,Not Graduate,No,2340,1500,126,240,0,Rural
LP012384,,Yes,3,Not Graduate,No,5000,0,100,240,0,Rural
LP012385,,Yes,0,Not Graduate,No,2340,0,78,180,1,Rural
LP012386,,No,,Graduate,Yes,5720,0,100,240,,Urban
LP012387,Female,No,,Not Graduate,No,3276,1800,100,,0,Semiurban
LP012388,Male,Yes,1,Graduate,No,5000,0,208,360,0,Rural
LP012389,Female,Yes,3,Not Graduate,No,2340,1500,78,,0,Semiurban
LP012390,Male,No,2,Graduate,Yes,5720,1500,78,240,1,Urban
LP012391,Male,No,0,Not Graduate,,5000,1500,126,240,1,Rural
LP012392,Male,Yes,1,Not Graduate,No,5000,2546,208,180,1,Urban
LP012393,Female,No,3,Graduate,Yes,5000,1800,208,,0,Semiurban
LP012394,Male,No,2,Not Graduate,Yes,2340,0,110,240,,Semiurban
LP012395,Female,No,3,Graduate,,5720,1800,126,180,,Urban
LP012396,,Yes,1,Not Graduate,No,5720,2546,126,180,1,Semiurban
LP012397,,Yes,2,Graduate,Yes,5720,2546,78,180,0,Semiurban
LP012398,Male,No,2,Graduate,Yes,3076,1800,78,180,,Semiurban
LP012399,Female,Yes,2,Not Graduate,Yes,3276,2546,126,240,0,Semiurban
LP012400,,No,2,Not Graduate,,5720,0,208,240,1,Urban
LP012401,Female,No,3,Not Graduate,No,3076,1500,110,180,1,Urban
LP012402,Female,Yes,2,Not Graduate,Yes,3076,0,78,180,0,Semiurban
LP012403,Male,Yes,3,Not Graduate,Yes,5000,2546,110,,,Semiurban
LP012404,,Yes,2,Not Graduate,Yes,3276,0,126,180,,Urban
LP012405,Male,No,2,Not Graduate,Yes,5000,1500,208,180,1,Rural
LP012406,Male,No,1,Not Graduate,No,3276,1800,110,240,0,Rural
LP012407,,Yes,3,Not Graduate,No,5000,1500,100,360,1,Semiurban
LP012408,,Yes,3,Graduate,Yes,2340,0,126,,,Semiurban
LP012409,Female,Yes,,Graduate,Yes,3276,0,208,240,0,Rural
LP012410,,No,1,Graduate,Yes,3076,1800,126,180,0,Rural
LP012411,Female,No,3,Not Graduate,,3076,2546,126,180,1,Urban
LP012412,Female,No,1,Graduate,,3276,0,110,180,0,Semiurban
LP012413,Female,Yes,1,Not Graduate,,5000,1500,110,,0,Urban
LP012414,,Yes,1,Not Graduate,Yes,2340,0,100,180,0,Semiurban
LP012415,Male,No,0,Not Graduate,,2340,0,78,360,0,Semiurban
LP012416,Female,Yes,3,Not Graduate,No,5720,0,100,,1,Urban
LP012417,Male,Yes,1,Graduate,,3276,1500,208,,0,Semiurban
LP012418,Male,Yes,0,Graduate,Yes,2340,1800,208,180,,Rural
LP012419,,Yes,0,Graduate,No,5000,2546,126,,1,Rural
LP012420,Male,No,2,Not Graduate,Yes,5000,0,110,,0,Urban
LP012421,Male,Yes,2,Not Graduate,No,3076,1500,126,360,1,Rural
LP012422,,No,3,Graduate,,2340,0,78,240,,Semiurban
LP012423,Female,No,2,Not Graduate,,2340,2546,126,360,0,Urban
LP012424,Male,Yes,3,Graduate,No,5000,0,208,240,0,Rural
LP012425,,No,0,Graduate,No,3076,1500,208,360,1,Urban
LP012426,Male,No,0,Graduate,Yes,2340,0,100,180,1,Urban
LP012427,Male,Yes,3,Not Graduate,No,5000,1500,126,360,1,Semiurban
LP012428,Female,No,2,Graduate,Yes,3076,0,110,,1,Semiurban
LP012429,Male,No,2,Not Graduate,No,3076,1500,78,,1,Urban
LP012430,,No,3,Graduate,No,5000,0,78,,0,Rural
LP012431,Male,No,,Not Graduate,,3076,2546,110,180,1,Rural
LP012432,Female,No,2,Not Graduate,,3076,2546,78,360,1,Urban
LP012433,Female,No,1,Graduate,Yes,5720,0,110,240,1,Urban
LP012434,,No,2,Not Graduate,Yes,3076,0,110,360,,Rural
LP012435,Female,No,,Not Graduate,Yes,2340,1500,100,360,0,Semiurban
LP012436,Male,Yes,0,Not Graduate,No,3076,1500,126,240,1,Urban
LP012437,Female,Yes,0,Graduate,No,2340,1500,208,360,0,Semiurban
LP012438,,Yes,0,Not Graduate,Yes,5000,1800,208,,0,Semiurban
LP012439,Female,No,2,Graduate,No,3076,0,126,240,1,Semiurban
LP012440,Female,No,0,Graduate,,5000,0,78,360,,Urban
LP012441,Female,No,,Not Graduate,No,3276,0,110,240,,Rural
LP012442,,Yes,,Graduate,,3076,0,208,240,0,Semiurban
LP012443,Female,Yes,2,Graduate,Yes,5000,1500,100,180,1,Semiurban
LP012444,Female,Yes,1,Graduate,No,3276,1500,78,240,0,Rural
LP012445,Male,No,2,Graduate,Yes,2340,1800,100,240,0,Rural
LP012446,,Yes,0,Graduate,,2340,1500,208,180,1,Semiurban
LP012447,Female,Yes,2,Not Graduate,Yes,2340,0,126,180,,Semiurban
LP012448,,No,,Not Graduate,,2340,0,126,,0,Urban
LP012449,Female,Yes,2,Graduate,,2340,0,100,,0,Urban
LP012450,Female,No,2,Graduate,Yes,5720,1500,78,240,0,Rural
LP012451,Female,Yes,1,Not Graduate,,5000,0,208,180,0,Semiurban
LP012452,Male,No,,Not Graduate,Yes,3276,0,110,240,0,Rural
LP012453,Male,No,3,Not Graduate,Yes,3276,1500,126,240,1,Rural
LP012454,Male,No,3,Graduate,Yes,3076,0,100,360,,Urban
LP012455,,No,,Graduate,,5000,0,208,240,1,Rural
LP012456,,No,3,Not Graduate,,5720,0,78,180,1,Urban
LP012457,Male,Yes,0,Graduate,No,5720,2546,110,360,1,Urban
LP012458,,No,3,Not Graduate,Yes,5000,2546,110,360,,Rural
LP012459,Female,No,0,Not Graduate,Yes,2340,1500,126,180,1,Urban
LP012460,Female,No,,Graduate,Yes,2340,1500,110,,,Semiurban
LP012461,Female,No,3,Not Graduate,Yes,5000,1500,208,180,0,Semiurban
LP012462,Male,Yes,3,Not Graduate,Yes,3276,1500,126,360,0,Urban
LP012463,,No,0,Not Graduate,Yes,2340,1500,126,180,1,Semiurban
LP012464,Male,Yes,0,Not Graduate,Yes,3076,1500,126,180,0,Rural
LP012465,,No,2,Not Graduate,No,5720,1500,208,,0,Urban
LP012466,Female,No,1,Graduate,No,2340,0,100,240,0,Semiurban
LP012467,Male,Yes,3,Not Graduate,Yes,3276,0,110,180,1,Urban
LP012468,,Yes,1,Graduate,Yes,2340,0,110,240,1,Rural
LP012469,,Yes,1,Graduate,No,2340,0,100,180,,Urban
LP012470,Female,No,3,Not Graduate,No,5720,1800,126,180,0,Semiurban
LP012471,Male,Yes,0,Not Graduate,Yes,3076,0,78,,1,Rural
LP012472,Male,No,2,Not Graduate,Yes,3076,1500,208,180,0,Rural
LP012473,Male,Yes,,Graduate,No,3276,1800,126,,1,Rural
LP012474,Female,Yes,3,Graduate,No,5000,0,126,180,,Rural
LP012475,Male,No,3,Graduate,Yes,5000,0,126,360,,Rural
LP012476,Female,Yes,,Not Graduate,No,5000,2546,110,360,1,Rural
LP012477,Female,Yes,1,Not Graduate,Yes,3276,1500,110,,0,Rural
LP012478,Female,No,2,Not Graduate,,2340,1500,78,180,,Semiurban
LP012479,,No,1,Not Graduate,Yes,3076,2546,208,360,1,Urban
LP012480,Male,No,,Not Graduate,Yes,3076,0,126,180,,Urban
LP012481,Male,Yes,,Graduate,Yes,2340,2546,110,,1,Urban
LP012482,Female,Yes,2,Graduate,No,3076,1500,100,180,,Rural
LP012483,Female,Yes,,Graduate,Yes,3076,0,110,240,1,Urban
LP012484,Male,Yes,,Not Graduate,Yes,5000,2546,126,,,Urban
LP012485,Female,Yes,2,Not Graduate,No,5000,1800,126,,,Urban
LP012486,Male,No,3,Graduate,,5720,0,110,240,1,Rural
LP012487,,Yes,1,Not Graduate,,5720,0,100,180,,Rural
LP012488,Female,No,3,Graduate,No,3076,0,100,360,1,Urban
LP012489,Male,Yes,3,Not Graduate,Yes,5000,0,126,,,Semiurban
LP012490,Female,No,1,Not Graduate,,5720,0,110,,,Semiurban
LP012491,Male,Yes,3,Not Graduate,,5720,1500,208,360,1,Urban
LP012492,Male,Yes,2,Not Graduate,No,5000,0,208,180,,Urban
LP012493,Female,No,1,Graduate,,5720,0,126,360,,Semiurban
LP012494,,Yes,0,Not Graduate,,2340,2546,100,180,1,Urban
LP012495,Male,No,3,Graduate,No,2340,0,208,240,0,Urban
LP012496,Male,Yes,,Graduate,,5000,0,110,360,1,Rural
LP012497,Male,Yes,1,Graduate,Yes,5000,0,78,,0,Rural
LP012498,,No,0,Graduate,No,5720,0,78,360,,Semiurban
LP012499,,Yes,,Graduate,Yes,3076,0,100,,0,Urban
LP012500,Female,No,0,Not Graduate,Yes,3276,1800,78,240,0,Rural
LP012501,,Yes,3,Graduate,No,2340,2546,110,180,1,Urban
LP012502,Female,Yes,,Graduate,,2340,0,126,,0,Rural
LP012503,Female,Yes,3,Graduate,No,5000,0,126,360,0,Semiurban
LP012504,,Yes,,Graduate,,3076,0,110,240,,Urban
LP012505,Female,Yes,1,Graduate,Yes,5000,1800,126,,1,Semiurban
LP012506,,Yes,2,Not Graduate,,5720,1800,110,360,1,Rural
LP012507,Female,Yes,2,Graduate,Yes,3076,0,110,240,0,Rural
LP012508,,No,0,Not Graduate,Yes,5720,2546,78,360,,Rural
LP012509,,Yes,,Graduate,Yes,2340,1500,78,180,1,Rural
LP012510,Female,Yes,3,Not Graduate,No,5000,0,100,,,Urban
LP012511,Male,Yes,1,Not Graduate,,5000,1800,78,360,0,Rural
LP012512,Female,No,1,Not Graduate,,3276,2546,126,240,0,Urban
LP012513,,No,1,Not Graduate,,3076,0,78,180,1,Semiurban
LP012514,Male,Yes,2,Not Graduate,Yes,2340,2546,110,360,0,Rural
LP012515,Female,Yes,3,Not Graduate,No,3276,2546,78,,,Urban
LP012516,Female,Yes,1,Not Graduate,,3276,0,126,240,,Urban
LP012517,Female,No,1,Graduate,,5000,2546,100,240,0,Urban
LP012518,Male,Yes,0,Not Graduate,No,3076,0,208,180,0,Rural
LP012519,,No,,Graduate,,5000,0,110,360,,Urban
LP012520,Female,Yes,,Graduate,No,3076,1800,126,180,0,Semiurban
LP012521,Female,No,,Graduate,No,3276,0,126,240,0,Semiurban
LP012522,Female,No,0,Not Graduate,,5720,0,208,,0,Semiurban
LP012523,Female,Yes,2,Graduate,No,2340,0,100,240,,Semiurban
LP012524,Female,Yes,0,Not Graduate,No,3276,1500,110,360,0,Semiurban
LP012525,,Yes,1,Not Graduate,,5000,0,100,240,,Urban
LP012526,,Yes,3,Not Graduate,Yes,2340,2546,208,,1,Rural
LP012527,Female,Yes,1,Graduate,,3276,0,110,,0,Semiurban
LP012528,Male,Yes,1,Graduate,,3076,0,78,180,0,Rural
LP012529,,Yes,3,Not Graduate,Yes,5000,1500,100,240,0,Rural
LP012530,Male,No,,Not Graduate,No,3276,2546,78,360,1,Urban
LP012531,,Yes,0,Not Graduate,,3076,1500,110,,0,Rural
LP012532,Female,Yes,2,Not Graduate,Yes,3076,1500,208,,,Semiurban
LP012533,,No,1,Graduate,Yes,3076,1500,78,360,0,Rural
LP012534,Female,Yes,1,Graduate,,2340,0,78,240,,Urban
LP012535,,Yes,2,Graduate,,5000,1500,126,,,Rural
LP012536,Female,Yes,0,Graduate,Yes,3076,1800,110,180,,Rural
LP012537,Female,Yes,1,Graduate,,3276,2546,208,,,Rural
LP012538,Female,No,2,Not Graduate,Yes,3076,2546,126,360,,Semiurban
LP012539,Female,No,1,Not Graduate,,5000,1500,100,240,0,Semiurban
LP012540,Male,Yes,,Graduate,Yes,2340,0,208,,0,Rural
LP012541,Female,Yes,,Not Graduate,,3076,0,126,,0,Rural
LP012542,Male,No,1,Graduate,,3276,0,100,240,,Urban
LP012543,Male,Yes,1,Not Graduate,,5000,0,208,240,1,Rural
LP012544,Female,No,,Not Graduate,No,3076,1500,126,180,0,Urban
LP012545,Male,No,1,Not Graduate,,2340,1500,208,,0,Urban
LP012546,,No,0,Graduate,Yes,5720,1800,78,180,0,Rural
LP012547,Female,Yes,0,Graduate,Yes,3276,0,126,180,,Semiurban
LP012548,Male,Yes,3,Graduate,No,3076,0,78,360,0,Urban
LP012549,Female,Yes,0,Not Graduate,No,3076,2546,126,,,Semiurban
LP012550,Female,No,1,Not Graduate,No,5720,1500,78,240,0,Semiurban
LP012551,Female,Yes,1,Not Graduate,,5000,0,110,180,0,Semiurban
LP012552,Male,Yes,2,Not Graduate,,5720,1500,78,360,,Urban
LP012553,,No,0,Not Graduate,Yes,5000,1500,110,360,,Urban
LP012554,,Yes,,Graduate,Yes,3076,1800,208,,0,Rural
LP012555,Male,Yes,,Graduate,,5720,0,100,360,,Urban
LP012556,Female,Yes,3,Not Graduate,Yes,3076,1800,100,360,,Rural
LP012557,Male,No,2,Graduate,,5720,1800,100,,,Urban
LP012558,Male,Yes,,Not Graduate,No,3076,1800,110,180,1,Semiurban
LP012559,Male,No,3,Not Graduate,,3076,1800,100,360,,Urban
LP012560,Female,No,0,Graduate,,3076,1500,100,180,,Semiurban
LP012561,Male,No,2,Not Graduate,,2340,2546,78,180,1,Urban
LP012562,Female,Yes,2,Graduate,Yes,5720,1500,100,180,,Semiurban
LP012563,Male,Yes,1,Graduate,,2340,1800,110,240,1,Rural
LP012564,,Yes,0,Graduate,,3076,1800,78,,0,Semiurban
LP012565,Male,No,2,Not Graduate,,3276,2546,110,,0,Semiurban
LP012566,Male,No,3,Graduate,No,5000,0,126,180,0,Urban
LP012567,,Yes,,Not Graduate,,5720,0,100,360,,Rural
LP012568,Female,No,0,Not Graduate,,5720,1800,110,240,1,Urban
LP012569,Female,Yes,0,Not Graduate,,5000,1800,110,240,0,Semiurban
LP012570,Male,Yes,2,Not Graduate,Yes,2340,1500,78,,,Semiurban
LP012571,,Yes,2,Not Graduate,No,5000,1800,126,240,0,Semiurban
LP012572,Female,Yes,2,Not Graduate,No,3276,1800,126,180,0,Semiurban
LP012573,Male,Yes,3,Not Graduate,,3076,0,100,180,0,Urban
LP012574,,Yes,1,Not Graduate,,5000,1500,208,,,Urban
LP012575,Female,Yes,2,Graduate,Yes,5000,0,208,,1,Urban
LP012576,Female,No,1,Graduate,,3076,1800,78,240,1,Rural
LP012577,,Yes,1,Not Graduate,Yes,5720,1800,100,360,1,Semiurban
LP012578,,No,0,Not Graduate,,3276,0,78,240,1,Rural
LP012579,,No,,Graduate,Yes,5000,2546,100,,,Semiurban
LP012580,,Yes,,Graduate,No,5000,0,126,180,,Urban
LP012581,Male,No,3,Graduate,,5720,0,208,180,,Semiurban
LP012582,,No,3,Graduate,Yes,3276,1500,110,360,0,Semiurban
LP012583,Female,No,,Graduate,Yes,3076,0,208,360,1,Rural
LP012584,Female,Yes,,Graduate,,3076,1500,100,240,,Urban
LP012585,Male,Yes,0,Not Graduate,Yes,2340,0,208,180,0,Semiurban
LP012586,Female,Yes,0,Graduate,,3276,1800,110,240,0,Urban
LP012587,Female,Yes,,Graduate,,3276,1800,126,360,0,Rural
LP012588,,Yes,2,Graduate,Yes,5000,2546,126,,1,Semiurban
LP012589,Female,No,2,Graduate,Yes,2340,0,100,240,,Semiurban
LP012590,Male,No,0,Not Graduate,Yes,3076,0,208,240,0,Semiurban
LP012591,,Yes,1,Not Graduate,No,3276,0,100,180,,Semiurban
LP012592,,No,,Not Graduate,,3276,0,208,180,0,Urban
LP012593,Male,No,3,Not Graduate,,5720,0,78,180,0,Rural
LP012594,,No,2,Not Graduate,No,3076,1500,100,240,,Rural
LP012595,,No,1,Not Graduate,No,5720,1800,208,180,0,Semiurban
LP012596,Male,Yes,2,Not Graduate,Yes,2340,0,78,180,0,Rural
LP012597,,Yes,1,Not Graduate,,3276,0,100,360,0,Rural
LP012598,Male,Yes,,Graduate,No,2340,0,126,180,1,Urban
LP012599,Male,No,,Graduate,No,5720,1800,78,,0,Urban
LP012600,Female,No,,Not Graduate,,3076,2546,100,360,1,Urban
LP012601,Female,Yes,0,Not Graduate,,3276,0,110,240,1,Urban
LP012602,,Yes,1,Not Graduate,,3076,1800,126,240,,Semiurban
LP012603,,No,3,Graduate,Yes,2340,1800,78,180,1,Urban
LP012604,Male,Yes,3,Not Graduate,No,5000,0,208,,0,Semiurban
LP012605,,Yes,,Not Graduate,Yes,3076,1500,110,360,1,Rural
LP012606,Male,No,3,Not Graduate,,3076,1500,208,180,,Rural
LP012607,Male,No,2,Not Graduate,,3076,0,110,360,,Urban
LP012608,,Yes,1,Graduate,No,3276,0,100,180,0,Semiurban
LP012609,Male,No,1,Not Graduate,Yes,2340,1800,100,360,1,Semiurban
LP012610,Female,Yes,1,Graduate,Yes,2340,0,208,360,1,Semiurban
LP012611,,No,2,Graduate,Yes,3276,1500,208,240,,Rural
LP012612,Female,No,0,Not Graduate,,3076,1800,208,360,,Urban
LP012613,,Yes,2,Graduate,No,3076,1500,78,,,Rural
LP012614,Male,No,1,Not Graduate,Yes,5000,0,126,240,,Semiurban
LP012615,,Yes,1,Graduate,,3076,1500,208,180,,Rural
LP012616,Female,No,1,Not Graduate,,5720,2546,100,180,1,Urban
LP012617,Male,Yes,3,Graduate,Yes,3076,0,100,360,1,Urban
LP012618,,No,0,Graduate,No,5000,1500,208,240,1,Urban
LP012619,,No,2,Not Graduate,No,5720,0,208,240,0,Semiurban
LP012620,,Yes,1,Graduate,Yes,5000,0,100,180,0,Rural
LP012621,Female,No,,Not Graduate,,5000,2546,78,,0,Semiurban
LP012622,Female,Yes,0,Not Graduate,,2340,0,110,,1,Urban
LP012623,,No,,Graduate,Yes,3276,2546,100,240,1,Semiurban
LP012624,Male,No,0,Not Graduate,,5000,1800,110,240,0,Urban
LP012625,Male,Yes,1,Not Graduate,,3076,1500,208,180,1,Rural
LP012626,Female,No,0,Not Graduate,Yes,2340,0,126,240,,Urban
LP012627,Male,No,0,Not Graduate,,5720,0,208,180,0,Rural
LP012628,Female,Yes,1,Graduate,Yes,3276,1500,208,,1,Rural
LP012629,,No,,Graduate,Yes,2340,2546,208,240,,Urban
LP012630,Female,Yes,,Graduate,Yes,5000,1500,100,,0,Rural
LP012631,Female,Yes,3,Not Graduate,,2340,1500,100,,1,Rural
LP012632,,Yes,,Graduate,Yes,3076,0,126,360,1,Urban
LP012633,Male,No,,Graduate,,3076,0,110,180,,Urban
LP012634,Female,No,0,Graduate,Yes,3076,1800,110,180,0,Urban
LP012635,Female,Yes,3,Not Graduate,No,3276,0,110,180,1,Semiurban
LP012636,,No,1,Graduate,,2340,2546,208,360,,Urban
LP012637,Male,Yes,1,Not Graduate,,2340,0,126,180,1,Urban
LP012638,Female,No,2,Graduate,,5000,0,208,360,1,Rural
LP012639,,Yes,3,Graduate,No,5720,2546,126,240,0,Rural
LP012640,Female,Yes,0,Not Graduate,Yes,3076,0,78,360,0,Rural
LP012641,,No,2,Graduate,No,5720,1800,100,,1,Semiurban
LP012642,Male,Yes,2,Not Graduate,Yes,5720,1500,208,180,1,Semiurban
LP012643,Male,Yes,1,Not Graduate,Yes,3076,1800,78,360,0,Urban
LP012644,Male,No,,Graduate,Yes,3076,1500,110,360,1,Rural
LP012645,Male,Yes,0,Not Graduate,Yes,5000,1500,78,360,1,Rural
LP012646,Female,Yes,3,Not Graduate,Yes,3276,0,100,360,1,Rural
LP012647,Female,No,2,Not Graduate,No,3076,1500,100,240,,Semiurban
LP012648,Male,Yes,0,Not Graduate,,5720,2546,100,240,,Urban
LP012649,Male,Yes,1,Graduate,No,5000,1800,78,240,0,Semiurban
LP012650,Male,Yes,2,Not Graduate,,2340,1500,110,180,1,Rural
LP012651,Female,Yes,2,Not Graduate,,5000,0,208,360,1,Semiurban
LP012652,Male,Yes,1,Graduate,,3076,0,110,240,,Urban
LP012653,Male,Yes,1,Graduate,No,3076,0,126,180,0,Urban
LP012654,Male,Yes,1,Graduate,Yes,3276,0,126,,0,Rural
LP012655,,Yes,0,Not Graduate,Yes,5000,1800,208,,1,Semiurban
LP012656,Male,No,0,Not Graduate,,3076,0,100,180,1,Rural
LP012657,,Yes,0,Not Graduate,Yes,5720,2546,208,360,,Rural
LP012658,,Yes,,Not Graduate,Yes,5720,0,78,360,,Urban
LP012659,Male,No,2,Graduate,No,5000,0,100,,0,Rural
LP012660,,Yes,0,Graduate,Yes,3276,1800,208,360,,Rural
LP012661,Male,Yes,,Not Graduate,Yes,5000,1500,208,360,,Urban
LP012662,Female,Yes,2,Not Graduate,No,3276,1800,78,360,0,Semiurban
LP012663,Female,Yes,0,Not Graduate,Yes,5720,1500,78,360,0,Semiurban
LP012664,Female,Yes,1,Not Graduate,,3076,1500,110,240,0,Semiurban
LP012665,Female,Yes,3,Graduate,No,2340,0,126,240,1,Urban
LP012666,,No,0,Graduate,Yes,3076,2546,208,360,1,Rural
LP012667,Male,No,3,Graduate,Yes,5720,2546,110,180,,Semiurban
LP012668,Male,No,0,Graduate,No,5720,0,100,240,,Urban
LP012669,Male,No,1,Not Graduate,,3076,0,100,360,,Semiurban
LP012670,Female,No,3,Graduate,No,3076,1500,126,240,1,Semiurban
LP012671,Female,Yes,,Not Graduate,,5720,2546,100,180,1,Semiurban
LP012672,Male,Yes,1,Graduate,No,3076,1800,126,180,0,Rural
LP012673,Female,Yes,3,Graduate,Yes,2340,0,100,240,0,Urban
LP012674,Male,Yes,3,Not Graduate,No,2340,0,100,360,1,Semiurban
LP012675,Male,Yes,1,Graduate,No,5000,0,208,360,1,Semiurban
LP012676,Male,No,1,Graduate,,2340,2546,78,,1,Urban
LP012677,Male,No,1,Graduate,No,5720,0,208,360,,Urban
LP012678,Male,Yes,2,Graduate,,5720,2546,110,180,0,Urban
LP012679,Male,Yes,,Not Graduate,No,5000,1500,78,180,,Urban
LP012680,Male,Yes,0,Graduate,Yes,3276,0,208,180,0,Urban
LP012681,Female,No,3,Graduate,No,5000,1500,78,,1,Rural
LP012682,Male,No,0,Graduate,Yes,3276,1800,78,,,Urban
LP012683,Male,Yes,1,Not Graduate,,3276,1500,78,,0,Semiurban
LP012684,Female,No,,Not Graduate,,3076,0,100,180,,Rural
LP012685,Female,Yes,,Graduate,,2340,1800,78,240,1,Semiurban
LP012686,Female,No,2,Graduate,,3276,2546,100,360,0,Rural
LP012687,Male,No,1,Graduate,No,3076,1800,78,360,1,Urban
LP012688,,Yes,3,Not Graduate,No,5000,0,100,240,0,Rural
LP012689,,No,2,Graduate,No,5000,0,78,240,,Semiurban
LP012690,Female,No,1,Graduate,Yes,3276,1800,110,360,0,Rural
LP012691,,Yes,2,Not Graduate,No,3076,2546,208,360,,Rural
LP012692,Female,No,0,Not Graduate,Yes,5720,1800,78,,1,Urban
LP012693,Male,Yes,1,Not Graduate,Yes,2340,1500,110,,1,Semiurban
LP012694,,No,3,Graduate,No,3276,0,208,240,0,Rural
LP012695,Male,Yes,3,Graduate,Yes,5720,0,126,240,1,Semiurban
LP012696,,Yes,1,Graduate,,2340,0,78,180,0,Rural
LP012697,Male,No,2,Not Graduate,No,5720,1500,126,240,,Semiurban
LP012698,,No,,Graduate,No,3076,0,208,240,0,Semiurban
LP012699,Male,Yes,1,Graduate,Yes,3276,1500,208,180,0,Semiurban
LP012700,Male,No,3,Not Graduate,No,5720,1800,78,360,0,Urban
LP012701,,No,0,Not Graduate,No,5720,0,110,,1,Urban
LP012702,Male,No,3,Graduate,Yes,5720,1500,78,180,,Semiurban
LP012703,Male,Yes,,Not Graduate,No,3276,1500,110,240,0,Semiurban
LP012704,Male,Yes,3,Graduate,No,3076,1800,78,240,,Urban
LP012705,,Yes,,Graduate,No,3076,1500,110,360,1,Rural
LP012706,,No,1,Graduate,Yes,5720,0,100,,0,Semiurban
LP012707,Male,No,3,Not Graduate,No,3076,2546,110,,0,Semiurban
LP012708,Male,Yes,2,Graduate,No,2340,0,110,,,Urban
LP012709,,Yes,2,Not Graduate,No,3076,1500,208,,,Rural
LP012710,,No,3,Not Graduate,,5720,0,126,360,,Semiurban
LP012711,Male,No,3,Not Graduate,No,2340,0,78,180,0,Semiurban
LP012712,Male,No,0,Not Graduate,Yes,3276,2546,208,360,0,Semiurban
LP012713,Male,No,3,Graduate,,5000,1500,126,240,,Semiurban
LP012714,Female,Yes,0,Not Graduate,Yes,3076,0,208,360,,Urban
LP012715,,No,0,Graduate,No,2340,1500,208,240,,Rural
LP012716,Female,No,0,Graduate,No,5000,0,78,360,1,Rural
LP012717,,Yes,0,Graduate,No,3276,1800,100,,0,Semiurban
LP012718,,Yes,1,Graduate,,5000,2546,208,,,Rural
LP012719,,No,2,Not Graduate,No,3276,0,78,180,1,Rural
LP012720,,Yes,0,Not Graduate,Yes,5720,0,110,,0,Rural
LP012721,,No,2,Graduate,,5720,0,126,360,1,Semiurban
LP012722,,No,0,Graduate,Yes,3276,0,78,240,,Rural
LP012723,,Yes,2,Graduate,Yes,5000,0,100,180,1,Rural
LP012724,Female,Yes,3,Not Graduate,Yes,3076,0,78,180,1,Semiurban
LP012725,Male,No,3,Not Graduate,Yes,5000,0,78,360,,Urban
LP012726,Male,Yes,2,Graduate,Yes,5000,0,110,360,,Urban
LP012727,Female,No,0,Graduate,No,3076,2546,126,,0,Urban
LP012728,Female,No,1,Graduate,Yes,5000,0,126,,1,Urban
LP012729,Female,No,2,Not Graduate,Yes,5000,1500,100,,,Rural
LP012730,Female,Yes,,Graduate,No,2340,1800,126,180,,Semiurban
LP012731,,No,1,Not Graduate,,3276,0,110,180,,Urban
LP012732,Male,No,,Not Graduate,No,5720,0,100,240,0,Semiurban
LP012733,,No,2,Not Graduate,,3276,2546,110,180,1,Urban
LP012734,Male,Yes,0,Graduate,Yes,5000,1500,110,,,Rural
LP012735,Male,No,,Not Graduate,No,3076,0,78,180,1,Semiurban
LP012736,Female,No,2,Not Graduate,,3076,1500,78,180,,Urban
LP012737,,No,1,Graduate,,5720,1800,78,180,,Rural
LP012738,Female,Yes,0,Graduate,No,5720,2546,208,240,1,Rural
LP012739,,No,,Graduate,No,5720,0,110,180,1,Rural
LP012740,Male,No,2,Not Graduate,No,3076,0,126,240,0,Urban
LP012741,Female,Yes,0,Not Graduate,No,5000,0,100,180,0,Semiurban
LP012742,Female,Yes,0,Graduate,No,5720,1500,208,240,1,Urban
LP012743,Male,No,3,Not Graduate,Yes,5720,0,78,,,Rural
LP012744,Male,No,0,Graduate,Yes,3076,1500,208,240,0,Rural
LP012745,Male,No,2,Graduate,No,5000,1800,208,360,1,Urban
LP012746,Female,Yes,1,Not Graduate,No,5720,0,110,240,0,Semiurban
LP012747,,Yes,3,Not Graduate,Yes,5000,1800,110,240,1,Urban
LP012748,Female,No,2,Not Graduate,,2340,0,126,,,Semiurban
LP012749,,Yes,2,Not Graduate,Yes,5720,0,100,240,0,Semiurban
LP012750,Female,No,2,Graduate,No,5720,1500,100,,0,Urban
LP012751,Female,No,,Graduate,,3076,0,78,,0,Semiurban
LP012752,Male,Yes,,Not Graduate,No,2340,1800,126,,0,Semiurban
LP012753,,No,1,Not Graduate,,2340,1800,100,360,1,Rural
LP012754,Female,Yes,2,Not Graduate,No,2340,1800,208,240,1,Rural
LP012755,Female,Yes,,Graduate,Yes,3276,1500,208,360,0,Rural
LP012756,Male,No,,Graduate,No,3076,1500,100,,,Rural
LP012757,Male,Yes,,Not Graduate,Yes,3076,2546,208,240,1,Semiurban
LP012758,,No,1,Graduate,,5720,0,208,,1,Semiurban
LP012759,Female,Yes,1,Graduate,Yes,3076,2546,78,240,,Rural
LP012760,,No,2,Graduate,,5720,2546,208,240,0,Urban
LP012761,Female,No,3,Graduate,No,5720,0,100,240,0,Rural
LP012762,,No,2,Not Graduate,Yes,3276,0,110,180,1,Urban
LP012763,Male,Yes,,Not Graduate,,3076,2546,208,180,,Urban
LP012764,Female,No,,Not Graduate,,3076,0,100,180,,Rural
LP012765,,Yes,0,Not Graduate,,3276,2546,208,240,1,Urban
LP012766,Male,Yes,2,Graduate,,3276,1500,126,,0,Urban
LP012767,Male,Yes,,Not Graduate,No,3076,1800,78,,0,Rural
LP012768,,Yes,,Not Graduate,No,3076,2546,110,180,,Semiurban
LP012769,Female,Yes,3,Not Graduate,No,5720,0,208,360,,Urban
LP012770,Female,No,0,Not Graduate,,5000,0,100,240,,Rural
LP012771,Male,Yes,2,Not Graduate,No,5720,0,110,,,Semiurban
LP012772,Female,No,1,Graduate,,2340,1500,208,,,Semiurban
LP012773,Female,No,2,Not Graduate,,2340,0,126,180,,Semiurban
LP012774,Female,Yes,2,Graduate,,5000,0,100,360,,Semiurban
LP012775,Male,No,3,Graduate,Yes,3276,0,78,360,,Semiurban
LP012776,,No,2,Graduate,No,2340,0,208,240,,Urban
LP012777,Female,Yes,3,Graduate,No,3276,0,100,,1,Semiurban
LP012778,Male,No,3,Graduate,Yes,3276,0,208,240,0,Urban
LP012779,Male,Yes,,Graduate,Yes,5720,2546,78,360,1,Rural
LP012780,,Yes,1,Not Graduate,Yes,3276,1500,126,360,1,Rural
LP012781,Female,Yes,3,Graduate,Yes,5000,2546,78,240,,Rural
LP012782,Female,No,0,Not Graduate,,5720,0,78,360,,Semiurban
LP012783,,No,0,Graduate,No,5000,2546,78,180,,Rural
LP012784,,No,1,Graduate,No,3276,2546,110,180,1,Urban
LP012785,Male,No,3,Graduate,No,2340,0,100,360,,Urban
LP012786,Male,Yes,1,Not Graduate,,3276,0,208,,,Semiurban
LP012787,,Yes,,Graduate,No,5000,1500,126,360,0,Semiurban
LP012788,Female,No,0,Graduate,Yes,3076,1800,208,240,,Rural
LP012789,Male,Yes,2,Not Graduate,No,3076,1800,110,,0,Semiurban
LP012790,Male,No,0,Graduate,No,2340,2546,126,180,1,Semiurban
LP012791,Female,Yes,3,Graduate,,5000,1500,110,180,0,Rural
LP012792,Male,Yes,1,Graduate,Yes,2340,1500,208,180,,Semiurban
LP012793,Female,Yes,0,Not Graduate,Yes,5720,0,126,180,,Urban
LP012794,Female,Yes,2,Graduate,Yes,3276,0,208,180,0,Semiurban
LP012795,Female,Yes,2,Graduate,No,5720,0,100,,0,Rural
LP012796,,No,1,Not Graduate,Yes,3076,1800,110,180,,Urban
LP012797,,No,1,Not Graduate,Yes,3276,1500,100,,0,Rural
LP012798,,Yes,0,Graduate,No,5720,1800,100,240,0,Rural
LP012799,Female,No,3,Graduate,,3076,0,208,360,,Semiurban
LP012800,Female,Yes,,Graduate,No,5720,0,208,,1,Rural
LP012801,,Yes,2,Graduate,,3276,0,78,180,1,Urban
LP012802,Male,Yes,1,Not Graduate,,5720,1800,78,240,,Urban
LP012803,Female,Yes,,Not Graduate,Yes,3276,1500,126,240,0,Urban
LP012804,Male,No,,Not Graduate,Yes,5720,0,208,360,1,Urban
LP012805,Male,Yes,,Graduate,No,2340,1500,110,360,0,Semiurban
LP012806,Female,No,3,Not Graduate,,5720,1500,208,,,Rural
LP012807,Female,Yes,1,Not Graduate,No,5720,2546,208,,0,Semiurban
LP012808,Male,Yes,2,Graduate,Yes,2340,1500,100,360,1,Urban
LP012809,Male,No,1,Graduate,,3076,0,100,360,0,Semiurban
LP012810,,Yes,0,Graduate,Yes,3276,2546,78,360,1,Rural
LP012811,,Yes,2,Graduate,Yes,5000,1500,126,240,0,Rural
LP012812,Female,No,1,Graduate,Yes,3076,2546,126,360,1,Semiurban
LP012813,,No,2,Graduate,,3276,1500,208,240,0,Rural
LP012814,,No,0,Not Graduate,,5720,0,110,180,1,Urban
LP012815,,Yes,2,Graduate,Yes,3076,0,100,180,1,Semiurban
LP012816,,Yes,,Graduate,,5720,1500,110,,,Rural
LP012817,Male,No,3,Not Graduate,Yes,3076,2546,100,,0,Urban
LP012818,Female,No,0,Not Graduate,Yes,3076,0,208,360,1,Semiurban
LP012819,,Yes,2,Not Graduate,Yes,5000,0,126,,0,Rural
LP012820,Male,Yes,0,Not Graduate,,2340,2546,208,180,0,Rural
LP012821,Male,No,,Not Graduate,No,3076,0,100,,,Urban
LP012822,Male,No,3,Graduate,No,5720,2546,126,240,1,Rural
LP012823,,No,0,Graduate,,5000,1500,110,,1,Semiurban
LP012824,,No,,Not Graduate,,3076,0,110,180,0,Urban
LP012825,Female,Yes,,Not Graduate,Yes,2340,0,78,180,,Semiurban
LP012826,,Yes,,Not Graduate,Yes,5720,0,110,180,1,Urban
LP012827,,Yes,2,Not Graduate,No,5000,1500,78,180,1,Rural
LP012828,Male,Yes,1,Graduate,Yes,3276,0,126,240,0,Urban
LP012829,Female,No,0,Not Graduate,No,2340,0,208,,1,Urban
LP012830,,Yes,1,Not Graduate,No,3276,0,208,180,0,Semiurban
LP012831,,No,,Graduate,,3276,0,126,,1,Rural
LP012832,Male,Yes,1,Graduate,,5000,0,126,360,1,Semiurban
LP012833,Male,Yes,,Graduate,,5000,0,100,240,,Semiurban
LP012834,,Yes,,Not Graduate,No,5000,0,110,360,1,Rural
LP012835,Female,No,3,Not Graduate,,3276,0,110,240,1,Urban
LP012836,Female,Yes,3,Graduate,No,5720,2546,110,180,,Semiurban
LP012837,Male,No,1,Not Graduate,,5000,0,78,,1,Urban
LP012838,Male,No,0,Not Graduate,No,2340,0,110,240,0,Rural
LP012839,,Yes,1,Graduate,Yes,5000,1800,100,360,0,Urban
LP012840,Male,No,0,Graduate,Yes,5000,0,208,360,,Rural
LP012841,,Yes,1,Graduate,No,5000,0,208,,1,Rural
LP012842,Female,No,2,Not Graduate,No,3276,2546,78,240,,Urban
LP012843,Female,Yes,2,Graduate,Yes,5720,2546,100,360,,Rural
LP012844,,No,0,Not Graduate,No,5000,0,126,360,1,Semiurban
LP012845,Male,No,3,Not Graduate,No,3276,1500,208,240,1,Semiurban
LP012846,Female,Yes,0,Not Graduate,Yes,2340,0,100,180,1,Urban
LP012847,Male,Yes,1,Graduate,No,5720,2546,126,180,,Semiurban
LP012848,Female,Yes,,Graduate,,3276,0,78,,,Rural
LP012849,,Yes,2,Graduate,Yes,3076,2546,110,180,,Semiurban
LP012850,,No,,Not Graduate,,2340,2546,100,,1,Semiurban
LP012851,,No,2,Graduate,No,2340,0,208,360,,Urban
LP012852,Female,No,1,Graduate,No,3076,1800,78,360,,Rural
LP012853,Male,No,2,Not Graduate,,3276,2546,100,180,1,Semiurban
LP012854,Male,Yes,0,Not Graduate,No,3276,2546,78,240,1,Rural
LP012855,Male,No,,Graduate,No,2340,1500,126,180,,Urban
LP012856,Female,Yes,,Graduate,,3276,1800,100,,0,Semiurban
LP012857,Female,No,1,Not Graduate,No,3076,1500,110,,,Rural
LP012858,Female,Yes,,Not Graduate,Yes,3276,0,126,240,0,Semiurban
LP012859,Female,Yes,1,Not Graduate,,2340,0,110,360,,Urban
LP012860,Female,Yes,3,Graduate,,3276,0,78,360,0,Urban
LP012861,Male,Yes,0,Graduate,,5720,1800,110,180,1,Rural
LP012862,Female,Yes,2,Not Graduate,,3076,0,126,,1,Semiurban
LP012863,Female,No,2,Graduate,Yes,3076,1800,126,,,Semiurban
LP012864,Male,Yes,2,Graduate,,5000,1500,126,240,1,Rural
LP012865,Female,No,3,Graduate,,3276,2546,78,240,,Urban
LP012866,Male,No,0,Not Graduate,No,3076,0,208,180,,Urban
LP012867,Male,Yes,,Graduate,,3276,0,78,240,1,Semiurban
LP012868,,No,,Not Graduate,No,5720,2546,126,360,0,Rural
LP012869,,No,0,Graduate,,2340,0,78,240,,Semiurban
LP012870,,No,0,Not Graduate,,2340,0,100,,0,Urban
LP012871,,Yes,2,Not Graduate,Yes,5000,0,100,,0,Urban
LP012872,Female,Yes,,Graduate,No,5000,0,208,,1,Urban
LP012873,,Yes,0,Graduate,Yes,3076,2546,78,,,Semiurban
LP012874,Male,Yes,,Not Graduate,No,3076,1500,78,360,1,Rural
LP012875,Female,No,0,Not Graduate,,3076,0,100,180,,Semiurban
LP012876,,No,1,Graduate,Yes,5720,0,126,240,0,Rural
LP012877,Male,No,2,Not Graduate,No,5000,1500,110,180,,Semiurban
LP012878,Female,No,0,Not Graduate,No,5000,0,126,180,0,Rural
LP012879,Female,No,3,Graduate,Yes,2340,1500,208,240,1,Rural
LP012880,,No,0,Graduate,No,5000,2546,110,,1,Urban
LP012881,Female,Yes,1,Graduate,,5000,2546,126,,1,Urban
LP012882,Male,No,3,Graduate,No,5720,1500,78,,,Semiurban
LP012883,Female,No,3,Not Graduate,,3076,1500,78,240,,Rural
LP012884,Male,No,0,Graduate,No,5720,1800,100,240,1,Urban
LP012885,Female,Yes,1,Graduate,Yes,3276,0,78,,,Semiurban
LP012886,,No,3,Graduate,,2340,0,78,360,,Urban
LP012887,Male,No,2,Graduate,No,2340,0,208,180,,Rural
LP012888,Female,Yes,2,Not Graduate,,2340,0,110,360,0,Urban
LP012889,Female,No,,Not Graduate,Yes,3076,1500,126,180,,Semiurban
LP012890,Female,Yes,,Graduate,No,3076,1500,126,180,1,Semiurban
LP012891,Male,Yes,1,Graduate,No,3076,0,208,360,1,Semiurban
LP012892,Male,No,3,Graduate,,2340,0,110,180,,Semiurban
LP012893,Male,No,2,Graduate,Yes,2340,0,78,360,0,Urban
LP012894,,Yes,2,Not Graduate,Yes,2340,2546,208,,0,Semiurban
LP012895,,No,1,Not Graduate,No,3276,0,78,240,0,Semiurban
LP012896,Male,No,3,Not Graduate,,3276,0,126,180,1,Urban
LP012897,Female,Yes,1,Not Graduate,No,2340,1500,208,360,1,Urban
LP012898,,Yes,0,Graduate,No,3076,0,208,240,,Rural
LP012899,Male,No,2,Not Graduate,,3076,2546,208,180,,Semiurban
LP012900,Female,Yes,1,Not Graduate,Yes,3276,0,126,180,,Urban
LP012901,,No,1,Graduate,No,3276,0,126,180,0,Semiurban
LP012902,Female,No,0,Not Graduate,No,2340,1500,100,180,,Urban
LP012903,Female,No,,Not Graduate,,2340,1800,126,240,,Urban
LP012904,Female,No,2,Not Graduate,,3076,0,126,180,,Semiurban
LP012905,Female,Yes,1,Graduate,No,5000,0,78,180,,Rural
LP012906,,No,2,Graduate,Yes,3076,0,126,240,,Semiurban
LP012907,,Yes,,Graduate,,3076,0,110,240,1,Rural
LP012908,,No,1,Graduate,No,2340,0,78,180,1,Rural
LP012909,Male,No,0,Not Graduate,Yes,5000,0,100,240,0,Semiurban
LP012910,,Yes,2,Not Graduate,,5000,1800,110,240,0,Rural
LP012911,Female,No,0,Graduate,,2340,0,100,360,0,Semiurban
LP012912,,Yes,,Graduate,No,5720,0,208,240,1,Urban
LP012913,Female,Yes,,Graduate,,2340,0,208,,1,Rural
LP012914,Male,No,2,Not Graduate,No,3276,1500,208,360,,Semiurban
LP012915,Female,No,,Not Graduate,,5000,1800,126,,0,Rural
LP012916,Female,No,3,Graduate,Yes,2340,2546,126,360,,Semiurban
LP012917,Female,No,2,Graduate,Yes,3076,0,78,360,1,Semiurban
LP012918,Male,Yes,3,Graduate,,3076,2546,110,360,,Rural
LP012919,,No,,Graduate,No,3076,0,110,360,,Urban
LP012920,,No,2,Graduate,,2340,1800,208,240,,Urban
LP012921,Male,No,3,Graduate,No,5720,1800,208,,,Rural
LP012922,Female,No,,Graduate,,3276,0,126,240,1,Semiurban
LP012923,,No,1,Graduate,Yes,3076,1800,100,240,1,Urban
LP012924,Male,Yes,1,Not Graduate,No,2340,2546,110,180,1,Semiurban
LP012925,,No,0,Graduate,Yes,5720,2546,110,240,1,Rural
LP012926,Male,Yes,1,Not Graduate,Yes,5000,1800,100,360,0,Semiurban
LP012927,Female,No,3,Graduate,Yes,5000,2546,110,180,0,Urban
LP012928,,No,1,Not Graduate,,3276,0,110,180,,Urban
LP012929,Male,No,2,Graduate,No,2340,1500,126,240,,Rural
LP012930,,Yes,2,Graduate,Yes,2340,0,110,,,Rural
LP012931,,No,2,Not Graduate,No,3076,1500,208,180,,Rural
LP012932,,Yes,1,Graduate,No,5720,2546,208,240,0,Semiurban
LP012933,,Yes,1,Not Graduate,Yes,3276,0,78,240,1,Urban
LP012934,Male,No,0,Not Graduate,,5720,1500,126,360,,Rural
LP012935,Female,Yes,,Not Graduate,Yes,3276,1500,126,,0,Urban
LP012936,Male,No,0,Graduate,Yes,2340,2546,208,180,0,Urban
LP012937,Male,No,3,Not Graduate,No,2340,0,126,,,Urban
LP012938,Male,Yes,2,Graduate,,3276,0,126,,,Urban
LP012939,Female,No,1,Not Graduate,No,5720,1500,78,,0,Rural
LP012940,,No,,Graduate,,5000,0,100,180,0,Rural
LP012941,,Yes,,Not Graduate,Yes,5000,0,110,180,,Semiurban
LP012942,,Yes,1,Not Graduate,,3076,0,78,,1,Rural
LP012943,Female,Yes,0,Graduate,No,3076,2546,100,240,1,Urban
LP012944,,Yes,,Graduate,Yes,5720,2546,110,180,,Semiurban
LP012945,Female,Yes,0,Graduate,,2340,0,208,360,,Semiurban
LP012946,,Yes,1,Graduate,,5720,1500,100,,1,Rural
LP012947,,No,0,Graduate,No,3276,1800,110,180,0,Rural
LP012948,Male,Yes,2,Graduate,,5000,1500,78,180,,Urban
LP012949,Female,Yes,1,Graduate,Yes,3076,0,110,,,Rural
LP012950,Male,No,1,Graduate,,5720,0,126,360,1,Semiurban
LP012951,Male,No,,Graduate,No,5720,0,110,240,,Urban
LP012952,Male,Yes,,Not Graduate,,3276,2546,208,240,0,Urban
LP012953,Female,Yes,,Not Graduate,Yes,2340,0,78,180,0,Semiurban
LP012954,Female,No,2,Not Graduate,Yes,2340,1500,100,360,,Semiurban
LP012955,,Yes,2,Not Graduate,,5000,0,110,360,0,Semiurban
LP012956,Male,Yes,3,Graduate,,3076,2546,78,,0,Semiurban
LP012957,,No,1,Not Graduate,Yes,2340,0,208,,0,Rural
LP012958,Male,Yes,,Not Graduate,No,2340,1500,100,360,,Semiurban
LP012959,Female,No,1,Not Graduate,Yes,2340,1800,110,240,,Rural
LP012960,Female,Yes,0,Graduate,,5720,1800,208,,,Semiurban
LP012961,Female,No,2,Graduate,,2340,0,126,,0,Semiurban
LP012962,Male,No,3,Not Graduate,No,3276,1500,78,240,1,Semiurban
LP012963,Female,No,0,Not Graduate,Yes,5000,1500,78,240,1,Rural
LP012964,Male,Yes,1,Not Graduate,Yes,2340,0,110,,1,Semiurban
LP012965,,No,2,Graduate,No,3076,0,208,360,0,Rural
LP012966,Male,Yes,,Not Graduate,Yes,5720,0,100,,1,Urban
LP012967,,No,0,Not Graduate,No,3276,0,100,240,,Urban
LP012968,Male,No,2,Graduate,Yes,5000,2546,100,,0,Semiurban
LP012969,,No,1,Not Graduate,No,5720,0,100,180,1,Semiurban
LP012970,Female,Yes,1,Not Graduate,No,3276,0,110,240,0,Semiurban
LP012971,,Yes,0,Not Graduate,No,5720,1500,110,,0,Semiurban
LP012972,Female,No,0,Not Graduate,,5000,0,78,180,,Urban
LP012973,Female,Yes,0,Not Graduate,,5000,1500,208,240,0,Rural
LP012974,,Yes,3,Not Graduate,,2340,2546,126,180,,Semiurban
LP012975,Male,Yes,,Not Graduate,Yes,3076,1800,110,360,,Urban
LP012976,Male,No,2,Not Graduate,No,2340,1800,100,240,1,Rural
LP012977,Male,Yes,1,Graduate,Yes,5720,0,126,180,1,Semiurban
LP012978,Male,No,1,Not Graduate,Yes,2340,0,78,360,0,Urban
LP012979,Male,No,,Not Graduate,No,5000,2546,100,180,1,Semiurban
LP012980,Female,No,0,Not Graduate,,5000,2546,208,240,0,Semiurban
LP012981,Male,Yes,0,Graduate,Yes,5000,1500,126,240,,Urban
LP012982,Female,No,1,Not Graduate,Yes,2340,0,78,240,0,Semiurban
LP012983,Female,Yes,,Graduate,Yes,3276,2546,110,360,,Semiurban
LP012984,Female,Yes,1,Not Graduate,,2340,0,208,,,Urban
LP012985,,No,0,Graduate,No,2340,2546,100,240,0,Semiurban
LP012986,,No,2,Graduate,No,2340,1800,126,360,,Rural
LP012987,Female,No,0,Graduate,Yes,2340,0,78,360,1,Semiurban
LP012988,,Yes,2,Not Graduate,No,5000,1500,126,240,0,Urban
LP012989,Male,Yes,3,Not Graduate,,3076,0,208,240,1,Semiurban
LP012990,Male,No,,Graduate,No,2340,1800,110,240,,Semiurban
LP012991,Female,No,3,Not Graduate,Yes,2340,2546,110,240,,Semiurban
LP012992,Male,Yes,0,Graduate,Yes,3076,0,208,,0,Rural
LP012993,Female,Yes,,Not Graduate,No,2340,0,100,,,Semiurban
LP012994,Female,No,0,Not Graduate,Yes,3076,0,126,180,1,Urban
LP012995,Male,Yes,,Graduate,,5000,1500,100,,0,Urban
LP012996,,Yes,,Graduate,,3276,1800,78,180,0,Urban
LP012997,Male,Yes,0,Not Graduate,,2340,1500,100,180,1,Urban
LP012998,Male,Yes,0,Graduate,,3276,0,208,360,,Semiurban
LP012999,Female,Yes,,Graduate,Yes,2340,0,110,,,Rural
LP013000,Female,Yes,,Not Graduate,Yes,5720,1800,208,,0,Urban
LP013001,Female,No,0,Graduate,No,5720,0,208,,1,Semiurban
LP013002,Female,Yes,0,Not Graduate,Yes,5000,0,126,360,0,Rural
LP013003,,No,1,Not Graduate,No,3276,1800,208,180,0,Rural
LP013004,,No,1,Graduate,Yes,3276,1500,78,,,Urban
LP013005,,Yes,1,Graduate,No,3076,1800,126,240,0,Semiurban
LP013006,Female,No,3,Graduate,No,3076,0,126,360,1,Semiurban
LP013007,Female,No,,Not Graduate,,2340,1500,100,360,1,Semiurban
LP013008,Female,No,2,Graduate,No,3076,2546,208,360,1,Semiurban
LP013009,,Yes,3,Not Graduate,No,3076,1500,100,360,1,Urban
LP013010,Female,No,,Graduate,No,3276,0,100,180,,Rural
LP013011,Male,Yes,2,Graduate,No,5720,0,126,180,,Rural
LP013012,Male,No,1,Not Graduate,No,3276,1500,100,,,Urban
LP013013,Female,No,2,Graduate,,3076,1500,100,,,Rural
LP013014,Male,No,0,Graduate,No,2340,0,126,360,1,Rural
LP013015,Male,No,0,Not Graduate,No,5720,0,126,240,1,Urban
LP013016,,Yes,,Graduate,No,3076,2546,110,180,0,Urban
LP013017,Female,No,3,Graduate,Yes,3076,2546,208,360,0,Rural
LP013018,Female,No,1,Not Graduate,Yes,2340,1800,110,180,,Urban
LP013019,,Yes,,Graduate,,2340,2546,126,360,0,Semiurban
LP013020,Male,Yes,1,Graduate,No,3076,2546,78,240,,Semiurban
LP013021,Male,Yes,0,Not Graduate,No,3076,1500,100,360,,Rural
LP013022,Female,No,3,Graduate,Yes,3276,1800,100,360,,Urban
LP013023,Male,Yes,3,Graduate,No,5000,2546,126,360,0,Semiurban
LP013024,,Yes,0,Graduate,,2340,1500,100,240,0,Urban
LP013025,,Yes,2,Not Graduate,No,2340,1800,110,,,Rural
LP013026,Female,Yes,3,Graduate,,3276,1500,100,,1,Rural
LP013027,,Yes,2,Not Graduate,Yes,5720,0,78,,0,Urban
LP013028,,Yes,1,Graduate,,5720,0,208,360,1,Urban
LP013029,Female,No,3,Graduate,,5720,0,110,,,Urban
LP013030,,Yes,0,Graduate,,2340,0,208,360,,Semiurban
LP013031,,No,2,Graduate,,5000,2546,208,180,0,Rural
LP013032,,Yes,1,Graduate,,5000,0,78,360,0,Rural
LP013033,Male,Yes,1,Graduate,,3276,0,78,180,0,Semiurban
LP013034,Female,Yes,3,Graduate,,5720,1800,78,360,,Semiurban
LP013035,Female,No,3,Graduate,,5720,1800,78,240,1,Semiurban
LP013036,Female,Yes,,Graduate,,3076,1800,110,240,1,Rural
LP013037,Male,Yes,,Not Graduate,Yes,3276,2546,78,,0,Urban
LP013038,Male,Yes,3,Graduate,,3276,0,110,240,0,Urban
LP013039,Female,Yes,,Not Graduate,,2340,2546,100,360,0,Rural
LP013040,Male,No,0,Not Graduate,No,2340,2546,208,240,1,Rural
LP013041,Female,No,0,Graduate,No,3276,2546,100,240,0,Urban
LP013042,Male,No,,Not Graduate,No,5000,2546,100,360,0,Semiurban
LP013043,,No,3,Not Graduate,,3276,2546,126,,,Semiurban
LP013044,,No,0,Not Graduate,Yes,5000,2546,100,,0,Rural
LP013045,Female,Yes,1,Not Graduate,Yes,2340,0,100,,,Rural
LP013046,Male,Yes,3,Graduate,No,3276,1800,126,180,1,Rural
LP013047,Male,Yes,2,Not Graduate,No,5000,1500,100,,0,Rural
LP013048,,No,2,Graduate,,3076,1500,126,360,1,Urban
LP013049,,Yes,3,Not Graduate,Yes,3076,1500,110,,1,Urban
LP013050,Male,No,,Not Graduate,Yes,3276,0,208,360,1,Rural
LP013051,Male,Yes,0,Not Graduate,No,5720,1800,78,180,1,Urban
LP013052,Male,No,0,Graduate,Yes,3276,0,100,240,1,Semiurban
LP013053,Male,Yes,3,Graduate,No,2340,2546,110,360,,Semiurban
LP013054,Male,Yes,1,Graduate,No,2340,1500,208,180,,Rural
LP013055,Male,Yes,,Graduate,,3076,1800,110,180,1,Semiurban
LP013056,Female,Yes,1,Not Graduate,No,5000,0,126,240,1,Rural
LP013057,Male,No,3,Graduate,,3076,1500,110,360,0,Urban
LP013058,,Yes,3,Not Graduate,Yes,5000,1800,100,,1,Rural
LP013059,Female,Yes,1,Graduate,Yes,3276,0,100,180,,Semiurban
LP013060,Male,Yes,2,Not Graduate,No,5720,1800,78,,,Rural
LP013061,,No,3,Not Graduate,No,2340,2546,78,360,,Urban
LP013062,Female,Yes,,Graduate,,3276,1800,100,360,,Urban
LP013063,,Yes,1,Not Graduate,,3076,1800,110,240,1,Rural
LP013064,Male,Yes,2,Not Graduate,Yes,3276,0,100,,,Semiurban
LP013065,Male,Yes,1,Not Graduate,Yes,5720,2546,110,360,,Rural
LP013066,Male,Yes,2,Not Graduate,No,5000,1800,100,240,,Rural
LP013067,Male,No,2,Not Graduate,No,5720,2546,208,180,0,Semiurban
LP013068,Female,No,,Graduate,,3076,1800,110,,1,Rural
LP013069,Female,No,3,Graduate,No,5720,2546,126,240,,Urban
LP013070,,Yes,2,Not Graduate,,2340,0,126,240,,Urban
LP013071,Male,No,3,Not Graduate,Yes,5720,1500,78,180,1,Semiurban
LP013072,,Yes,,Graduate,Yes,3276,0,208,240,,Urban
LP013073,Female,Yes,3,Graduate,No,5000,1500,126,240,,Urban
LP013074,Male,Yes,0,Graduate,,2340,1800,100,180,,Semiurban
LP013075,Male,Yes,2,Not Graduate,No,2340,1800,126,240,0,Rural
LP013076,Female,No,,Not Graduate,No,2340,0,100,,,Rural
LP013077,Female,No,1,Graduate,,3076,1800,208,360,,Semiurban
LP013078,Female,No,,Graduate,No,3076,2546,78,240,1,Semiurban
LP013079,Female,Yes,2,Graduate,,3276,1500,126,240,1,Rural
LP013080,Female,No,,Not Graduate,,5000,1800,78,360,0,Urban
LP013081,Male,No,1,Not Graduate,No,5720,0,208,240,1,Rural
LP013082,Female,Yes,0,Not Graduate,,3276,0,110,180,1,Urban
LP013083,Male,No,2,Graduate,Yes,3076,1500,208,,0,Urban
LP013084,Male,Yes,2,Not Graduate,Yes,3276,0,208,180,,Semiurban
LP013085,Female,No,,Graduate,Yes,5000,0,208,360,1,Urban
LP013086,Female,No,3,Graduate,Yes,3276,1500,110,180,1,Semiurban
LP013087,Male,No,3,Graduate,No,2340,0,110,,0,Urban
LP013088,Female,Yes,1,Not Graduate,Yes,5720,0,208,240,1,Rural
LP013089,Female,No,0,Not Graduate,Yes,3076,0,110,180,1,Urban
LP013090,Female,No,0,Not Graduate,Yes,3076,1800,100,240,,Rural
LP013091,,No,,Not Graduate,Yes,5000,2546,208,240,0,Semiurban
LP013092,Male,No,,Not Graduate,No,5000,1800,126,,,Semiurban
LP013093,,Yes,3,Not Graduate,Yes,5000,2546,100,,,Urban
LP013094,Female,Yes,0,Graduate,,3076,1500,208,240,,Rural
LP013095,,No,0,Graduate,,2340,0,126,,0,Urban
LP013096,Female,No,0,Not Graduate,No,5720,1800,126,240,1,Semiurban
LP013097,,No,1,Not Graduate,No,5000,0,78,240,,Rural
LP013098,Female,Yes,1,Not Graduate,No,3076,1800,78,180,0,Semiurban
LP013099,,No,,Graduate,Yes,2340,1800,126,240,1,Semiurban
LP013100,,No,3,Not Graduate,No,5000,0,208,360,0,Urban
LP013101,,Yes,2,Graduate,Yes,5000,2546,208,,,Urban
LP013102,Male,Yes,3,Not Graduate,No,5720,1500,208,360,0,Urban
LP013103,,Yes,1,Graduate,,5720,0,208,360,,Urban
LP013104,Male,No,1,Graduate,,3276,1800,126,180,0,Semiurban
LP013105,Female,Yes,,Not Graduate,Yes,5000,0,110,360,,Semiurban
LP013106,,Yes,2,Graduate,No,3276,0,110,,1,Rural
LP013107,Female,No,0,Graduate,,3076,1500,208,240,0,Urban
LP013108,Female,Yes,2,Graduate,Yes,5720,2546,78,,0,Rural
LP013109,,No,2,Graduate,,2340,2546,126,180,1,Urban
LP013110,Male,No,2,Not Graduate,No,5000,1800,110,180,,Rural
LP013111,,Yes,,Graduate,Yes,5000,1500,126,240,,Rural
LP013112,Female,No,1,Graduate,,3276,2546,78,360,,Urban
LP013113,Female,Yes,0,Graduate,No,5720,1500,126,240,1,Urban
LP013114,,Yes,2,Not Graduate,Yes,3276,0,78,360,0,Semiurban
LP013115,Male,Yes,0,Not Graduate,,5000,0,78,360,0,Semiurban
LP013116,Male,No,2,Graduate,,5720,1500,100,360,0,Urban
LP013117,Female,Yes,1,Not Graduate,Yes,5000,1500,78,360,1,Urban
LP013118,Female,No,0,Not Graduate,No,5720,2546,100,360,,Urban
LP013119,Male,No,3,Not Graduate,Yes,5000,1800,78,240,,Urban
LP013120,,No,1,Not Graduate,,2340,1800,78,180,,Rural
LP013121,Female,Yes,0,Not Graduate,,3276,0,126,180,0,Rural
LP013122,Male,No,2,Not Graduate,,5720,2546,100,180,1,Rural
LP013123,Female,No,2,Not Graduate,No,3276,2546,110,240,,Rural
LP013124,,Yes,1,Graduate,,5720,0,110,,,Semiurban
LP013125,Male,Yes,1,Graduate,,5720,1800,126,240,0,Urban
LP013126,Female,No,2,Graduate,Yes,5720,2546,110,180,,Rural
LP013127,,No,0,Not Graduate,,5000,0,110,,0,Rural
LP013128,Female,Yes,3,Graduate,Yes,3076,0,78,360,,Urban
LP013129,,No,,Not Graduate,,5000,1800,208,180,0,Rural
LP013130,,No,1,Not Graduate,Yes,3076,1800,208,180,0,Rural
LP013131,Male,No,2,Graduate,Yes,5000,1800,110,360,,Semiurban
LP013132,,No,0,Graduate,Yes,3076,0,126,,0,Rural
LP013133,Female,Yes,1,Graduate,Yes,5720,0,126,360,,Urban
LP013134,,No,0,Graduate,No,5720,0,100,360,,Rural
LP013135,,Yes,1,Not Graduate,,3076,2546,126,240,1,Semiurban
LP013136,Male,No,2,Graduate,No,3076,2546,126,360,,Semiurban
LP013137,,Yes,0,Graduate,,3276,1800,78,180,,Urban
LP013138,,No,2,Not Graduate,Yes,5720,1500,78,180,1,Semiurban
LP013139,Female,Yes,0,Not Graduate,,5000,2546,110,180,1,Rural
LP013140,Male,No,1,Not Graduate,Yes,3276,0,126,,0,Urban
LP013141,Male,Yes,,Not Graduate,,3076,1800,208,180,1,Rural
LP013142,Male,No,,Not Graduate,Yes,5000,0,126,360,1,Urban
LP013143,,No,3,Graduate,,2340,1800,126,240,0,Semiurban
LP013144,Male,Yes,3,Graduate,,2340,0,110,180,1,Semiurban
LP013145,,Yes,2,Not Graduate,,2340,2546,208,,,Rural
LP013146,,Yes,0,Graduate,Yes,5000,0,110,360,1,Semiurban
LP013147,Female,Yes,3,Not Graduate,,3076,2546,126,360,0,Rural
LP013148,Female,Yes,1,Graduate,Yes,5000,0,208,,,Semiurban
LP013149,Female,No,,Graduate,No,3276,0,126,240,0,Semiurban
LP013150,Female,Yes,0,Graduate,,3276,1500,110,,1,Rural
LP013151,Female,Yes,,Graduate,Yes,2340,0,110,240,,Semiurban
LP013152,,No,0,Graduate,Yes,3076,1800,78,,1,Urban
LP013153,,Yes,3,Not Graduate,Yes,3276,1500,208,360,0,Semiurban
LP013154,Male,Yes,3,Graduate,No,5720,1800,78,180,0,Urban
LP013155,,Yes,2,Graduate,Yes,5720,1500,208,180,1,Urban
LP013156,,No,0,Graduate,No,2340,1800,100,240,0,Urban
LP013157,Female,Yes,1,Graduate,No,2340,1500,208,360,1,Urban
LP013158,,No,3,Not Graduate,Yes,2340,2546,126,180,0,Urban
LP013159,Female,No,2,Not Graduate,,3276,2546,208,,0,Semiurban
LP013160,Male,Yes,3,Not Graduate,No,3076,1500,78,360,0,Semiurban
LP013161,Male,No,,Graduate,Yes,2340,0,110,360,0,Rural
LP013162,,Yes,3,Not Graduate,No,5000,1500,110,180,,Rural
LP013163,Male,Yes,0,Not Graduate,Yes,2340,0,208,,,Rural
LP013164,,Yes,2,Not Graduate,Yes,3276,1800,100,,1,Rural
LP013165,Male,Yes,0,Not Graduate,No,3076,1500,110,180,1,Urban
LP013166,Female,Yes,1,Graduate,Yes,2340,0,110,,1,Semiurban
LP013167,Female,No,1,Graduate,No,5720,1500,110,180,1,Urban
LP013168,Female,No,3,Graduate,Yes,2340,2546,100,240,0,Rural
LP013169,Female,No,2,Graduate,,2340,2546,78,240,0,Urban
LP013170,,No,2,Not Graduate,,3076,1500,208,360,0,Rural
LP013171,Male,Yes,2,Graduate,No,5000,1500,100,180,1,Rural
LP013172,,Yes,2,Graduate,No,2340,0,208,,,Rural
LP013173,Female,No,3,Graduate,No,2340,2546,126,,1,Rural
LP013174,,Yes,0,Not Graduate,No,3276,1800,208,180,,Semiurban
LP013175,Male,No,3,Not Graduate,,3076,1500,110,360,,Rural
LP013176,,No,0,Not Graduate,No,3276,0,100,180,0,Semiurban
LP013177,Male,No,,Graduate,Yes,2340,1500,100,,0,Semiurban
LP013178,,No,,Graduate,Yes,2340,2546,78,180,1,Rural
LP013179,Male,Yes,0,Graduate,No,5720,0,126,,1,Semiurban
LP013180,Male,Yes,3,Graduate,Yes,3276,0,78,,,Rural
LP013181,Female,No,1,Not Graduate,No,3076,2546,78,180,,Rural
LP013182,Male,No,3,Graduate,Yes,2340,1800,126,240,0,Rural
LP013183,Female,No,1,Not Graduate,Yes,5720,0,110,,,Rural
LP013184,Female,No,3,Not Graduate,No,5720,1500,100,,,Semiurban
LP013185,Female,No,2,Graduate,No,5000,1500,208,360,1,Urban
LP013186,,Yes,2,Not Graduate,,3076,1500,126,,1,Urban
LP013187,,No,,Graduate,No,5720,0,78,180,,Rural
LP013188,,No,,Graduate,,3076,0,208,240,,Rural
LP013189,,Yes,0,Graduate,No,2340,2546,126,,,Rural
LP013190,Male,Yes,1,Graduate,Yes,5000,0,126,240,1,Urban
LP013191,Male,Yes,2,Not Graduate,,3076,1500,110,360,1,Urban
LP013192,,Yes,3,Not Graduate,Yes,5000,1500,110,180,0,Rural
LP013193,Male,Yes,0,Graduate,No,3076,0,100,,0,Semiurban
LP013194,Male,Yes,3,Not Graduate,No,3076,0,100,240,0,Semiurban
LP013195,Female,Yes,2,Not Graduate,No,3276,2546,208,,0,Urban
LP013196,Female,Yes,2,Not Graduate,No,5000,0,100,240,1,Semiurban
LP013197,Female,Yes,2,Graduate,,3076,0,126,360,0,Semiurban
LP013198,Female,No,2,Graduate,,3276,0,126,240,1,Rural
LP013199,Male,Yes,3,Graduate,No,3276,1800,126,,1,Semiurban
LP013200,,No,0,Not Graduate,Yes,5000,0,126,180,0,Rural
LP013201,Male,No,2,Graduate,,2340,0,110,240,1,Rural
LP013202,Male,No,,Graduate,Yes,5000,1500,126,240,,Rural
LP013203,Male,No,0,Graduate,No,3076,1500,126,180,0,Rural
LP013204,Female,No,,Graduate,,2340,0,126,,0,Semiurban
LP013205,Female,No,3,Graduate,,5000,2546,78,240,,Urban
LP013206,Female,No,2,Graduate,,5000,0,208,360,0,Semiurban
LP013207,,No,0,Not Graduate,Yes,5000,0,208,,1,Urban
LP013208,Male,Yes,2,Graduate,No,5000,2546,126,240,1,Urban
LP013209,,No,2,Not Graduate,No,2340,2546,126,360,1,Rural
LP013210,Female,No,0,Graduate,,3076,1800,208,360,0,Semiurban
LP013211,,No,2,Not Graduate,,3276,1800,100,180,,Urban
LP013212,Male,No,2,Not Graduate,No,5000,1800,78,,,Urban
LP013213,Male,Yes,1,Not Graduate,Yes,3276,2546,78,360,0,Semiurban
LP013214,Female,No,1,Graduate,,3276,0,100,240,1,Urban
LP013215,Female,Yes,0,Graduate,Yes,3276,0,126,,1,Semiurban
LP013216,,Yes,0,Not Graduate,Yes,5000,1800,208,180,0,Rural
LP013217,Female,No,2,Not Graduate,No,5000,0,78,360,0,Urban
LP013218,Female,No,,Graduate,No,5000,0,100,360,1,Rural
LP013219,Male,Yes,0,Graduate,Yes,5000,0,100,360,0,Urban
LP013220,Female,No,2,Graduate,Yes,5720,1500,110,240,,Rural
LP013221,Female,No,,Not Graduate,No,3076,1500,100,,,Urban
LP013222,Male,Yes,1,Not Graduate,,5720,0,110,240,0,Semiurban
LP013223,Male,Yes,0,Not Graduate,Yes,2340,0,110,360,1,Rural
LP013224,,No,2,Not Graduate,,5720,0,78,180,,Semiurban
LP013225,Female,No,1,Not Graduate,Yes,5720,2546,126,240,0,Urban
LP013226,Male,No,3,Graduate,No,5720,1800,126,180,1,Rural
LP013227,,Yes,1,Not Graduate,,3076,0,100,240,0,Rural
LP013228,,No,2,Not Graduate,No,3276,0,208,180,0,Urban
LP013229,Female,Yes,,Graduate,Yes,2340,1800,208,180,0,Urban
LP013230,Female,Yes,3,Graduate,No,2340,0,110,360,0,Urban
LP013231,,No,3,Graduate,,3076,0,100,360,0,Semiurban
LP013232,Male,Yes,3,Not Graduate,No,5720,1500,100,,1,Rural
LP013233,,No,0,Graduate,,3276,0,126,360,,Rural
LP013234,Female,No,2,Not Graduate,No,5000,1500,208,,1,Semiurban
LP013235,Male,Yes,3,Graduate,No,3076,1500,78,360,,Rural
LP013236,Male,No,1,Not Graduate,,3276,2546,100,180,0,Semiurban
LP013237,,Yes,,Not Graduate,,3076,2546,100,,0,Semiurban
LP013238,Female,Yes,2,Graduate,,3076,1800,126,360,1,Urban
LP013239,,No,1,Not Graduate,Yes,5000,0,78,240,1,Semiurban
LP013240,,No,0,Graduate,No,3276,1800,78,360,,Rural
LP013241,,No,3,Not Graduate,,5720,2546,78,360,0,Rural
LP013242,Male,No,1,Not Graduate,Yes,3276,1800,78,240,1,Urban
LP013243,Male,Yes,2,Not Graduate,Yes,3276,0,208,360,0,Rural
LP013244,Female,Yes,1,Graduate,,5720,0,110,,0,Semiurban
LP013245,Female,Yes,0,Not Graduate,,5000,0,78,360,0,Rural
LP013246,,No,,Graduate,,3276,1800,110,360,,Semiurban
LP013247,,Yes,3,Not Graduate,Yes,5720,2546,110,240,0,Rural
LP013248,,Yes,2,Not Graduate,Yes,3076,0,126,240,,Rural
LP013249,Female,No,3,Graduate,No,3076,1800,78,360,1,Urban
LP013250,Male,No,3,Graduate,Yes,5720,0,208,240,1,Semiurban
LP013251,Male,No,3,Not Graduate,,3076,2546,126,180,0,Urban
LP013252,,Yes,1,Not Graduate,No,3276,1800,126,240,0,Urban
LP013253,,No,1,Not Graduate,No,5720,0,110,,,Urban
LP013254,,Yes,,Not Graduate,No,3276,0,100,360,0,Urban
LP013255,,Yes,0,Not Graduate,No,2340,1800,208,240,0,Semiurban
LP013256,Female,Yes,2,Not Graduate,,5000,1800,78,360,0,Semiurban
LP013257,Male,Yes,1,Graduate,No,5000,2546,78,,,Rural
LP013258,,Yes,3,Not Graduate,,5000,0,208,180,,Rural
LP013259,Female,No,0,Graduate,Yes,5720,0,78,180,0,Urban
LP013260,,Yes,2,Not Graduate,,2340,0,100,360,0,Semiurban
LP013261,,No,2,Not Graduate,No,5000,0,100,240,1,Rural
LP013262,Male,Yes,2,Graduate,Yes,3276,0,78,180,,Urban
LP013263,,Yes,2,Not Graduate,Yes,5000,1800,126,360,1,Urban
LP013264,Male,No,,Not Graduate,Yes,2340,0,78,360,0,Rural
LP013265,Male,Yes,2,Graduate,No,3276,0,78,180,0,Semiurban
LP013266,Male,Yes,0,Not Graduate,,3276,2546,208,360,0,Rural
LP013267,Female,No,1,Graduate,,5720,0,100,180,0,Rural
LP013268,Female,No,0,Not Graduate,No,5720,2546,126,180,,Semiurban
LP013269,Male,Yes,3,Not Graduate,No,3076,1800,208,240,0,Rural
LP013270,,Yes,,Graduate,Yes,2340,1800,208,360,1,Urban
LP013271,Male,Yes,,Graduate,,3276,2546,126,180,1,Rural
LP013272,,No,3,Not Graduate,No,2340,2546,126,180,1,Semiurban
LP013273,Male,Yes,0,Graduate,No,5000,0,208,240,,Semiurban
LP013274,,No,0,Graduate,,5000,1800,78,180,1,Rural
LP013275,Female,No,3,Graduate,Yes,3076,2546,126,240,,Rural
LP013276,,Yes,2,Not Graduate,Yes,3276,1500,110,180,,Rural
LP013277,Male,No,2,Graduate,Yes,3276,0,126,360,0,Urban
LP013278,Female,Yes,1,Graduate,,3076,0,208,360,,Semiurban
LP013279,,Yes,0,Graduate,No,5000,1500,110,360,,Urban
LP013280,,No,0,Graduate,No,3276,1800,208,240,,Urban
LP013281,,No,3,Graduate,No,2340,2546,100,360,0,Urban
LP013282,,No,3,Not Graduate,No,3276,2546,100,240,0,Semiurban
LP013283,,No,2,Not Graduate,,5000,1800,78,,0,Semiurban
LP013284,Female,No,0,Not Graduate,Yes,3276,1500,126,240,1,Urban
LP013285,Female,No,0,Not Graduate,Yes,3276,1500,208,,1,Semiurban
LP013286,Female,Yes,,Not Graduate,Yes,5720,1500,110,240,,Semiurban
LP013287,Female,Yes,1,Graduate,Yes,3276,0,126,180,1,Semiurban
LP013288,Male,Yes,1,Graduate,No,3076,2546,78,240,0,Rural
LP013289,Female,No,2,Not Graduate,No,3076,0,208,180,1,Semiurban
LP013290,,No,0,Graduate,,2340,0,208,240,0,Semiurban
LP013291,,No,,Graduate,Yes,3276,0,100,240,1,Semiurban
LP013292,Female,Yes,0,Graduate,No,2340,2546,78,,0,Urban
LP013293,,Yes,3,Not Graduate,No,5000,1800,208,,1,Rural
LP013294,Female,No,2,Graduate,No,5000,2546,100,180,,Rural
LP013295,,No,1,Graduate,Yes,5720,1800,100,180,1,Urban
LP013296,Male,No,0,Not Graduate,No,5720,2546,110,360,1,Semiurban
LP013297,Male,No,2,Not Graduate,Yes,3276,0,78,360,,Semiurban
LP013298,Female,Yes,1,Graduate,Yes,3276,1500,78,,,Rural
LP013299,Female,Yes,0,Graduate,,2340,0,208,180,0,Semiurban
LP013300,Female,Yes,,Not Graduate,,2340,0,110,360,,Rural
LP013301,,No,2,Not Graduate,Yes,3276,0,126,180,1,Urban
LP013302,Female,Yes,0,Graduate,Yes,3276,0,208,,0,Rural
LP013303,Male,No,1,Graduate,Yes,5720,0,100,180,1,Rural
LP013304,,No,1,Not Graduate,No,5720,0,126,,0,Rural
LP013305,Female,No,,Graduate,No,5720,0,126,360,0,Rural
LP013306,,Yes,2,Not Graduate,No,3276,1800,208,180,,Rural
LP013307,,Yes,2,Not Graduate,,2340,0,110,180,1,Urban
LP013308,Female,No,0,Not Graduate,Yes,3076,1500,78,360,0,Semiurban
LP013309,,Yes,1,Graduate,No,3076,1800,110,240,0,Semiurban
LP013310,Male,No,1,Graduate,No,2340,0,208,240,0,Rural
LP013311,Male,No,,Not Graduate,,2340,1500,78,,0,Semiurban
LP013312,,No,,Not Graduate,,2340,1500,126,180,,Rural
LP013313,Female,Yes,2,Not Graduate,Yes,5720,2546,100,360,,Semiurban
LP013314,,Yes,1,Not Graduate,Yes,5000,2546,110,,1,Semiurban
LP013315,Male,No,0,Graduate,No,3276,0,78,360,0,Semiurban
LP013316,,Yes,3,Not Graduate,No,5720,1800,110,240,1,Semiurban
LP013317,,Yes,0,Not Graduate,No,3076,0,78,180,1,Urban
LP013318,Male,Yes,,Not Graduate,No,3276,0,100,,,Rural
LP013319,,Yes,0,Graduate,No,2340,1800,208,240,0,Rural
LP013320,,No,1,Not Graduate,,3076,2546,208,240,,Urban
LP013321,Female,Yes,2,Not Graduate,Yes,2340,0,78,180,0,Urban
LP013322,Female,No,3,Not Graduate,,2340,1500,78,180,0,Urban
LP013323,Male,No,2,Not Graduate,Yes,2340,1500,208,180,1,Urban
LP013324,Male,Yes,3,Not Graduate,Yes,3276,0,126,180,1,Urban
LP013325,Male,No,3,Graduate,Yes,3076,0,126,,,Rural
LP013326,Female,No,1,Graduate,,3076,0,126,180,,Urban
LP013327,Male,Yes,1,Graduate,No,2340,1500,100,,0,Rural
LP013328,Male,No,,Not Graduate,Yes,5720,0,78,180,1,Rural
LP013329,Male,No,,Not Graduate,Yes,5000,1500,110,,1,Semiurban
LP013330,Female,Yes,3,Graduate,,5720,2546,110,,0,Semiurban
LP013331,,Yes,,Not Graduate,,3276,0,78,180,,Semiurban
LP013332,Male,Yes,1,Graduate,No,5000,1800,208,360,0,Urban
LP013333,,Yes,,Not Graduate,No,5720,0,78,,1,Urban
LP013334,Male,Yes,3,Graduate,Yes,3076,2546,126,,,Semiurban
LP013335,,No,2,Graduate,,5720,0,126,360,0,Urban
LP013336,Female,No,0,Not Graduate,No,2340,1500,110,,1,Semiurban
LP013337,Female,Yes,,Not Graduate,No,3276,0,78,240,,Rural
LP013338,Male,Yes,1,Graduate,No,5720,0,110,240,0,Rural
LP013339,,No,2,Graduate,,5720,1800,208,360,,Rural
LP013340,Female,Yes,1,Not Graduate,,5000,0,100,360,0,Rural
LP013341,Male,Yes,,Graduate,,2340,1800,100,180,1,Semiurban
LP013342,Male,No,3,Not Graduate,,5000,0,208,,0,Rural
LP013343,Female,No,0,Graduate,,3276,1800,126,240,0,Rural
LP013344,Female,No,0,Not Graduate,Yes,3276,1800,126,360,1,Urban
LP013345,Male,Yes,2,Not Graduate,Yes,2340,2546,126,180,,Rural
LP013346,,No,0,Not Graduate,,5000,0,110,360,,Rural
LP013347,,Yes,3,Graduate,Yes,2340,0,110,240,1,Semiurban
LP013348,,No,1,Not Graduate,,5000,2546,100,360,1,Urban
LP013349,Male,Yes,3,Not Graduate,Yes,3076,1800,126,360,,Urban
LP013350,Female,Yes,2,Not Graduate,Yes,2340,2546,126,,1,Urban
LP013351,Male,Yes,2,Graduate,No,3276,2546,208,240,,Urban
LP013352,Female,No,0,Not Graduate,,5000,1800,100,,1,Semiurban
LP013353,,No,3,Not Graduate,Yes,3076,0,110,360,1,Semiurban
LP013354,,No,1,Not Graduate,Yes,3276,1500,100,240,1,Semiurban
LP013355,Female,Yes,3,Not Graduate,No,5000,2546,126,180,1,Rural
LP013356,Female,No,1,Not Graduate,Yes,3076,0,126,,1,Urban
LP013357,Male,No,1,Graduate,No,3276,1800,110,,1,Urban
LP013358,,Yes,3,Not Graduate,Yes,3276,1500,110,180,,Semiurban
LP013359,Male,Yes,,Not Graduate,No,3076,2546,100,360,1,Urban
LP013360,Male,No,3,Graduate,No,3276,1800,78,180,0,Rural
LP013361,Male,No,1,Graduate,,5000,1800,126,240,,Urban
LP013362,,No,2,Graduate,,5000,2546,126,,0,Rural
LP013363,Male,Yes,2,Graduate,Yes,3276,0,78,240,1,Urban
LP013364,Male,No,0,Not Graduate,,5720,1800,100,360,,Urban
LP013365,Male,Yes,2,Graduate,,3076,1800,208,180,0,Semiurban
LP013366,Male,Yes,,Not Graduate,,5720,2546,208,240,1,Rural
LP013367,Male,No,1,Graduate,Yes,5000,1500,126,,,Urban
LP013368,Male,No,3,Graduate,Yes,3276,1800,208,240,1,Urban
LP013369,,Yes,3,Not Graduate,,2340,1800,100,,0,Semiurban
LP013370,Male,Yes,,Graduate,,2340,2546,208,360,,Rural
LP013371,Female,No,2,Graduate,Yes,5720,1800,110,180,,Rural
LP013372,Male,No,1,Not Graduate,,5720,2546,100,240,,Semiurban
LP013373,Male,No,2,Graduate,No,5720,0,78,360,,Urban
LP013374,,Yes,0,Graduate,Yes,5000,2546,126,360,,Rural
LP013375,,Yes,2,Graduate,Yes,5000,1500,100,240,0,Semiurban
LP013376,Female,No,0,Not Graduate,No,3276,1800,208,240,,Semiurban
LP013377,Female,Yes,3,Not Graduate,,5000,0,100,,,Semiurban
LP013378,,Yes,1,Not Graduate,No,3276,1800,78,360,1,Semiurban
LP013379,,No,0,Not Graduate,,3276,1800,100,180,,Semiurban
LP013380,Male,Yes,2,Not Graduate,,5720,2546,78,360,0,Urban
LP013381,,No,2,Graduate,Yes,2340,1800,78,180,0,Rural
LP013382,Female,No,3,Not Graduate,Yes,5720,0,100,240,0,Semiurban
LP013383,Male,Yes,,Graduate,,5000,0,126,,1,Urban
LP013384,Female,Yes,,Not Graduate,No,3076,1800,126,,,Urban
LP013385,Male,No,2,Graduate,Yes,5000,2546,208,240,0,Semiurban
LP013386,,Yes,,Not Graduate,,2340,1500,100,,,Rural
LP013387,Female,No,1,Not Graduate,Yes,5000,1800,100,240,0,Semiurban
LP013388,Male,Yes,,Graduate,Yes,2340,2546,110,,0,Semiurban
LP013389,Male,Yes,1,Graduate,Yes,3076,1800,126,360,0,Rural
LP013390,,Yes,2,Graduate,No,3076,0,78,,1,Semiurban
LP013391,,No,2,Graduate,No,3276,0,110,180,,Urban
LP013392,,Yes,2,Not Graduate,,5000,0,100,360,,Urban
LP013393,Female,No,3,Graduate,No,3276,0,110,,,Rural
LP013394,Male,No,,Graduate,,5720,2546,126,360,,Rural
LP013395,,No,0,Not Graduate,,5720,0,100,360,0,Semiurban
LP013396,Female,Yes,0,Graduate,Yes,5720,2546,126,180,,Urban
LP013397,Female,No,2,Graduate,Yes,5720,1800,110,180,1,Urban
LP013398,Female,No,,Graduate,No,5720,0,208,240,1,Semiurban
LP013399,,Yes,1,Not Graduate,,5000,0,78,360,1,Rural
LP013400,,No,0,Graduate,,3276,0,78,,,Urban
LP013401,Male,No,2,Not Graduate,Yes,3276,1500,208,180,1,Urban
LP013402,Male,Yes,0,Graduate,Yes,2340,0,208,360,0,Semiurban
LP013403,,No,0,Not Graduate,Yes,5720,1500,208,240,1,Rural
LP013404,Female,Yes,0,Not Graduate,No,3076,0,126,240,,Semiurban
LP013405,Female,No,2,Graduate,,2340,2546,100,360,0,Urban
LP013406,Female,No,2,Graduate,,2340,2546,208,240,1,Semiurban
LP013407,Male,Yes,3,Graduate,,5000,1500,126,,,Semiurban
LP013408,Female,No,3,Graduate,Yes,2340,0,110,,,Rural
LP013409,Male,No,3,Graduate,No,3076,1500,110,,,Semiurban
LP013410,Male,No,0,Graduate,No,3276,1800,208,,0,Urban
LP013411,Female,Yes,,Not Graduate,Yes,2340,0,110,180,,Urban
LP013412,Female,Yes,2,Not Graduate,No,5000,1500,208,,1,Rural
LP013413,,Yes,3,Graduate,No,5720,1800,110,180,1,Semiurban
LP013414,,Yes,,Not Graduate,,3076,1800,110,180,1,Rural
LP013415,Female,Yes,3,Graduate,Yes,5720,0,100,180,,Semiurban
LP013416,Male,No,3,Graduate,Yes,2340,1500,100,240,,Rural
LP013417,Male,Yes,,Not Graduate,Yes,3276,2546,110,180,1,Semiurban
LP013418,Male,Yes,3,Graduate,Yes,5000,0,100,240,0,Rural
LP013419,Male,Yes,0,Not Graduate,,3076,0,208,,0,Semiurban
LP013420,Male,No,0,Graduate,No,3276,2546,78,240,0,Urban
LP013421,,No,0,Not Graduate,No,3076,1800,208,360,0,Semiurban
LP013422,Female,Yes,1,Graduate,,5000,0,100,240,,Semiurban
LP013423,,No,3,Not Graduate,No,5000,0,126,360,0,Semiurban
LP013424,Male,No,1,Not Graduate,Yes,2340,1800,110,240,1,Rural
LP013425,Male,No,2,Graduate,,3076,1800,100,180,,Urban
LP013426,Male,No,,Graduate,,2340,1800,100,360,,Rural
LP013427,Male,Yes,2,Not Graduate,Yes,3076,2546,100,240,1,Urban
LP013428,Female,Yes,1,Graduate,Yes,3076,0,208,,1,Rural
LP013429,Male,No,0,Graduate,Yes,5720,0,110,240,0,Semiurban
LP013430,Female,No,3,Graduate,No,2340,2546,78,360,,Semiurban
LP013431,Male,No,3,Graduate,Yes,3076,0,100,,0,Rural
LP013432,Female,No,0,Graduate,,3076,1800,126,360,0,Semiurban
LP013433,,Yes,3,Graduate,No,5000,1800,110,180,,Rural
LP013434,Male,No,,Not Graduate,No,5720,1800,78,180,1,Rural
LP013435,Female,Yes,,Not Graduate,,5000,0,126,240,,Urban
LP013436,,No,,Graduate,No,2340,1500,78,240,1,Semiurban
LP013437,Male,Yes,2,Not Graduate,Yes,2340,0,78,240,1,Semiurban
LP013438,Male,No,0,Graduate,Yes,3076,1500,110,240,0,Semiurban
LP013439,Male,Yes,,Not Graduate,Yes,3276,2546,208,360,0,Rural
LP013440,Female,Yes,1,Graduate,Yes,5000,1500,126,360,0,Urban
LP013441,Female,Yes,,Graduate,No,2340,1500,100,240,,Semiurban
LP013442,,No,2,Graduate,,3076,2546,78,240,,Rural
LP013443,Female,Yes,1,Not Graduate,No,3076,1500,126,180,1,Semiurban
LP013444,Female,No,0,Graduate,,5000,0,110,240,1,Urban
LP013445,Male,Yes,0,Graduate,,3076,0,126,180,,Rural
LP013446,Male,Yes,,Not Graduate,Yes,5720,2546,100,180,,Rural
LP013447,Male,No,1,Not Graduate,No,3276,1500,100,240,1,Rural
LP013448,Male,Yes,1,Graduate,Yes,5000,1800,110,360,1,Rural
LP013449,Male,No,,Not Graduate,No,5000,1800,126,180,,Urban
LP013450,Male,No,,Not Graduate,No,5000,2546,208,180,0,Rural
LP013451,Male,No,3,Graduate,Yes,3076,1800,208,240,,Rural
LP013452,,No,3,Graduate,No,3076,0,78,360,0,Rural
LP013453,,Yes,,Graduate,Yes,5000,1500,78,,0,Urban
LP013454,,Yes,2,Graduate,,5000,0,126,180,,Semiurban
LP013455,,No,3,Not Graduate,Yes,5720,0,78,240,1,Semiurban
LP013456,Male,Yes,,Graduate,No,2340,0,100,360,0,Urban
LP013457,,Yes,1,Graduate,No,5720,1500,110,360,,Urban
LP013458,Male,No,3,Graduate,,5000,2546,78,360,0,Rural
LP013459,,Yes,2,Not Graduate,,3076,1800,208,180,0,Urban
LP013460,Female,No,0,Graduate,,3076,0,100,,1,Semiurban
LP013461,,Yes,1,Graduate,Yes,5000,0,208,360,0,Semiurban
LP013462,,Yes,2,Graduate,Yes,2340,1800,78,180,,Semiurban
LP013463,Male,No,2,Not Graduate,No,3276,1500,78,240,0,Urban
LP013464,,Yes,2,Graduate,,3276,0,100,360,,Urban
LP013465,Female,Yes,1,Graduate,,5720,0,208,180,0,Rural
LP013466,Male,No,2,Graduate,Yes,2340,1500,110,,1,Rural
LP013467,Male,Yes,0,Graduate,No,3276,2546,110,360,1,Rural
LP013468,,No,3,Not Graduate,,2340,0,100,,0,Rural
LP013469,Male,Yes,1,Not Graduate,Yes,3076,1500,78,180,1,Rural
LP013470,Male,No,2,Graduate,Yes,3076,1800,100,240,0,Urban
LP013471,Male,No,,Not Graduate,,2340,1800,208,180,0,Semiurban
LP013472,Male,No,3,Not Graduate,,5000,0,110,,1,Rural
LP013473,Male,No,1,Graduate,No,3276,0,78,,1,Rural
LP013474,Male,No,,Graduate,,3276,2546,208,240,0,Semiurban
LP013475,Female,Yes,,Not Graduate,Yes,3076,2546,110,360,,Semiurban
LP013476,,Yes,2,Graduate,,5720,1800,110,180,,Semiurban
LP013477,Female,No,1,Graduate,,3276,2546,126,240,1,Semiurban
LP013478,Male,Yes,2,Graduate,No,3076,1800,78,360,1,Urban
LP013479,Male,No,0,Graduate,Yes,3076,0,100,240,,Semiurban
LP013480,,Yes,,Not Graduate,,2340,0,126,,,Rural
LP013481,Female,Yes,0,Graduate,Yes,2340,1800,110,360,0,Semiurban
LP013482,,No,2,Not Graduate,No,2340,0,78,240,1,Rural
LP013483,Female,No,3,Graduate,Yes,5720,1800,78,180,0,Urban
LP013484,Male,Yes,,Graduate,,3276,1500,126,240,0,Rural
LP013485,,Yes,3,Not Graduate,,5720,1800,208,360,,Urban
LP013486,,No,1,Not Graduate,No,5720,0,208,240,0,Rural
LP013487,Male,Yes,,Not Graduate,No,2340,2546,100,240,1,Urban
LP013488,,Yes,0,Not Graduate,No,3076,1800,78,180,1,Semiurban
LP013489,Female,No,3,Graduate,Yes,5000,0,126,360,1,Urban
LP013490,Female,Yes,1,Graduate,Yes,3076,0,110,360,0,Semiurban
LP013491,Female,No,,Not Graduate,Yes,3076,2546,208,,0,Urban
LP013492,Female,No,1,Graduate,Yes,3076,0,126,240,1,Semiurban
LP013493,Male,No,0,Graduate,No,3076,1800,100,360,,Urban
LP013494,,Yes,,Graduate,Yes,5720,1500,100,360,,Rural
LP013495,Female,Yes,1,Not Graduate,Yes,2340,1500,78,360,1,Rural
LP013496,Male,No,2,Not Graduate,Yes,2340,0,100,180,0,Rural
LP013497,,No,,Not Graduate,Yes,3076,0,100,180,0,Semiurban
LP013498,,Yes,,Not Graduate,No,5000,2546,208,180,0,Rural
LP013499,Male,Yes,,Not Graduate,No,3276,1500,208,360,0,Rural
LP013500,Male,Yes,,Not Graduate,,3076,1800,100,180,1,Urban
LP013501,Female,No,2,Not Graduate,,3076,0,78,360,0,Rural
LP013502,,No,0,Graduate,Yes,5000,0,208,180,1,Semiurban
LP013503,,Yes,2,Graduate,Yes,5720,1500,208,240,1,Semiurban
LP013504,Male,Yes,2,Not Graduate,No,3076,1500,100,360,0,Urban
LP013505,,Yes,1,Graduate,,5000,0,78,,,Semiurban
LP013506,Female,No,3,Graduate,Yes,5720,2546,100,240,0,Semiurban
LP013507,,No,3,Not Graduate,,5720,0,110,240,,Urban
LP013508,Male,Yes,1,Graduate,,3076,0,110,240,,Rural
LP013509,Male,Yes,2,Graduate,,5720,1800,78,,1,Urban
LP013510,Female,No,1,Not Graduate,No,3076,1500,110,,,Urban
LP013511,Female,No,,Not Graduate,Yes,3076,1500,78,,,Rural
LP013512,,Yes,1,Graduate,Yes,2340,2546,110,180,1,Urban
LP013513,,Yes,1,Not Graduate,No,3276,0,126,180,0,Semiurban
LP013514,Male,Yes,,Not Graduate,No,3276,0,208,240,,Urban
LP013515,Female,No,3,Graduate,No,2340,0,100,,0,Rural
LP013516,Female,Yes,,Not Graduate,,3076,0,78,240,1,Rural
LP013517,Female,No,0,Graduate,,5000,2546,110,240,,Urban
LP013518,,No,1,Not Graduate,Yes,5720,2546,126,,1,Rural
LP013519,Female,Yes,1,Graduate,Yes,2340,0,110,180,1,Urban
LP013520,Male,Yes,3,Not Graduate,,2340,0,126,240,1,Semiurban
LP013521,Male,No,2,Graduate,,2340,1800,100,240,,Semiurban
LP013522,,Yes,,Not Graduate,No,2340,0,208,360,1,Rural
LP013523,,No,2,Graduate,,3276,0,208,,0,Rural
LP013524,Female,Yes,0,Not Graduate,Yes,3076,2546,126,240,1,Urban
LP013525,,Yes,,Graduate,Yes,2340,1800,110,,,Semiurban
LP013526,Male,Yes,0,Not Graduate,No,2340,1800,208,360,,Rural
LP013527,Female,Yes,0,Graduate,No,2340,2546,110,,,Semiurban
LP013528,Male,No,0,Graduate,Yes,5000,0,78,360,0,Urban
LP013529,Female,No,,Not Graduate,,5000,2546,110,360,,Semiurban
LP013530,,No,,Not Graduate,,5720,0,78,180,0,Urban
LP013531,Female,Yes,3,Graduate,Yes,3076,2546,78,240,1,Rural
LP013532,Female,No,1,Not Graduate,,2340,2546,208,240,0,Rural
LP013533,Male,No,2,Graduate,,5720,1500,78,,1,Rural
LP013534,Male,No,2,Graduate,Yes,5720,0,110,,1,Rural
LP013535,Female,Yes,0,Graduate,Yes,3076,0,100,360,1,Urban
LP013536,,No,,Graduate,No,5000,1500,110,360,,Urban
LP013537,,Yes,,Graduate,Yes,3076,1500,126,,0,Rural
LP013538,Male,Yes,0,Graduate,No,5720,1500,126,,,Rural
LP013539,,No,1,Not Graduate,No,3076,1500,110,,,Semiurban
LP013540,Male,Yes,2,Graduate,,5000,0,126,360,0,Urban
LP013541,,No,3,Graduate,Yes,5720,1500,100,,1,Semiurban
LP013542,Female,No,1,Graduate,,3076,0,126,360,0,Urban
LP013543,Male,No,,Graduate,Yes,2340,0,208,240,,Urban
LP013544,Male,No,0,Graduate,Yes,2340,1500,100,240,0,Rural
LP013545,Female,No,2,Not Graduate,,3076,1800,208,360,1,Rural
LP013546,Male,Yes,0,Not Graduate,No,3076,0,208,360,,Semiurban
LP013547,,No,,Graduate,Yes,5000,1500,100,360,0,Rural
LP013548,,Yes,0,Graduate,No,5720,2546,208,360,1,Rural
LP013549,Male,No,2,Graduate,,3076,2546,126,180,,Rural
LP013550,,No,0,Not Graduate,,5720,0,110,240,,Urban
LP013551,Male,No,2,Not Graduate,Yes,2340,0,100,240,1,Rural
LP013552,Female,Yes,0,Graduate,,5720,0,110,180,0,Rural
LP013553,Male,Yes,0,Not Graduate,Yes,3276,2546,100,,1,Urban
LP013554,Female,Yes,2,Graduate,Yes,5000,0,100,360,,Semiurban
LP013555,,Yes,0,Graduate,Yes,5000,0,208,360,1,Rural
LP013556,Female,No,1,Not Graduate,Yes,5720,2546,110,,,Rural
LP013557,,No,3,Not Graduate,Yes,5000,1500,126,240,1,Urban
LP013558,Male,Yes,1,Not Graduate,,5720,2546,110,180,0,Rural
LP013559,,Yes,3,Not Graduate,Yes,5720,1800,100,360,1,Rural
LP013560,Male,Yes,1,Not Graduate,No,2340,2546,126,240,,Urban
LP013561,Male,No,3,Graduate,Yes,5720,2546,208,240,0,Semiurban
LP013562,Female,Yes,0,Not Graduate,Yes,5000,1500,126,240,,Urban
LP013563,Female,Yes,2,Graduate,Yes,3276,2546,126,180,0,Rural
LP013564,Female,No,2,Not Graduate,,3076,2546,110,180,,Semiurban
LP013565,Female,Yes,,Graduate,No,5000,1500,100,180,,Urban
LP013566,,No,3,Not Graduate,No,3276,2546,100,180,,Rural
LP013567,,No,,Not Graduate,No,5000,1500,100,180,0,Rural
LP013568,,No,,Graduate,,3276,1800,78,180,,Semiurban
LP013569,Male,No,3,Not Graduate,,5000,1500,208,,1,Semiurban
LP013570,,No,2,Graduate,Yes,3076,0,110,240,,Rural
LP013571,,Yes,3,Not Graduate,,2340,0,100,240,,Semiurban
LP013572,,Yes,0,Graduate,No,2340,1500,126,,0,Rural
LP013573,Female,No,,Graduate,No,3076,2546,78,360,,Semiurban
LP013574,,No,,Not Graduate,,5000,0,208,,,Urban
LP013575,Male,Yes,3,Not Graduate,,3276,0,100,360,,Urban
LP013576,Female,Yes,,Not Graduate,No,5720,1800,78,360,,Semiurban
LP013577,Male,No,2,Not Graduate,No,5000,1800,208,,,Semiurban
LP013578,,Yes,,Not Graduate,No,3076,0,126,,1,Rural
LP013579,Female,Yes,3,Graduate,No,2340,0,78,180,1,Rural
LP013580,Male,No,2,Not Graduate,No,2340,1500,110,,0,Rural
LP013581,,Yes,2,Not Graduate,,5000,0,208,180,0,Urban
LP013582,Male,Yes,,Graduate,,3276,0,78,,1,Urban
LP013583,Male,Yes,3,Graduate,Yes,3076,1800,78,,0,Urban
LP013584,Male,Yes,,Not Graduate,Yes,3076,1800,208,360,1,Semiurban
LP013585,,No,0,Graduate,Yes,3276,0,78,,1,Urban
LP013586,,Yes,0,Not Graduate,,3276,1800,78,360,0,Semiurban
LP013587,Male,No,2,Graduate,Yes,5000,0,208,180,0,Semiurban
LP013588,Female,Yes,,Graduate,Yes,5000,1800,126,,,Semiurban
LP013589,Female,No,0,Graduate,,2340,0,110,180,1,Urban
LP013590,,No,1,Not Graduate,No,2340,1800,208,,1,Urban
LP013591,,Yes,0,Graduate,,3276,0,100,,1,Semiurban
LP013592,,No,,Not Graduate,,5720,1500,78,240,0,Urban
LP013593,,No,,Not Graduate,No,5720,0,110,,1,Semiurban
LP013594,,No,0,Not Graduate,Yes,5720,1800,110,360,1,Semiurban
LP013595,Female,No,,Graduate,,3076,2546,208,180,0,Urban
LP013596,,No,,Not Graduate,,5000,1800,100,240,1,Semiurban
LP013597,Male,Yes,1,Graduate,No,3276,1800,100,240,1,Urban
LP013598,Male,No,2,Graduate,,2340,0,126,180,,Urban
LP013599,Female,No,,Not Graduate,Yes,5720,2546,100,180,,Semiurban
LP013600,Male,Yes,3,Not Graduate,No,2340,0,208,240,,Rural
LP013601,Female,Yes,2,Not Graduate,,5000,0,110,,1,Urban
LP013602,Female,No,2,Not Graduate,Yes,3276,0,110,240,,Semiurban
LP013603,Male,Yes,3,Not Graduate,Yes,5720,1500,100,,0,Rural
LP013604,,Yes,0,Graduate,,5720,1800,78,180,,Rural
LP013605,Male,Yes,1,Graduate,Yes,3276,2546,126,,0,Rural
LP013606,Male,Yes,,Not Graduate,No,2340,1800,100,,0,Semiurban
LP013607,Female,Yes,0,Not Graduate,Yes,5000,0,208,,0,Semiurban
LP013608,Male,Yes,3,Not Graduate,No,5000,1500,126,360,1,Rural
LP013609,Female,No,1,Graduate,No,5000,0,100,,0,Semiurban
LP013610,,No,1,Graduate,No,2340,1800,126,360,1,Urban
LP013611,,Yes,1,Not Graduate,,2340,0,78,,0,Rural
LP013612,,Yes,3,Not Graduate,Yes,5720,1800,208,,1,Rural
LP013613,Male,No,0,Graduate,,2340,0,100,360,0,Rural
LP013614,Female,Yes,,Graduate,,3076,2546,110,,0,Rural
LP013615,,No,1,Not Graduate,No,3276,2546,208,,1,Semiurban
LP013616,Female,Yes,1,Not Graduate,,2340,2546,78,360,,Rural
LP013617,Female,No,0,Graduate,Yes,5000,2546,78,360,0,Rural
LP013618,,No,1,Graduate,,2340,2546,110,360,0,Rural
LP013619,,Yes,1,Graduate,,5720,1500,208,360,,Rural
LP013620,Female,Yes,3,Graduate,No,3276,1500,100,,0,Urban
LP013621,,Yes,2,Graduate,No,3276,0,110,,1,Rural
LP013622,Female,Yes,0,Not Graduate,,5000,2546,100,180,1,Semiurban
LP013623,Female,No,0,Not Graduate,No,3276,0,126,,0,Urban
LP013624,,Yes,0,Graduate,,3076,0,100,240,0,Urban
LP013625,Male,No,3,Graduate,Yes,3276,1800,126,240,1,Rural
LP013626,,Yes,3,Graduate,Yes,5000,2546,100,240,,Semiurban
LP013627,Male,No,,Graduate,No,3276,0,126,,0,Urban
LP013628,Female,Yes,3,Not Graduate,Yes,2340,0,208,240,1,Urban
LP013629,Female,Yes,0,Not Graduate,Yes,5720,0,78,,,Semiurban
LP013630,Male,No,,Not Graduate,,2340,0,208,360,0,Urban
LP013631,Female,Yes,2,Not Graduate,No,3076,2546,110,,0,Rural
LP013632,Male,Yes,1,Graduate,Yes,3076,1800,208,180,,Urban
LP013633,Male,Yes,1,Graduate,No,5720,1800,208,,0,Rural
LP013634,Female,Yes,,Not Graduate,No,5720,1500,78,240,0,Semiurban
LP013635,Male,Yes,2,Graduate,No,5720,2546,208,360,1,Semiurban
LP013636,,No,1,Not Graduate,Yes,5720,0,110,360,,Urban
LP013637,,Yes,,Graduate,No,3276,1800,208,360,0,Semiurban
LP013638,Female,No,3,Graduate,No,2340,0,208,180,1,Rural
LP013639,Female,Yes,0,Not Graduate,,3076,0,208,180,0,Rural
LP013640,Male,Yes,2,Graduate,,3276,0,208,180,1,Rural
LP013641,Male,No,1,Graduate,,5720,0,78,240,0,Urban
LP013642,Male,No,0,Graduate,,5000,2546,78,240,0,Rural
LP013643,Male,No,,Not Graduate,No,5000,0,110,180,0,Rural
LP013644,,No,1,Graduate,,2340,0,110,,0,Semiurban
LP013645,,No,0,Graduate,,3076,0,110,180,0,Urban
LP013646,Female,Yes,3,Graduate,Yes,3076,1800,208,180,,Semiurban
LP013647,Male,No,2,Not Graduate,,2340,2546,100,180,,Rural
LP013648,Male,No,,Graduate,,5720,0,208,360,,Rural
LP013649,Female,Yes,1,Graduate,Yes,5720,0,100,240,1,Semiurban
LP013650,Male,Yes,3,Not Graduate,No,3076,0,110,360,,Semiurban
LP013651,Male,No,2,Graduate,No,3076,1800,208,,0,Semiurban
LP013652,Male,No,2,Graduate,Yes,3076,0,110,,0,Rural
LP013653,Male,No,3,Graduate,Yes,5720,1800,78,240,,Semiurban
LP013654,Male,Yes,1,Not Graduate,No,5000,2546,110,,1,Urban
LP013655,Female,No,2,Graduate,,2340,2546,208,360,0,Urban
LP013656,Male,Yes,,Graduate,Yes,2340,1500,78,360,1,Semiurban
LP013657,Female,Yes,0,Not Graduate,Yes,3276,0,78,360,0,Urban
LP013658,Male,Yes,,Not Graduate,Yes,3276,1500,100,,1,Urban
LP013659,,Yes,2,Graduate,No,5000,1800,126,180,1,Urban
LP013660,,No,0,Graduate,No,3076,0,78,360,1,Semiurban
LP013661,,Yes,3,Graduate,No,5000,0,126,360,0,Urban
LP013662,,Yes,0,Not Graduate,No,3276,0,110,180,0,Urban
LP013663,Female,No,0,Graduate,No,3276,0,110,180,,Rural
LP013664,Female,Yes,0,Not Graduate,,2340,2546,78,240,1,Semiurban
LP013665,Male,No,2,Graduate,,5000,1500,100,,1,Rural
LP013666,,Yes,1,Not Graduate,No,5720,2546,110,360,0,Rural
LP013667,Female,No,2,Not Graduate,No,3276,2546,126,240,1,Semiurban
LP013668,Male,Yes,1,Not Graduate,No,2340,1500,78,,1,Urban
LP013669,Male,Yes,3,Graduate,Yes,3076,2546,78,240,0,Rural
LP013670,Female,No,3,Not Graduate,Yes,5000,0,100,,0,Urban
LP013671,,Yes,3,Not Graduate,No,3276,1800,78,360,0,Urban
LP013672,Male,Yes,3,Graduate,No,5720,0,208,240,0,Urban
LP013673,,No,3,Not Graduate,Yes,3276,0,126,,0,Semiurban
LP013674,,Yes,,Not Graduate,Yes,5720,2546,208,,0,Rural
LP013675,,Yes,2,Graduate,Yes,5000,1500,208,,1,Rural
LP013676,Male,No,1,Not Graduate,Yes,5720,0,126,180,0,Semiurban
LP013677,,No,3,Graduate,Yes,5720,2546,78,,,Urban
LP013678,Male,No,,Graduate,No,2340,0,78,180,1,Urban
LP013679,,No,,Graduate,No,5000,0,208,360,,Urban
LP013680,Male,No,,Not Graduate,Yes,3276,0,126,240,0,Semiurban
LP013681,,Yes,2,Graduate,No,3076,1800,110,360,0,Rural
LP013682,Female,No,3,Not Graduate,Yes,5000,1800,126,180,1,Rural
LP013683,,Yes,,Not Graduate,Yes,5000,1500,208,360,0,Semiurban
LP013684,,No,,Not Graduate,Yes,3076,1800,126,180,1,Rural
LP013685,Male,Yes,3,Not Graduate,No,3276,2546,126,180,1,Rural
LP013686,Male,Yes,2,Graduate,No,2340,0,110,,0,Semiurban
LP013687,,No,,Graduate,No,3276,0,100,180,1,Rural
LP013688,Female,Yes,1,Not Graduate,No,3076,0,100,,1,Urban
LP013689,Female,Yes,0,Not Graduate,,3276,2546,110,240,1,Urban
LP013690,Male,No,0,Graduate,Yes,5000,2546,126,,0,Semiurban
LP013691,Female,No,0,Graduate,Yes,2340,0,208,,1,Urban
LP013692,,No,2,Graduate,No,5720,0,110,,,Urban
LP013693,Male,No,,Not Graduate,No,3276,0,100,,1,Urban
LP013694,,Yes,0,Graduate,,5720,2546,100,240,1,Rural
LP013695,Male,Yes,0,Graduate,Yes,2340,1800,110,240,0,Rural
LP013696,Male,Yes,3,Graduate,Yes,5720,1800,126,240,1,Urban
LP013697,Male,Yes,,Not Graduate,No,3276,0,78,180,0,Urban
LP013698,Male,Yes,,Graduate,No,3076,1800,208,180,1,Semiurban
LP013699,Female,Yes,3,Graduate,,5000,1800,78,,,Urban
LP013700,,No,,Graduate,Yes,5000,2546,208,,0,Semiurban
LP013701,,Yes,1,Not Graduate,,5720,2546,78,180,,Urban
LP013702,,Yes,2,Not Graduate,Yes,5000,1500,78,,1,Rural
LP013703,Male,Yes,3,Graduate,No,5000,2546,208,240,,Semiurban
LP013704,Female,No,0,Not Graduate,,3076,1500,208,360,1,Urban
LP013705,,No,,Not Graduate,No,5720,2546,100,,1,Semiurban
LP013706,Female,No,1,Graduate,Yes,3076,0,126,360,1,Urban
LP013707,Male,No,1,Not Graduate,Yes,3076,2546,126,240,1,Rural
LP013708,,Yes,2,Graduate,,2340,1500,100,,1,Semiurban
LP013709,Female,Yes,1,Not Graduate,No,5720,1800,78,240,1,Semiurban
LP013710,Male,Yes,,Not Graduate,Yes,3076,2546,208,240,0,Rural
LP013711,Female,No,,Graduate,Yes,3276,1800,110,240,1,Urban
LP013712,,Yes,1,Graduate,,5000,1800,78,180,1,Rural
LP013713,,Yes,,Graduate,,5720,2546,126,,1,Rural
LP013714,Male,Yes,,Not Graduate,No,2340,2546,208,240,,Semiurban
LP013715,Male,No,0,Not Graduate,,3076,0,100,180,,Urban
LP013716,Male,No,3,Not Graduate,Yes,3276,1500,78,,0,Semiurban
LP013717,Female,No,,Not Graduate,No,5000,2546,110,240,,Semiurban
LP013718,Female,Yes,,Graduate,No,5000,1800,78,,0,Semiurban
LP013719,Female,Yes,2,Graduate,No,3276,1800,100,180,1,Semiurban
LP013720,Male,Yes,3,Graduate,Yes,5720,2546,110,180,1,Rural
LP013721,,Yes,3,Graduate,,5000,1500,78,,0,Urban
LP013722,,No,3,Graduate,No,5000,1800,100,,0,Rural
LP013723,Female,Yes,1,Not Graduate,Yes,5000,0,78,180,0,Semiurban
LP013724,Female,No,0,Not Graduate,,3076,1800,208,240,1,Semiurban
LP013725,,Yes,0,Graduate,No,3076,1500,78,180,,Semiurban
LP013726,,No,2,Not Graduate,,5000,0,100,240,1,Rural
LP013727,Female,Yes,3,Not Graduate,,2340,0,126,180,0,Rural
LP013728,Female,Yes,3,Not Graduate,,5000,0,100,180,1,Urban
LP013729,,No,,Graduate,Yes,5720,0,78,240,1,Urban
LP013730,Male,No,1,Not Graduate,No,2340,0,208,360,1,Semiurban
LP013731,Female,Yes,1,Graduate,No,5720,0,126,240,,Rural
LP013732,,Yes,2,Not Graduate,No,3276,0,100,360,,Rural
LP013733,,Yes,0,Not Graduate,Yes,3276,1800,126,240,1,Semiurban
LP013734,,No,3,Graduate,,3076,1800,208,180,1,Semiurban
LP013735,,Yes,2,Graduate,Yes,3076,2546,110,240,0,Semiurban
LP013736,Male,No,1,Graduate,No,3076,2546,126,360,1,Semiurban
LP013737,,Yes,1,Graduate,,3276,1800,100,180,,Rural
LP013738,Female,Yes,1,Not Graduate,Yes,5720,0,208,240,,Semiurban
LP013739,Male,Yes,3,Graduate,Yes,2340,1500,100,240,1,Urban
LP013740,,Yes,3,Graduate,Yes,3076,0,208,180,,Semiurban
LP013741,Male,No,3,Not Graduate,Yes,3276,2546,100,360,,Semiurban
LP013742,Female,No,,Not Graduate,,3076,0,208,240,,Semiurban
LP013743,,Yes,0,Not Graduate,Yes,5000,2546,78,360,1,Urban
LP013744,Female,Yes,1,Graduate,,2340,1500,100,240,0,Rural
LP013745,,Yes,1,Graduate,Yes,5720,0,208,240,,Urban
LP013746,,No,,Not Graduate,No,3076,1800,110,,0,Urban
LP013747,,Yes,1,Not Graduate,Yes,5000,1500,208,,1,Rural
LP013748,,No,1,Not Graduate,Yes,5000,2546,110,240,0,Urban
LP013749,,No,3,Graduate,No,2340,0,126,,0,Rural
LP013750,Male,No,3,Not Graduate,,3276,0,208,360,0,Semiurban
LP013751,,No,0,Graduate,Yes,3276,0,126,,1,Rural
LP013752,,Yes,1,Graduate,Yes,3076,0,126,180,1,Urban
LP013753,Male,Yes,2,Not Graduate,No,3076,0,78,,1,Semiurban
LP013754,Male,No,1,Graduate,,3276,1800,208,240,1,Urban
LP013755,Male,Yes,1,Graduate,No,5720,0,78,180,,Semiurban
LP013756,Male,Yes,0,Graduate,Yes,5720,0,78,240,1,Urban
LP013757,Male,Yes,2,Graduate,,5000,2546,126,,0,Semiurban
LP013758,Male,No,1,Graduate,Yes,2340,1800,100,240,0,Semiurban
LP013759,,Yes,2,Graduate,No,5720,0,126,,1,Urban
LP013760,,Yes,3,Not Graduate,Yes,3076,0,126,360,,Urban
LP013761,Female,Yes,3,Graduate,No,5720,0,110,180,,Semiurban
LP013762,,Yes,2,Not Graduate,No,2340,1500,100,180,1,Urban
LP013763,,Yes,1,Graduate,,3076,1800,126,360,,Urban
LP013764,Male,Yes,2,Not Graduate,No,2340,0,100,180,0,Semiurban
LP013765,Male,Yes,2,Not Graduate,,3276,1800,110,240,,Rural
LP013766,,Yes,3,Not Graduate,,2340,0,100,240,,Semiurban
LP013767,Female,Yes,2,Graduate,,2340,1500,208,,1,Rural
LP013768,Male,Yes,,Graduate,,2340,2546,110,180,0,Urban
LP013769,,No,,Graduate,,3076,1500,100,180,,Rural
LP013770,,Yes,3,Graduate,No,2340,1800,78,180,,Urban
LP013771,Female,No,1,Graduate,No,2340,1500,100,360,0,Semiurban
LP013772,Female,Yes,1,Graduate,,5000,0,110,,,Semiurban
LP013773,Male,No,3,Not Graduate,No,3076,1800,78,180,0,Semiurban
LP013774,Female,No,1,Graduate,,2340,1800,100,180,,Urban
LP013775,,Yes,0,Graduate,No,5720,0,100,240,1,Urban
LP013776,,No,,Graduate,,2340,0,110,360,,Urban
LP013777,Female,No,0,Not Graduate,Yes,5720,2546,78,180,,Semiurban
LP013778,Female,No,0,Not Graduate,Yes,3276,1500,78,180,,Urban
LP013779,Female,Yes,0,Not Graduate,,3276,2546,100,360,0,Rural
LP013780,Female,No,3,Not Graduate,No,3076,2546,208,240,0,Semiurban
LP013781,Male,No,0,Graduate,,3076,0,110,360,1,Urban
LP013782,Female,Yes,2,Graduate,No,3276,0,110,,1,Urban
LP013783,Male,No,1,Not Graduate,,3076,2546,126,240,1,Rural
LP013784,,No,3,Not Graduate,,5720,1800,78,180,1,Semiurban
LP013785,Female,No,2,Graduate,No,5720,0,78,180,1,Rural
LP013786,Male,Yes,2,Not Graduate,No,5000,0,126,,0,Urban
LP013787,Female,No,,Not Graduate,,3076,2546,100,360,1,Urban
LP013788,,Yes,,Not Graduate,Yes,3076,0,100,180,,Rural
LP013789,,No,2,Not Graduate,Yes,5000,1500,110,360,1,Semiurban
LP013790,,No,,Graduate,Yes,2340,0,100,360,1,Urban
LP013791,Female,No,1,Not Graduate,Yes,5720,1800,208,360,1,Rural
LP013792,Female,No,1,Graduate,Yes,2340,0,208,180,1,Semiurban
LP013793,Male,Yes,,Not Graduate,No,5000,0,208,240,0,Urban
LP013794,,No,0,Not Graduate,Yes,3076,1500,126,180,1,Rural
LP013795,Female,Yes,2,Graduate,No,2340,1800,208,240,0,Rural
LP013796,,No,1,Graduate,Yes,3076,1500,126,240,1,Semiurban
LP013797,,Yes,,Not Graduate,No,5000,1800,110,240,0,Urban
LP013798,Male,No,,Not Graduate,Yes,3276,1500,110,180,1,Semiurban
LP013799,Male,No,1,Not Graduate,Yes,3076,2546,208,,,Semiurban
LP013800,Male,Yes,1,Graduate,No,2340,0,126,,0,Urban
LP013801,Male,Yes,0,Not Graduate,No,2340,0,208,240,0,Urban
LP013802,,Yes,,Not Graduate,,5000,0,100,180,1,Semiurban
LP013803,Male,Yes,,Graduate,Yes,2340,2546,126,,0,Semiurban
LP013804,Male,No,3,Not Graduate,Yes,5720,1500,126,,0,Urban
LP013805,Male,Yes,0,Not Graduate,No,3076,0,126,180,0,Rural
LP013806,Male,Yes,1,Not Graduate,No,5720,2546,126,360,,Rural
LP013807,,Yes,1,Graduate,Yes,5000,1500,100,,1,Urban
LP013808,Male,No,2,Not Graduate,Yes,5720,0,208,,,Rural
LP013809,,No,1,Not Graduate,No,5720,1500,110,180,,Rural
LP013810,Female,No,,Not Graduate,No,3076,0,78,180,1,Semiurban
LP013811,,No,1,Not Graduate,Yes,3076,0,78,180,,Semiurban
LP013812,,Yes,,Graduate,No,3276,0,126,,,Semiurban
LP013813,Male,No,,Not Graduate,No,5720,0,126,180,0,Rural
LP013814,Female,Yes,0,Not Graduate,Yes,3076,0,110,240,0,Semiurban
LP013815,Female,No,1,Not Graduate,,5720,2546,78,240,1,Rural
LP013816,Female,Yes,0,Not Graduate,No,5720,1500,126,180,1,Rural
LP013817,Female,Yes,,Graduate,,5000,0,100,,,Semiurban
LP013818,,Yes,1,Not Graduate,No,5000,0,78,,1,Urban
LP013819,Female,Yes,1,Not Graduate,,5720,1500,100,,1,Rural
LP013820,,Yes,0,Graduate,No,5000,0,110,180,0,Rural
LP013821,,No,0,Not Graduate,,3076,2546,110,360,,Urban
LP013822,,Yes,,Graduate,,5720,0,78,240,0,Semiurban
LP013823,Female,Yes,,Not Graduate,No,5000,0,208,180,0,Rural
LP013824,Male,Yes,1,Graduate,,3076,1800,78,360,0,Urban
LP013825,Male,Yes,1,Graduate,Yes,5720,1500,100,360,,Urban
LP013826,Female,No,3,Not Graduate,Yes,5720,0,208,180,,Urban
LP013827,Male,No,3,Graduate,Yes,5000,0,100,360,,Semiurban
LP013828,Male,Yes,2,Graduate,,3076,0,100,360,0,Urban
LP013829,,Yes,,Not Graduate,No,5720,1800,100,360,1,Semiurban
LP013830,,Yes,2,Not Graduate,,5720,0,126,240,,Urban
LP013831,Female,Yes,2,Not Graduate,No,3276,0,208,360,1,Rural
LP013832,Female,No,0,Not Graduate,,5720,1500,126,360,0,Rural
LP013833,Male,No,0,Not Graduate,No,3276,1800,126,180,,Urban
LP013834,,Yes,3,Not Graduate,,3276,1800,100,180,1,Rural
LP013835,Female,Yes,2,Not Graduate,,3076,2546,110,240,,Semiurban
LP013836,Female,Yes,3,Not Graduate,Yes,2340,2546,78,180,0,Urban
LP013837,Female,Yes,,Not Graduate,,3276,1500,110,240,,Rural
LP013838,Female,Yes,1,Graduate,Yes,3076,1500,100,360,0,Urban
LP013839,Female,No,0,Graduate,No,5000,1800,78,360,0,Rural
LP013840,Female,No,,Graduate,No,3276,0,78,360,1,Semiurban
LP013841,Male,Yes,,Graduate,Yes,2340,0,100,180,0,Urban
LP013842,,No,0,Graduate,,5000,2546,126,240,0,Rural
LP013843,,No,0,Graduate,No,3276,1500,78,180,,Urban
LP013844,Female,No,2,Graduate,,3276,1500,78,180,0,Rural
LP013845,,Yes,3,Not Graduate,,2340,0,78,240,0,Urban
LP013846,,No,,Graduate,,5720,2546,78,240,0,Semiurban
LP013847,,No,2,Graduate,No,2340,0,208,,0,Semiurban
LP013848,Female,Yes,2,Graduate,No,3076,0,126,,1,Rural
LP013849,Female,No,,Graduate,,3076,1800,208,,,Semiurban
LP013850,,Yes,,Graduate,Yes,2340,1500,208,240,,Semiurban
LP013851,,No,1,Not Graduate,Yes,2340,1800,100,360,0,Semiurban
LP013852,Female,Yes,3,Graduate,Yes,2340,1800,126,180,1,Urban
LP013853,Male,Yes,,Graduate,,2340,0,110,180,1,Urban
LP013854,,No,0,Not Graduate,Yes,2340,2546,126,,0,Rural
LP013855,Male,No,1,Graduate,No,3276,0,110,360,0,Semiurban
LP013856,,Yes,3,Not Graduate,Yes,5000,2546,78,240,,Semiurban
LP013857,Male,Yes,0,Not Graduate,Yes,3076,1500,110,180,,Rural
LP013858,Male,No,0,Not Graduate,,3076,0,110,360,,Rural
LP013859,Male,No,3,Graduate,No,5000,1500,110,180,,Urban
LP013860,Female,No,1,Graduate,No,2340,0,78,180,0,Semiurban
LP013861,Male,No,0,Not Graduate,Yes,5000,2546,78,180,0,Semiurban
LP013862,Male,Yes,2,Graduate,,2340,0,208,240,,Semiurban
LP013863,Male,Yes,3,Graduate,,3076,2546,110,240,,Urban
LP013864,,Yes,3,Not Graduate,Yes,5720,2546,126,180,0,Urban
LP013865,Male,No,,Not Graduate,No,3076,0,100,240,,Urban
LP013866,,No,1,Graduate,No,3076,0,208,360,0,Semiurban
LP013867,Male,Yes,2,Not Graduate,No,5720,1500,110,360,,Rural
LP013868,Male,Yes,2,Not Graduate,,5000,1800,208,180,0,Urban
LP013869,Female,Yes,,Graduate,Yes,3276,0,110,,1,Semiurban
LP013870,,Yes,0,Graduate,,2340,1800,110,360,0,Urban
LP013871,Male,Yes,0,Not Graduate,No,2340,1800,208,240,1,Rural
LP013872,,Yes,2,Graduate,,3076,1800,110,240,1,Semiurban
LP013873,,No,1,Graduate,No,5720,1800,110,360,,Urban
LP013874,Female,Yes,0,Graduate,Yes,3076,0,100,,1,Semiurban
LP013875,Female,Yes,3,Graduate,No,3076,2546,126,180,,Rural
LP013876,Female,Yes,,Graduate,Yes,5000,0,78,360,1,Rural
LP013877,Female,Yes,1,Graduate,,2340,0,100,240,1,Rural
LP013878,Female,Yes,0,Not Graduate,,3276,0,78,,,Rural
LP013879,Female,Yes,2,Not Graduate,,5720,0,78,180,0,Semiurban
LP013880,Female,Yes,,Not Graduate,No,3276,1500,126,240,,Urban
LP013881,Female,No,0,Not Graduate,Yes,5720,1800,100,180,1,Rural
LP013882,Male,Yes,2,Not Graduate,,2340,1800,110,180,,Semiurban
LP013883,,No,0,Graduate,,5000,0,126,,,Rural
LP013884,Female,No,,Graduate,Yes,3276,2546,110,180,1,Rural
LP013885,Female,No,3,Not Graduate,No,5720,1500,110,240,1,Semiurban
LP013886,,Yes,3,Graduate,,3076,2546,110,180,1,Semiurban
LP013887,Male,Yes,2,Not Graduate,No,2340,0,110,180,,Semiurban
LP013888,,Yes,3,Graduate,No,5000,2546,100,360,,Rural
LP013889,,Yes,,Not Graduate,No,3076,1800,78,360,,Rural
LP013890,Female,Yes,2,Graduate,,5000,0,78,240,0,Urban
LP013891,,Yes,0,Not Graduate,,5720,2546,100,180,,Rural
LP013892,,Yes,1,Graduate,Yes,3076,1500,78,360,0,Urban
LP013893,Female,Yes,0,Not Graduate,Yes,5000,1500,126,240,1,Rural
LP013894,Female,Yes,,Graduate,No,2340,0,110,180,0,Urban
LP013895,Female,Yes,2,Graduate,,3276,0,110,240,,Urban
LP013896,Female,No,0,Not Graduate,No,3276,0,110,180,1,Urban
LP013897,,Yes,2,Not Graduate,Yes,3076,0,208,,0,Semiurban
LP013898,,Yes,3,Not Graduate,No,2340,1800,126,360,1,Semiurban
LP013899,Male,Yes,1,Not Graduate,No,2340,1800,208,,1,Urban
LP013900,Male,No,,Not Graduate,,5000,0,100,180,0,Semiurban
LP013901,,Yes,0,Not Graduate,No,3076,2546,208,,1,Rural
LP013902,Male,Yes,1,Not Graduate,No,2340,1800,78,,1,Semiurban
LP013903,,No,,Not Graduate,,5000,0,78,360,,Semiurban
LP013904,Male,Yes,,Graduate,,2340,1800,126,,1,Rural
LP013905,Female,No,3,Graduate,Yes,3076,0,208,180,0,Rural
LP013906,Male,No,2,Graduate,,2340,1500,208,180,0,Urban
LP013907,Female,No,2,Graduate,No,2340,0,110,,,Semiurban
LP013908,Female,No,1,Not Graduate,Yes,2340,0,126,360,,Rural
LP013909,Female,Yes,3,Graduate,Yes,3276,1500,110,360,0,Rural
LP013910,Female,No,,Graduate,Yes,5720,2546,126,,0,Semiurban
LP013911,Male,No,3,Not Graduate,Yes,3076,0,126,360,,Semiurban
LP013912,,Yes,3,Graduate,No,3276,2546,208,,0,Urban
LP013913,Female,Yes,1,Not Graduate,No,5720,2546,110,,1,Semiurban
LP013914,Male,Yes,2,Graduate,No,2340,1800,100,240,,Rural
LP013915,Female,No,3,Graduate,No,2340,1800,110,,,Semiurban
LP013916,Male,Yes,3,Not Graduate,Yes,3276,1500,100,360,,Urban
LP013917,Male,No,3,Not Graduate,No,5000,1500,78,180,,Semiurban
LP013918,Male,No,0,Graduate,Yes,3076,1800,126,,1,Semiurban
LP013919,,Yes,3,Graduate,,5720,1500,110,240,,Semiurban
LP013920,Male,Yes,3,Graduate,No,2340,0,126,240,,Rural
LP013921,Male,Yes,,Not Graduate,,3076,0,110,240,0,Rural
LP013922,,Yes,0,Not Graduate,,2340,0,78,240,,Rural
LP013923,,Yes,3,Not Graduate,No,2340,0,110,360,0,Rural
LP013924,Male,Yes,3,Not Graduate,Yes,2340,1800,78,180,0,Urban
LP013925,,No,1,Not Graduate,,3076,0,126,,0,Rural
LP013926,Female,No,1,Not Graduate,No,3276,2546,208,,1,Rural
LP013927,Female,Yes,0,Graduate,,3076,0,100,180,,Urban
LP013928,,No,,Not Graduate,,3076,1500,126,,,Rural
LP013929,,No,0,Not Graduate,No,5000,0,208,,0,Rural
LP013930,Male,No,0,Graduate,,5000,1800,126,240,,Rural
LP013931,,No,1,Graduate,Yes,3276,1800,126,240,0,Semiurban
LP013932,Male,No,1,Not Graduate,Yes,5000,1500,110,360,,Urban
LP013933,Female,No,,Not Graduate,,3276,0,78,180,0,Rural
LP013934,,Yes,3,Not Graduate,,2340,1500,78,360,0,Urban
LP013935,Male,Yes,,Not Graduate,No,2340,0,110,,0,Rural
LP013936,Male,Yes,3,Graduate,Yes,3076,1800,110,240,1,Semiurban
LP013937,Female,No,2,Graduate,,2340,1800,126,240,0,Rural
LP013938,,Yes,1,Graduate,Yes,5000,0,78,240,1,Rural
LP013939,Female,Yes,2,Not Graduate,,5720,0,126,180,1,Semiurban
LP013940,Male,Yes,2,Graduate,No,3076,0,208,,0,Semiurban
LP013941,Male,No,1,Not Graduate,No,3276,1500,208,180,1,Urban
LP013942,,Yes,2,Graduate,Yes,2340,1800,110,240,,Urban
LP013943,Male,No,0,Not Graduate,Yes,3076,0,78,180,1,Rural
LP013944,,Yes,3,Not Graduate,,3076,1800,208,240,1,Rural
LP013945,Female,Yes,,Graduate,,3076,1500,78,180,1,Semiurban
LP013946,,Yes,1,Graduate,,2340,2546,78,180,1,Rural
LP013947,,No,0,Not Graduate,Yes,3276,1800,100,240,0,Urban
LP013948,Male,No,,Graduate,No,3076,2546,208,,,Semiurban
LP013949,Male,No,,Not Graduate,No,3076,1800,208,,,Semiurban
LP013950,,No,,Not Graduate,Yes,3076,0,126,180,1,Semiurban
LP013951,Male,No,2,Graduate,No,2340,2546,126,240,,Rural
LP013952,Male,Yes,2,Graduate,Yes,5000,0,78,360,0,Urban
LP013953,Male,Yes,2,Not Graduate,,3276,0,110,180,1,Semiurban
LP013954,,No,2,Not Graduate,Yes,3076,1500,126,360,1,Urban
LP013955,Male,No,0,Not Graduate,No,3076,1500,126,240,1,Semiurban
LP013956,,Yes,2,Not Graduate,Yes,3076,0,78,,,Semiurban
LP013957,Male,No,1,Not Graduate,Yes,2340,2546,208,,1,Urban
LP013958,Female,Yes,,Not Graduate,Yes,5000,0,126,240,1,Semiurban
LP013959,Male,No,0,Graduate,Yes,3076,2546,110,180,,Rural
LP013960,Male,Yes,2,Graduate,No,3076,1500,78,,0,Urban
LP013961,,No,,Graduate,,2340,1500,208,180,,Urban
LP013962,,No,0,Not Graduate,No,3276,1500,100,,0,Semiurban
LP013963,Male,Yes,,Not Graduate,No,3276,2546,110,,0,Urban
LP013964,Female,Yes,0,Graduate,,5000,1500,208,180,0,Rural
LP013965,Male,No,3,Graduate,No,3276,0,78,240,1,Semiurban
LP013966,Male,No,0,Graduate,,3076,0,100,180,0,Rural
LP013967,Female,Yes,2,Not Graduate,,2340,2546,110,360,1,Rural
LP013968,,No,,Not Graduate,Yes,3076,0,126,,,Rural
LP013969,Male,Yes,,Not Graduate,No,3076,0,126,,0,Urban
LP013970,,Yes,,Graduate,,5000,1800,110,180,1,Semiurban
LP013971,,No,1,Graduate,No,3276,1500,126,240,1,Semiurban
LP013972,Female,Yes,1,Graduate,No,3276,0,78,,0,Rural
LP013973,Female,Yes,2,Not Graduate,,3276,1800,110,360,0,Rural
LP013974,,No,3,Graduate,Yes,3076,2546,110,360,0,Semiurban
LP013975,Male,Yes,1,Graduate,,2340,0,126,180,1,Semiurban
LP013976,,Yes,0,Not Graduate,Yes,2340,2546,110,,1,Rural
LP013977,Male,Yes,2,Not Graduate,,3076,0,100,240,0,Semiurban
LP013978,Male,Yes,3,Graduate,,5720,0,110,240,,Rural
LP013979,Female,No,0,Not Graduate,Yes,3076,2546,126,180,1,Rural
LP013980,Male,Yes,,Graduate,Yes,3276,0,126,,1,Rural
LP013981,Male,No,1,Not Graduate,No,3076,0,126,240,,Rural
LP013982,,Yes,0,Not Graduate,,5720,1500,126,180,,Urban
LP013983,Female,No,3,Not Graduate,No,3076,2546,78,,,Semiurban
LP013984,Male,Yes,2,Not Graduate,No,3276,2546,126,240,1,Semiurban
LP013985,Male,No,0,Not Graduate,Yes,5000,1800,100,360,,Semiurban
LP013986,Female,Yes,2,Not Graduate,Yes,2340,1500,110,,,Rural
LP013987,,Yes,,Graduate,No,5720,0,208,180,1,Urban
LP013988,Female,Yes,3,Graduate,Yes,5000,1500,208,240,1,Semiurban
LP013989,Female,Yes,3,Graduate,,2340,0,78,240,1,Rural
LP013990,Male,No,1,Not Graduate,Yes,5000,2546,208,180,,Rural
LP013991,Male,No,3,Not Graduate,Yes,3076,1500,126,,0,Urban
LP013992,,Yes,0,Graduate,,3076,1800,208,,0,Urban
LP013993,Male,No,0,Graduate,Yes,2340,0,100,360,1,Rural
LP013994,Male,Yes,0,Graduate,No,2340,0,126,240,,Semiurban
LP013995,Female,Yes,,Not Graduate,No,3076,0,208,180,,Rural
LP013996,Male,No,3,Graduate,No,3076,2546,126,360,,Urban
LP013997,,No,3,Graduate,Yes,2340,2546,78,240,1,Rural
LP013998,Female,No,0,Graduate,Yes,2340,2546,100,240,0,Rural
LP013999,,Yes,1,Graduate,Yes,2340,0,110,240,,Urban
LP014000,Female,Yes,1,Not Graduate,No,3276,2546,126,180,0,Urban
LP014001,Male,No,3,Graduate,Yes,3276,2546,100,180,0,Rural
LP014002,Female,Yes,3,Graduate,,3076,0,78,180,,Urban
LP014003,Female,No,2,Not Graduate,Yes,3276,2546,78,360,1,Semiurban
LP014004,Male,No,3,Not Graduate,No,5720,0,100,240,0,Semiurban
LP014005,Male,No,0,Not Graduate,,3076,1500,208,240,0,Semiurban
LP014006,,No,,Not Graduate,,5720,0,100,360,0,Urban
LP014007,,No,3,Not Graduate,No,5000,2546,208,360,0,Rural
LP014008,Male,No,3,Graduate,,5720,2546,208,180,0,Rural
LP014009,Male,Yes,0,Graduate,,5000,2546,100,240,,Rural
LP014010,Male,Yes,2,Graduate,,5720,2546,78,,1,Rural
LP014011,Female,No,3,Not Graduate,,5000,0,110,,0,Semiurban
LP014012,Female,No,1,Graduate,,5000,1500,110,360,1,Rural
LP014013,Female,No,1,Not Graduate,Yes,3076,0,100,360,1,Rural
LP014014,Male,Yes,1,Not Graduate,No,2340,0,126,360,,Urban
LP014015,,No,,Graduate,No,2340,2546,100,,1,Urban
LP014016,Male,No,,Not Graduate,Yes,3076,0,110,,1,Rural
LP014017,Female,No,3,Graduate,Yes,5000,0,100,180,1,Semiurban
LP014018,Female,Yes,3,Not Graduate,No,2340,1800,78,180,1,Semiurban
LP014019,Male,No,3,Graduate,No,2340,1500,110,240,0,Semiurban
LP014020,Male,Yes,,Not Graduate,Yes,5720,1800,110,180,,Urban
LP014021,Female,Yes,3,Not Graduate,Yes,3276,0,110,240,,Semiurban
LP014022,Female,No,0,Not Graduate,,3076,1800,78,180,,Urban
LP014023,Female,Yes,2,Graduate,Yes,3276,1800,110,180,1,Semiurban
LP014024,Male,Yes,1,Not Graduate,Yes,5000,1800,126,180,1,Urban
LP014025,Female,Yes,1,Graduate,,5720,1500,110,,0,Urban
LP014026,Female,No,0,Not Graduate,,2340,0,100,,1,Urban
LP014027,,Yes,3,Graduate,No,5720,0,126,360,1,Rural
LP014028,Male,No,,Not Graduate,No,3076,1800,208,180,,Urban
LP014029,,No,3,Graduate,Yes,5000,1500,110,,1,Urban
LP014030,,No,3,Not Graduate,,5720,0,208,240,,Urban
LP014031,Female,Yes,1,Not Graduate,,5720,2546,208,180,,Semiurban
LP014032,Male,No,1,Not Graduate,No,5720,0,78,,,Urban
LP014033,Female,Yes,,Graduate,No,2340,0,100,360,1,Rural
LP014034,Male,Yes,1,Not Graduate,Yes,5000,1500,100,360,1,Semiurban
LP014035,,Yes,3,Not Graduate,,2340,1500,208,240,0,Semiurban
LP014036,Male,Yes,0,Not Graduate,No,5720,0,78,240,,Rural
LP014037,Female,No,,Graduate,Yes,2340,2546,126,,0,Urban
LP014038,Female,No,0,Not Graduate,Yes,2340,2546,110,360,1,Urban
LP014039,Female,Yes,3,Graduate,Yes,3076,1800,126,,1,Semiurban
LP014040,Male,No,,Graduate,No,3276,1800,110,180,1,Rural
LP014041,,No,0,Not Graduate,No,3276,0,208,240,0,Semiurban
LP014042,,No,,Not Graduate,No,3076,0,78,240,1,Semiurban
LP014043,Male,Yes,3,Graduate,No,3076,0,78,180,1,Urban
LP014044,Female,No,,Graduate,No,2340,2546,100,180,1,Urban
LP014045,,Yes,3,Not Graduate,,2340,0,100,180,0,Rural
LP014046,Female,No,,Graduate,,5000,1800,126,360,0,Semiurban
LP014047,Male,Yes,,Graduate,,3276,1800,100,360,1,Rural
LP014048,Female,Yes,1,Not Graduate,,2340,0,110,180,,Semiurban
LP014049,,Yes,3,Not Graduate,Yes,5000,0,78,240,0,Rural
LP014050,,No,2,Graduate,Yes,3276,1800,78,240,0,Rural
LP014051,Female,Yes,,Graduate,,5000,2546,208,360,,Rural
LP014052,Male,No,0,Not Graduate,No,5000,0,208,360,0,Rural
LP014053,Female,Yes,1,Graduate,,3076,2546,126,240,,Semiurban
LP014054,Male,No,1,Graduate,,5720,0,208,,,Rural
LP014055,Female,Yes,,Not Graduate,Yes,5720,1800,110,360,,Semiurban
LP014056,,No,2,Graduate,No,5720,2546,100,360,,Rural
LP014057,Male,Yes,1,Graduate,Yes,5000,0,100,240,,Urban
LP014058,Male,Yes,3,Graduate,No,2340,0,126,180,0,Semiurban
LP014059,Male,Yes,,Graduate,Yes,5720,1800,100,240,1,Semiurban
LP014060,,No,,Not Graduate,,2340,1800,78,360,,Semiurban
LP014061,Female,Yes,2,Graduate,No,3276,0,100,180,0,Rural
LP014062,,Yes,3,Graduate,Yes,5720,0,208,,1,Semiurban
LP014063,Male,Yes,3,Not Graduate,,5000,0,78,180,1,Rural
LP014064,Female,Yes,2,Graduate,Yes,3076,2546,208,,0,Rural
LP014065,,No,0,Graduate,Yes,5000,1500,208,240,1,Urban
LP014066,Male,Yes,3,Not Graduate,Yes,2340,1800,126,180,1,Urban
LP014067,Male,Yes,0,Graduate,,3276,2546,126,180,,Urban
LP014068,,No,0,Graduate,No,5000,0,78,240,,Rural
LP014069,,No,,Graduate,Yes,3076,1800,100,,0,Semiurban
LP014070,,No,,Graduate,,3076,1500,110,,,Semiurban
LP014071,Male,Yes,1,Graduate,Yes,3276,0,100,,1,Urban
LP014072,,No,,Graduate,No,5720,1800,78,180,1,Semiurban
LP014073,Male,No,3,Graduate,Yes,5000,1500,110,180,,Urban
LP014074,,No,3,Not Graduate,,5000,0,208,,0,Urban
LP014075,Male,Yes,0,Not Graduate,Yes,3076,1500,208,,0,Semiurban
LP014076,Male,Yes,3,Not Graduate,Yes,2340,1800,110,240,,Semiurban
LP014077,Female,Yes,,Graduate,No,5000,1500,208,,0,Rural
LP014078,,No,,Not Graduate,No,3076,1800,100,240,0,Semiurban
LP014079,,Yes,,Not Graduate,No,2340,1800,126,,1,Semiurban
LP014080,Male,No,2,Not Graduate,Yes,5720,1500,100,,,Urban
LP014081,Male,No,3,Not Graduate,,5720,1500,208,,,Rural
LP014082,Male,No,1,Graduate,Yes,3076,0,126,360,1,Semiurban
LP014083,Female,Yes,3,Graduate,Yes,3076,0,100,360,1,Rural
LP014084,Female,No,3,Graduate,Yes,5720,2546,208,240,,Rural
LP014085,Male,No,2,Not Graduate,Yes,3076,1800,100,,,Urban
LP014086,,Yes,3,Graduate,No,3276,0,208,360,1,Urban
LP014087,,No,0,Not Graduate,No,5000,2546,78,,0,Semiurban
LP014088,Female,No,,Graduate,No,3276,1800,110,240,1,Urban
LP014089,Female,No,,Graduate,No,2340,2546,208,,0,Rural
LP014090,Male,Yes,2,Not Graduate,,3076,0,100,,,Urban
LP014091,,No,,Not Graduate,Yes,3076,2546,208,360,,Urban
LP014092,Male,Yes,0,Graduate,Yes,2340,1500,208,,,Rural
LP014093,Female,Yes,2,Graduate,Yes,5000,2546,100,360,,Rural
LP014094,,No,1,Graduate,,5720,0,100,180,,Urban
LP014095,,No,,Not Graduate,,3276,0,126,360,1,Urban
LP014096,Female,No,3,Not Graduate,No,5000,2546,208,180,,Urban
LP014097,Male,No,0,Not Graduate,Yes,5720,0,78,360,,Rural
LP014098,Male,Yes,0,Not Graduate,Yes,5720,2546,110,180,,Rural
LP014099,,Yes,,Graduate,,3076,2546,208,360,,Urban
LP014100,Female,No,1,Not Graduate,Yes,2340,2546,100,,0,Semiurban
LP014101,,Yes,3,Not Graduate,,3076,0,126,360,,Rural
LP014102,Female,No,1,Not Graduate,No,2340,1800,208,180,0,Urban
LP014103,Male,No,1,Graduate,,3076,2546,78,180,0,Rural
LP014104,Female,No,,Graduate,Yes,3276,2546,100,240,,Urban
LP014105,Male,No,3,Not Graduate,,3076,1500,78,,0,Urban
LP014106,Female,Yes,,Not Graduate,,3276,1500,78,,,Urban
LP014107,,Yes,,Graduate,No,5000,0,110,240,0,Semiurban
LP014108,Male,No,0,Graduate,Yes,5000,0,110,180,1,Semiurban
LP014109,,No,,Not Graduate,Yes,3076,1800,208,360,,Rural
LP014110,,Yes,2,Graduate,No,5000,2546,110,240,,Rural
LP014111,Male,Yes,3,Not Graduate,,5720,2546,208,240,0,Semiurban
LP014112,Male,Yes,0,Graduate,,3276,0,208,240,1,Urban
LP014113,,No,3,Not Graduate,Yes,2340,0,100,240,,Semiurban
LP014114,,Yes,0,Not Graduate,,3276,0,100,240,0,Semiurban
LP014115,,No,2,Not Graduate,No,3076,1500,126,180,0,Urban
LP014116,,No,,Not Graduate,Yes,5000,0,110,240,,Rural
LP014117,Male,Yes,0,Graduate,,5000,0,126,180,0,Semiurban
LP014118,Male,No,0,Graduate,No,5720,0,78,180,,Rural
LP014119,,Yes,0,Not Graduate,No,5000,1800,208,360,1,Semiurban
LP014120,Female,No,2,Graduate,Yes,3076,1500,208,240,1,Semiurban
LP014121,Female,No,3,Not Graduate,Yes,3076,1500,100,240,1,Rural
LP014122,Male,No,2,Graduate,,2340,1500,78,360,1,Rural
LP014123,,No,0,Not Graduate,,3276,0,208,,0,Urban
LP014124,,No,0,Graduate,,3276,2546,208,,0,Urban
LP014125,Male,No,,Graduate,No,3276,0,78,240,0,Semiurban
LP014126,Female,Yes,2,Graduate,No,2340,0,78,,,Semiurban
LP014127,Female,Yes,2,Graduate,,2340,0,208,240,1,Urban
LP014128,Female,No,1,Not Graduate,Yes,2340,1500,78,,,Urban
LP014129,Male,Yes,3,Not Graduate,No,5720,1500,110,180,1,Semiurban
LP014130,Female,No,1,Graduate,No,2340,1800,78,,,Urban
LP014131,Male,Yes,1,Graduate,,5000,1500,126,,0,Rural
LP014132,Male,Yes,3,Graduate,Yes,5720,0,126,180,0,Semiurban
LP014133,,No,,Graduate,No,5000,0,208,360,0,Semiurban
LP014134,Female,Yes,,Not Graduate,Yes,3276,1800,208,180,,Semiurban
LP014135,Male,No,3,Graduate,No,3076,0,100,,0,Semiurban
LP014136,Female,Yes,3,Graduate,Yes,3276,0,78,240,0,Rural
LP014137,Female,No,2,Graduate,Yes,2340,1800,126,240,1,Urban
LP014138,,Yes,2,Graduate,No,3076,0,100,,,Semiurban
LP014139,Female,No,2,Graduate,Yes,3276,0,208,360,,Semiurban
LP014140,,Yes,2,Graduate,No,5720,0,110,240,0,Semiurban
LP014141,Male,No,0,Graduate,No,2340,0,78,360,,Semiurban
LP014142,Female,Yes,0,Graduate,Yes,3276,0,100,240,0,Rural
LP014143,Male,No,,Not Graduate,No,3076,1500,110,360,,Urban
LP014144,Female,Yes,0,Graduate,Yes,5000,1800,208,240,1,Rural
LP014145,Male,No,0,Graduate,No,3276,0,126,240,,Semiurban
LP014146,Female,Yes,2,Graduate,Yes,5720,0,100,240,0,Semiurban
LP014147,Female,No,2,Graduate,No,3076,1500,100,240,,Rural
LP014148,Female,No,3,Not Graduate,No,3276,1800,208,,,Semiurban
LP014149,Female,No,2,Graduate,,5000,0,208,240,1,Rural
LP014150,Female,No,3,Not Graduate,No,2340,0,126,360,,Rural
LP014151,Female,Yes,3,Not Graduate,No,2340,1800,126,360,1,Urban
LP014152,Female,Yes,0,Not Graduate,Yes,2340,0,126,180,1,Urban
LP014153,Female,Yes,2,Not Graduate,Yes,3076,1800,110,360,1,Urban
LP014154,Female,No,0,Graduate,Yes,5000,1800,110,240,0,Urban
LP014155,Male,No,2,Not Graduate,Yes,5000,0,208,360,1,Rural
LP014156,,No,0,Not Graduate,,3276,1800,100,240,,Semiurban
LP014157,Female,No,0,Graduate,,2340,2546,110,240,,Rural
LP014158,,No,0,Not Graduate,Yes,3076,0,208,180,1,Semiurban
LP014159,Female,Yes,,Not Graduate,Yes,2340,0,110,,1,Urban
LP014160,Female,Yes,0,Not Graduate,Yes,2340,1500,126,360,1,Semiurban
LP014161,Male,Yes,1,Not Graduate,Yes,3276,2546,208,360,0,Semiurban
LP014162,Male,No,1,Graduate,No,3276,1800,126,240,1,Rural
LP014163,,No,1,Not Graduate,Yes,3276,1500,78,360,1,Urban
LP014164,Male,No,3,Graduate,No,5720,1500,100,360,1,Rural
LP014165,Male,No,0,Graduate,Yes,5720,1500,126,,1,Semiurban
LP014166,,No,1,Graduate,,3076,1500,100,360,1,Semiurban
LP014167,Male,No,3,Not Graduate,,3076,0,208,240,,Semiurban
LP014168,Female,No,1,Not Graduate,Yes,3276,0,78,,,Rural
LP014169,,Yes,2,Graduate,,5000,1500,100,360,,Rural
LP014170,,Yes,,Graduate,,3076,2546,110,240,0,Rural
LP014171,Female,No,0,Graduate,,5720,0,208,240,0,Urban
LP014172,Male,No,,Graduate,,5720,0,78,360,,Semiurban
LP014173,,No,,Graduate,No,2340,0,110,,1,Rural
LP014174,,Yes,2,Graduate,No,3276,2546,110,180,1,Rural
LP014175,Female,Yes,2,Not Graduate,No,5000,2546,78,240,0,Rural
LP014176,Female,No,2,Not Graduate,No,3276,1800,126,360,0,Rural
LP014177,Male,Yes,3,Not Graduate,Yes,5720,0,78,180,1,Rural
LP014178,,Yes,1,Graduate,,5000,2546,78,240,0,Rural
LP014179,Male,Yes,0,Not Graduate,,3076,2546,78,,1,Rural
LP014180,Male,No,2,Graduate,Yes,2340,0,100,180,,Urban
LP014181,Female,Yes,0,Graduate,Yes,5720,2546,126,360,0,Rural
LP014182,,Yes,0,Not Graduate,No,2340,2546,208,180,,Urban
LP014183,,No,0,Graduate,No,3276,1500,110,180,0,Urban
LP014184,,No,2,Not Graduate,,5000,0,100,240,,Semiurban
LP014185,Female,Yes,2,Not Graduate,Yes,3276,0,126,240,,Semiurban
LP014186,Female,No,1,Not Graduate,,2340,1500,78,360,0,Urban
LP014187,Female,Yes,2,Graduate,Yes,5720,0,100,,0,Urban
LP014188,Female,Yes,2,Graduate,No,2340,1800,100,240,,Rural
LP014189,Female,No,0,Graduate,,5720,1800,110,180,,Urban
LP014190,,No,1,Not Graduate,,2340,0,208,180,1,Rural
LP014191,Male,Yes,,Graduate,Yes,3276,0,126,360,,Rural
LP014192,,No,2,Not Graduate,,2340,0,126,240,0,Semiurban
LP014193,Male,No,2,Graduate,No,3076,1800,126,,1,Urban
LP014194,Female,Yes,,Not Graduate,,3276,0,78,240,1,Rural
LP014195,Male,Yes,0,Not Graduate,Yes,2340,0,78,360,,Urban
LP014196,,Yes,1,Graduate,,2340,1800,100,,1,Rural
LP014197,,Yes,0,Graduate,No,5000,1800,208,240,0,Semiurban
LP014198,Male,Yes,3,Not Graduate,Yes,3276,1500,110,180,0,Rural
LP014199,Female,Yes,2,Not Graduate,Yes,5000,0,110,360,,Semiurban
LP014200,Female,No,3,Graduate,No,3276,0,208,,1,Semiurban
LP014201,,No,2,Not Graduate,Yes,5720,1500,126,,,Semiurban
LP014202,Male,Yes,3,Graduate,Yes,3276,1800,208,240,,Semiurban
LP014203,Female,No,,Graduate,,3276,1500,110,,,Semiurban
LP014204,Female,No,2,Not Graduate,Yes,2340,1500,78,180,1,Urban
LP014205,,Yes,2,Graduate,,3076,2546,208,,0,Urban
LP014206,Female,No,3,Not Graduate,No,3276,0,100,360,0,Rural
LP014207,Male,No,1,Graduate,No,5000,1800,78,180,1,Semiurban
LP014208,,Yes,3,Not Graduate,No,3076,2546,100,180,,Semiurban
LP014209,,No,2,Graduate,No,3276,2546,100,240,0,Urban
LP014210,Male,No,2,Graduate,Yes,3076,2546,208,180,,Urban
LP014211,,Yes,1,Not Graduate,Yes,5720,1800,100,,0,Semiurban
LP014212,Female,No,0,Graduate,,3076,1500,126,,,Urban
LP014213,Female,No,1,Not Graduate,,5720,1800,208,240,,Urban
LP014214,Male,No,0,Not Graduate,,3076,0,110,,,Semiurban
LP014215,Female,Yes,2,Not Graduate,Yes,3076,0,126,,0,Semiurban
LP014216,Male,Yes,,Not Graduate,,5000,1500,78,180,,Semiurban
LP014217,Male,No,,Not Graduate,Yes,5000,1800,208,240,0,Rural
LP014218,Female,No,3,Graduate,No,2340,1500,110,240,0,Semiurban
LP014219,Male,Yes,1,Graduate,Yes,3076,1500,110,,0,Rural
LP014220,Female,Yes,1,Graduate,No,5720,1800,208,,0,Urban
LP014221,,No,,Graduate,,3076,0,126,360,1,Semiurban
LP014222,,Yes,0,Graduate,Yes,3276,1800,110,240,0,Urban
LP014223,Male,No,1,Graduate,,5720,0,208,180,,Urban
LP014224,Female,No,0,Graduate,,3276,0,208,,0,Rural
LP014225,Female,Yes,0,Not Graduate,No,2340,0,100,360,,Semiurban
LP014226,,Yes,0,Not Graduate,,3276,0,208,360,1,Rural
LP014227,,No,0,Not Graduate,Yes,2340,2546,110,180,0,Urban
LP014228,Female,No,3,Graduate,,2340,0,100,,1,Rural
LP014229,Male,Yes,3,Not Graduate,No,2340,0,110,180,0,Semiurban
LP014230,,No,,Graduate,No,3276,1800,126,,0,Semiurban
LP014231,Male,Yes,3,Graduate,,2340,0,126,360,1,Urban
LP014232,Male,Yes,1,Graduate,No,2340,1800,110,,,Semiurban
LP014233,,Yes,3,Not Graduate,,5000,2546,78,360,,Rural
LP014234,Male,Yes,1,Not Graduate,No,3076,1800,78,240,,Rural
LP014235,Male,Yes,1,Not Graduate,,2340,0,78,360,0,Urban
LP014236,Female,No,0,Graduate,,5720,1800,110,180,,Urban
LP014237,Male,Yes,,Graduate,Yes,5720,1800,208,360,,Rural
LP014238,Female,Yes,0,Graduate,Yes,5000,1800,100,,0,Urban
LP014239,,Yes,0,Graduate,,3276,0,208,180,1,Rural
LP014240,,Yes,3,Not Graduate,Yes,3276,1500,110,180,,Rural
LP014241,Female,Yes,3,Not Graduate,Yes,3276,1500,208,240,1,Rural
LP014242,,Yes,1,Not Graduate,No,2340,1500,126,240,0,Rural
LP014243,Male,Yes,3,Not Graduate,Yes,3276,0,100,240,0,Urban
LP014244,Male,No,3,Graduate,No,3276,0,110,180,,Rural
LP014245,Male,No,2,Graduate,Yes,3076,1500,100,180,,Semiurban
LP014246,,No,1,Not Graduate,Yes,2340,1500,78,,1,Urban
LP014247,Male,No,1,Graduate,,2340,2546,78,180,,Rural
LP014248,,Yes,2,Graduate,Yes,5720,2546,126,240,1,Urban
LP014249,Male,No,1,Not Graduate,,5720,0,110,360,0,Semiurban
LP014250,Female,Yes,,Not Graduate,,3076,1800,78,,1,Semiurban
LP014251,,No,,Graduate,,5000,1800,100,,0,Rural
LP014252,,No,2,Not Graduate,,2340,2546,100,360,,Semiurban
LP014253,Male,Yes,3,Not Graduate,Yes,5720,2546,126,,1,Rural
LP014254,,Yes,,Not Graduate,,3276,0,78,240,1,Rural
LP014255,,No,2,Not Graduate,Yes,2340,0,208,240,1,Urban
LP014256,Female,No,,Not Graduate,Yes,2340,0,78,,,Rural
LP014257,Female,No,0,Not Graduate,No,2340,1800,126,,,Rural
LP014258,Male,No,2,Not Graduate,No,5720,0,78,,,Rural
LP014259,Female,Yes,1,Not Graduate,No,3076,1500,110,180,1,Rural
LP014260,Male,No,,Not Graduate,,5720,0,126,180,1,Rural
LP014261,Male,No,1,Graduate,Yes,3276,1800,208,180,0,Rural
LP014262,Male,No,2,Not Graduate,Yes,3276,1800,100,360,1,Rural
LP014263,,No,,Not Graduate,,5000,0,78,360,0,Urban
LP014264,Female,No,1,Not Graduate,No,5720,2546,100,240,,Urban
LP014265,Male,Yes,3,Graduate,No,5720,2546,126,,0,Rural
LP014266,Female,Yes,3,Not Graduate,Yes,5000,0,100,,0,Urban
LP014267,Male,Yes,0,Not Graduate,Yes,5000,2546,110,,1,Rural
LP014268,Female,Yes,2,Graduate,Yes,2340,1500,126,240,1,Rural
LP014269,Female,Yes,1,Graduate,No,2340,1800,126,180,0,Semiurban
LP014270,Male,No,0,Not Graduate,Yes,3276,2546,78,360,0,Urban
LP014271,,Yes,2,Graduate,No,3076,0,126,360,,Semiurban
LP014272,Female,Yes,3,Graduate,No,3276,1500,110,240,1,Rural
LP014273,,No,1,Graduate,No,5720,0,78,,,Rural
LP014274,,Yes,,Graduate,,3076,0,110,,0,Rural
LP014275,Male,Yes,3,Graduate,,2340,1500,208,360,,Urban
LP014276,Male,Yes,,Not Graduate,Yes,5000,0,78,180,1,Urban
LP014277,Male,Yes,,Graduate,No,5000,0,126,360,0,Urban
LP014278,Female,No,1,Not Graduate,Yes,3276,1800,126,180,0,Urban
LP014279,Male,No,1,Not Graduate,No,5720,1800,126,180,,Semiurban
LP014280,Male,Yes,,Not Graduate,Yes,5720,0,208,180,1,Semiurban
LP014281,Female,No,0,Graduate,Yes,5000,0,110,180,0,Urban
LP014282,Female,Yes,,Not Graduate,,3276,1800,126,,0,Urban
LP014283,Male,No,,Graduate,,3276,0,100,360,,Semiurban
LP014284,Male,No,1,Not Graduate,,2340,1500,126,360,0,Urban
LP014285,Male,No,2,Not Graduate,,2340,0,78,180,0,Rural
LP014286,Male,No,3,Not Graduate,No,2340,1800,78,240,1,Rural
LP014287,,No,1,Graduate,Yes,3076,2546,100,,1,Urban
LP014288,,No,0,Not Graduate,Yes,3276,0,208,240,,Urban
LP014289,Male,No,3,Graduate,No,3276,0,78,180,0,Rural
LP014290,,No,1,Graduate,No,2340,1500,208,180,1,Urban
LP014291,Female,No,1,Graduate,Yes,5000,1500,208,240,,Rural
LP014292,,No,2,Not Graduate,,2340,1500,100,360,1,Rural
LP014293,,No,0,Not Graduate,,3076,0,78,360,,Urban
LP014294,Male,Yes,0,Not Graduate,,5000,0,126,240,,Urban
LP014295,,No,1,Not Graduate,No,3276,1500,208,180,0,Rural
LP014296,,Yes,2,Graduate,Yes,3076,1500,208,,,Urban
LP014297,,No,1,Not Graduate,No,3076,1500,78,180,,Urban
LP014298,,Yes,,Graduate,Yes,5000,0,78,360,1,Semiurban
LP014299,Female,Yes,,Graduate,,2340,0,100,360,,Semiurban
LP014300,Male,Yes,2,Not Graduate,,2340,1800,110,180,,Rural
LP014301,Male,No,1,Not Graduate,,5720,0,110,360,1,Rural
LP014302,Female,No,2,Graduate,Yes,5000,1800,110,240,1,Rural
LP014303,,No,1,Graduate,,2340,0,208,240,1,Semiurban
LP014304,Female,No,1,Not Graduate,Yes,3076,0,100,360,1,Rural
LP014305,,Yes,,Not Graduate,No,2340,1800,110,180,0,Rural
LP014306,Female,No,3,Not Graduate,,2340,1500,78,240,0,Semiurban
LP014307,Male,No,0,Graduate,No,3076,1800,208,360,,Rural
LP014308,Male,No,0,Graduate,No,5000,2546,208,360,1,Urban
LP014309,Male,No,2,Not Graduate,Yes,5720,0,78,,0,Semiurban
LP014310,,No,0,Graduate,No,2340,2546,100,180,,Rural
LP014311,,No,,Graduate,Yes,2340,0,100,360,0,Rural
LP014312,Female,No,3,Graduate,Yes,2340,1800,110,240,0,Urban
LP014313,Female,No,1,Graduate,No,5000,1500,78,360,0,Semiurban
LP014314,Male,Yes,1,Not Graduate,Yes,3076,1500,126,180,,Urban
LP014315,,Yes,,Graduate,Yes,3076,2546,100,360,0,Urban
LP014316,Female,No,0,Not Graduate,Yes,3076,2546,110,240,,Rural
LP014317,,No,1,Not Graduate,No,3076,0,208,240,1,Rural
LP014318,,No,0,Graduate,Yes,3076,0,100,360,1,Rural
LP014319,Male,No,,Not Graduate,,3076,0,126,,1,Urban
LP014320,Male,Yes,1,Not Graduate,No,2340,1500,208,180,1,Semiurban
LP014321,,Yes,2,Not Graduate,No,2340,1800,208,240,0,Rural
LP014322,,No,3,Graduate,Yes,3076,2546,78,180,0,Urban
LP014323,,Yes,0,Not Graduate,No,3076,1500,78,180,1,Rural
LP014324,,Yes,0,Graduate,,5000,0,100,240,,Urban
LP014325,Male,No,0,Not Graduate,No,5000,0,126,360,0,Semiurban
LP014326,Female,No,0,Not Graduate,No,3276,1800,78,180,0,Urban
LP014327,Male,No,,Not Graduate,No,2340,0,110,360,,Semiurban
LP014328,Female,Yes,,Not Graduate,Yes,3076,0,208,,,Urban
LP014329,,Yes,,Graduate,,2340,0,110,,,Semiurban
LP014330,Female,No,,Not Graduate,,3276,1500,208,180,1,Semiurban
LP014331,Male,No,1,Not Graduate,,5000,1800,110,240,1,Semiurban
LP014332,Male,Yes,,Not Graduate,No,3276,0,208,180,,Semiurban
LP014333,,Yes,1,Graduate,,5720,1500,78,360,1,Rural
LP014334,Male,No,2,Graduate,Yes,5000,0,110,360,1,Rural
LP014335,,Yes,,Not Graduate,No,2340,1500,100,180,,Urban
LP014336,Male,No,2,Not Graduate,Yes,5000,0,100,180,0,Rural
LP014337,Male,No,,Not Graduate,No,3276,1500,126,180,1,Semiurban
LP014338,,Yes,2,Not Graduate,Yes,3076,0,126,,,Rural
LP014339,Female,Yes,3,Graduate,No,3276,2546,126,240,,Semiurban
LP014340,Male,Yes,2,Graduate,Yes,3276,0,110,360,,Rural
LP014341,Female,No,1,Graduate,,3076,2546,208,,0,Urban
LP014342,Male,No,0,Not Graduate,No,2340,1800,126,,,Urban
LP014343,Male,No,2,Not Graduate,No,2340,2546,78,180,,Semiurban
LP014344,Male,No,0,Not Graduate,Yes,5000,1500,100,360,0,Semiurban
LP014345,Male,No,3,Not Graduate,Yes,3276,1500,100,360,,Rural
LP014346,Female,No,3,Graduate,Yes,5000,1800,78,360,1,Rural
LP014347,Female,Yes,1,Graduate,No,3076,1800,100,360,0,Semiurban
LP014348,Male,No,1,Graduate,Yes,5720,0,110,180,0,Urban
LP014349,Male,No,2,Not Graduate,,2340,1500,78,,,Urban
LP014350,Female,No,,Not Graduate,Yes,3076,1800,110,,1,Semiurban
LP014351,,No,3,Not Graduate,Yes,2340,2546,100,,0,Urban
LP014352,,Yes,0,Not Graduate,Yes,5000,1500,78,,,Semiurban
LP014353,Female,No,,Not Graduate,,5720,1800,78,360,,Rural
LP014354,Male,Yes,3,Graduate,Yes,3276,0,78,360,0,Urban
LP014355,Male,Yes,2,Not Graduate,Yes,2340,0,100,240,0,Urban
LP014356,,No,3,Not Graduate,No,3276,1500,100,180,,Semiurban
LP014357,,No,1,Graduate,No,5000,1500,100,360,0,Rural
LP014358,Female,Yes,0,Graduate,Yes,2340,1500,126,360,1,Urban
LP014359,,Yes,0,Not Graduate,No,5000,1500,126,180,1,Urban
LP014360,Female,No,1,Graduate,Yes,3276,0,208,180,,Rural
LP014361,,Yes,,Not Graduate,Yes,5000,0,78,360,1,Rural
LP014362,,No,1,Not Graduate,,5000,0,100,,,Semiurban
LP014363,,No,0,Graduate,Yes,5000,1500,78,240,0,Urban
LP014364,Male,Yes,2,Not Graduate,No,3076,1800,110,240,0,Urban
LP014365,Male,No,,Not Graduate,No,3076,2546,110,180,,Rural
LP014366,Male,No,3,Not Graduate,No,2340,1500,100,,,Rural
LP014367,,No,2,Graduate,No,5000,0,126,180,0,Urban
LP014368,Female,Yes,,Graduate,Yes,5000,0,208,240,,Rural
LP014369,Female,Yes,0,Graduate,,5000,1500,126,240,1,Semiurban
LP014370,Female,Yes,0,Graduate,,3076,0,78,,1,Semiurban
LP014371,Female,No,2,Not Graduate,Yes,3276,1800,126,240,1,Rural
LP014372,Male,Yes,,Graduate,No,5000,1800,100,240,0,Urban
LP014373,Male,Yes,3,Not Graduate,,5720,1800,126,,0,Rural
LP014374,,Yes,3,Graduate,,2340,1800,110,240,0,Urban
LP014375,,No,1,Graduate,Yes,3076,2546,100,180,,Semiurban
LP014376,Female,No,2,Not Graduate,No,3276,0,100,180,0,Semiurban
LP014377,Male,Yes,,Graduate,,5720,1500,100,180,0,Semiurban
LP014378,Female,Yes,2,Graduate,Yes,5000,2546,126,180,1,Urban
LP014379,,Yes,3,Not Graduate,,3076,1500,110,360,0,Rural
LP014380,,No,,Graduate,,5000,0,126,240,,Urban
LP014381,Female,Yes,0,Not Graduate,No,2340,2546,78,240,,Urban
LP014382,,No,0,Graduate,No,3076,2546,208,180,1,Semiurban
LP014383,Female,No,,Not Graduate,,5720,0,208,240,1,Rural
LP014384,Male,No,2,Graduate,No,3276,2546,208,360,,Urban
LP014385,Female,Yes,2,Not Graduate,,3276,0,78,360,1,Rural
LP014386,Male,Yes,0,Graduate,,2340,1800,78,360,1,Urban
LP014387,Male,No,0,Not Graduate,,3276,1500,78,,,Urban
LP014388,,No,3,Graduate,Yes,3276,0,110,180,1,Semiurban
LP014389,,No,,Graduate,No,2340,1800,100,240,,Semiurban
LP014390,,No,2,Graduate,No,5720,2546,78,360,,Semiurban
LP014391,Female,Yes,3,Not Graduate,,3076,0,208,360,,Rural
LP014392,Female,Yes,2,Not Graduate,No,3076,2546,208,240,1,Urban
LP014393,,No,0,Graduate,,2340,0,126,240,,Semiurban
LP014394,Female,No,,Graduate,No,5000,2546,100,,0,Rural
LP014395,,No,1,Graduate,No,2340,0,78,360,0,Rural
LP014396,Female,Yes,,Graduate,,2340,2546,100,360,0,Urban
LP014397,Male,No,1,Graduate,No,2340,2546,78,,1,Semiurban
LP014398,Male,Yes,3,Graduate,,2340,2546,208,,,Semiurban
LP014399,,No,1,Graduate,Yes,3276,2546,100,240,0,Semiurban
LP014400,Female,Yes,1,Graduate,,3276,0,100,180,,Semiurban
LP014401,Female,Yes,3,Graduate,No,5720,1500,78,240,1,Rural
LP014402,Male,No,,Graduate,Yes,2340,1800,78,,1,Semiurban
LP014403,Male,Yes,3,Not Graduate,Yes,3076,0,100,180,0,Semiurban
LP014404,,Yes,0,Not Graduate,,5000,1500,78,,1,Rural
LP014405,Male,Yes,0,Graduate,Yes,3276,0,100,360,1,Urban
LP014406,,Yes,1,Graduate,,3076,0,126,,,Urban
LP014407,Male,No,3,Graduate,No,3276,0,100,180,,Rural
LP014408,Male,No,3,Not Graduate,,5720,2546,110,180,0,Rural
LP014409,Female,No,3,Not Graduate,Yes,5000,1800,100,360,0,Semiurban
LP014410,Male,No,,Graduate,,3276,1800,126,360,,Urban
LP014411,Male,No,2,Graduate,,5000,0,126,180,1,Urban
LP014412,,Yes,2,Graduate,No,5000,1500,208,240,0,Semiurban
LP014413,Male,Yes,2,Not Graduate,,3076,2546,208,,,Semiurban
LP014414,,Yes,,Not Graduate,No,3276,1800,110,240,1,Semiurban
LP014415,Male,Yes,3,Not Graduate,Yes,5000,2546,78,360,1,Semiurban
LP014416,Male,No,2,Not Graduate,Yes,2340,1500,78,,1,Rural
LP014417,,No,3,Graduate,,5000,0,126,,0,Rural
LP014418,Female,Yes,1,Graduate,,5000,1500,126,360,0,Semiurban
LP014419,,No,2,Graduate,Yes,3276,0,208,240,,Urban
LP014420,,Yes,1,Graduate,Yes,2340,1500,126,240,,Urban
LP014421,,Yes,,Graduate,Yes,5000,2546,100,360,,Urban
LP014422,Female,No,0,Not Graduate,,3276,1500,100,240,,Urban
LP014423,Male,No,,Graduate,Yes,3276,1800,110,180,,Urban
LP014424,,No,,Graduate,,5000,1800,100,360,0,Semiurban
LP014425,,No,,Not Graduate,Yes,5720,0,110,180,1,Urban
LP014426,Female,No,2,Graduate,Yes,5720,1800,208,180,1,Rural
LP014427,,No,1,Graduate,,3076,1800,100,180,0,Rural
LP014428,Male,No,2,Graduate,No,5720,0,110,,1,Urban
LP014429,Female,Yes,0,Not Graduate,,5720,2546,78,180,0,Rural
LP014430,Male,No,,Graduate,No,3276,2546,110,240,1,Semiurban
LP014431,Male,Yes,3,Not Graduate,,3276,0,100,360,1,Urban
LP014432,Female,Yes,0,Not Graduate,No,5000,1800,110,240,,Semiurban
LP014433,,No,1,Not Graduate,No,5000,1500,208,180,0,Rural
LP014434,Male,Yes,0,Not Graduate,No,3276,0,126,180,1,Urban
LP014435,Male,No,2,Graduate,,5000,2546,78,180,0,Semiurban
LP014436,Male,Yes,3,Not Graduate,,3276,0,208,180,0,Semiurban
LP014437,Male,Yes,2,Graduate,,5720,2546,78,360,,Semiurban
LP014438,Female,Yes,,Not Graduate,No,5000,1500,78,360,,Semiurban
LP014439,Female,No,,Graduate,No,5720,2546,110,,,Semiurban
LP014440,Male,Yes,0,Graduate,,3076,0,126,360,1,Rural
LP014441,,Yes,,Graduate,,5000,0,110,180,1,Urban
LP014442,Male,Yes,,Graduate,Yes,3276,2546,110,,1,Semiurban
LP014443,,No,1,Graduate,Yes,3276,0,100,180,1,Semiurban
LP014444,Male,Yes,1,Graduate,Yes,3076,0,110,,,Rural
LP014445,,No,2,Graduate,Yes,3276,0,126,360,0,Urban
LP014446,Male,Yes,2,Graduate,Yes,5720,0,208,360,0,Urban
LP014447,,Yes,1,Graduate,,3276,0,110,360,0,Urban
LP014448,Male,Yes,0,Graduate,No,3076,0,126,,1,Urban
LP014449,Male,No,1,Not Graduate,No,2340,1500,110,240,1,Urban
LP014450,,Yes,2,Graduate,,2340,1500,78,180,1,Rural
LP014451,Female,Yes,3,Graduate,,5720,1500,110,360,0,Semiurban
LP014452,,Yes,,Graduate,,2340,0,100,360,1,Urban
LP014453,Female,Yes,3,Not Graduate,Yes,3276,0,78,180,0,Urban
LP014454,Male,No,3,Not Graduate,Yes,3076,1500,126,240,1,Semiurban
LP014455,,Yes,,Graduate,Yes,5720,1800,110,180,0,Semiurban
LP014456,,Yes,1,Graduate,,2340,1500,78,360,1,Urban
LP014457,,Yes,0,Not Graduate,,3276,0,78,360,,Rural
LP014458,Female,Yes,3,Graduate,No,3276,1800,208,240,1,Semiurban
LP014459,Female,No,0,Graduate,,5000,2546,78,,0,Semiurban
LP014460,Male,Yes,2,Not Graduate,Yes,5000,1800,126,240,0,Rural
LP014461,Female,Yes,3,Not Graduate,No,3076,2546,110,180,0,Semiurban
LP014462,Female,No,2,Graduate,,5720,1800,78,360,,Semiurban
LP014463,Male,Yes,1,Graduate,No,2340,0,126,240,,Urban
LP014464,,Yes,3,Graduate,No,2340,1800,208,360,0,Semiurban
LP014465,,Yes,2,Not Graduate,,3276,1500,110,,0,Semiurban
LP014466,Male,No,2,Graduate,Yes,2340,2546,100,240,0,Rural
LP014467,,Yes,1,Graduate,Yes,3076,2546,78,240,1,Semiurban
LP014468,Female,No,0,Not Graduate,No,5000,1500,78,360,0,Rural
LP014469,Male,No,0,Graduate,,3276,0,208,,1,Rural
LP014470,Male,No,3,Graduate,,5720,1800,126,360,,Rural
LP014471,Male,No,1,Graduate,Yes,3276,0,208,180,,Semiurban
LP014472,,No,3,Graduate,,2340,1500,126,180,0,Rural
LP014473,Male,No,0,Not Graduate,,3076,1800,110,,,Urban
LP014474,Male,No,1,Not Graduate,No,5720,1500,78,180,1,Semiurban
LP014475,Male,Yes,,Not Graduate,,3276,2546,100,360,1,Semiurban
LP014476,,Yes,1,Graduate,,2340,2546,208,240,0,Rural
LP014477,Female,No,1,Graduate,,3276,2546,100,180,0,Rural
LP014478,Male,No,,Graduate,Yes,5720,0,100,,,Rural
LP014479,Female,No,2,Graduate,Yes,2340,0,78,,0,Rural
LP014480,,No,2,Not Graduate,No,5000,2546,78,360,0,Urban
LP014481,,No,2,Graduate,Yes,5720,0,100,180,0,Semiurban
LP014482,,No,0,Graduate,Yes,5000,0,110,180,1,Rural
LP014483,,Yes,1,Graduate,Yes,5000,1500,100,180,,Urban
LP014484,Female,Yes,,Not Graduate,Yes,2340,1800,126,,0,Rural
LP014485,Male,No,0,Graduate,No,3276,2546,126,,0,Urban
LP014486,,No,,Graduate,,3276,0,126,,0,Semiurban
LP014487,,No,0,Graduate,,3076,1500,126,240,1,Urban
LP014488,Female,Yes,0,Graduate,,5720,1500,208,360,1,Rural
LP014489,Female,No,0,Graduate,No,5720,1800,110,240,0,Semiurban
LP014490,,Yes,,Not Graduate,Yes,2340,1500,208,,,Rural
LP014491,Male,Yes,3,Graduate,No,2340,0,208,180,1,Semiurban
LP014492,Male,Yes,0,Graduate,No,3076,0,126,180,0,Rural
LP014493,,No,2,Graduate,No,3076,2546,110,240,,Urban
LP014494,Female,No,1,Graduate,,5000,1800,110,,0,Semiurban
LP014495,,Yes,3,Graduate,Yes,3076,0,100,,,Urban
LP014496,,Yes,3,Not Graduate,,3276,1800,208,,1,Urban
LP014497,Female,Yes,,Graduate,No,5000,2546,110,180,,Rural
LP014498,,Yes,3,Not Graduate,No,3076,1500,78,180,1,Semiurban
LP014499,,No,,Not Graduate,,3276,1500,208,,1,Urban
LP014500,,Yes,,Graduate,,3276,1500,110,240,,Rural
LP014501,Female,No,2,Graduate,,5000,0,78,360,1,Rural
LP014502,Male,Yes,0,Not Graduate,Yes,5000,1800,78,180,,Urban
LP014503,Male,No,3,Graduate,,3276,0,78,180,,Urban
LP014504,Female,Yes,0,Not Graduate,Yes,2340,0,126,360,1,Urban
LP014505,Male,No,0,Not Graduate,Yes,5000,1800,100,,1,Rural
LP014506,,No,0,Graduate,,5720,2546,100,240,1,Semiurban
LP014507,Male,No,,Graduate,No,2340,0,110,240,1,Rural
LP014508,,Yes,0,Not Graduate,No,5720,1500,110,,1,Urban
LP014509,Male,No,3,Graduate,Yes,3076,1500,100,180,0,Rural
LP014510,Female,Yes,,Not Graduate,Yes,5000,1500,78,,0,Semiurban
LP014511,Male,No,3,Not Graduate,Yes,5000,0,110,180,0,Rural
LP014512,Male,No,,Graduate,No,3276,0,126,240,0,Rural
LP014513,Male,Yes,1,Not Graduate,Yes,5000,1500,126,180,0,Rural
LP014514,Female,No,1,Not Graduate,Yes,5720,1500,100,240,,Rural
LP014515,Male,No,1,Not Graduate,No,2340,1500,110,240,1,Rural
LP014516,Female,Yes,1,Not Graduate,,3076,0,110,240,0,Urban
LP014517,,No,,Not Graduate,No,2340,0,78,180,,Semiurban
LP014518,Male,No,0,Not Graduate,,5720,1500,110,,,Urban
LP014519,Female,No,2,Graduate,,3076,2546,100,240,0,Rural
LP014520,Female,No,2,Not Graduate,Yes,3276,1500,110,,0,Rural
LP014521,Male,Yes,1,Not Graduate,Yes,5000,0,110,360,0,Rural
LP014522,,No,0,Graduate,,5000,2546,126,360,0,Semiurban
LP014523,Female,No,3,Graduate,Yes,3276,0,100,240,,Urban
LP014524,Male,No,0,Graduate,,5720,0,208,360,1,Urban
LP014525,,No,3,Not Graduate,Yes,3276,0,100,240,1,Rural
LP014526,Female,No,2,Graduate,No,5720,1800,100,180,,Urban
LP014527,Female,No,0,Not Graduate,,3076,2546,208,180,0,Semiurban
LP014528,,No,0,Not Graduate,,2340,0,208,180,1,Urban
LP014529,,No,2,Not Graduate,Yes,2340,0,126,,0,Rural
LP014530,Male,Yes,0,Not Graduate,No,3276,1800,78,240,1,Urban
LP014531,Male,Yes,3,Graduate,Yes,5000,0,100,240,1,Urban
LP014532,Female,Yes,0,Not Graduate,No,3276,0,100,,1,Urban
LP014533,,Yes,3,Not Graduate,Yes,5000,2546,100,,,Urban
LP014534,,No,1,Not Graduate,,3276,1500,100,360,0,Semiurban
LP014535,,No,0,Not Graduate,No,3276,2546,126,360,1,Rural
LP014536,Female,Yes,3,Not Graduate,No,2340,0,100,180,1,Urban
LP014537,,Yes,2,Not Graduate,Yes,5000,2546,208,,1,Urban
LP014538,,Yes,1,Graduate,No,2340,0,208,,0,Urban
LP014539,Female,No,0,Graduate,Yes,5000,2546,110,,1,Semiurban
LP014540,Male,No,3,Not Graduate,No,3076,1800,126,240,,Rural
LP014541,Male,Yes,0,Not Graduate,Yes,3076,2546,110,360,1,Semiurban
LP014542,Female,Yes,3,Not Graduate,Yes,3076,0,100,,1,Rural
LP014543,,Yes,0,Not Graduate,Yes,5720,1500,126,180,,Urban
LP014544,Female,Yes,1,Not Graduate,,2340,1800,126,240,0,Rural
LP014545,Male,Yes,1,Graduate,No,2340,2546,78,,0,Rural
LP014546,Male,No,0,Not Graduate,,3076,0,78,360,1,Rural
LP014547,Female,Yes,0,Graduate,,3276,1800,110,,0,Urban
LP014548,Female,No,,Graduate,,2340,0,110,360,,Semiurban
LP014549,Male,Yes,0,Graduate,,5000,1500,208,360,0,Urban
LP014550,Female,Yes,0,Graduate,No,2340,1500,208,360,1,Semiurban
LP014551,Male,No,1,Graduate,No,2340,2546,208,180,,Semiurban
LP014552,Female,Yes,0,Not Graduate,,5000,0,126,180,1,Semiurban
LP014553,Female,No,2,Not Graduate,No,3076,0,100,360,,Semiurban
LP014554,Female,No,0,Not Graduate,No,3076,1500,110,240,,Semiurban
LP014555,Male,Yes,,Not Graduate,Yes,5000,1500,208,,1,Urban
LP014556,Female,Yes,3,Graduate,No,2340,0,126,240,1,Urban
LP014557,Male,No,1,Graduate,,2340,1500,78,240,0,Semiurban
LP014558,Male,No,2,Not Graduate,No,3076,0,100,,0,Rural
LP014559,Female,Yes,3,Graduate,,5720,1500,78,180,1,Urban
LP014560,Female,No,2,Not Graduate,No,3076,0,78,240,1,Semiurban
LP014561,Male,Yes,1,Graduate,,5000,1500,100,240,0,Semiurban
LP014562,Male,No,,Graduate,No,5720,1800,126,,1,Rural
LP014563,,Yes,1,Graduate,No,5720,1800,78,240,,Rural
LP014564,Male,No,2,Graduate,No,5000,1800,126,240,0,Semiurban
LP014565,,No,2,Not Graduate,,3276,0,78,180,0,Rural
LP014566,,Yes,1,Graduate,Yes,3076,0,208,240,,Urban
LP014567,,No,0,Not Graduate,,2340,2546,100,360,,Semiurban
LP014568,Female,No,1,Not Graduate,No,3076,2546,110,180,1,Urban
LP014569,Female,No,,Graduate,,5000,1500,100,,1,Semiurban
LP014570,Male,No,1,Not Graduate,No,2340,0,78,,,Urban
LP014571,,No,3,Not Graduate,No,3276,1800,78,,,Semiurban
LP014572,Female,No,0,Not Graduate,Yes,5000,1800,208,240,0,Urban
LP014573,Female,No,3,Not Graduate,No,3076,1800,208,,0,Rural
LP014574,Female,Yes,1,Graduate,No,5720,1500,100,360,0,Semiurban
LP014575,Female,No,0,Graduate,No,5000,0,110,180,1,Semiurban
LP014576,Female,No,3,Graduate,Yes,5000,1500,100,360,0,Semiurban
LP014577,,Yes,3,Graduate,,3076,0,110,,,Semiurban
LP014578,,No,0,Not Graduate,Yes,3276,0,126,240,0,Urban
LP014579,,No,0,Not Graduate,,3076,2546,78,240,,Semiurban
LP014580,,Yes,2,Graduate,No,3076,0,126,,,Rural
LP014581,Male,No,0,Graduate,,3276,1800,100,,1,Urban
LP014582,,No,1,Not Graduate,,3276,0,110,,1,Semiurban
LP014583,Female,Yes,,Graduate,,5000,2546,110,240,0,Semiurban
LP014584,,Yes,2,Not Graduate,,5720,1800,126,360,0,Urban
LP014585,Male,No,0,Graduate,No,3076,1500,208,180,0,Urban
LP014586,Female,No,,Not Graduate,Yes,5720,1800,208,,1,Semiurban
LP014587,,Yes,2,Not Graduate,,3276,0,126,360,,Urban
LP014588,,No,1,Graduate,No,3276,1500,208,360,,Rural
LP014589,,Yes,,Graduate,No,3076,1800,110,360,1,Semiurban
LP014590,Female,Yes,0,Graduate,No,5000,1500,100,,0,Semiurban
LP014591,Female,Yes,0,Not Graduate,No,3076,0,208,240,1,Urban
LP014592,Male,No,1,Graduate,,5000,0,110,360,,Rural
LP014593,Female,Yes,2,Graduate,Yes,2340,0,100,360,1,Rural
LP014594,Female,Yes,,Graduate,No,5000,0,110,360,1,Semiurban
LP014595,,Yes,1,Graduate,Yes,3076,0,78,180,,Rural
LP014596,Female,No,2,Graduate,Yes,3076,0,100,360,1,Rural
LP014597,,No,3,Not Graduate,Yes,5000,2546,78,360,1,Rural
LP014598,,No,3,Graduate,No,5720,0,208,240,1,Semiurban
LP014599,Female,Yes,2,Graduate,No,5000,0,208,360,0,Semiurban
LP014600,Male,No,0,Graduate,No,2340,1500,110,360,,Rural
LP014601,Male,No,0,Graduate,Yes,2340,2546,126,,0,Rural
LP014602,Female,Yes,3,Not Graduate,No,5720,1500,110,240,,Semiurban
LP014603,Male,Yes,0,Not Graduate,No,2340,1500,78,360,,Semiurban
LP014604,,No,0,Graduate,Yes,3076,0,100,360,,Urban
LP014605,,No,2,Graduate,No,5720,2546,126,180,1,Urban
LP014606,Female,Yes,2,Graduate,,5720,1800,110,180,0,Rural
LP014607,Male,No,0,Not Graduate,,5720,0,78,360,,Semiurban
LP014608,Male,Yes,2,Not Graduate,,5000,1500,78,180,0,Semiurban
LP014609,,Yes,,Graduate,,5000,1500,208,360,0,Semiurban
LP014610,Female,No,3,Not Graduate,Yes,5720,0,110,,0,Rural
LP014611,Male,No,,Not Graduate,No,2340,0,110,180,0,Urban
LP014612,Female,No,,Not Graduate,,3076,0,78,,1,Semiurban
LP014613,Male,No,0,Not Graduate,,3076,2546,110,360,1,Semiurban
LP014614,,Yes,0,Not Graduate,No,5000,0,208,180,,Urban
LP014615,,No,,Not Graduate,Yes,3276,2546,126,360,,Semiurban
LP014616,Female,No,,Graduate,,5720,0,78,240,1,Semiurban
LP014617,,No,1,Not Graduate,No,3276,0,208,,,Urban
LP014618,Male,Yes,1,Graduate,No,3076,1500,208,240,1,Urban
LP014619,,No,3,Not Graduate,,5000,2546,100,,0,Semiurban
LP014620,Female,No,,Graduate,,5000,2546,126,360,0,Semiurban
LP014621,Female,Yes,2,Not Graduate,No,5000,0,208,180,1,Semiurban
LP014622,Female,Yes,1,Graduate,No,5000,2546,100,240,,Urban
LP014623,Male,Yes,0,Graduate,,5000,0,100,180,,Semiurban
LP014624,Male,Yes,,Not Graduate,,5720,1800,110,180,1,Urban
LP014625,Male,Yes,2,Graduate,,3276,0,208,240,1,Semiurban
LP014626,Male,No,2,Graduate,,3076,0,78,240,0,Rural
LP014627,Male,Yes,2,Not Graduate,Yes,3076,1800,110,180,,Semiurban
LP014628,,Yes,0,Graduate,No,5000,1500,126,360,0,Semiurban
LP014629,Male,Yes,1,Not Graduate,,5000,1500,78,240,1,Semiurban
LP014630,Male,Yes,2,Graduate,No,5000,1500,78,360,,Rural
LP014631,,Yes,1,Graduate,,2340,0,100,360,0,Urban
LP014632,Male,Yes,3,Not Graduate,Yes,3076,1500,208,240,,Semiurban
LP014633,Female,Yes,0,Graduate,No,5000,0,100,360,,Urban
LP014634,Male,Yes,1,Graduate,Yes,3276,0,100,,1,Urban
LP014635,Male,No,1,Not Graduate,No,2340,2546,208,360,0,Rural
LP014636,Female,No,2,Not Graduate,Yes,5720,0,208,360,1,Rural
LP014637,Female,No,2,Not Graduate,,2340,0,208,360,0,Semiurban
LP014638,Female,Yes,0,Graduate,,2340,2546,100,180,1,Semiurban
LP014639,Female,Yes,1,Graduate,Yes,2340,0,208,360,1,Rural
LP014640,Male,Yes,,Not Graduate,,3276,1800,208,360,1,Rural
LP014641,Female,No,2,Graduate,Yes,3076,2546,78,360,0,Semiurban
LP014642,Female,Yes,2,Graduate,Yes,5000,0,100,360,1,Semiurban
LP014643,,Yes,3,Graduate,No,3276,1500,208,180,,Urban
LP014644,Female,Yes,0,Graduate,Yes,3276,2546,100,180,1,Semiurban
LP014645,Female,No,1,Graduate,No,5000,2546,126,180,,Rural
LP014646,,No,1,Not Graduate,Yes,2340,1800,110,240,0,Urban
LP014647,,Yes,1,Not Graduate,No,5720,0,78,240,,Urban
LP014648,Male,No,2,Graduate,No,2340,1500,78,180,,Urban
LP014649,,Yes,0,Graduate,,2340,1500,100,240,,Urban
LP014650,Male,Yes,1,Graduate,No,3076,1800,208,180,,Urban
LP014651,,No,,Not Graduate,No,2340,1500,100,360,,Urban
LP014652,,No,3,Not Graduate,Yes,5720,0,110,180,0,Rural
LP014653,Male,No,3,Not Graduate,No,3276,2546,78,180,0,Rural
LP014654,,No,1,Not Graduate,,2340,2546,78,240,0,Semiurban
LP014655,Male,Yes,2,Not Graduate,Yes,3276,1500,110,180,0,Rural
LP014656,,Yes,3,Graduate,No,3076,1500,100,,0,Rural
LP014657,Female,No,3,Graduate,Yes,5720,1500,78,360,0,Semiurban
LP014658,,No,3,Graduate,Yes,5000,2546,208,180,1,Urban
LP014659,Male,Yes,3,Graduate,Yes,5000,1500,100,180,,Rural
LP014660,,Yes,1,Not Graduate,Yes,3076,0,208,180,0,Rural
LP014661,Male,Yes,0,Graduate,Yes,5720,0,126,180,1,Urban
LP014662,Male,Yes,0,Graduate,No,3276,2546,110,240,0,Urban
LP014663,Female,No,2,Graduate,Yes,3076,0,78,240,0,Rural
LP014664,Female,No,,Graduate,Yes,2340,0,110,,1,Urban
LP014665,Male,No,0,Not Graduate,,3276,0,110,240,0,Rural
LP014666,,Yes,,Not Graduate,,2340,0,208,,,Urban
LP014667,Male,Yes,0,Graduate,Yes,2340,1800,78,,,Semiurban
LP014668,Male,No,0,Graduate,No,3276,0,126,180,1,Rural
LP014669,,No,2,Graduate,,2340,1800,110,,0,Urban
LP014670,,No,3,Graduate,,5000,2546,208,360,,Urban
LP014671,,Yes,2,Not Graduate,Yes,3276,0,208,240,1,Semiurban
LP014672,,No,0,Not Graduate,No,3076,0,78,,,Urban
LP014673,Male,Yes,3,Graduate,No,5000,0,100,360,1,Urban
LP014674,Male,No,3,Graduate,,3076,2546,100,240,1,Urban
LP014675,Female,No,3,Not Graduate,,5720,0,126,360,,Rural
LP014676,Male,No,,Not Graduate,,3076,1500,208,180,0,Semiurban
LP014677,,Yes,0,Graduate,,3276,0,100,180,1,Semiurban
LP014678,Female,Yes,1,Graduate,,3076,0,110,240,,Semiurban
LP014679,,Yes,2,Graduate,Yes,5720,0,126,,,Rural
LP014680,Male,Yes,,Not Graduate,Yes,2340,0,110,360,,Urban
LP014681,Female,Yes,2,Not Graduate,Yes,3276,2546,100,180,1,Rural
LP014682,,Yes,1,Not Graduate,,5000,0,208,,0,Semiurban
LP014683,Female,No,3,Not Graduate,Yes,5000,0,100,180,,Semiurban
LP014684,Female,Yes,1,Not Graduate,,3076,1500,126,180,,Semiurban
LP014685,Male,No,2,Graduate,No,5000,1500,126,,1,Rural
LP014686,,Yes,1,Graduate,No,5720,0,110,240,0,Rural
LP014687,Female,No,0,Graduate,Yes,5000,0,110,,1,Urban
LP014688,Female,No,1,Graduate,No,3076,0,126,360,0,Rural
LP014689,,Yes,0,Not Graduate,No,5000,0,110,240,1,Urban
LP014690,Female,No,1,Graduate,No,2340,1800,78,360,0,Urban
LP014691,Female,Yes,0,Not Graduate,Yes,2340,0,126,240,,Urban
LP014692,Female,Yes,0,Not Graduate,No,5000,0,110,180,1,Semiurban
LP014693,,Yes,1,Graduate,Yes,3276,0,100,,0,Urban
LP014694,,Yes,,Graduate,,5000,1800,208,360,,Rural
LP014695,,No,3,Graduate,,2340,1500,78,240,,Rural
LP014696,,Yes,3,Graduate,Yes,2340,0,78,180,0,Semiurban
LP014697,Male,No,3,Graduate,Yes,5720,0,208,180,1,Semiurban
LP014698,Female,No,0,Graduate,No,3076,1500,208,,,Semiurban
LP014699,,No,3,Not Graduate,,5720,1500,100,,0,Rural
LP014700,Female,Yes,0,Not Graduate,No,3276,1500,208,360,1,Rural
LP014701,Female,No,,Not Graduate,,3076,0,78,240,,Urban
LP014702,Male,Yes,1,Graduate,No,5000,0,100,180,0,Rural
LP014703,,No,1,Not Graduate,No,5000,1800,208,360,,Semiurban
LP014704,,Yes,0,Graduate,,3276,2546,100,360,1,Urban
LP014705,Female,Yes,0,Graduate,No,2340,2546,100,180,1,Urban
LP014706,,Yes,,Not Graduate,,5000,1500,110,240,,Semiurban
LP014707,Female,Yes,3,Not Graduate,Yes,5720,2546,208,360,1,Urban
LP014708,Female,No,,Graduate,No,2340,2546,110,,1,Semiurban
LP014709,Male,No,1,Graduate,,5000,0,78,180,0,Semiurban
LP014710,Male,Yes,1,Not Graduate,,2340,1800,100,180,,Semiurban
LP014711,Male,No,3,Not Graduate,No,3076,2546,78,180,,Rural
LP014712,Female,Yes,1,Not Graduate,,5000,1800,100,240,0,Semiurban
LP014713,,Yes,0,Not Graduate,No,5000,2546,208,240,1,Semiurban
LP014714,Male,No,1,Not Graduate,No,2340,1500,126,360,,Urban
LP014715,,Yes,2,Not Graduate,Yes,3076,1500,208,360,,Urban
LP014716,Male,Yes,3,Graduate,Yes,5720,1800,100,180,0,Semiurban
LP014717,Male,Yes,3,Not Graduate,Yes,3076,1800,126,360,1,Urban
LP014718,Female,Yes,3,Graduate,No,5720,1800,126,180,0,Rural
LP014719,Male,Yes,2,Graduate,No,3276,1800,208,,,Rural
LP014720,Male,No,,Not Graduate,,3076,0,78,360,1,Urban
LP014721,Female,No,0,Not Graduate,Yes,5720,1500,208,240,1,Urban
LP014722,,No,3,Not Graduate,Yes,2340,2546,100,240,0,Urban
LP014723,Male,Yes,1,Graduate,,5720,0,78,180,1,Urban
LP014724,Female,Yes,0,Graduate,Yes,3276,1800,100,,,Urban
LP014725,Male,Yes,1,Not Graduate,Yes,5720,2546,78,360,,Rural
LP014726,Female,Yes,0,Not Graduate,Yes,3076,1500,110,360,,Semiurban
LP014727,,Yes,0,Graduate,,5720,1800,78,,1,Urban
LP014728,,Yes,1,Graduate,Yes,3076,0,110,,1,Semiurban
LP014729,Female,No,1,Not Graduate,No,3276,1800,100,360,,Urban
LP014730,Female,Yes,0,Not Graduate,Yes,5720,2546,208,180,0,Semiurban
LP014731,Female,No,3,Not Graduate,No,5720,1500,100,360,,Urban
LP014732,,Yes,1,Graduate,Yes,3276,1800,208,,0,Urban
LP014733,Male,No,2,Graduate,No,5720,1500,110,240,,Rural
LP014734,,Yes,2,Not Graduate,Yes,3076,0,208,360,0,Rural
LP014735,Female,No,0,Not Graduate,No,5000,0,100,,0,Rural
LP014736,Female,No,,Not Graduate,No,5000,0,100,240,1,Rural
LP014737,,Yes,0,Graduate,Yes,3076,0,100,360,0,Urban
LP014738,Female,Yes,0,Graduate,,5720,0,78,180,1,Rural
LP014739,,No,3,Graduate,Yes,3076,1500,100,180,,Semiurban
LP014740,Female,Yes,3,Not Graduate,,3276,1500,78,360,0,Rural
LP014741,Male,Yes,,Not Graduate,,3076,0,126,360,0,Semiurban
LP014742,Male,Yes,,Not Graduate,,5000,2546,110,240,,Semiurban
LP014743,Female,No,,Graduate,,2340,0,126,180,,Urban
LP014744,,Yes,,Graduate,,3276,1800,126,,0,Rural
LP014745,Male,No,,Graduate,,5720,2546,78,360,0,Rural
LP014746,,No,0,Not Graduate,Yes,3076,1500,78,180,1,Semiurban
LP014747,Female,Yes,0,Not Graduate,No,3276,0,110,180,1,Semiurban
LP014748,,No,2,Graduate,No,5000,2546,110,360,0,Rural
LP014749,Male,Yes,2,Not Graduate,Yes,5720,1800,110,360,0,Semiurban
LP014750,,Yes,1,Not Graduate,Yes,3076,0,100,,,Urban
LP014751,,No,0,Graduate,Yes,3076,1500,100,360,,Rural
LP014752,Female,No,,Graduate,,5720,2546,110,,1,Urban
LP014753,Female,No,1,Graduate,,2340,2546,78,360,1,Urban
LP014754,Female,No,3,Graduate,No,2340,2546,126,240,,Rural
LP014755,Male,No,0,Graduate,Yes,3276,0,110,360,,Rural
LP014756,Male,Yes,2,Not Graduate,No,3076,1500,110,240,,Semiurban
LP014757,Female,No,0,Graduate,No,3276,1500,126,360,,Urban
LP014758,Female,Yes,0,Not Graduate,,5720,0,208,180,,Rural
LP014759,Male,Yes,0,Not Graduate,,3276,0,110,360,,Rural
LP014760,Male,No,0,Graduate,No,3076,0,110,240,1,Urban
LP014761,Male,No,3,Graduate,,2340,1800,100,360,,Semiurban
LP014762,Male,No,2,Not Graduate,,2340,2546,126,360,0,Rural
LP014763,Female,No,0,Not Graduate,,5720,1800,110,180,0,Urban
LP014764,Male,No,3,Not Graduate,No,5000,1500,110,180,0,Urban
LP014765,Female,Yes,1,Graduate,No,3276,0,208,240,0,Semiurban
LP014766,,Yes,0,Not Graduate,No,5720,2546,126,360,1,Rural
LP014767,,Yes,3,Graduate,Yes,2340,0,110,360,0,Urban
LP014768,Male,No,,Graduate,No,3076,2546,208,180,1,Semiurban
LP014769,,No,1,Not Graduate,,3076,0,110,240,0,Rural
LP014770,,Yes,2,Graduate,No,5000,2546,78,360,,Rural
LP014771,,No,0,Not Graduate,Yes,5000,0,208,240,,Rural
LP014772,Male,No,0,Not Graduate,,2340,0,78,240,,Rural
LP014773,Male,No,3,Graduate,No,5000,0,110,240,,Rural
LP014774,,Yes,2,Graduate,No,5000,1500,208,180,1,Semiurban
LP014775,Female,No,,Not Graduate,,3076,2546,126,,,Urban
LP014776,,Yes,1,Graduate,No,3276,1800,100,180,,Semiurban
LP014777,Male,No,2,Graduate,Yes,3076,1800,110,360,1,Urban
LP014778,Male,No,0,Not Graduate,,3076,1500,208,240,0,Semiurban
LP014779,Male,Yes,3,Graduate,No,2340,1500,78,240,1,Rural
LP014780,,No,,Not Graduate,,2340,1500,208,240,0,Semiurban
LP014781,Female,No,3,Not Graduate,No,3276,0,126,360,,Urban
LP014782,Male,No,1,Graduate,No,5720,0,208,360,1,Rural
LP014783,Male,Yes,2,Not Graduate,,5000,0,78,240,0,Urban
LP014784,,No,3,Graduate,No,5000,0,110,240,1,Rural
LP014785,Female,No,3,Not Graduate,No,3076,1500,78,240,0,Rural
LP014786,,No,0,Graduate,,3076,1500,78,360,,Rural
LP014787,Male,No,3,Not Graduate,No,3276,0,78,240,,Urban
LP014788,Female,No,,Not Graduate,No,5000,0,100,240,,Urban
LP014789,Female,Yes,2,Graduate,,3076,0,110,180,0,Semiurban
LP014790,Male,Yes,1,Graduate,Yes,3076,2546,100,240,,Urban
LP014791,Female,No,3,Graduate,Yes,2340,0,208,180,1,Semiurban
LP014792,Female,No,,Graduate,Yes,5720,2546,110,240,0,Urban
LP014793,,Yes,1,Graduate,Yes,3276,0,110,180,1,Rural
LP014794,Male,No,,Graduate,Yes,5720,0,208,180,0,Semiurban
LP014795,Male,No,3,Graduate,Yes,5720,0,208,360,0,Semiurban
LP014796,Male,No,3,Graduate,,3276,0,78,240,1,Semiurban
LP014797,Male,No,2,Graduate,,5000,1500,110,240,,Semiurban
LP014798,Male,No,0,Not Graduate,,3076,2546,126,240,1,Urban
LP014799,Female,No,,Graduate,No,3276,0,78,180,,Semiurban
LP014800,,No,0,Not Graduate,Yes,3076,0,110,360,1,Rural
LP014801,Male,No,0,Graduate,Yes,2340,1500,208,,0,Urban
LP014802,,Yes,1,Graduate,,5720,0,208,180,1,Rural
LP014803,,Yes,1,Not Graduate,No,2340,2546,126,,1,Urban
LP014804,Female,No,,Not Graduate,No,5720,0,110,180,0,Urban
LP014805,Male,No,0,Graduate,,5000,2546,100,180,,Semiurban
LP014806,Female,No,2,Not Graduate,Yes,3276,0,78,240,,Rural
LP014807,Male,No,0,Graduate,No,5000,0,110,180,0,Rural
LP014808,Female,Yes,1,Not Graduate,Yes,5720,1800,100,180,,Rural
LP014809,,Yes,0,Graduate,No,2340,2546,208,360,,Urban
LP014810,Male,Yes,3,Not Graduate,Yes,5720,1500,208,240,,Semiurban
LP014811,,Yes,3,Graduate,No,5000,0,100,360,0,Urban
LP014812,,No,2,Not Graduate,Yes,5000,1500,100,,0,Semiurban
LP014813,Female,No,,Graduate,Yes,2340,0,126,240,1,Rural
LP014814,Male,No,0,Not Graduate,Yes,2340,0,110,360,1,Rural
LP014815,,Yes,3,Graduate,,5000,0,208,240,1,Rural
LP014816,Female,No,,Graduate,Yes,5720,0,78,240,,Rural
LP014817,Male,No,3,Graduate,Yes,5720,1500,208,,1,Urban
LP014818,Male,Yes,,Not Graduate,No,3276,1800,110,180,,Semiurban
LP014819,,Yes,,Not Graduate,No,5000,2546,100,,,Rural
LP014820,Male,Yes,3,Not Graduate,,3276,0,126,360,,Semiurban
LP014821,,Yes,1,Not Graduate,No,5000,2546,208,240,1,Semiurban
LP014822,Male,Yes,,Not Graduate,Yes,3276,2546,126,180,1,Urban
LP014823,Female,No,0,Graduate,,3076,2546,100,360,1,Urban
LP014824,,No,3,Not Graduate,,5720,1500,110,,,Urban
LP014825,,Yes,1,Graduate,,5720,2546,208,240,,Urban
LP014826,Male,No,3,Graduate,Yes,3076,0,110,,0,Semiurban
LP014827,Male,No,2,Graduate,Yes,2340,1500,78,240,0,Rural
LP014828,,No,0,Graduate,No,3076,1500,110,240,,Rural
LP014829,Male,No,2,Graduate,No,5720,0,100,180,0,Semiurban
LP014830,Female,Yes,,Not Graduate,No,5000,1800,100,,,Rural
LP014831,Male,No,,Graduate,,3276,1800,78,360,0,Semiurban
LP014832,Female,No,2,Not Graduate,Yes,5720,0,110,240,,Semiurban
LP014833,Female,No,2,Graduate,No,3076,1800,100,240,0,Rural
LP014834,Female,Yes,,Graduate,Yes,5000,0,100,360,,Urban
LP014835,Female,No,1,Not Graduate,,5720,2546,100,360,1,Urban
LP014836,Female,Yes,0,Not Graduate,Yes,3076,0,100,360,0,Rural
LP014837,Male,Yes,3,Graduate,Yes,5720,1800,126,360,,Urban
LP014838,Female,Yes,2,Graduate,,3076,0,208,,1,Rural
LP014839,Male,Yes,0,Graduate,No,3076,1500,126,240,,Rural
LP014840,Female,No,3,Not Graduate,Yes,5720,1800,100,180,1,Rural
LP014841,,Yes,3,Not Graduate,Yes,5000,0,110,360,,Urban
LP014842,Female,Yes,2,Graduate,,5720,1800,126,180,,Semiurban
LP014843,,Yes,1,Not Graduate,Yes,5720,0,78,180,,Semiurban
LP014844,Female,Yes,1,Not Graduate,Yes,5000,1800,208,180,0,Urban
LP014845,Female,Yes,0,Not Graduate,Yes,5720,0,110,,1,Urban
LP014846,Female,No,0,Not Graduate,,3276,0,126,360,1,Semiurban
LP014847,,Yes,,Not Graduate,Yes,3276,0,208,180,1,Semiurban
LP014848,,No,1,Not Graduate,,3276,1800,126,180,0,Semiurban
LP014849,Female,No,0,Not Graduate,No,3076,1500,78,240,0,Semiurban
LP014850,Male,Yes,,Graduate,Yes,2340,0,100,360,1,Rural
LP014851,Female,No,3,Not Graduate,,5720,1800,78,,0,Rural
LP014852,,No,0,Not Graduate,,2340,1500,100,360,0,Semiurban
LP014853,Female,No,,Graduate,Yes,3276,2546,208,360,1,Rural
LP014854,,Yes,1,Not Graduate,,5000,0,126,360,,Semiurban
LP014855,,Yes,3,Not Graduate,No,3276,0,126,360,,Urban
LP014856,,Yes,0,Not Graduate,No,5720,0,78,240,1,Rural
LP014857,Female,Yes,1,Not Graduate,No,2340,2546,110,180,0,Rural
LP014858,,Yes,3,Graduate,No,2340,0,208,240,0,Urban
LP014859,,Yes,2,Not Graduate,,3076,0,100,,1,Semiurban
LP014860,Female,Yes,1,Graduate,,5000,1800,208,180,1,Rural
LP014861,,No,2,Not Graduate,No,3276,0,78,360,1,Rural
LP014862,Female,No,0,Not Graduate,No,5000,0,126,240,1,Rural
LP014863,,Yes,,Not Graduate,No,5720,0,100,360,0,Semiurban
LP014864,Male,No,0,Not Graduate,No,3076,1500,100,360,,Rural
LP014865,Male,Yes,1,Graduate,No,3276,0,100,,1,Urban
LP014866,,Yes,2,Graduate,,5720,1800,100,180,0,Rural
LP014867,Male,Yes,2,Graduate,No,5000,0,208,,1,Urban
LP014868,Female,No,3,Graduate,No,3076,1500,208,,,Urban
LP014869,Male,Yes,0,Graduate,Yes,3276,1500,78,180,1,Semiurban
LP014870,,Yes,0,Not Graduate,,5000,0,126,,0,Semiurban
LP014871,,Yes,1,Graduate,No,3276,0,126,180,1,Rural
LP014872,Female,Yes,2,Graduate,,3076,1500,208,,,Urban
LP014873,,No,1,Not Graduate,Yes,3076,0,78,240,0,Urban
LP014874,Female,Yes,1,Graduate,Yes,5000,0,110,180,0,Semiurban
LP014875,Male,No,2,Not Graduate,No,3276,2546,100,360,,Rural
LP014876,Male,No,1,Graduate,No,2340,1500,126,,1,Rural
LP014877,Female,Yes,2,Not Graduate,No,5720,1800,100,,1,Urban
LP014878,Female,Yes,1,Graduate,No,3076,0,126,180,0,Rural
LP014879,,No,,Not Graduate,Yes,3276,0,110,,,Rural
LP014880,Male,No,1,Graduate,,5000,0,126,,0,Urban
LP014881,Female,No,1,Graduate,No,5000,1800,110,180,0,Semiurban
LP014882,Male,No,,Not Graduate,,3076,2546,126,180,,Rural
LP014883,Female,Yes,0,Not Graduate,No,3076,0,208,,,Semiurban
LP014884,Male,No,2,Not Graduate,No,2340,2546,100,180,,Rural
LP014885,,No,3,Graduate,Yes,5000,0,78,,1,Semiurban
LP014886,Male,No,,Not Graduate,No,3276,1500,78,,0,Rural
LP014887,Male,No,0,Graduate,No,5720,2546,126,,0,Rural
LP014888,Male,Yes,1,Not Graduate,No,5720,1500,78,360,1,Rural
LP014889,Male,Yes,0,Graduate,Yes,2340,1800,100,180,,Rural
LP014890,Male,Yes,,Not Graduate,,3276,0,208,360,1,Rural
LP014891,,No,1,Not Graduate,Yes,5720,1500,208,240,0,Urban
LP014892,Female,No,0,Graduate,No,5720,0,110,240,1,Rural
LP014893,Male,Yes,3,Not Graduate,No,3276,0,78,,0,Urban
LP014894,,Yes,2,Not Graduate,No,3276,1800,100,360,1,Rural
LP014895,Male,No,2,Not Graduate,,3076,0,78,,1,Semiurban
LP014896,Male,Yes,,Graduate,,5720,0,100,,0,Semiurban
LP014897,Female,No,1,Graduate,No,5720,2546,110,,0,Semiurban
LP014898,Male,No,1,Not Graduate,No,2340,0,78,,1,Urban
LP014899,,No,2,Not Graduate,,3076,0,208,,1,Urban
LP014900,,No,0,Graduate,Yes,3076,1500,110,240,1,Semiurban
LP014901,Female,No,1,Graduate,Yes,5720,1500,78,180,1,Urban
LP014902,Male,No,3,Not Graduate,,5000,0,208,180,0,Semiurban
LP014903,,Yes,3,Graduate,,5000,0,208,180,,Rural
LP014904,Male,Yes,1,Not Graduate,No,3276,1800,100,240,0,Rural
LP014905,Male,Yes,1,Not Graduate,,3076,2546,208,360,,Rural
LP014906,Male,No,2,Graduate,,5720,1800,126,240,0,Rural
LP014907,Female,Yes,,Graduate,No,5720,1800,78,240,,Urban
LP014908,Male,No,2,Graduate,,5720,1500,78,360,0,Semiurban
LP014909,,No,,Graduate,No,2340,1500,100,,,Urban
LP014910,Male,No,3,Graduate,Yes,5000,0,208,,1,Semiurban
LP014911,,No,,Graduate,Yes,2340,1800,100,,1,Rural
LP014912,Male,Yes,2,Graduate,Yes,5720,0,126,360,,Semiurban
LP014913,,Yes,1,Graduate,No,5720,0,100,240,1,Urban
LP014914,,Yes,,Not Graduate,Yes,3076,0,78,240,,Semiurban
LP014915,Male,No,2,Not Graduate,Yes,3076,1500,100,360,,Rural
LP014916,Male,Yes,3,Graduate,No,5000,1800,78,,1,Urban
LP014917,,Yes,,Not Graduate,No,3276,1500,110,360,1,Urban
LP014918,Female,Yes,3,Not Graduate,Yes,5720,0,126,240,0,Semiurban
LP014919,Male,No,3,Not Graduate,Yes,3076,2546,126,180,,Rural
LP014920,Female,Yes,0,Not Graduate,Yes,5000,1800,78,180,0,Semiurban
LP014921,Male,No,,Not Graduate,,2340,1500,110,180,,Urban
LP014922,Male,Yes,2,Graduate,No,5720,2546,208,,,Semiurban
LP014923,Male,No,,Graduate,No,3276,0,100,,0,Semiurban
LP014924,Male,Yes,,Graduate,No,5000,2546,208,,1,Rural
LP014925,Female,Yes,3,Graduate,No,3276,1500,110,,0,Semiurban
LP014926,Male,Yes,3,Graduate,Yes,5720,1500,126,360,1,Rural
LP014927,,No,3,Graduate,No,5000,0,208,180,1,Semiurban
LP014928,,Yes,3,Not Graduate,,3076,0,110,180,,Rural
LP014929,Female,Yes,2,Graduate,,3276,2546,126,,0,Urban
LP014930,Male,No,1,Not Graduate,Yes,2340,2546,208,,0,Rural
LP014931,,No,0,Graduate,Yes,2340,1500,126,360,1,Rural
LP014932,Female,No,3,Not Graduate,No,3276,0,78,360,1,Semiurban
LP014933,Male,No,3,Not Graduate,Yes,5720,0,126,360,,Semiurban
LP014934,,Yes,0,Graduate,Yes,5720,0,126,180,,Urban
LP014935,,Yes,3,Graduate,Yes,5720,1800,110,180,1,Rural
LP014936,Female,No,1,Graduate,,2340,1800,110,180,,Urban
LP014937,Male,Yes,,Graduate,No,2340,0,100,180,1,Semiurban
LP014938,Male,No,0,Not Graduate,Yes,3076,2546,110,360,0,Rural
LP014939,,Yes,2,Graduate,No,5720,1800,78,,,Urban
LP014940,,No,0,Graduate,No,2340,1500,78,180,0,Semiurban
LP014941,,Yes,1,Not Graduate,No,2340,1500,126,360,1,Semiurban
LP014942,Male,No,2,Not Graduate,,5720,1500,110,,,Urban
LP014943,Female,No,,Graduate,No,5720,0,100,240,1,Rural
LP014944,Female,Yes,3,Graduate,No,2340,1800,110,,0,Urban
LP014945,Male,Yes,0,Not Graduate,Yes,3276,2546,100,240,,Semiurban
LP014946,Female,Yes,2,Graduate,Yes,2340,1500,126,240,0,Rural
LP014947,,No,0,Not Graduate,,3076,2546,78,180,0,Rural
LP014948,Female,Yes,,Not Graduate,No,5000,1500,110,360,1,Urban
LP014949,Female,No,0,Graduate,,5720,0,110,,0,Semiurban
LP014950,Female,Yes,2,Not Graduate,No,3076,1500,78,240,0,Urban
LP014951,,Yes,1,Graduate,,3276,0,78,360,0,Urban
LP014952,Male,No,2,Graduate,No,5000,1800,208,,1,Semiurban
LP014953,,No,0,Graduate,Yes,2340,1800,208,180,0,Rural
LP014954,Male,Yes,,Not Graduate,,5720,2546,208,,1,Rural
LP014955,Male,No,3,Graduate,Yes,2340,1500,78,180,,Urban
LP014956,Male,No,3,Graduate,No,3076,1800,208,,,Rural
LP014957,Female,Yes,,Not Graduate,,5720,0,110,,1,Semiurban
LP014958,Female,No,0,Graduate,Yes,2340,0,78,240,,Rural
LP014959,Male,Yes,,Graduate,Yes,5720,2546,110,240,0,Semiurban
LP014960,Male,Yes,0,Graduate,Yes,3076,1800,78,240,0,Rural
LP014961,Female,No,2,Not Graduate,No,2340,0,126,180,1,Urban
LP014962,,Yes,1,Not Graduate,,5000,0,110,,0,Semiurban
LP014963,Male,No,0,Graduate,Yes,3276,1800,78,,,Semiurban
LP014964,,Yes,3,Graduate,No,2340,0,100,180,,Semiurban
LP014965,Female,No,3,Graduate,No,5720,1500,78,,1,Rural
LP014966,Male,No,1,Not Graduate,No,2340,1800,126,240,,Urban
LP014967,,No,0,Graduate,,5720,1500,78,180,,Rural
LP014968,,No,1,Graduate,No,3076,0,126,180,,Urban
LP014969,,No,2,Graduate,No,3276,1500,208,,1,Semiurban
LP014970,Female,Yes,1,Not Graduate,,5720,0,110,240,1,Rural
LP014971,Female,Yes,2,Not Graduate,,2340,2546,126,,0,Semiurban
LP014972,,No,3,Not Graduate,No,3076,2546,100,,,Rural
LP014973,,Yes,2,Not Graduate,No,5000,0,110,180,,Urban
LP014974,Female,No,0,Not Graduate,Yes,2340,0,78,180,1,Urban
LP014975,,No,0,Graduate,,3276,2546,78,360,,Semiurban
LP014976,,Yes,0,Graduate,,3076,0,126,,0,Urban
LP014977,Female,Yes,0,Graduate,Yes,2340,0,100,360,,Rural
LP014978,,No,,Graduate,No,5720,0,126,,1,Rural
LP014979,,No,2,Not Graduate,No,5720,1800,100,360,,Semiurban
LP014980,,No,0,Not Graduate,No,5720,1800,126,,0,Semiurban
LP014981,Female,No,1,Graduate,No,2340,0,208,180,0,Semiurban
LP014982,,No,1,Not Graduate,Yes,3276,0,208,180,1,Semiurban
LP014983,Female,No,,Graduate,,5720,2546,208,360,0,Rural
LP014984,Female,Yes,2,Not Graduate,,2340,1500,126,360,,Semiurban
LP014985,Male,No,2,Graduate,No,2340,1800,110,360,0,Urban
LP014986,Male,No,2,Graduate,Yes,3276,1800,78,240,0,Urban
LP014987,,Yes,,Graduate,No,3076,1500,110,360,1,Urban
LP014988,Female,No,2,Not Graduate,No,3076,0,78,360,0,Urban
LP014989,Male,No,2,Graduate,Yes,2340,1500,100,360,1,Semiurban
LP014990,,Yes,0,Graduate,Yes,3076,0,208,240,,Rural
LP014991,Male,No,2,Not Graduate,,5000,1800,208,240,0,Urban
LP014992,Male,Yes,0,Graduate,,3276,1500,78,,,Urban
LP014993,Female,No,0,Not Graduate,No,2340,0,208,180,,Urban
LP014994,Female,Yes,2,Not Graduate,No,3076,2546,110,360,0,Urban
LP014995,Male,Yes,1,Not Graduate,,3076,2546,126,360,0,Semiurban
LP014996,Male,Yes,3,Graduate,Yes,3276,2546,208,180,1,Urban
LP014997,Female,No,1,Not Graduate,No,5720,1500,208,,0,Urban
LP014998,,No,2,Not Graduate,No,3076,0,100,,1,Urban
LP014999,Female,Yes,2,Not Graduate,Yes,3276,1800,126,360,0,Rural
LP015000,Male,Yes,1,Graduate,No,5720,2546,78,180,0,Rural
LP015001,,No,2,Not Graduate,Yes,2340,1500,126,360,0,Urban
LP015002,Male,No,0,Graduate,,5720,2546,126,360,0,Rural
LP015003,,No,,Not Graduate,,3076,0,78,360,0,Urban
LP015004,Male,No,2,Not Graduate,,2340,0,126,180,1,Urban
LP015005,,No,2,Graduate,,2340,0,100,180,0,Urban
LP015006,,Yes,1,Graduate,,5720,1800,110,,1,Urban
LP015007,Male,No,0,Graduate,No,2340,0,126,180,1,Semiurban
LP015008,,Yes,1,Not Graduate,,5720,0,110,180,0,Urban
LP015009,Female,No,1,Not Graduate,No,5720,1500,100,180,0,Rural
LP015010,Male,Yes,2,Graduate,No,5720,1500,100,240,0,Semiurban
LP015011,Female,Yes,0,Graduate,Yes,3276,1800,126,,1,Rural
LP015012,Male,No,2,Graduate,No,3076,1800,208,180,,Semiurban
LP015013,,Yes,2,Graduate,No,2340,1500,126,360,,Urban
LP015014,,Yes,2,Graduate,,5000,0,110,240,1,Urban
LP015015,,Yes,2,Not Graduate,,3076,0,100,240,0,Urban
LP015016,Male,Yes,,Not Graduate,Yes,5000,0,110,,0,Urban
LP015017,Female,No,3,Graduate,Yes,5720,0,110,240,1,Semiurban
LP015018,Female,Yes,0,Graduate,No,2340,0,78,240,0,Rural
LP015019,Male,No,,Not Graduate,Yes,3076,1800,100,,1,Urban
LP015020,Male,Yes,3,Graduate,,5000,1500,100,180,0,Urban
LP015021,Female,No,3,Graduate,,5000,1800,110,,0,Urban
LP015022,Female,No,3,Graduate,,5000,1800,100,360,1,Urban
LP015023,Female,No,,Graduate,No,3076,1800,126,180,,Rural
LP015024,Female,Yes,0,Not Graduate,No,3276,1500,78,180,,Semiurban
LP015025,Male,No,1,Graduate,Yes,5720,1800,126,240,,Urban
LP015026,Male,No,3,Not Graduate,,2340,1800,208,180,0,Urban
LP015027,,Yes,1,Not Graduate,No,5000,2546,208,240,,Rural
LP015028,Female,No,1,Not Graduate,No,3076,0,110,180,,Rural
LP015029,,Yes,2,Not Graduate,Yes,5000,2546,208,,,Rural
LP015030,Male,Yes,1,Graduate,,3076,1500,126,240,,Semiurban
LP015031,Male,No,2,Not Graduate,,3276,0,208,,,Urban
LP015032,,Yes,0,Graduate,Yes,5000,0,110,240,,Rural
LP015033,Female,Yes,0,Graduate,Yes,5000,2546,100,240,1,Semiurban
LP015034,Female,Yes,2,Not Graduate,Yes,2340,2546,78,240,,Semiurban
LP015035,Female,No,0,Graduate,Yes,3076,2546,110,180,0,Rural
LP015036,Female,Yes,3,Graduate,,3076,0,110,180,1,Urban
LP015037,,Yes,0,Not Graduate,,3276,1500,110,,0,Rural
LP015038,,Yes,2,Not Graduate,Yes,5000,1800,126,360,,Rural
LP015039,Male,No,3,Not Graduate,No,2340,2546,100,,,Rural
LP015040,Female,Yes,1,Graduate,No,5720,0,110,360,,Semiurban
LP015041,Female,No,1,Graduate,,2340,0,100,240,0,Semiurban
LP015042,Female,Yes,1,Not Graduate,,2340,0,110,360,,Semiurban
LP015043,,No,2,Not Graduate,Yes,2340,0,126,360,,Semiurban
LP015044,Female,No,1,Graduate,No,2340,2546,110,240,,Rural
LP015045,,No,0,Graduate,,5000,0,208,,,Urban
LP015046,Female,Yes,1,Not Graduate,No,2340,0,126,240,,Semiurban
LP015047,Female,Yes,,Graduate,Yes,3076,0,110,240,,Rural
LP015048,Male,Yes,,Graduate,,3076,1800,110,360,1,Semiurban
LP015049,Female,No,1,Not Graduate,,2340,0,110,240,,Urban
LP015050,Female,Yes,1,Not Graduate,No,3076,0,208,,1,Rural
LP015051,Male,Yes,,Graduate,No,5000,2546,208,360,,Urban
LP015052,,No,1,Graduate,,5720,1800,110,,1,Rural
LP015053,,Yes,3,Graduate,No,2340,1800,208,240,0,Semiurban
LP015054,Female,Yes,,Graduate,No,3076,2546,110,,0,Semiurban
LP015055,,No,2,Not Graduate,Yes,3076,0,208,,1,Semiurban
LP015056,Female,No,,Graduate,No,5000,0,100,240,,Semiurban
LP015057,Male,Yes,0,Not Graduate,,5000,1500,110,180,0,Urban
LP015058,Male,No,3,Graduate,Yes,5720,0,110,,0,Rural
LP015059,Female,Yes,2,Not Graduate,,3276,0,78,180,,Semiurban
LP015060,Male,Yes,1,Graduate,Yes,3276,0,78,240,0,Semiurban
LP015061,Male,Yes,0,Graduate,Yes,3276,2546,126,180,1,Urban
LP015062,Female,Yes,0,Not Graduate,No,5720,0,100,180,,Urban
LP015063,Female,Yes,3,Graduate,No,2340,2546,100,180,1,Semiurban
LP015064,Male,No,2,Not Graduate,,3276,1800,126,180,1,Urban
LP015065,,No,0,Not Graduate,No,3276,1500,78,,,Urban
LP015066,,Yes,2,Not Graduate,Yes,3076,1800,126,,0,Semiurban
LP015067,Female,No,2,Graduate,No,3076,2546,78,360,1,Semiurban
LP015068,Female,No,0,Graduate,,2340,1500,110,180,0,Semiurban
LP015069,,Yes,2,Graduate,Yes,5000,1800,126,240,1,Semiurban
LP015070,Male,No,3,Not Graduate,,5720,0,208,,,Rural
LP015071,,No,0,Graduate,No,3276,0,78,180,,Rural
LP015072,,Yes,3,Graduate,Yes,5720,1500,110,240,,Rural
LP015073,,Yes,3,Not Graduate,,3076,1800,208,360,0,Urban
LP015074,,Yes,2,Not Graduate,No,5720,0,208,240,1,Urban
LP015075,Female,Yes,2,Not Graduate,No,3076,0,100,240,,Urban
LP015076,Female,Yes,0,Not Graduate,,5720,0,78,180,1,Rural
LP015077,Male,Yes,1,Graduate,Yes,3076,1800,110,,1,Urban
LP015078,Male,Yes,0,Not Graduate,,5720,1800,78,240,,Rural
LP015079,Male,No,3,Not Graduate,No,3276,1800,110,240,1,Rural
LP015080,Male,Yes,2,Graduate,,3276,2546,78,360,1,Rural
LP015081,,No,3,Graduate,No,2340,0,208,,,Rural
LP015082,Female,No,,Not Graduate,Yes,5720,0,100,,1,Urban
LP015083,Female,Yes,,Graduate,,5000,0,126,,,Semiurban
LP015084,Male,No,3,Graduate,Yes,2340,2546,78,,0,Urban
LP015085,Male,No,1,Not Graduate,,5720,2546,208,,1,Urban
LP015086,,No,1,Graduate,No,5000,1800,126,360,,Semiurban
LP015087,,Yes,0,Not Graduate,Yes,3276,0,126,,0,Rural
LP015088,Male,No,0,Graduate,No,3276,0,126,,1,Urban
LP015089,Female,No,0,Graduate,,3276,0,208,180,,Rural
LP015090,Female,Yes,2,Graduate,No,5000,0,110,360,1,Rural
LP015091,Female,No,1,Graduate,,3076,0,126,360,0,Rural
LP015092,Male,No,3,Not Graduate,Yes,5720,2546,100,,1,Urban
LP015093,Female,No,,Not Graduate,No,2340,1800,110,240,,Semiurban
LP015094,,No,1,Graduate,No,2340,1500,208,180,1,Urban
LP015095,,No,1,Graduate,,3276,0,126,180,1,Semiurban
LP015096,Male,Yes,1,Graduate,,3076,0,208,240,1,Semiurban
LP015097,,No,0,Not Graduate,,5720,0,208,,0,Semiurban
LP015098,Male,Yes,2,Graduate,Yes,5720,0,126,,0,Urban
LP015099,Female,No,3,Not Graduate,No,2340,0,208,360,1,Rural
LP015100,Female,Yes,0,Graduate,,2340,1800,100,,0,Semiurban
LP015101,Female,Yes,2,Not Graduate,,2340,0,100,360,0,Rural
LP015102,,Yes,1,Not Graduate,No,5720,1800,78,360,,Semiurban
LP015103,Male,No,2,Graduate,Yes,2340,1500,126,180,0,Urban
LP015104,Female,No,0,Not Graduate,No,5720,1500,126,240,0,Urban
LP015105,Male,No,1,Graduate,,3276,2546,126,240,0,Urban
LP015106,Female,No,0,Not Graduate,No,3076,0,78,360,1,Rural
LP015107,,No,3,Not Graduate,,2340,0,100,180,1,Urban
LP015108,,Yes,1,Graduate,,5720,2546,100,240,0,Urban
LP015109,Male,Yes,2,Not Graduate,No,3276,2546,126,360,,Rural
LP015110,,Yes,0,Graduate,No,5000,1500,208,360,0,Semiurban
LP015111,,No,,Not Graduate,Yes,3276,0,110,240,,Rural
LP015112,Male,No,2,Graduate,,3076,0,110,240,,Semiurban
LP015113,Female,Yes,2,Not Graduate,,3276,0,126,240,0,Urban
LP015114,,No,1,Not Graduate,,2340,1500,126,180,,Semiurban
LP015115,Male,No,2,Graduate,,2340,1800,100,360,,Urban
LP015116,,Yes,0,Not Graduate,,5000,1500,100,,,Urban
LP015117,,Yes,,Graduate,No,5720,0,208,240,0,Urban
LP015118,,No,3,Graduate,,3276,1800,100,180,,Rural
LP015119,,No,,Not Graduate,No,5000,0,110,180,0,Rural
LP015120,Male,Yes,0,Graduate,Yes,2340,0,110,240,1,Rural
LP015121,Male,No,1,Graduate,,5720,1800,100,240,0,Rural
LP015122,Male,Yes,0,Graduate,Yes,5720,0,110,240,1,Rural
LP015123,,Yes,2,Graduate,No,3076,0,110,240,1,Urban
LP015124,,Yes,1,Graduate,No,2340,0,110,180,0,Urban
LP015125,,No,3,Graduate,Yes,5720,1800,110,240,1,Urban
LP015126,Male,Yes,3,Not Graduate,,3076,0,78,360,0,Urban
LP015127,,Yes,0,Graduate,No,3076,0,126,360,0,Semiurban
LP015128,Female,No,2,Graduate,No,2340,2546,208,240,,Rural
LP015129,,Yes,3,Not Graduate,No,5720,1800,78,240,1,Semiurban
LP015130,Female,No,,Graduate,No,5720,1800,208,180,0,Semiurban
LP015131,,No,1,Graduate,No,3276,1800,78,360,0,Semiurban
LP015132,Male,No,,Graduate,No,5720,0,78,360,1,Rural
LP015133,,Yes,3,Not Graduate,Yes,3076,1800,208,180,1,Urban
LP015134,Female,Yes,3,Not Graduate,,5000,0,126,240,1,Urban
LP015135,Female,No,0,Graduate,,2340,2546,100,,1,Semiurban
LP015136,,No,0,Graduate,,5000,0,78,180,0,Urban
LP015137,Female,No,1,Not Graduate,,5720,0,126,180,1,Rural
LP015138,Female,Yes,0,Graduate,Yes,3076,1800,100,,0,Urban
LP015139,Male,No,2,Not Graduate,Yes,5000,2546,208,360,1,Urban
LP015140,,No,1,Graduate,,2340,2546,78,180,,Rural
LP015141,,No,2,Graduate,No,3276,2546,100,360,1,Semiurban
LP015142,,Yes,0,Not Graduate,,5000,2546,126,360,1,Semiurban
LP015143,Female,No,1,Graduate,No,3276,1500,100,180,0,Rural
LP015144,,Yes,3,Not Graduate,No,5720,2546,208,180,0,Semiurban
LP015145,,Yes,,Not Graduate,Yes,5720,1800,100,240,,Semiurban
LP015146,Male,No,3,Graduate,No,2340,2546,110,360,,Semiurban
LP015147,Male,No,2,Graduate,Yes,3276,0,78,180,1,Semiurban
LP015148,Male,No,3,Not Graduate,,3276,1500,126,360,0,Rural
LP015149,Female,Yes,3,Not Graduate,Yes,2340,0,126,180,1,Semiurban
LP015150,,Yes,,Graduate,No,5000,1800,78,180,0,Semiurban
LP015151,Male,Yes,,Graduate,No,2340,1800,78,240,0,Rural
LP015152,Male,No,3,Graduate,No,5720,2546,110,240,0,Urban
LP015153,Male,Yes,,Graduate,,3276,1800,110,240,0,Rural
LP015154,,No,3,Not Graduate,Yes,3076,1500,126,180,,Semiurban
LP015155,,No,1,Not Graduate,,3076,0,100,240,0,Rural
LP015156,,No,3,Graduate,Yes,5720,1800,78,360,,Rural
LP015157,Female,Yes,0,Not Graduate,,3276,1800,110,360,,Rural
LP015158,Female,Yes,,Graduate,,3276,1500,110,180,1,Rural
LP015159,Male,Yes,,Not Graduate,No,2340,0,110,240,1,Urban
LP015160,,No,2,Not Graduate,,5000,0,100,,,Rural
LP015161,Male,Yes,2,Graduate,,2340,1500,126,180,,Semiurban
LP015162,,Yes,0,Graduate,Yes,3076,1800,126,,,Urban
LP015163,,No,,Graduate,,3276,1500,110,180,0,Rural
LP015164,,No,,Graduate,No,5000,1500,100,,0,Semiurban
LP015165,Female,Yes,2,Not Graduate,,2340,0,100,360,,Semiurban
LP015166,Female,No,2,Not Graduate,Yes,5000,2546,126,,,Semiurban
LP015167,,Yes,3,Graduate,Yes,3076,1800,78,240,,Semiurban
LP015168,Male,No,,Not Graduate,,5000,0,110,,1,Urban
LP015169,,No,,Not Graduate,,3276,1500,100,,1,Semiurban
LP015170,,Yes,3,Graduate,Yes,5000,0,78,360,0,Semiurban
LP015171,Male,No,,Graduate,No,5000,2546,208,240,0,Semiurban
LP015172,,No,0,Graduate,,2340,1800,110,240,1,Semiurban
LP015173,Male,No,2,Not Graduate,No,5000,1500,208,,0,Urban
LP015174,Female,Yes,2,Graduate,No,5000,0,126,180,0,Rural
LP015175,Female,No,2,Graduate,,3076,1500,126,240,,Rural
LP015176,Male,No,1,Not Graduate,No,5000,0,126,240,,Rural
LP015177,Female,Yes,0,Not Graduate,Yes,2340,1800,100,180,1,Urban
LP015178,Female,Yes,0,Not Graduate,No,2340,1800,100,360,,Rural
LP015179,Male,No,3,Not Graduate,Yes,3276,1800,78,360,0,Semiurban
LP015180,Female,No,1,Graduate,,3076,1800,208,360,,Urban
LP015181,,No,,Not Graduate,No,5720,0,126,240,0,Rural
LP015182,,Yes,0,Graduate,Yes,3276,0,126,240,1,Rural
LP015183,Male,No,1,Graduate,Yes,5000,1500,100,180,,Rural
LP015184,Female,Yes,1,Not Graduate,,3076,0,100,180,1,Urban
LP015185,,Yes,0,Graduate,No,3276,2546,100,180,,Urban
LP015186,,No,3,Graduate,Yes,2340,1800,110,,,Semiurban
LP015187,Female,No,1,Not Graduate,Yes,3076,1800,208,360,,Urban
LP015188,Female,Yes,2,Not Graduate,,3076,1500,208,240,1,Urban
LP015189,,No,1,Not Graduate,No,5000,1800,110,180,,Semiurban
LP015190,,No,,Graduate,No,3076,1800,126,240,0,Rural
LP015191,Male,Yes,0,Graduate,Yes,3076,1500,78,,,Rural
LP015192,Male,No,,Not Graduate,No,5720,0,78,180,,Urban
LP015193,,Yes,3,Not Graduate,No,5000,0,126,180,0,Semiurban
LP015194,Male,No,2,Not Graduate,No,3076,0,78,,1,Rural
LP015195,,Yes,0,Not Graduate,No,3076,1500,100,360,1,Semiurban
LP015196,,Yes,1,Not Graduate,No,5720,1800,208,360,0,Semiurban
LP015197,Male,No,2,Not Graduate,No,5720,1800,100,240,,Urban
LP015198,Male,Yes,1,Not Graduate,No,2340,0,78,240,0,Rural
LP015199,Female,Yes,3,Graduate,Yes,5000,2546,78,180,0,Semiurban
LP015200,Female,No,0,Not Graduate,Yes,5720,0,208,360,,Rural
LP015201,Female,No,3,Not Graduate,No,3076,1800,100,240,0,Rural
LP015202,,No,3,Not Graduate,No,5720,1500,208,360,1,Rural
LP015203,Male,Yes,3,Not Graduate,,3276,0,78,240,1,Rural
LP015204,,Yes,3,Graduate,Yes,2340,0,208,,1,Semiurban
LP015205,Male,Yes,1,Not Graduate,,2340,2546,208,,0,Rural
LP015206,,No,,Graduate,Yes,5000,1800,78,240,,Semiurban
LP015207,Female,Yes,1,Graduate,,2340,0,208,,1,Urban
LP015208,Female,Yes,2,Graduate,,5000,1800,100,360,,Urban
LP015209,Female,No,3,Not Graduate,,3276,0,78,240,,Semiurban
LP015210,,Yes,2,Not Graduate,Yes,3076,2546,208,,1,Urban
LP015211,Male,No,1,Graduate,Yes,3276,1500,126,240,0,Urban
LP015212,Male,No,3,Graduate,No,5000,1500,100,360,1,Rural
LP015213,Female,No,1,Not Graduate,Yes,5000,0,100,360,0,Semiurban
LP015214,Female,Yes,3,Graduate,Yes,5000,1800,100,240,,Semiurban
LP015215,Female,Yes,1,Graduate,Yes,3076,1800,110,240,1,Rural
LP015216,Female,Yes,0,Not Graduate,Yes,5000,1800,78,360,1,Urban
LP015217,Male,No,,Not Graduate,No,3276,1500,110,240,0,Rural
LP015218,,No,,Graduate,No,3076,0,208,240,0,Semiurban
LP015219,,No,3,Graduate,Yes,3276,1500,78,240,,Rural
LP015220,,Yes,0,Not Graduate,,3076,0,100,180,1,Semiurban
LP015221,,Yes,2,Not Graduate,,5000,1800,100,360,1,Semiurban
LP015222,Female,Yes,0,Not Graduate,Yes,3076,0,100,180,1,Urban
LP015223,Female,Yes,3,Graduate,No,5720,2546,100,180,0,Semiurban
LP015224,Female,Yes,0,Not Graduate,,3276,0,208,180,0,Urban
LP015225,,No,2,Graduate,No,5720,0,126,,1,Rural
LP015226,Female,Yes,3,Graduate,No,5720,0,78,180,0,Urban
LP015227,Female,No,,Not Graduate,,5000,1500,126,240,,Rural
LP015228,Male,No,0,Not Graduate,Yes,5000,0,78,180,1,Rural
LP015229,Male,Yes,,Not Graduate,No,5720,1800,100,,1,Rural
LP015230,Female,No,,Not Graduate,,3076,0,110,,,Semiurban
LP015231,Male,Yes,1,Graduate,No,5000,2546,208,180,1,Urban
LP015232,Male,Yes,2,Graduate,,3276,1800,78,360,1,Rural
LP015233,Female,No,0,Graduate,Yes,5720,0,100,240,1,Rural
LP015234,Female,Yes,,Graduate,Yes,3276,1800,110,240,1,Urban
LP015235,Female,Yes,,Not Graduate,Yes,3276,0,100,360,0,Rural
LP015236,Female,No,2,Graduate,No,3276,2546,208,240,,Semiurban
LP015237,,No,,Not Graduate,Yes,5720,1800,110,,1,Urban
LP015238,,No,,Not Graduate,Yes,2340,2546,78,,0,Rural
LP015239,Female,No,,Graduate,Yes,5000,1500,78,240,1,Urban
LP015240,Male,No,,Graduate,Yes,3276,1500,78,360,0,Semiurban
LP015241,Female,No,1,Graduate,,5720,0,78,240,0,Semiurban
LP015242,Female,Yes,1,Graduate,,2340,0,110,180,,Rural
LP015243,Male,Yes,3,Graduate,No,5720,1500,208,,0,Urban
LP015244,,Yes,0,Not Graduate,,5000,1800,110,,1,Semiurban
LP015245,Female,No,2,Not Graduate,,5720,0,78,180,,Urban
LP015246,Female,Yes,3,Graduate,,3076,0,208,,,Urban
LP015247,,No,1,Graduate,,3076,1500,126,180,1,Rural
LP015248,,Yes,1,Graduate,,3276,0,126,,1,Semiurban
LP015249,Male,No,1,Graduate,Yes,5720,1800,110,360,,Rural
LP015250,,Yes,3,Graduate,No,5720,0,78,,0,Urban
LP015251,,No,1,Graduate,,3276,0,126,240,,Rural
LP015252,,No,3,Not Graduate,,3276,1500,126,240,,Rural
LP015253,Male,No,1,Not Graduate,No,2340,2546,100,240,1,Semiurban
LP015254,,No,,Graduate,,5720,2546,100,240,1,Urban
LP015255,,Yes,,Graduate,,5000,1800,208,360,1,Rural
LP015256,Male,Yes,0,Not Graduate,No,5000,2546,208,,,Urban
LP015257,,No,1,Graduate,Yes,5000,0,78,240,,Rural
LP015258,,No,0,Graduate,Yes,3276,1500,126,,1,Semiurban
LP015259,Male,No,3,Graduate,No,3276,2546,110,360,,Rural
LP015260,Female,Yes,0,Not Graduate,Yes,3276,0,110,180,1,Semiurban
LP015261,Male,No,1,Graduate,Yes,5000,2546,100,360,,Rural
LP015262,,No,3,Not Graduate,Yes,2340,1500,208,240,0,Rural
LP015263,,Yes,3,Graduate,Yes,3076,0,78,360,1,Semiurban
LP015264,,No,,Graduate,,5720,0,100,240,0,Rural
LP015265,Male,No,3,Not Graduate,No,3076,1500,100,360,1,Rural
LP015266,,Yes,3,Graduate,Yes,5720,1800,78,240,1,Semiurban
LP015267,,No,0,Not Graduate,Yes,3276,1800,78,180,,Rural
LP015268,Male,No,3,Not Graduate,No,5000,1500,126,180,1,Urban
LP015269,Female,Yes,2,Graduate,,3076,1500,78,,0,Rural
LP015270,Female,No,,Not Graduate,Yes,3276,1500,78,,0,Semiurban
LP015271,,Yes,,Not Graduate,Yes,5720,0,100,360,,Rural
LP015272,Male,No,3,Graduate,,3076,0,100,180,1,Urban
LP015273,,No,0,Graduate,No,3076,1500,110,240,1,Urban
LP015274,Male,No,,Graduate,Yes,3076,0,110,180,,Rural
LP015275,Male,No,,Not Graduate,Yes,3076,0,110,180,1,Rural
LP015276,Female,No,2,Graduate,No,3076,1500,78,180,1,Semiurban
LP015277,Female,Yes,3,Graduate,,3276,0,126,180,0,Rural
LP015278,Male,No,,Graduate,No,5720,1800,100,240,0,Semiurban
LP015279,,No,,Graduate,Yes,5720,1500,208,180,0,Urban
LP015280,Female,Yes,,Not Graduate,,2340,1500,126,180,0,Urban
LP015281,,Yes,,Graduate,,5000,1500,208,360,1,Urban
LP015282,Female,No,0,Graduate,,3076,2546,78,,1,Urban
LP015283,Female,Yes,1,Graduate,No,5720,1500,208,,0,Rural
LP015284,,No,2,Graduate,No,5000,1800,110,,1,Rural
LP015285,Female,Yes,0,Graduate,No,5000,0,100,,,Semiurban
LP015286,Female,Yes,2,Not Graduate,Yes,3276,1500,126,240,,Semiurban
LP015287,,No,,Graduate,No,3076,0,110,360,1,Urban
LP015288,Female,Yes,2,Graduate,,2340,0,100,360,1,Semiurban
LP015289,Female,No,3,Not Graduate,Yes,5000,1800,110,360,0,Rural
LP015290,Female,Yes,3,Graduate,Yes,3276,2546,126,180,0,Semiurban
LP015291,,Yes,1,Not Graduate,Yes,3076,1800,78,180,,Urban
LP015292,Male,Yes,1,Not Graduate,,5720,2546,208,360,1,Semiurban
LP015293,,No,2,Not Graduate,No,2340,0,78,240,1,Rural
LP015294,Male,No,0,Not Graduate,,3076,2546,208,,0,Semiurban
LP015295,Female,Yes,0,Graduate,No,3276,0,208,240,1,Urban
LP015296,Male,No,,Graduate,Yes,3276,1800,126,360,0,Rural
LP015297,,No,0,Not Graduate,Yes,3276,1800,126,,0,Semiurban
LP015298,,No,1,Not Graduate,,3276,2546,78,,1,Urban
LP015299,Female,Yes,0,Not Graduate,No,3276,0,100,,0,Semiurban
LP015300,Male,No,,Not Graduate,Yes,2340,1800,100,240,,Semiurban
LP015301,Female,Yes,3,Not Graduate,,5000,2546,78,360,0,Rural
LP015302,Female,Yes,0,Graduate,,5000,1500,208,180,,Rural
LP015303,,Yes,0,Not Graduate,No,5720,0,126,,1,Rural
LP015304,Male,Yes,1,Graduate,No,5000,1500,78,,1,Urban
LP015305,Male,Yes,2,Not Graduate,No,3276,1500,100,,1,Semiurban
LP015306,Male,No,3,Not Graduate,Yes,5000,1500,208,,1,Urban
LP015307,Male,No,2,Graduate,,5000,2546,100,,1,Rural
LP015308,Female,Yes,,Not Graduate,No,3276,1800,208,180,0,Urban
LP015309,Female,No,,Graduate,,2340,1500,100,,1,Urban
LP015310,,No,2,Graduate,Yes,3276,2546,110,,1,Rural
LP015311,Female,No,1,Not Graduate,Yes,5000,1800,208,180,1,Semiurban
LP015312,Female,No,1,Not Graduate,No,5000,0,208,240,,Urban
LP015313,,No,1,Graduate,Yes,5720,1800,208,360,0,Semiurban
LP015314,,No,3,Graduate,,3276,1800,110,240,1,Rural
LP015315,,No,,Not Graduate,,5720,1500,110,,1,Semiurban
LP015316,Female,Yes,,Graduate,Yes,5720,2546,100,240,0,Semiurban
LP015317,Female,Yes,,Not Graduate,Yes,3076,0,126,180,,Semiurban
LP015318,,Yes,3,Not Graduate,Yes,5720,0,100,,1,Semiurban
LP015319,,No,,Not Graduate,,5000,2546,208,240,,Urban
LP015320,,No,2,Graduate,Yes,5000,1500,208,360,0,Urban
LP015321,Female,Yes,0,Not Graduate,No,3076,2546,100,240,1,Rural
LP015322,Female,No,3,Graduate,No,3076,0,78,,0,Rural
LP015323,Male,No,0,Graduate,,3276,0,126,,1,Rural
LP015324,Female,Yes,2,Not Graduate,Yes,3076,1800,110,,1,Urban
LP015325,Female,Yes,1,Graduate,Yes,2340,0,126,180,1,Urban
LP015326,Female,Yes,1,Graduate,Yes,5000,0,78,,1,Urban
LP015327,,No,1,Graduate,No,5000,0,100,240,0,Semiurban
LP015328,Female,No,3,Graduate,No,3076,0,100,360,1,Urban
LP015329,,No,1,Graduate,No,3076,1500,208,240,,Urban
LP015330,Male,Yes,3,Not Graduate,No,5000,1800,100,360,1,Urban
LP015331,Male,Yes,3,Not Graduate,No,3076,0,78,,0,Rural
LP015332,,No,0,Graduate,,3276,1500,100,360,,Rural
LP015333,,Yes,1,Not Graduate,,3076,0,100,180,1,Rural
LP015334,,Yes,,Not Graduate,Yes,3076,0,78,180,0,Urban
LP015335,Female,No,1,Not Graduate,Yes,3276,2546,110,180,0,Urban
LP015336,Male,Yes,1,Graduate,No,3276,1500,126,180,1,Rural
LP015337,,Yes,1,Graduate,Yes,3276,0,100,180,,Semiurban
LP015338,Female,Yes,,Not Graduate,,5000,0,126,360,0,Rural
LP015339,Male,No,,Not Graduate,,3076,0,126,360,0,Semiurban
LP015340,Female,No,3,Not Graduate,Yes,3276,0,208,,,Semiurban
LP015341,Male,Yes,,Graduate,No,3276,0,110,360,1,Urban
LP015342,Female,No,3,Graduate,,5000,0,126,360,1,Urban
LP015343,Male,No,0,Not Graduate,Yes,2340,1500,208,240,1,Urban
LP015344,Male,No,3,Graduate,No,3076,1800,78,,1,Semiurban
LP015345,Female,Yes,1,Graduate,Yes,2340,0,78,360,,Semiurban
LP015346,,No,2,Graduate,No,2340,0,78,,0,Rural
LP015347,Male,Yes,2,Not Graduate,No,3276,1500,78,180,1,Rural
LP015348,,Yes,1,Graduate,,5000,0,78,360,0,Rural
LP015349,Female,No,3,Graduate,,3076,1800,208,240,0,Rural
LP015350,,Yes,1,Not Graduate,Yes,3076,0,110,240,,Semiurban
LP015351,,No,,Not Graduate,Yes,3076,2546,110,180,0,Urban
LP015352,,No,3,Not Graduate,No,2340,0,208,240,1,Urban
LP015353,,Yes,1,Graduate,,5720,2546,208,240,0,Urban
LP015354,,Yes,,Graduate,No,5000,1800,100,180,1,Semiurban
LP015355,Male,No,,Graduate,No,5720,2546,126,360,1,Urban
LP015356,Male,No,3,Graduate,No,2340,1800,78,240,1,Rural
LP015357,Male,No,0,Graduate,No,3276,1500,126,240,0,Rural
LP015358,Female,No,0,Graduate,No,5720,2546,100,360,,Urban
LP015359,,Yes,,Not Graduate,No,5720,0,110,180,0,Urban
LP015360,Male,Yes,0,Graduate,Yes,5000,0,78,240,,Rural
LP015361,Female,Yes,,Graduate,,2340,1500,110,240,,Urban
LP015362,Male,No,0,Not Graduate,,5000,0,208,180,,Urban
LP015363,Male,Yes,,Not Graduate,No,3276,1800,126,240,0,Urban
LP015364,,Yes,,Graduate,No,3076,0,110,360,,Semiurban
LP015365,Female,Yes,,Graduate,No,2340,0,100,240,,Urban
LP015366,,Yes,,Not Graduate,,3276,1500,110,240,,Rural
LP015367,,No,2,Graduate,,3276,1500,78,240,1,Semiurban
LP015368,Male,Yes,0,Not Graduate,No,5720,2546,78,360,,Rural
LP015369,,Yes,,Not Graduate,,5000,2546,126,360,1,Rural
LP015370,Female,Yes,1,Graduate,No,5720,2546,208,,,Urban
LP015371,,Yes,3,Not Graduate,No,5720,2546,78,240,0,Rural
LP015372,,No,1,Graduate,No,3076,2546,100,360,1,Urban
LP015373,,No,1,Not Graduate,Yes,5000,0,126,240,,Semiurban
LP015374,Male,Yes,2,Not Graduate,,3076,1500,78,180,0,Urban
LP015375,Female,No,0,Not Graduate,,3276,1800,100,180,1,Urban
LP015376,Male,No,2,Graduate,,3076,1800,110,240,0,Urban
LP015377,Male,No,0,Graduate,No,3276,1800,100,180,,Urban
LP015378,Male,No,,Graduate,Yes,5720,1800,126,360,,Urban
LP015379,Male,Yes,2,Graduate,No,3076,1800,78,240,,Semiurban
LP015380,Male,No,3,Graduate,No,5000,0,208,240,,Urban
LP015381,Female,No,0,Graduate,No,3076,1500,208,240,1,Semiurban
LP015382,,Yes,2,Not Graduate,Yes,3276,2546,100,,1,Rural
LP015383,Male,Yes,3,Not Graduate,No,2340,2546,100,,1,Urban
LP015384,Male,Yes,1,Graduate,No,5000,2546,100,,,Rural
LP015385,Female,Yes,,Graduate,Yes,3276,1500,78,240,,Semiurban
LP015386,Female,No,,Graduate,No,2340,1500,208,240,0,Urban
LP015387,,Yes,1,Not Graduate,No,5000,0,208,,0,Urban
LP015388,Female,No,2,Graduate,,2340,0,126,180,1,Rural
LP015389,,No,1,Graduate,Yes,5720,2546,126,360,,Rural
LP015390,Male,Yes,3,Graduate,,5720,1500,110,180,,Rural
LP015391,Male,Yes,0,Not Graduate,No,3076,2546,78,,0,Semiurban
LP015392,,No,2,Not Graduate,Yes,3076,0,100,360,1,Semiurban
LP015393,Female,No,0,Not Graduate,Yes,3076,2546,126,,,Urban
LP015394,,Yes,1,Not Graduate,No,3076,0,110,360,0,Rural
LP015395,Female,Yes,,Graduate,,2340,0,110,360,1,Semiurban
LP015396,Male,Yes,0,Graduate,No,5000,1800,208,360,1,Semiurban
LP015397,Female,No,0,Graduate,Yes,5000,0,78,,1,Semiurban
LP015398,,No,,Not Graduate,Yes,3076,2546,78,,0,Rural
LP015399,,Yes,0,Graduate,No,5720,2546,100,360,,Semiurban
LP015400,Male,No,0,Not Graduate,No,3276,1500,78,240,0,Semiurban
LP015401,Female,Yes,,Graduate,No,3076,1800,100,240,,Rural
LP015402,Female,No,,Graduate,No,3076,0,78,240,,Semiurban
LP015403,Female,No,1,Graduate,,5720,2546,208,240,,Rural
LP015404,Male,Yes,1,Graduate,,3276,0,110,180,1,Rural
LP015405,Female,Yes,0,Not Graduate,,2340,0,78,180,,Semiurban
LP015406,,Yes,2,Not Graduate,,2340,0,78,240,1,Rural
LP015407,Female,No,1,Not Graduate,Yes,3276,0,208,,0,Urban
LP015408,Male,No,1,Graduate,Yes,3276,0,126,240,,Rural
LP015409,Female,Yes,2,Not Graduate,,2340,1500,100,360,0,Urban
LP015410,Female,No,2,Graduate,No,3076,0,126,360,0,Urban
LP015411,,Yes,,Graduate,Yes,3076,0,110,,,Rural
LP015412,Female,No,1,Graduate,No,5720,2546,126,360,,Urban
LP015413,,Yes,3,Graduate,,3276,1800,110,240,1,Urban
LP015414,,No,3,Graduate,Yes,3076,1800,100,240,,Semiurban
LP015415,Male,No,0,Not Graduate,Yes,3076,2546,208,,1,Rural
LP015416,,No,1,Not Graduate,Yes,5720,1800,110,,1,Rural
LP015417,,No,3,Graduate,Yes,3276,0,100,,,Urban
LP015418,Male,Yes,1,Graduate,,5720,1500,208,180,,Rural
LP015419,,No,1,Not Graduate,Yes,5720,0,126,360,,Rural
LP015420,Male,Yes,3,Graduate,,2340,1800,126,360,1,Semiurban
LP015421,Female,Yes,1,Not Graduate,Yes,5720,1800,110,180,1,Semiurban
LP015422,Male,Yes,2,Graduate,,3276,1500,78,360,1,Rural
LP015423,,Yes,0,Not Graduate,,3076,0,78,,1,Semiurban
LP015424,Male,No,,Graduate,No,3076,0,208,360,1,Rural
LP015425,,Yes,3,Not Graduate,,2340,1500,126,240,,Semiurban
LP015426,Female,No,,Graduate,No,3276,0,100,180,1,Urban
LP015427,Male,No,0,Graduate,Yes,3076,1800,208,180,,Semiurban
LP015428,Female,No,2,Graduate,No,5720,0,110,360,1,Urban
LP015429,,No,2,Graduate,,5000,1800,110,180,1,Semiurban
LP015430,,Yes,2,Graduate,No,5000,2546,208,360,,Rural
LP015431,Female,No,2,Not Graduate,Yes,5000,0,100,360,0,Rural
LP015432,Male,Yes,3,Graduate,No,5000,0,126,240,0,Urban
LP015433,Male,No,3,Graduate,,5720,2546,126,240,1,Urban
LP015434,,No,1,Graduate,,3076,0,100,360,,Rural
LP015435,Female,Yes,1,Graduate,Yes,2340,2546,126,180,0,Semiurban
LP015436,Female,No,0,Not Graduate,Yes,5720,1500,78,180,0,Urban
LP015437,Male,No,1,Not Graduate,No,3076,2546,78,240,,Rural
LP015438,Male,No,0,Not Graduate,Yes,3276,1800,100,360,0,Semiurban
LP015439,Male,No,0,Graduate,,3076,1500,78,360,1,Rural
LP015440,Female,No,0,Graduate,No,3076,1500,208,240,1,Rural
LP015441,Male,Yes,2,Graduate,No,3076,1800,126,360,1,Semiurban
LP015442,Male,No,,Graduate,No,5720,0,208,240,0,Semiurban
LP015443,,No,,Graduate,No,3076,1500,100,360,,Semiurban
LP015444,Male,Yes,3,Not Graduate,Yes,3076,0,78,180,,Semiurban
LP015445,Male,No,0,Not Graduate,No,3276,0,208,240,1,Rural
LP015446,Female,Yes,2,Not Graduate,No,3276,2546,208,360,1,Rural
LP015447,Female,No,1,Graduate,No,5000,2546,110,360,1,Rural
LP015448,,No,1,Not Graduate,,5720,1800,208,240,1,Semiurban
LP015449,Male,Yes,3,Not Graduate,,3076,1800,78,,0,Rural
LP015450,,No,3,Graduate,Yes,5000,2546,126,,1,Rural
LP015451,Female,No,0,Not Graduate,,5000,0,126,360,0,Semiurban
LP015452,,Yes,0,Graduate,,5720,1800,126,360,1,Semiurban
LP015453,Female,Yes,1,Graduate,Yes,5000,0,78,360,,Urban
LP015454,,No,1,Graduate,Yes,5000,1800,126,,0,Semiurban
LP015455,,Yes,1,Graduate,No,5720,1500,126,240,,Rural
LP015456,Male,No,1,Graduate,No,2340,0,100,,,Semiurban
LP015457,,Yes,,Not Graduate,Yes,5000,2546,100,180,,Urban
LP015458,Male,No,0,Graduate,No,3276,0,110,,1,Urban
LP015459,Male,Yes,0,Graduate,No,5000,2546,110,,,Rural
LP015460,Male,Yes,1,Not Graduate,No,5720,1800,208,360,,Semiurban
LP015461,Male,Yes,2,Graduate,Yes,5720,0,208,240,,Semiurban
LP015462,,Yes,1,Graduate,,2340,0,208,240,0,Urban
LP015463,Female,Yes,3,Not Graduate,,2340,1800,110,,1,Semiurban
LP015464,Female,Yes,2,Not Graduate,Yes,3276,1500,126,360,,Rural
LP015465,Female,Yes,3,Graduate,Yes,3276,0,208,240,1,Rural
LP015466,,Yes,2,Not Graduate,No,5000,0,126,360,0,Semiurban
LP015467,Male,Yes,3,Graduate,Yes,2340,1500,126,,1,Semiurban
LP015468,Female,No,1,Not Graduate,Yes,3276,2546,110,240,,Rural
LP015469,,Yes,1,Not Graduate,Yes,5000,1800,100,180,1,Semiurban
LP015470,Male,No,2,Graduate,Yes,3076,1500,100,,1,Urban
LP015471,Female,Yes,3,Graduate,No,5000,0,78,,1,Urban
LP015472,Male,No,,Graduate,No,3276,1800,100,180,1,Semiurban
LP015473,Female,No,2,Not Graduate,Yes,5000,1500,208,,1,Urban
LP015474,Female,Yes,2,Not Graduate,Yes,3076,1500,110,180,0,Rural
LP015475,Female,Yes,0,Not Graduate,,3276,0,126,180,,Semiurban
LP015476,Male,No,2,Graduate,,5000,0,110,,1,Urban
LP015477,,No,,Not Graduate,Yes,3276,0,78,180,1,Rural
LP015478,Male,Yes,1,Graduate,,5000,1800,78,180,,Semiurban
LP015479,Female,Yes,3,Graduate,,5720,2546,78,,,Semiurban
LP015480,Male,Yes,0,Not Graduate,No,3276,1800,126,,,Semiurban
LP015481,,No,3,Not Graduate,No,3276,0,78,180,,Semiurban
LP015482,Male,Yes,1,Not Graduate,No,3276,0,78,360,1,Urban
LP015483,,Yes,2,Not Graduate,,3276,1800,78,,,Semiurban
LP015484,,Yes,,Not Graduate,Yes,5000,1500,126,,0,Semiurban
LP015485,Male,Yes,0,Graduate,No,2340,1500,78,360,1,Urban
LP015486,Female,Yes,,Not Graduate,,5000,0,208,,0,Urban
LP015487,,No,,Graduate,Yes,3076,0,110,360,,Rural
LP015488,Male,No,,Not Graduate,No,5720,2546,78,240,0,Urban
LP015489,,Yes,,Not Graduate,,5000,1500,78,,1,Semiurban
LP015490,Female,Yes,1,Graduate,No,5000,2546,110,,1,Urban
LP015491,Male,No,,Not Graduate,,3276,0,78,240,1,Semiurban
LP015492,Male,Yes,,Not Graduate,No,3076,0,78,,1,Urban
LP015493,Male,No,1,Graduate,,3276,2546,208,180,0,Rural
LP015494,Female,Yes,3,Graduate,Yes,3276,2546,100,180,1,Rural
LP015495,,No,1,Not Graduate,No,2340,0,126,240,1,Rural
LP015496,Male,No,2,Not Graduate,No,5720,0,126,180,1,Rural
LP015497,,Yes,1,Not Graduate,,2340,0,110,240,,Rural
LP015498,,No,3,Graduate,Yes,3276,1500,208,180,0,Urban
LP015499,Female,Yes,2,Not Graduate,Yes,5720,0,126,,,Semiurban
LP015500,Male,No,2,Not Graduate,No,5000,1800,110,180,1,Urban
LP015501,,Yes,0,Not Graduate,,3076,0,110,,,Rural
LP015502,Male,Yes,,Graduate,No,2340,0,110,180,1,Rural
LP015503,Male,Yes,2,Not Graduate,,3076,1500,126,240,,Semiurban
LP015504,Female,No,2,Graduate,Yes,3276,0,100,180,1,Rural
LP015505,Male,Yes,3,Graduate,No,5720,2546,110,,1,Urban
LP015506,Male,Yes,2,Graduate,,5000,1500,78,240,1,Rural
LP015507,,Yes,3,Graduate,Yes,5720,1500,100,180,,Rural
LP015508,Female,No,,Graduate,,3076,0,100,360,1,Semiurban
LP015509,Male,Yes,0,Not Graduate,No,3076,2546,78,360,,Rural
LP015510,,No,0,Graduate,,5000,1800,126,240,1,Urban
LP015511,Female,No,,Not Graduate,No,5000,0,126,360,0,Rural
LP015512,Female,No,,Not Graduate,Yes,5720,1800,208,360,1,Urban
LP015513,,Yes,1,Graduate,,2340,2546,126,180,0,Rural
LP015514,,Yes,2,Graduate,Yes,5720,1500,208,180,1,Urban
LP015515,,No,2,Graduate,Yes,3076,0,110,,1,Rural
LP015516,,Yes,2,Graduate,No,5720,0,126,180,1,Semiurban
LP015517,,Yes,3,Not Graduate,No,3276,1500,126,240,1,Urban
LP015518,Male,No,1,Not Graduate,Yes,5720,0,78,,1,Rural
LP015519,Male,No,2,Graduate,No,5720,1800,110,,,Urban
LP015520,Female,Yes,3,Graduate,Yes,3276,1500,208,180,,Rural
LP015521,Male,No,3,Not Graduate,No,3076,0,110,,,Semiurban
LP015522,Male,Yes,0,Not Graduate,No,5000,0,100,,0,Semiurban
LP015523,Male,No,3,Graduate,,5720,2546,78,180,1,Semiurban
LP015524,,Yes,,Not Graduate,,2340,1500,100,240,1,Urban
LP015525,Female,Yes,3,Not Graduate,No,5000,1800,208,180,1,Semiurban
LP015526,Female,No,,Not Graduate,Yes,2340,1500,126,360,0,Urban
LP015527,Female,Yes,,Graduate,Yes,5720,1500,126,,0,Urban
LP015528,Female,Yes,0,Graduate,Yes,2340,1800,126,180,0,Semiurban
LP015529,Male,No,0,Not Graduate,No,5000,0,208,240,0,Urban
LP015530,Male,Yes,3,Graduate,No,2340,1800,100,240,,Urban
LP015531,,Yes,0,Not Graduate,Yes,2340,1500,208,,0,Urban
LP015532,Female,Yes,0,Not Graduate,,5000,1500,208,360,0,Urban
LP015533,Male,No,2,Graduate,,5000,1500,100,180,0,Semiurban
LP015534,Male,No,3,Graduate,Yes,5000,1500,126,360,0,Urban
LP015535,,No,3,Not Graduate,No,5000,2546,78,180,,Semiurban
LP015536,,No,3,Graduate,No,3276,0,208,240,1,Semiurban
LP015537,,No,0,Graduate,Yes,5720,1500,208,240,0,Urban
LP015538,Male,Yes,0,Graduate,,5000,2546,100,,,Urban
LP015539,Male,Yes,,Graduate,Yes,3076,1500,78,360,,Semiurban
LP015540,,Yes,1,Not Graduate,Yes,2340,0,208,240,,Semiurban
LP015541,Female,No,1,Not Graduate,Yes,5000,0,110,,1,Semiurban
LP015542,,Yes,1,Graduate,,5000,1800,78,240,0,Urban
LP015543,,No,2,Not Graduate,Yes,5720,2546,208,180,1,Urban
LP015544,,Yes,0,Graduate,,5000,0,78,360,,Rural
LP015545,,No,,Graduate,No,3276,0,110,360,1,Urban
LP015546,Male,Yes,,Graduate,,3076,1500,110,180,,Urban
LP015547,Female,Yes,1,Not Graduate,,3076,0,78,180,,Semiurban
LP015548,,No,2,Not Graduate,Yes,5000,2546,126,360,0,Urban
LP015549,Female,Yes,2,Not Graduate,No,5720,2546,78,,,Rural
LP015550,Female,Yes,1,Graduate,Yes,5000,2546,100,,1,Semiurban
LP015551,Female,No,1,Not Graduate,,2340,1800,126,240,1,Rural
LP015552,,Yes,0,Not Graduate,,3076,1500,110,,,Urban
LP015553,Male,Yes,2,Graduate,Yes,2340,0,126,360,0,Rural
LP015554,,No,,Graduate,No,3276,2546,110,,1,Urban
LP015555,Female,No,1,Graduate,,3076,1500,110,180,0,Semiurban
LP015556,Female,No,0,Graduate,,3076,2546,110,360,0,Rural
LP015557,Male,No,,Not Graduate,,3276,2546,100,240,0,Urban
LP015558,,No,2,Not Graduate,No,2340,0,100,360,0,Semiurban
LP015559,Female,Yes,1,Graduate,Yes,5000,1500,208,360,,Semiurban
LP015560,Male,No,1,Graduate,No,5720,2546,100,,,Semiurban
LP015561,Female,No,0,Graduate,No,2340,1800,110,,,Urban
LP015562,Male,Yes,0,Graduate,,3276,2546,78,,0,Semiurban
LP015563,Male,Yes,2,Not Graduate,No,3276,1500,126,240,1,Urban
LP015564,,Yes,1,Graduate,,3276,0,78,240,1,Rural
LP015565,Female,Yes,0,Graduate,No,3076,2546,110,240,,Urban
LP015566,,Yes,1,Not Graduate,No,5000,1800,78,240,1,Urban
LP015567,Female,No,2,Graduate,Yes,3076,1800,126,180,,Urban
LP015568,,Yes,1,Graduate,No,3076,2546,208,360,0,Rural
LP015569,Female,No,,Graduate,Yes,3076,1500,208,,,Urban
LP015570,,Yes,1,Graduate,,3276,2546,100,360,1,Rural
LP015571,Male,No,3,Graduate,,2340,1800,78,360,,Rural
LP015572,Female,Yes,3,Not Graduate,Yes,5720,2546,100,360,,Rural
LP015573,Female,No,2,Not Graduate,,5720,1800,100,,1,Rural
LP015574,Male,No,2,Not Graduate,,5000,0,78,360,,Semiurban
LP015575,,No,2,Not Graduate,No,5000,2546,78,180,,Rural
LP015576,Female,No,,Graduate,Yes,3276,0,126,,1,Semiurban
LP015577,Female,No,,Graduate,,5720,2546,78,180,,Rural
LP015578,,No,1,Graduate,Yes,2340,1800,78,,0,Rural
LP015579,Male,No,0,Graduate,No,3276,1500,100,360,,Semiurban
LP015580,,No,3,Graduate,,5000,1800,208,360,1,Semiurban
LP015581,,No,3,Graduate,,3276,0,110,360,0,Urban
LP015582,,No,3,Not Graduate,Yes,5000,1500,208,180,0,Semiurban
LP015583,Female,Yes,1,Graduate,,5720,0,78,360,1,Semiurban
LP015584,Male,No,1,Graduate,Yes,3276,0,110,240,1,Semiurban
LP015585,Male,No,2,Not Graduate,,3076,0,78,180,,Urban
LP015586,,Yes,0,Not Graduate,No,5000,0,126,240,0,Urban
LP015587,Female,No,2,Graduate,No,3076,0,78,,0,Rural
LP015588,,No,1,Not Graduate,Yes,5000,0,110,240,0,Rural
LP015589,Female,Yes,,Not Graduate,,3076,2546,126,240,1,Urban
LP015590,Female,Yes,2,Graduate,,5720,1800,110,180,,Semiurban
LP015591,Female,No,1,Graduate,Yes,5720,2546,126,,1,Urban
LP015592,Female,Yes,1,Not Graduate,No,2340,1500,100,240,0,Urban
LP015593,Male,No,,Not Graduate,No,2340,0,110,360,,Urban
LP015594,Female,No,,Not Graduate,No,2340,0,100,360,,Urban
LP015595,Female,No,,Not Graduate,Yes,3276,1500,100,,1,Urban
LP015596,,Yes,0,Not Graduate,No,5000,0,78,240,0,Rural
LP015597,,No,1,Not Graduate,Yes,3276,0,208,180,0,Semiurban
LP015598,Male,No,,Graduate,No,2340,0,126,,0,Rural
LP015599,,Yes,0,Graduate,No,5000,0,110,,,Rural
LP015600,Female,No,3,Not Graduate,Yes,3276,1500,100,,0,Urban
LP015601,,No,3,Not Graduate,,5720,1800,78,,1,Rural
LP015602,Male,No,3,Graduate,,5000,1500,110,360,,Semiurban
LP015603,,No,1,Not Graduate,,2340,1800,78,180,1,Semiurban
LP015604,,No,0,Graduate,No,5720,0,110,360,,Semiurban
LP015605,Male,No,0,Not Graduate,No,5000,0,78,,1,Urban
LP015606,Male,Yes,3,Not Graduate,,3276,0,78,180,0,Rural
LP015607,Female,No,2,Not Graduate,No,2340,1800,208,360,,Urban
LP015608,,No,3,Not Graduate,No,3276,0,100,240,1,Rural
LP015609,Female,Yes,1,Graduate,,5720,1500,126,240,,Rural
LP015610,,No,3,Graduate,Yes,5720,1800,126,,,Semiurban
LP015611,,No,3,Graduate,,5720,0,110,240,0,Rural
LP015612,Female,Yes,0,Graduate,,5000,1800,110,180,,Semiurban
LP015613,,Yes,3,Not Graduate,Yes,2340,1500,208,,1,Urban
LP015614,,Yes,,Graduate,No,5720,1500,110,240,,Rural
LP015615,,Yes,,Graduate,,3276,1500,126,180,1,Rural
LP015616,Male,Yes,2,Graduate,,2340,0,100,360,0,Semiurban
LP015617,Female,Yes,1,Not Graduate,No,3276,0,208,360,,Rural
LP015618,Male,Yes,1,Not Graduate,No,3276,0,110,180,1,Semiurban
LP015619,Female,No,0,Not Graduate,Yes,5720,2546,208,240,,Urban
LP015620,Female,No,1,Not Graduate,No,2340,1500,208,180,,Rural
LP015621,,No,2,Not Graduate,,3076,0,208,180,0,Urban
LP015622,Female,Yes,,Graduate,No,5000,1800,110,180,,Urban
LP015623,Male,No,0,Graduate,No,3076,0,78,360,,Semiurban
LP015624,Male,Yes,,Graduate,Yes,5000,1500,110,360,0,Semiurban
LP015625,Male,No,2,Graduate,Yes,2340,0,110,360,,Rural
LP015626,Female,No,0,Not Graduate,,5720,1500,110,240,0,Urban
LP015627,Male,No,3,Graduate,,2340,1800,110,,,Semiurban
LP015628,Female,No,1,Not Graduate,No,3076,1800,110,360,1,Rural
LP015629,Male,Yes,2,Not Graduate,,3276,0,208,360,1,Urban
LP015630,Male,Yes,0,Graduate,,5000,2546,208,180,1,Rural
LP015631,Female,No,,Graduate,No,5000,0,110,240,0,Urban
LP015632,Male,Yes,0,Graduate,No,3076,2546,100,180,0,Urban
LP015633,,Yes,3,Graduate,No,5720,0,100,180,0,Rural
LP015634,Female,No,2,Graduate,Yes,2340,0,78,180,0,Urban
LP015635,Female,Yes,0,Not Graduate,Yes,3076,0,100,180,0,Semiurban
LP015636,Female,Yes,2,Graduate,No,2340,1800,126,360,0,Rural
LP015637,,Yes,2,Not Graduate,Yes,5720,1800,126,240,,Urban
LP015638,Female,Yes,,Not Graduate,Yes,3276,1800,100,360,1,Urban
LP015639,Male,No,1,Graduate,Yes,2340,0,110,,0,Urban
LP015640,Male,No,3,Not Graduate,,5720,2546,100,180,,Urban
LP015641,Male,Yes,0,Not Graduate,No,3076,2546,126,360,,Urban
LP015642,Female,No,1,Not Graduate,No,3276,1800,100,240,0,Rural
LP015643,Male,No,,Not Graduate,,3276,0,208,,1,Rural
LP015644,Female,No,1,Not Graduate,Yes,3276,2546,78,360,0,Semiurban
LP015645,Male,Yes,2,Graduate,No,5000,0,208,360,1,Semiurban
LP015646,,Yes,2,Graduate,Yes,5720,1800,208,,1,Rural
LP015647,,No,3,Graduate,,2340,0,78,240,0,Rural
LP015648,,No,0,Not Graduate,Yes,3076,1500,110,,1,Urban
LP015649,,Yes,0,Not Graduate,,3276,2546,78,,1,Semiurban
LP015650,Female,No,,Graduate,,3276,1800,110,180,1,Semiurban
LP015651,Male,Yes,3,Not Graduate,Yes,3276,1800,126,180,0,Semiurban
LP015652,,No,0,Not Graduate,Yes,5720,2546,100,,1,Urban
LP015653,Female,Yes,2,Not Graduate,No,3076,1500,126,180,1,Semiurban
LP015654,,Yes,3,Not Graduate,,5720,0,126,240,,Urban
LP015655,,Yes,1,Not Graduate,Yes,3076,2546,126,360,0,Urban
LP015656,Female,Yes,3,Graduate,Yes,2340,0,100,,1,Urban
LP015657,Female,No,3,Graduate,No,5000,1800,110,180,0,Urban
LP015658,Male,Yes,0,Not Graduate,No,3076,2546,78,240,0,Rural
LP015659,Male,No,,Graduate,No,5720,0,110,240,,Semiurban
LP015660,,Yes,,Graduate,,5720,0,110,240,,Rural
LP015661,,Yes,0,Not Graduate,No,5720,0,208,,1,Semiurban
LP015662,Male,No,0,Graduate,,5000,0,100,180,1,Rural
LP015663,Male,No,0,Graduate,No,3076,0,110,240,1,Urban
LP015664,Female,No,,Not Graduate,,3076,0,110,180,0,Rural
LP015665,Male,Yes,0,Graduate,No,3076,1800,126,360,,Urban
LP015666,Male,Yes,1,Not Graduate,,3076,0,208,240,,Rural
LP015667,,No,1,Graduate,No,3276,1800,78,240,1,Urban
LP015668,Male,Yes,2,Graduate,No,3276,1500,208,180,,Rural
LP015669,,No,1,Graduate,Yes,5720,0,126,180,0,Urban
LP015670,Male,Yes,3,Graduate,,3276,0,126,180,1,Semiurban
LP015671,Female,Yes,2,Not Graduate,Yes,3076,0,126,360,,Urban
LP015672,Male,Yes,1,Not Graduate,,3076,1500,100,,1,Rural
LP015673,Male,No,3,Graduate,Yes,3276,2546,126,180,0,Semiurban
LP015674,Male,Yes,1,Not Graduate,No,2340,1500,110,240,0,Urban
LP015675,,No,3,Not Graduate,Yes,5720,0,100,360,1,Rural
LP015676,Female,No,0,Graduate,No,5000,0,126,180,1,Rural
LP015677,Male,Yes,3,Graduate,,5720,2546,100,180,,Urban
LP015678,,No,0,Not Graduate,No,5720,1500,110,240,0,Semiurban
LP015679,Female,No,3,Not Graduate,Yes,5720,1800,126,240,0,Rural
LP015680,,Yes,3,Not Graduate,,3276,1500,126,180,1,Rural
LP015681,,No,1,Not Graduate,Yes,5720,1800,110,360,,Rural
LP015682,Female,No,3,Graduate,No,3076,0,126,180,1,Semiurban
LP015683,Male,Yes,1,Not Graduate,No,5720,0,110,,1,Semiurban
LP015684,,Yes,3,Not Graduate,Yes,3076,1500,126,360,1,Rural
LP015685,,Yes,,Not Graduate,,3276,0,126,240,0,Rural
LP015686,Male,No,2,Graduate,Yes,3276,2546,208,240,1,Semiurban
LP015687,Male,No,1,Not Graduate,No,5720,0,100,360,1,Semiurban
LP015688,Female,Yes,1,Not Graduate,,3076,1800,78,360,,Urban
LP015689,Female,No,0,Graduate,Yes,3076,0,208,240,1,Urban
LP015690,Female,Yes,,Graduate,No,3076,1800,208,,,Urban
LP015691,Male,Yes,0,Not Graduate,,3076,1500,100,360,1,Urban
LP015692,,Yes,,Graduate,Yes,5000,2546,208,240,0,Rural
LP015693,,No,,Not Graduate,,3276,1800,110,180,1,Rural
LP015694,Female,No,3,Not Graduate,No,3076,0,208,360,0,Urban
LP015695,Male,Yes,0,Graduate,Yes,5000,0,78,,1,Rural
LP015696,,Yes,2,Graduate,Yes,5000,2546,110,360,0,Semiurban
LP015697,Female,No,,Graduate,No,3276,1500,100,,0,Semiurban
LP015698,,Yes,,Not Graduate,No,2340,0,100,240,1,Urban
LP015699,,No,1,Graduate,No,5720,2546,100,360,,Rural
LP015700,Male,Yes,3,Not Graduate,Yes,3276,0,110,360,0,Semiurban
LP015701,Male,Yes,2,Graduate,No,2340,1500,100,,0,Rural
LP015702,,No,,Not Graduate,Yes,5720,1500,100,,1,Semiurban
LP015703,Female,No,1,Not Graduate,Yes,5720,0,78,180,,Rural
LP015704,Male,No,0,Graduate,,5720,2546,126,,0,Semiurban
LP015705,,No,,Graduate,No,5000,0,126,240,1,Semiurban
LP015706,Male,No,1,Not Graduate,No,3076,0,126,360,0,Semiurban
LP015707,Male,Yes,0,Graduate,,5720,0,100,,1,Urban
LP015708,Male,Yes,3,Graduate,Yes,3076,1800,110,180,1,Rural
LP015709,,No,0,Graduate,Yes,5720,1500,100,180,,Urban
LP015710,Female,No,,Graduate,Yes,5000,0,126,,1,Rural
LP015711,Female,Yes,2,Graduate,No,5720,1800,78,180,,Semiurban
LP015712,Female,Yes,0,Graduate,Yes,3276,1800,100,360,1,Urban
LP015713,Male,No,2,Graduate,,2340,1800,100,240,1,Semiurban
LP015714,,No,2,Not Graduate,Yes,5720,0,100,180,0,Urban
LP015715,Male,Yes,0,Graduate,No,2340,1800,110,,,Rural
LP015716,Female,No,3,Not Graduate,No,2340,0,78,,0,Rural
LP015717,Female,Yes,0,Graduate,Yes,5000,2546,78,360,,Rural
LP015718,,Yes,1,Not Graduate,Yes,2340,1500,78,240,,Semiurban
LP015719,Male,No,2,Not Graduate,No,5000,0,78,,0,Urban
LP015720,Female,Yes,,Graduate,Yes,5720,0,126,240,,Urban
LP015721,,Yes,2,Graduate,,3076,1500,100,180,,Urban
LP015722,Male,Yes,,Graduate,No,5000,0,78,360,0,Urban
LP015723,Male,No,1,Graduate,Yes,2340,2546,208,180,,Urban
LP015724,Female,Yes,1,Not Graduate,Yes,2340,1500,208,240,0,Urban
LP015725,Female,No,1,Not Graduate,Yes,5720,1500,126,,1,Rural
LP015726,Male,Yes,0,Graduate,,5000,1800,208,,0,Rural
LP015727,Male,Yes,2,Not Graduate,No,5720,0,208,360,,Urban
LP015728,Female,Yes,,Graduate,,5000,0,208,180,1,Urban
LP015729,Male,Yes,1,Not Graduate,Yes,3076,0,126,240,1,Urban
LP015730,Female,Yes,1,Graduate,,3276,1800,100,,1,Urban
LP015731,Male,No,,Not Graduate,Yes,5720,1800,126,,0,Rural
LP015732,Female,No,2,Graduate,Yes,2340,0,110,360,0,Semiurban
LP015733,,Yes,2,Not Graduate,No,5720,1800,110,360,1,Rural
LP015734,Female,No,,Graduate,No,5000,1800,208,180,,Urban
LP015735,Female,No,3,Graduate,Yes,5720,2546,208,,,Urban
LP015736,,Yes,2,Not Graduate,Yes,3076,1500,100,180,1,Rural
LP015737,Male,No,,Not Graduate,Yes,5000,0,208,240,,Rural
LP015738,,No,,Not Graduate,No,2340,2546,110,180,,Semiurban
LP015739,Female,No,1,Not Graduate,No,2340,2546,208,360,0,Semiurban
LP015740,Male,No,,Not Graduate,Yes,5000,2546,100,180,,Rural
LP015741,,Yes,0,Graduate,No,3076,1800,110,360,0,Rural
LP015742,Male,No,1,Not Graduate,Yes,5720,0,208,,1,Rural
LP015743,Male,Yes,1,Not Graduate,,3276,1800,100,240,,Urban
LP015744,,Yes,2,Not Graduate,No,2340,1800,100,,,Rural
LP015745,Male,No,3,Not Graduate,Yes,3076,2546,110,180,0,Semiurban
LP015746,,Yes,2,Graduate,,3076,0,110,,0,Urban
LP015747,Female,No,0,Graduate,Yes,3076,0,110,360,1,Rural
LP015748,Male,Yes,1,Graduate,,5720,0,100,,1,Urban
LP015749,Female,No,1,Graduate,No,3076,2546,110,240,,Urban
LP015750,Female,No,,Not Graduate,No,3076,2546,110,360,0,Urban
LP015751,Male,Yes,3,Graduate,Yes,5000,1500,100,240,0,Semiurban
LP015752,,No,3,Graduate,No,5000,2546,100,180,,Urban
LP015753,Male,No,,Not Graduate,No,3076,1800,110,240,0,Semiurban
LP015754,Female,No,0,Not Graduate,,3076,2546,110,360,0,Semiurban
LP015755,Female,No,3,Not Graduate,No,5000,0,110,360,0,Semiurban
LP015756,,Yes,1,Not Graduate,,5720,0,100,240,0,Semiurban
LP015757,Male,Yes,0,Not Graduate,,5000,0,78,,,Urban
LP015758,Female,Yes,2,Not Graduate,,5000,1800,126,180,1,Rural
LP015759,Female,No,2,Graduate,No,5000,0,208,360,1,Rural
LP015760,Female,Yes,0,Graduate,Yes,5000,2546,126,180,,Rural
LP015761,,No,1,Not Graduate,Yes,3276,0,100,,1,Rural
LP015762,Female,No,2,Graduate,No,2340,2546,78,240,0,Rural
LP015763,Female,No,1,Not Graduate,,5720,1500,100,240,,Rural
LP015764,Male,Yes,,Not Graduate,No,5720,0,110,360,1,Rural
LP015765,Male,Yes,3,Graduate,Yes,3076,1800,208,360,0,Rural
LP015766,Female,Yes,0,Graduate,,3276,1500,126,180,1,Semiurban
LP015767,Female,Yes,3,Graduate,No,3076,0,100,,,Urban
LP015768,Male,No,,Graduate,,5720,1800,78,240,1,Semiurban
LP015769,,Yes,2,Graduate,,5720,2546,110,180,1,Rural
LP015770,,Yes,1,Not Graduate,Yes,3076,1500,78,180,1,Rural
LP015771,,Yes,1,Graduate,,2340,0,208,180,,Rural
LP015772,,Yes,,Graduate,No,3076,0,78,,0,Urban
LP015773,,No,0,Not Graduate,,2340,1500,78,240,,Semiurban
LP015774,,Yes,3,Graduate,,2340,1500,110,240,1,Urban
LP015775,,Yes,2,Graduate,No,5000,1500,78,,,Semiurban
LP015776,,Yes,0,Graduate,Yes,5720,0,110,,1,Semiurban
LP015777,Male,No,,Graduate,Yes,5000,0,208,180,0,Rural
LP015778,,Yes,,Graduate,No,5720,0,100,180,0,Semiurban
LP015779,,Yes,1,Not Graduate,,5000,0,110,180,1,Semiurban
LP015780,,Yes,2,Graduate,No,2340,1800,100,,,Urban
LP015781,Female,No,0,Graduate,No,5000,0,126,240,1,Semiurban
LP015782,Male,No,1,Not Graduate,No,3276,1800,78,240,,Urban
LP015783,Male,Yes,2,Graduate,Yes,5000,1800,100,240,,Semiurban
LP015784,Male,Yes,3,Not Graduate,,5000,1800,78,180,1,Urban
LP015785,,No,3,Not Graduate,No,5000,0,110,240,0,Rural
LP015786,,No,1,Not Graduate,Yes,3276,2546,78,180,0,Semiurban
LP015787,Female,No,0,Graduate,Yes,5720,1800,208,,,Urban
LP015788,Male,No,2,Graduate,,5000,2546,100,360,1,Urban
LP015789,,No,3,Graduate,No,5720,0,78,,1,Rural
LP015790,Male,Yes,3,Graduate,,3076,2546,100,180,1,Rural
LP015791,Female,Yes,0,Not Graduate,No,2340,2546,100,240,0,Urban
LP015792,Female,Yes,1,Not Graduate,Yes,3076,1500,208,360,0,Urban
LP015793,Female,Yes,,Not Graduate,Yes,3276,1800,110,360,,Urban
LP015794,Male,No,2,Graduate,,3276,0,78,360,0,Semiurban
LP015795,,No,3,Not Graduate,No,5720,1500,126,,0,Semiurban
LP015796,,No,,Graduate,,5720,2546,100,360,1,Urban
LP015797,Female,No,0,Not Graduate,No,5000,0,110,180,1,Rural
LP015798,,No,1,Not Graduate,,3076,0,126,180,0,Rural
LP015799,Female,Yes,2,Not Graduate,Yes,5720,0,100,,,Rural
LP015800,Male,Yes,0,Graduate,,5720,2546,126,240,1,Semiurban
LP015801,Female,Yes,1,Not Graduate,No,5720,0,78,240,,Rural
LP015802,Male,Yes,0,Not Graduate,,2340,1500,78,,0,Rural
LP015803,Female,Yes,3,Graduate,No,5720,0,100,240,0,Urban
LP015804,,No,3,Not Graduate,,2340,1500,100,240,1,Rural
LP015805,,No,,Not Graduate,No,3276,1800,78,360,1,Semiurban
LP015806,Female,No,0,Graduate,No,5000,0,110,,1,Semiurban
LP015807,,No,3,Graduate,No,3076,0,126,,1,Urban
LP015808,,No,1,Graduate,,5720,1500,100,240,0,Urban
LP015809,,Yes,,Graduate,,2340,2546,100,240,0,Semiurban
LP015810,Male,Yes,2,Not Graduate,Yes,5720,2546,208,,1,Urban
LP015811,,Yes,0,Not Graduate,No,5720,1500,126,180,,Semiurban
LP015812,Male,No,3,Graduate,Yes,2340,0,78,,1,Rural
LP015813,Female,No,1,Not Graduate,Yes,5720,1800,100,360,1,Semiurban
LP015814,,No,0,Not Graduate,No,3076,1800,100,240,1,Semiurban
LP015815,,No,1,Graduate,Yes,3276,0,78,360,,Rural
LP015816,,Yes,,Not Graduate,,5000,0,126,,1,Rural
LP015817,Female,No,3,Not Graduate,Yes,5720,1500,110,240,0,Rural
LP015818,Male,Yes,3,Not Graduate,,2340,1800,78,,,Urban
LP015819,Male,No,,Graduate,No,3076,0,110,,0,Urban
LP015820,,Yes,1,Not Graduate,No,5720,1800,100,360,,Urban
LP015821,Female,No,0,Not Graduate,No,3276,1800,110,360,,Semiurban
LP015822,Female,No,1,Not Graduate,Yes,3276,0,110,180,1,Rural
LP015823,Female,Yes,0,Graduate,No,2340,1800,78,240,0,Urban
LP015824,Female,Yes,,Graduate,No,5720,1500,100,,,Urban
LP015825,Female,No,2,Not Graduate,,5720,0,126,240,0,Urban
LP015826,Male,Yes,0,Not Graduate,Yes,5720,0,208,360,,Urban
LP015827,Male,No,3,Graduate,Yes,3276,0,110,240,1,Rural
LP015828,Male,No,3,Graduate,No,5720,0,100,180,,Rural
LP015829,,Yes,3,Graduate,Yes,5720,1500,208,,0,Urban
LP015830,Female,No,1,Graduate,No,5720,1800,126,,0,Semiurban
LP015831,,No,1,Not Graduate,,5720,1800,208,,0,Rural
LP015832,Female,Yes,1,Graduate,Yes,2340,1500,126,360,0,Semiurban
LP015833,Male,No,3,Graduate,Yes,3276,2546,208,,,Semiurban
LP015834,,No,0,Graduate,,5000,0,126,360,,Rural
LP015835,Male,No,3,Graduate,Yes,2340,1500,110,180,,Semiurban
LP015836,Female,No,0,Not Graduate,No,5720,1800,208,,,Rural
LP015837,Female,Yes,1,Not Graduate,Yes,5000,0,126,240,1,Urban
LP015838,Female,Yes,2,Not Graduate,Yes,3076,0,100,360,,Rural
LP015839,Male,Yes,1,Not Graduate,,5000,1800,78,360,1,Urban
LP015840,Female,No,,Graduate,,2340,1500,208,240,,Semiurban
LP015841,Male,Yes,0,Not Graduate,No,3276,2546,208,240,,Semiurban
LP015842,,Yes,2,Not Graduate,Yes,2340,0,208,180,,Urban
LP015843,Female,Yes,1,Graduate,Yes,3276,0,208,360,1,Rural
LP015844,Female,No,2,Not Graduate,,3276,0,78,180,,Urban
LP015845,Female,Yes,3,Not Graduate,No,3276,1500,208,240,,Semiurban
LP015846,,Yes,0,Not Graduate,Yes,3076,0,110,,,Urban
LP015847,Female,No,,Graduate,No,5000,1800,110,240,0,Urban
LP015848,Male,No,3,Graduate,Yes,2340,1800,100,240,0,Urban
LP015849,Male,No,2,Graduate,,2340,0,78,180,0,Semiurban
LP015850,Female,No,1,Not Graduate,,3276,0,100,180,1,Rural
LP015851,Female,No,0,Graduate,,3076,2546,110,240,,Rural
LP015852,,No,,Graduate,,3076,0,208,180,1,Semiurban
LP015853,,Yes,1,Not Graduate,,5720,0,208,360,,Semiurban
LP015854,,Yes,,Graduate,,3076,0,126,180,1,Urban
LP015855,Female,No,0,Not Graduate,No,3276,1500,78,180,0,Rural
LP015856,,No,2,Not Graduate,,3276,1500,126,,,Rural
LP015857,,Yes,,Graduate,No,5000,1800,78,,0,Rural
LP015858,Male,No,0,Not Graduate,,3276,0,78,,0,Semiurban
LP015859,,No,,Not Graduate,Yes,5000,0,208,360,,Rural
LP015860,Male,Yes,1,Not Graduate,Yes,3076,0,208,180,1,Urban
LP015861,Male,No,,Graduate,Yes,5720,1800,100,180,0,Rural
LP015862,,No,1,Not Graduate,No,2340,2546,110,,0,Rural
LP015863,Male,Yes,1,Graduate,,3276,2546,110,360,,Urban
LP015864,Female,Yes,0,Graduate,No,3076,2546,208,180,,Urban
LP015865,Female,Yes,3,Not Graduate,,3276,0,110,180,1,Semiurban
LP015866,,Yes,,Not Graduate,Yes,5000,0,78,180,0,Semiurban
LP015867,Female,Yes,2,Not Graduate,No,3076,0,110,180,0,Urban
LP015868,Male,No,1,Not Graduate,,2340,0,100,360,1,Rural
LP015869,Female,No,3,Not Graduate,No,5000,1500,110,,,Rural
LP015870,,No,1,Graduate,No,3076,1800,110,,,Urban
LP015871,,No,3,Graduate,Yes,2340,2546,100,360,,Semiurban
LP015872,Male,No,3,Not Graduate,Yes,5000,0,100,180,1,Urban
LP015873,,Yes,2,Graduate,Yes,2340,0,208,180,,Rural
LP015874,Female,No,3,Graduate,Yes,3076,1500,100,360,,Rural
LP015875,,No,2,Graduate,Yes,5000,0,208,360,1,Semiurban
LP015876,Male,No,0,Not Graduate,,5720,2546,78,240,0,Semiurban
LP015877,,No,1,Graduate,,3276,1800,126,360,0,Semiurban
LP015878,Female,No,2,Graduate,Yes,5720,0,110,180,1,Urban
LP015879,Male,Yes,1,Graduate,Yes,2340,0,100,360,,Semiurban
LP015880,Female,No,,Not Graduate,Yes,3076,2546,110,,,Urban
LP015881,Male,No,0,Graduate,No,3276,1800,78,180,0,Urban
LP015882,,No,,Not Graduate,Yes,3076,2546,126,360,,Urban
LP015883,Male,No,,Graduate,,2340,2546,100,360,0,Semiurban
LP015884,Male,No,3,Not Graduate,,3076,0,208,360,0,Urban
LP015885,,No,3,Graduate,No,5000,1800,208,180,,Semiurban
LP015886,Female,Yes,,Not Graduate,,5000,0,100,360,0,Urban
LP015887,,No,3,Graduate,Yes,2340,2546,100,360,0,Urban
LP015888,Male,Yes,1,Not Graduate,No,3076,1500,78,,1,Semiurban
LP015889,,Yes,3,Not Graduate,No,2340,1800,126,240,,Urban
LP015890,Male,No,,Graduate,,3276,1500,100,,1,Rural
LP015891,,No,3,Graduate,Yes,3076,0,208,240,,Urban
LP015892,,No,3,Not Graduate,Yes,5000,1800,126,,,Semiurban
LP015893,Female,Yes,2,Not Graduate,Yes,5720,0,100,360,,Rural
LP015894,Male,No,2,Graduate,No,5000,1800,126,360,,Semiurban
LP015895,Female,No,,Not Graduate,,3076,0,78,180,0,Urban
LP015896,Male,No,1,Graduate,,3076,0,100,180,1,Semiurban
LP015897,,Yes,0,Graduate,,3076,0,100,,1,Urban
LP015898,Male,Yes,0,Not Graduate,Yes,3076,1800,126,,0,Rural
LP015899,Female,No,,Graduate,No,3276,0,100,240,1,Semiurban
LP015900,Female,Yes,1,Not Graduate,No,5720,1800,126,180,1,Rural
LP015901,Female,No,1,Graduate,,5000,0,126,,,Rural
LP015902,Male,Yes,1,Graduate,,3276,1800,100,360,,Urban
LP015903,Female,No,2,Graduate,No,2340,0,208,,,Semiurban
LP015904,Female,Yes,,Graduate,,3076,0,78,240,,Semiurban
LP015905,Female,No,0,Graduate,No,5000,0,126,180,0,Semiurban
LP015906,,No,1,Graduate,No,2340,1500,208,180,0,Rural
LP015907,,Yes,,Graduate,,5720,1500,126,360,0,Urban
LP015908,Male,Yes,0,Graduate,No,5000,1500,208,180,1,Rural
LP015909,Male,Yes,2,Graduate,No,3276,2546,100,180,,Semiurban
LP015910,Female,Yes,3,Graduate,,2340,1800,78,240,1,Urban
LP015911,,Yes,0,Graduate,,5000,1500,208,180,,Urban
LP015912,Female,No,0,Graduate,,3276,0,110,,,Urban
LP015913,Female,No,0,Not Graduate,No,3076,0,126,360,1,Urban
LP015914,,Yes,3,Not Graduate,,5000,1500,208,180,1,Urban
LP015915,,No,1,Graduate,,3076,1500,78,,1,Semiurban
LP015916,,No,3,Graduate,No,2340,0,78,360,0,Semiurban
LP015917,Male,Yes,0,Not Graduate,No,2340,1500,78,360,1,Semiurban
LP015918,Male,No,2,Graduate,,2340,2546,208,240,0,Semiurban
LP015919,Female,No,0,Graduate,,3076,2546,208,180,1,Rural
LP015920,Male,Yes,2,Graduate,No,3076,2546,100,360,0,Urban
LP015921,,Yes,,Not Graduate,No,3276,0,110,360,1,Urban
LP015922,,No,2,Graduate,Yes,5000,2546,208,360,0,Semiurban
LP015923,Male,Yes,0,Not Graduate,No,3276,0,100,360,1,Semiurban
LP015924,Female,No,3,Not Graduate,No,3076,0,126,240,,Urban
LP015925,Female,Yes,0,Graduate,Yes,5000,0,110,360,1,Rural
LP015926,Male,Yes,0,Not Graduate,,2340,0,78,360,1,Rural
LP015927,Female,Yes,,Not Graduate,Yes,3276,1500,110,240,,Urban
LP015928,Female,Yes,1,Not Graduate,No,3276,1800,126,240,,Semiurban
LP015929,Female,No,0,Graduate,Yes,3276,2546,208,240,0,Urban
LP015930,,Yes,,Graduate,Yes,3076,1800,208,360,,Semiurban
LP015931,,Yes,3,Not Graduate,Yes,5000,1800,100,,0,Urban
LP015932,Male,No,,Graduate,Yes,2340,1500,208,,1,Urban
LP015933,,No,,Not Graduate,Yes,3076,1800,208,360,,Semiurban
LP015934,Female,No,2,Graduate,Yes,2340,2546,110,180,0,Urban
LP015935,,No,1,Graduate,,5720,0,126,180,1,Urban
LP015936,Male,Yes,1,Not Graduate,Yes,5720,0,78,180,0,Rural
LP015937,,No,3,Graduate,Yes,2340,2546,78,240,1,Rural
LP015938,Female,Yes,,Not Graduate,Yes,5720,1500,100,180,0,Semiurban
LP015939,Female,No,3,Graduate,Yes,5000,0,126,180,1,Urban
LP015940,Male,Yes,3,Not Graduate,No,5000,1500,110,240,1,Rural
LP015941,,No,1,Graduate,Yes,3076,2546,78,,0,Semiurban
LP015942,,Yes,1,Not Graduate,Yes,2340,0,100,360,1,Rural
LP015943,,Yes,1,Graduate,Yes,3076,1800,208,,0,Rural
LP015944,Female,No,0,Graduate,,5000,1800,208,240,1,Urban
LP015945,Male,Yes,,Not Graduate,Yes,5000,1500,110,180,,Rural
LP015946,,Yes,3,Graduate,No,5000,0,78,180,,Rural
LP015947,Female,Yes,,Not Graduate,,3276,0,208,,0,Urban
LP015948,Female,Yes,3,Graduate,No,5720,1500,100,240,,Semiurban
LP015949,Female,No,3,Not Graduate,,3076,0,100,240,,Urban
LP015950,,Yes,3,Not Graduate,,3076,1500,78,,1,Urban
LP015951,,Yes,3,Not Graduate,Yes,5000,0,110,180,,Semiurban
LP015952,,No,2,Not Graduate,Yes,3276,2546,100,240,0,Rural
LP015953,,No,2,Not Graduate,,3076,1800,126,,0,Urban
LP015954,,No,0,Not Graduate,Yes,3076,0,100,180,1,Urban
LP015955,,Yes,1,Not Graduate,Yes,3276,0,110,180,,Urban
LP015956,,Yes,3,Not Graduate,,5000,0,100,180,1,Semiurban
LP015957,,No,,Graduate,,3276,0,208,360,,Urban
LP015958,,Yes,2,Graduate,No,5720,2546,110,240,,Urban
LP015959,Female,No,1,Graduate,,3076,2546,208,240,,Semiurban
LP015960,,Yes,0,Graduate,No,5720,0,208,180,1,Rural
LP015961,Male,No,1,Not Graduate,No,3076,1500,78,360,1,Urban
LP015962,Female,Yes,3,Not Graduate,Yes,5720,1500,110,240,,Rural
LP015963,,No,1,Graduate,Yes,3076,0,208,240,0,Semiurban
LP015964,Male,Yes,3,Graduate,,5000,0,78,360,,Rural
LP015965,,No,2,Not Graduate,,2340,0,78,240,0,Semiurban
LP015966,Male,Yes,2,Graduate,No,3276,2546,208,240,,Semiurban
LP015967,Male,Yes,3,Not Graduate,No,3076,0,208,,,Rural
LP015968,Male,Yes,,Graduate,Yes,3276,1500,126,240,0,Rural
LP015969,Male,No,2,Not Graduate,,3076,2546,110,360,0,Urban
LP015970,Female,Yes,,Not Graduate,,2340,0,78,360,1,Semiurban
LP015971,Female,Yes,3,Graduate,,5000,1500,110,180,0,Rural
LP015972,Male,Yes,3,Graduate,,5000,1800,78,,,Urban
LP015973,,No,2,Not Graduate,Yes,3276,1500,100,180,1,Semiurban
LP015974,Male,Yes,,Graduate,Yes,2340,2546,100,,,Urban
LP015975,Female,No,3,Graduate,No,3276,2546,78,,1,Urban
LP015976,,Yes,2,Not Graduate,Yes,5000,0,126,180,,Semiurban
LP015977,Female,No,3,Graduate,No,5720,2546,100,240,0,Urban
LP015978,Female,No,1,Graduate,Yes,3276,1800,110,,,Rural
LP015979,,Yes,1,Not Graduate,Yes,3076,1800,208,180,,Urban
LP015980,Male,No,2,Not Graduate,,5000,2546,110,180,1,Urban
LP015981,Male,No,3,Not Graduate,No,3076,0,110,180,0,Semiurban
LP015982,Male,Yes,2,Graduate,No,2340,2546,110,180,0,Rural
LP015983,Male,No,0,Not Graduate,No,5000,0,78,180,,Rural
LP015984,,No,2,Graduate,Yes,5000,2546,78,240,,Rural
LP015985,,No,2,Graduate,,3276,1500,110,360,1,Rural
LP015986,,No,1,Graduate,Yes,3276,2546,208,240,1,Urban
LP015987,Female,Yes,1,Graduate,,3076,1500,126,360,0,Rural
LP015988,,No,3,Not Graduate,Yes,3276,0,126,,0,Rural
LP015989,Male,No,2,Graduate,No,5720,2546,100,,1,Semiurban
LP015990,Female,Yes,2,Graduate,Yes,5000,0,100,180,1,Rural
LP015991,Male,Yes,3,Graduate,No,2340,1800,208,240,,Semiurban
LP015992,Male,No,,Not Graduate,,5000,0,110,180,,Rural
LP015993,,Yes,3,Not Graduate,No,3076,0,78,240,1,Urban
LP015994,,Yes,1,Not Graduate,No,3276,1500,100,,1,Rural
LP015995,Male,Yes,1,Graduate,No,5000,0,110,240,1,Semiurban
LP015996,Male,Yes,2,Graduate,No,3276,2546,126,180,,Rural
LP015997,Female,Yes,1,Not Graduate,,3076,1500,208,180,0,Urban
LP015998,,Yes,3,Not Graduate,Yes,3276,0,78,,1,Semiurban
LP015999,Female,Yes,2,Graduate,Yes,2340,0,78,360,,Urban
LP016000,Female,Yes,3,Not Graduate,Yes,3076,0,100,,0,Rural
LP016001,Female,Yes,3,Graduate,Yes,5000,2546,110,180,1,Rural
LP016002,Male,No,2,Not Graduate,No,5000,2546,78,,0,Semiurban
LP016003,Female,No,,Graduate,,2340,2546,126,360,,Urban
LP016004,Female,No,1,Graduate,,5720,0,126,180,,Urban
LP016005,Male,No,0,Graduate,Yes,3276,0,208,360,1,Semiurban
LP016006,,No,0,Not Graduate,Yes,5000,2546,208,240,0,Rural
LP016007,,Yes,0,Not Graduate,,2340,0,126,240,0,Rural
LP016008,Female,Yes,1,Graduate,,3276,2546,126,,0,Urban
LP016009,Male,No,,Not Graduate,No,3076,0,110,180,0,Semiurban
LP016010,,No,3,Graduate,,2340,2546,78,240,,Urban
LP016011,Female,Yes,2,Not Graduate,,3076,0,110,180,0,Rural
LP016012,Female,No,,Not Graduate,No,3076,2546,208,180,1,Rural
LP016013,Male,Yes,0,Graduate,No,3076,0,208,180,,Urban
LP016014,Female,No,1,Not Graduate,No,3276,0,208,360,1,Rural
LP016015,,Yes,1,Not Graduate,,5720,0,78,,0,Rural
LP016016,Male,No,2,Graduate,,3076,0,100,360,0,Semiurban
LP016017,,Yes,3,Graduate,,5000,1500,208,180,,Semiurban
LP016018,,No,,Graduate,No,3276,1800,208,240,0,Semiurban
LP016019,,No,,Graduate,,3276,1500,110,240,1,Rural
LP016020,Female,Yes,,Not Graduate,,3076,0,110,240,,Semiurban
LP016021,Female,Yes,3,Not Graduate,No,5000,0,100,,0,Urban
LP016022,,No,3,Graduate,Yes,2340,2546,100,360,1,Rural
LP016023,,No,3,Not Graduate,Yes,3276,1500,100,360,0,Urban
LP016024,Male,Yes,2,Graduate,,3076,1800,100,,0,Rural
LP016025,Male,Yes,1,Graduate,No,3076,1500,110,360,0,Urban
LP016026,Female,Yes,0,Graduate,No,5720,0,208,,0,Semiurban
LP016027,Female,No,3,Not Graduate,,5720,0,110,,1,Rural
LP016028,Male,No,1,Not Graduate,,2340,1500,126,240,,Rural
LP016029,,Yes,3,Not Graduate,Yes,2340,1500,126,,1,Urban
LP016030,Female,No,0,Graduate,No,2340,0,208,240,1,Rural
LP016031,,No,3,Graduate,,2340,2546,100,240,,Urban
LP016032,Male,Yes,1,Not Graduate,No,3076,0,208,240,,Semiurban
LP016033,Female,No,2,Not Graduate,,3076,1800,126,360,0,Urban
LP016034,Female,Yes,0,Not Graduate,Yes,3076,2546,208,,0,Urban
LP016035,Male,Yes,1,Not Graduate,,5000,1500,100,180,1,Rural
LP016036,Female,No,,Graduate,Yes,2340,0,110,240,0,Semiurban
LP016037,Male,No,,Not Graduate,Yes,5000,1500,100,240,,Semiurban
LP016038,Female,Yes,,Not Graduate,,3276,0,110,360,,Semiurban
LP016039,Male,Yes,2,Graduate,,3276,1800,126,360,0,Semiurban
LP016040,Female,Yes,3,Not Graduate,Yes,3076,2546,78,240,1,Rural
LP016041,,No,3,Not Graduate,No,3276,1800,208,180,0,Rural
LP016042,,Yes,3,Not Graduate,No,3076,1800,78,360,,Rural
LP016043,,Yes,2,Graduate,Yes,2340,2546,100,360,,Semiurban
LP016044,Female,Yes,,Graduate,Yes,5000,2546,110,,1,Urban
LP016045,Female,Yes,3,Not Graduate,,3076,1800,100,360,,Semiurban
LP016046,,No,2,Graduate,,5720,1500,100,360,1,Semiurban
LP016047,,No,2,Not Graduate,Yes,5720,2546,126,,1,Semiurban
LP016048,Male,Yes,1,Not Graduate,Yes,2340,1800,100,240,0,Urban
LP016049,Male,No,3,Graduate,No,5000,1800,208,,0,Urban
LP016050,Male,No,,Not Graduate,No,3076,1800,126,,1,Rural
LP016051,,No,0,Graduate,No,2340,1500,78,240,0,Semiurban
LP016052,,Yes,2,Graduate,Yes,5000,0,100,240,,Semiurban
LP016053,,No,1,Graduate,Yes,5720,0,78,,1,Semiurban
LP016054,Male,No,0,Not Graduate,No,3076,2546,208,180,1,Semiurban
LP016055,Female,Yes,2,Not Graduate,No,5000,0,208,360,0,Rural
LP016056,,Yes,1,Not Graduate,,3276,0,208,360,1,Urban
LP016057,Female,No,3,Not Graduate,,3076,2546,78,360,1,Rural
LP016058,Female,No,1,Graduate,Yes,3276,2546,78,240,1,Rural
LP016059,Female,Yes,2,Not Graduate,,2340,1800,110,360,0,Rural
LP016060,Male,Yes,3,Not Graduate,Yes,5000,0,126,240,1,Urban
LP016061,Female,Yes,,Graduate,Yes,5000,0,100,240,1,Rural
LP016062,,Yes,1,Graduate,Yes,5000,2546,126,180,1,Semiurban
LP016063,Male,No,0,Not Graduate,No,5000,0,208,360,0,Rural
LP016064,,Yes,3,Graduate,,3076,1500,100,240,1,Semiurban
LP016065,,No,3,Not Graduate,,3276,1500,110,360,1,Rural
LP016066,Male,No,,Not Graduate,,3276,1800,126,240,0,Rural
LP016067,,No,1,Graduate,,2340,0,208,,1,Semiurban
LP016068,,Yes,0,Graduate,No,2340,2546,100,240,1,Semiurban
LP016069,Male,Yes,,Not Graduate,,5000,1500,100,240,1,Semiurban
LP016070,,No,1,Not Graduate,,5720,1500,208,240,1,Semiurban
LP016071,Female,No,0,Not Graduate,No,5720,0,78,,1,Semiurban
LP016072,,No,0,Not Graduate,,5000,0,126,180,,Urban
LP016073,Female,No,2,Not Graduate,,3276,0,100,360,1,Urban
LP016074,,No,0,Graduate,No,2340,0,78,,,Urban
LP016075,Male,Yes,1,Not Graduate,No,3076,0,110,360,,Rural
LP016076,Male,Yes,,Graduate,No,5720,2546,100,,,Urban
LP016077,,Yes,,Graduate,No,2340,2546,100,240,,Semiurban
LP016078,Male,No,2,Graduate,Yes,5720,2546,110,,,Urban
LP016079,,No,1,Not Graduate,No,3276,0,110,360,0,Urban
LP016080,Male,Yes,0,Not Graduate,,3276,0,100,360,0,Rural
LP016081,Female,Yes,2,Graduate,,5000,1800,208,360,0,Semiurban
LP016082,,No,3,Graduate,,5000,1500,110,180,,Rural
LP016083,Female,Yes,1,Graduate,,5720,2546,78,,1,Urban
LP016084,Female,Yes,2,Graduate,Yes,5720,0,110,240,1,Urban
LP016085,,Yes,,Graduate,Yes,2340,1500,100,,1,Rural
LP016086,Female,No,2,Not Graduate,Yes,5000,2546,100,180,1,Rural
LP016087,,No,3,Graduate,,3276,2546,126,360,0,Semiurban
LP016088,Female,Yes,1,Not Graduate,,2340,1500,78,360,,Urban
LP016089,,No,2,Graduate,No,2340,1500,126,180,0,Semiurban
LP016090,,Yes,0,Graduate,No,3076,0,110,,1,Urban
LP016091,Male,Yes,1,Not Graduate,,3276,1500,126,240,,Urban
LP016092,,No,2,Not Graduate,No,2340,1500,100,360,1,Rural
LP016093,,No,2,Graduate,No,3076,0,208,180,0,Urban
LP016094,Female,No,1,Not Graduate,,5000,2546,110,180,0,Urban
LP016095,,Yes,,Not Graduate,Yes,3276,1500,100,240,0,Semiurban
LP016096,Male,Yes,0,Graduate,,5000,1800,110,180,1,Urban
LP016097,Female,Yes,1,Graduate,,3076,0,126,180,,Urban
LP016098,Female,No,0,Graduate,No,3276,1500,126,180,,Urban
LP016099,Male,Yes,0,Not Graduate,No,5720,1500,110,360,0,Urban
LP016100,Female,Yes,1,Graduate,,5720,0,110,360,,Rural
LP016101,Female,Yes,2,Graduate,Yes,5720,1800,126,,1,Urban
LP016102,Female,Yes,,Not Graduate,,2340,2546,110,240,,Urban
LP016103,Female,No,0,Graduate,Yes,5720,1800,126,180,1,Rural
LP016104,Male,No,0,Not Graduate,Yes,2340,0,110,180,0,Urban
LP016105,Male,No,2,Not Graduate,,2340,1500,208,360,0,Rural
LP016106,Female,Yes,1,Graduate,,3076,2546,110,360,0,Semiurban
LP016107,Female,Yes,,Not Graduate,,5720,1800,110,360,,Urban
LP016108,Male,Yes,0,Not Graduate,Yes,3276,1800,100,240,1,Rural
LP016109,Male,No,0,Graduate,No,2340,2546,208,360,0,Semiurban
LP016110,Male,No,1,Not Graduate,Yes,3076,1800,126,180,1,Urban
LP016111,Female,No,2,Graduate,Yes,2340,0,126,180,0,Semiurban
LP016112,Female,No,3,Graduate,Yes,3276,2546,78,180,1,Urban
LP016113,,No,2,Graduate,No,3276,0,208,,0,Rural
LP016114,Male,Yes,0,Graduate,Yes,5720,2546,208,240,1,Rural
LP016115,Female,No,0,Graduate,Yes,2340,0,110,180,1,Rural
LP016116,Male,No,,Not Graduate,Yes,3276,1500,100,180,1,Rural
LP016117,Female,No,2,Not Graduate,No,5000,1500,126,180,,Rural
LP016118,Male,Yes,3,Not Graduate,Yes,3276,1800,126,360,0,Urban
LP016119,Female,No,,Graduate,No,3276,2546,100,180,1,Rural
LP016120,,No,3,Graduate,No,2340,2546,100,360,,Urban
LP016121,,No,,Graduate,,3276,0,208,360,,Urban
LP016122,Male,Yes,2,Graduate,,3076,1800,100,240,,Urban
LP016123,Female,Yes,0,Not Graduate,,3276,1800,100,240,1,Urban
LP016124,Female,No,3,Not Graduate,No,5000,2546,110,180,1,Urban
LP016125,Male,No,2,Graduate,,3276,1500,208,240,,Urban
LP016126,Female,No,3,Graduate,,5720,2546,78,360,0,Rural
LP016127,Male,No,2,Graduate,,2340,2546,78,360,1,Rural
LP016128,Female,Yes,,Not Graduate,No,5000,0,126,180,1,Rural
LP016129,Male,No,2,Not Graduate,Yes,3076,0,100,180,0,Urban
LP016130,Female,Yes,,Graduate,,3276,0,110,180,1,Urban
LP016131,Male,No,0,Graduate,,3276,0,100,360,0,Urban
LP016132,Female,Yes,,Not Graduate,,3076,1800,126,360,0,Urban
LP016133,,Yes,1,Not Graduate,,3276,0,100,180,1,Semiurban
LP016134,Female,No,0,Graduate,No,5720,1800,78,180,,Semiurban
LP016135,Male,Yes,2,Graduate,Yes,5000,1500,208,360,1,Rural
LP016136,,No,2,Graduate,Yes,3276,1800,100,240,,Rural
LP016137,Female,Yes,1,Not Graduate,,3076,0,78,360,1,Urban
LP016138,,Yes,2,Graduate,Yes,3076,1800,78,240,,Urban
LP016139,Female,No,0,Not Graduate,,5000,1500,126,180,0,Rural
LP016140,,No,0,Graduate,,5720,0,208,360,,Rural
LP016141,Male,Yes,,Graduate,Yes,5000,0,126,180,,Rural
LP016142,Female,Yes,3,Graduate,Yes,3276,1500,110,180,1,Urban
LP016143,Female,No,2,Not Graduate,No,5720,2546,208,180,0,Rural
LP016144,Male,No,1,Graduate,,5720,0,110,,,Urban
LP016145,,No,0,Not Graduate,Yes,3076,0,208,,,Semiurban
LP016146,Male,Yes,0,Graduate,No,5720,0,78,360,1,Urban
LP016147,Male,No,0,Not Graduate,Yes,3276,1500,110,,0,Rural
LP016148,,No,3,Graduate,Yes,3276,2546,208,360,,Semiurban
LP016149,Male,Yes,3,Not Graduate,,3276,1500,208,240,1,Rural
LP016150,Female,No,2,Graduate,No,2340,1800,110,360,0,Semiurban
LP016151,Female,No,1,Not Graduate,,5720,0,208,,,Urban
LP016152,Female,No,3,Not Graduate,Yes,5720,1800,126,,,Rural
LP016153,Male,No,,Graduate,No,3276,1800,126,240,,Rural
LP016154,Female,Yes,3,Not Graduate,,3076,0,110,240,,Rural
LP016155,Female,No,0,Not Graduate,No,5720,0,78,360,,Semiurban
LP016156,Female,No,1,Graduate,Yes,2340,1800,100,360,0,Urban
LP016157,Female,No,2,Not Graduate,No,5720,1500,110,180,,Rural
LP016158,Female,No,3,Graduate,Yes,5000,0,110,180,,Semiurban
LP016159,Female,No,0,Graduate,,2340,0,110,360,,Semiurban
LP016160,Male,No,,Not Graduate,Yes,3076,1500,110,240,,Rural
LP016161,Female,Yes,,Not Graduate,Yes,2340,1800,126,360,1,Urban
LP016162,Female,Yes,2,Not Graduate,No,2340,0,110,180,0,Semiurban
LP016163,,Yes,2,Not Graduate,No,5720,0,78,240,0,Semiurban
LP016164,Male,No,3,Not Graduate,,2340,2546,100,180,0,Rural
LP016165,Male,No,2,Graduate,No,3276,0,100,360,,Rural
LP016166,Male,No,0,Graduate,,2340,1500,78,360,0,Rural
LP016167,Male,Yes,0,Not Graduate,Yes,5720,2546,110,,,Rural
LP016168,Female,No,0,Not Graduate,Yes,3276,0,100,360,,Semiurban
LP016169,Female,Yes,3,Not Graduate,No,3076,0,126,,1,Semiurban
LP016170,,No,3,Not Graduate,Yes,5000,2546,100,,,Semiurban
LP016171,,No,2,Not Graduate,Yes,2340,0,78,,0,Semiurban
LP016172,Male,Yes,3,Graduate,,3276,2546,100,,,Semiurban
LP016173,,Yes,0,Graduate,No,3276,1800,78,180,0,Rural
LP016174,,Yes,1,Graduate,,3076,1500,110,360,,Semiurban
LP016175,Male,Yes,0,Not Graduate,Yes,3076,0,100,360,1,Urban
LP016176,Male,Yes,1,Not Graduate,Yes,5000,2546,78,360,,Rural
LP016177,,Yes,2,Not Graduate,Yes,5000,2546,126,,0,Rural
LP016178,Female,No,,Graduate,No,5720,1800,126,180,1,Rural
LP016179,,Yes,3,Graduate,Yes,5000,0,208,180,,Urban
LP016180,,No,3,Graduate,Yes,5000,1800,100,,1,Semiurban
LP016181,Female,No,0,Graduate,,3276,1800,110,,,Semiurban
LP016182,Female,No,0,Not Graduate,No,2340,1500,208,360,1,Rural
LP016183,Male,No,1,Not Graduate,Yes,2340,0,100,180,,Urban
LP016184,Male,No,3,Not Graduate,,5000,0,126,240,0,Rural
LP016185,,Yes,2,Not Graduate,Yes,5720,1800,110,240,,Semiurban
LP016186,Female,Yes,0,Not Graduate,,5720,0,126,240,0,Rural
LP016187,Male,Yes,3,Not Graduate,Yes,2340,0,100,240,,Urban
LP016188,,No,,Graduate,No,3076,0,110,,,Semiurban
LP016189,Female,Yes,1,Not Graduate,No,3276,0,110,360,0,Rural
LP016190,,No,0,Not Graduate,,5000,1500,208,240,0,Urban
LP016191,Male,No,0,Not Graduate,Yes,3276,1500,110,360,0,Urban
LP016192,Male,No,2,Not Graduate,No,5000,1800,100,360,0,Urban
LP016193,Female,No,0,Not Graduate,Yes,5000,0,78,180,,Urban
LP016194,,Yes,3,Not Graduate,No,2340,1800,78,240,,Semiurban
LP016195,Female,Yes,3,Not Graduate,,3276,2546,110,360,,Urban
LP016196,Male,Yes,3,Not Graduate,No,3276,1500,78,180,0,Rural
LP016197,Male,Yes,,Graduate,Yes,3076,1500,100,,,Urban
LP016198,,Yes,,Graduate,Yes,3076,0,208,360,,Semiurban
LP016199,,No,0,Graduate,Yes,3276,2546,126,360,1,Semiurban
LP016200,,Yes,,Not Graduate,,3076,1500,126,180,1,Rural
LP016201,Female,No,,Graduate,,3076,0,100,360,0,Rural
LP016202,,No,2,Not Graduate,Yes,5000,0,208,,0,Rural
LP016203,,No,,Graduate,Yes,2340,0,100,,1,Rural
LP016204,Male,Yes,1,Graduate,No,5000,1800,110,180,,Urban
LP016205,Male,No,1,Not Graduate,No,3076,1500,208,240,,Urban
LP016206,,No,1,Not Graduate,No,5000,1800,78,360,0,Urban
LP016207,,Yes,0,Not Graduate,Yes,5000,1500,110,360,,Rural
LP016208,Male,No,3,Not Graduate,No,5720,0,78,240,,Rural
LP016209,,No,2,Graduate,Yes,5000,1800,110,,1,Rural
LP016210,Female,No,0,Graduate,,5000,1500,110,360,1,Urban
LP016211,Female,Yes,3,Not Graduate,No,2340,0,110,180,0,Urban
LP016212,Female,No,2,Graduate,Yes,3276,1500,110,180,0,Rural
LP016213,,No,2,Graduate,Yes,5720,2546,208,180,1,Rural
LP016214,Male,Yes,2,Graduate,,5720,1800,208,360,,Urban
LP016215,,Yes,1,Not Graduate,,5720,0,110,240,1,Rural
LP016216,,No,1,Not Graduate,,5720,0,100,360,1,Urban
LP016217,Male,Yes,1,Not Graduate,,2340,0,110,240,0,Urban
LP016218,Male,Yes,2,Graduate,No,3276,0,110,240,,Rural
LP016219,Male,Yes,2,Not Graduate,,2340,0,100,360,0,Rural
LP016220,Female,Yes,1,Not Graduate,Yes,5720,0,100,,0,Rural
LP016221,,Yes,2,Graduate,Yes,3276,0,110,240,1,Semiurban
LP016222,Male,Yes,1,Not Graduate,Yes,2340,1500,126,360,1,Semiurban
LP016223,,Yes,1,Not Graduate,Yes,3276,1800,126,,0,Rural
LP016224,Female,No,1,Not Graduate,Yes,2340,2546,100,,1,Semiurban
LP016225,Female,Yes,3,Graduate,,3276,0,110,360,1,Urban
LP016226,Male,Yes,2,Not Graduate,Yes,2340,1500,78,360,,Urban
LP016227,Male,Yes,0,Graduate,,5720,2546,78,,,Urban
LP016228,,No,1,Graduate,,5720,2546,110,360,0,Urban
LP016229,Male,Yes,0,Graduate,,5720,0,110,,,Urban
LP016230,,Yes,3,Graduate,,2340,0,110,,0,Urban
LP016231,Male,No,2,Graduate,No,3276,1500,78,,,Urban
LP016232,,Yes,1,Graduate,No,3276,0,78,180,1,Urban
LP016233,,No,1,Not Graduate,No,3076,2546,100,360,1,Semiurban
LP016234,,No,1,Not Graduate,No,5000,0,208,180,0,Semiurban
LP016235,,Yes,0,Graduate,No,5720,1500,100,360,,Rural
LP016236,Female,No,3,Graduate,Yes,5720,1500,100,240,1,Urban
LP016237,,Yes,2,Not Graduate,No,5720,1500,126,180,0,Urban
LP016238,Male,Yes,3,Not Graduate,Yes,3076,0,100,360,,Urban
LP016239,Female,No,1,Not Graduate,Yes,3076,1800,100,360,1,Semiurban
LP016240,Female,No,3,Graduate,,3076,1500,100,,,Rural
LP016241,,Yes,0,Graduate,,5720,1800,100,240,0,Semiurban
LP016242,Female,Yes,,Not Graduate,,3276,0,208,240,0,Urban
LP016243,,No,,Graduate,No,5720,1500,126,360,0,Semiurban
LP016244,Male,Yes,2,Graduate,Yes,3076,1800,78,240,1,Semiurban
LP016245,,Yes,2,Graduate,No,3076,1800,110,240,0,Semiurban
LP016246,Female,Yes,3,Graduate,,5000,2546,78,180,,Semiurban
LP016247,Male,No,2,Not Graduate,,2340,1800,126,240,1,Urban
LP016248,,Yes,0,Graduate,Yes,5000,2546,100,240,0,Urban
LP016249,Male,Yes,1,Graduate,Yes,5000,1800,78,,0,Semiurban
LP016250,Male,Yes,1,Graduate,,5720,1800,100,,1,Urban
LP016251,Female,No,3,Graduate,No,2340,0,208,180,0,Semiurban
LP016252,Male,No,1,Not Graduate,No,2340,1800,208,360,,Rural
LP016253,Female,No,3,Graduate,Yes,5720,0,126,,1,Rural
LP016254,Male,Yes,2,Graduate,,3276,0,78,180,,Urban
LP016255,,No,2,Not Graduate,No,5720,0,208,240,,Urban
LP016256,Male,Yes,0,Graduate,Yes,3276,0,126,180,0,Urban
LP016257,,No,1,Graduate,Yes,3276,1800,126,,1,Semiurban
LP016258,,Yes,0,Graduate,Yes,2340,0,126,240,0,Rural
LP016259,Male,No,,Graduate,No,5720,1800,78,180,,Rural
LP016260,,Yes,0,Not Graduate,Yes,5720,2546,78,,0,Urban
LP016261,Male,Yes,3,Not Graduate,No,2340,0,126,180,0,Rural
LP016262,Male,No,3,Not Graduate,Yes,5000,0,110,360,,Urban
LP016263,,Yes,0,Graduate,No,5720,0,78,240,0,Urban
LP016264,,No,2,Graduate,,3076,0,78,180,,Rural
LP016265,Female,No,,Not Graduate,No,3076,1800,110,180,1,Rural
LP016266,,Yes,0,Not Graduate,,5720,1800,78,240,,Semiurban
LP016267,Female,Yes,2,Graduate,Yes,3276,0,78,,1,Urban
LP016268,,No,0,Graduate,No,2340,1500,208,180,,Semiurban
LP016269,Male,No,1,Graduate,Yes,3276,1800,110,,,Semiurban
LP016270,,No,3,Graduate,,3076,1500,208,360,0,Rural
LP016271,Male,Yes,1,Graduate,Yes,3076,1500,110,240,1,Rural
LP016272,Male,No,1,Graduate,Yes,2340,1800,110,,,Rural
LP016273,Male,Yes,,Graduate,Yes,3076,0,110,,0,Semiurban
LP016274,Female,Yes,2,Graduate,,5000,1500,78,,0,Rural
LP016275,,No,3,Graduate,,3076,0,126,360,1,Rural
LP016276,Male,No,1,Graduate,No,3276,0,100,240,0,Urban
LP016277,Male,Yes,3,Not Graduate,No,3276,1800,126,,0,Rural
LP016278,Female,Yes,2,Graduate,No,5000,1500,78,,,Urban
LP016279,,Yes,0,Graduate,No,3276,0,78,360,1,Semiurban
LP016280,,Yes,1,Graduate,Yes,3276,1500,100,240,1,Urban
LP016281,Female,No,2,Not Graduate,,3276,0,78,180,1,Rural
LP016282,Female,Yes,3,Graduate,,5720,1800,110,240,1,Urban
LP016283,,No,2,Not Graduate,Yes,5000,0,208,180,0,Rural
LP016284,Female,No,0,Graduate,No,5000,1800,208,360,1,Semiurban
LP016285,,No,2,Not Graduate,,3076,1800,110,180,0,Urban
LP016286,,Yes,3,Not Graduate,Yes,5000,1500,126,360,0,Rural
LP016287,Male,Yes,1,Graduate,Yes,2340,1500,208,180,0,Rural
LP016288,Male,No,1,Not Graduate,No,5000,1500,110,360,0,Urban
LP016289,,No,,Not Graduate,No,2340,2546,126,240,1,Urban
LP016290,,No,3,Graduate,,3276,1500,208,240,0,Semiurban
LP016291,,No,,Graduate,,2340,1500,110,180,,Rural
LP016292,,Yes,,Graduate,No,5720,0,208,240,,Rural
LP016293,,No,0,Graduate,,3276,2546,208,180,,Urban
LP016294,,Yes,3,Graduate,No,2340,2546,208,360,,Urban
LP016295,Female,Yes,1,Graduate,Yes,3276,0,100,,0,Semiurban
LP016296,,Yes,3,Not Graduate,Yes,5720,1500,126,360,,Urban
LP016297,Female,Yes,0,Not Graduate,Yes,3276,0,208,,,Urban
LP016298,Female,No,3,Graduate,,3276,1800,110,240,0,Semiurban
LP016299,,Yes,3,Graduate,No,5000,2546,100,240,1,Urban
LP016300,,No,,Graduate,Yes,3076,0,78,180,1,Rural
LP016301,Female,Yes,3,Graduate,Yes,2340,0,78,180,1,Rural
LP016302,Female,No,,Not Graduate,,3076,1800,126,,1,Semiurban
LP016303,,No,,Not Graduate,,5720,0,110,360,0,Semiurban
LP016304,,No,2,Graduate,Yes,5720,1500,100,,0,Semiurban
LP016305,Female,No,0,Not Graduate,,3276,0,110,,1,Urban
LP016306,Female,No,,Not Graduate,,3076,1800,100,360,,Urban
LP016307,Female,Yes,3,Graduate,,2340,1800,100,180,0,Rural
LP016308,Male,No,,Graduate,,2340,1500,78,240,,Semiurban
LP016309,Female,Yes,,Not Graduate,No,3276,1500,126,240,,Semiurban
LP016310,Male,No,,Graduate,,2340,1500,126,180,,Semiurban
LP016311,,Yes,1,Graduate,,5000,0,110,,1,Rural
LP016312,,Yes,1,Graduate,No,3076,2546,100,180,1,Semiurban
LP016313,Female,Yes,1,Not Graduate,,5720,0,100,,1,Rural
LP016314,,No,1,Not Graduate,,2340,0,208,240,,Semiurban
LP016315,,Yes,2,Not Graduate,Yes,2340,0,126,,,Rural
LP016316,,No,,Not Graduate,Yes,2340,0,100,240,0,Rural
LP016317,,No,2,Graduate,Yes,3276,1800,110,240,0,Urban
LP016318,Male,Yes,3,Graduate,No,5720,0,78,,1,Rural
LP016319,Male,Yes,0,Not Graduate,,3076,1500,78,240,0,Semiurban
LP016320,Female,No,2,Not Graduate,No,2340,1800,126,180,,Semiurban
LP016321,Female,No,1,Graduate,No,5000,0,126,,,Rural
LP016322,Female,No,1,Not Graduate,,3276,0,208,360,,Rural
LP016323,,No,3,Not Graduate,,3076,0,126,240,1,Urban
LP016324,,No,,Not Graduate,Yes,2340,0,100,,0,Rural
LP016325,Male,No,0,Not Graduate,,3076,0,100,,,Urban
LP016326,Male,Yes,2,Not Graduate,No,3276,0,100,,1,Semiurban
LP016327,Female,No,,Not Graduate,Yes,5000,2546,100,360,1,Urban
LP016328,Male,No,,Not Graduate,No,2340,2546,208,360,0,Rural
LP016329,Male,Yes,2,Graduate,,5000,0,126,240,,Semiurban
LP016330,Male,Yes,2,Graduate,Yes,3276,1800,126,180,1,Rural
LP016331,Male,Yes,2,Graduate,,5000,1800,126,360,1,Rural
LP016332,Male,No,2,Not Graduate,Yes,3276,1800,208,360,,Semiurban
LP016333,Female,Yes,1,Graduate,Yes,5000,1800,208,,1,Urban
LP016334,Female,Yes,,Graduate,Yes,3076,2546,100,,1,Urban
LP016335,Male,No,,Graduate,,3076,1800,208,180,0,Urban
LP016336,Female,No,1,Graduate,Yes,3276,0,208,240,0,Urban
LP016337,,No,,Not Graduate,Yes,3076,1800,110,,0,Urban
LP016338,Male,No,2,Graduate,,5000,0,100,240,0,Urban
LP016339,,Yes,0,Graduate,No,5000,2546,100,180,0,Semiurban
LP016340,Female,No,,Graduate,,2340,0,110,180,,Rural
LP016341,Female,Yes,0,Graduate,,3276,0,126,360,1,Semiurban
LP016342,,No,0,Not Graduate,Yes,3076,0,110,240,,Rural
LP016343,Female,Yes,1,Not Graduate,,3276,0,110,,,Semiurban
LP016344,Male,No,3,Graduate,,3076,0,110,,0,Rural
LP016345,,No,,Graduate,,2340,1800,208,240,,Rural
LP016346,Male,No,1,Graduate,Yes,5000,0,110,,1,Semiurban
LP016347,,Yes,1,Graduate,,5000,0,78,,,Urban
LP016348,Female,Yes,0,Not Graduate,Yes,5720,1500,110,,,Rural
LP016349,,Yes,,Not Graduate,,3276,1800,126,,0,Semiurban
LP016350,,No,1,Graduate,Yes,3076,0,126,180,,Rural
LP016351,Male,Yes,2,Not Graduate,Yes,5720,0,126,180,,Urban
LP016352,Female,No,1,Not Graduate,,3276,1500,110,,0,Rural
LP016353,Male,No,2,Graduate,No,3076,0,100,240,1,Urban
LP016354,Female,No,3,Graduate,,2340,1800,126,,0,Rural
LP016355,Male,Yes,2,Not Graduate,No,3276,1500,110,240,0,Urban
LP016356,,No,2,Not Graduate,Yes,3076,1800,126,240,,Rural
LP016357,Male,Yes,0,Not Graduate,No,5000,1800,208,360,0,Urban
LP016358,Female,No,1,Graduate,No,3276,0,208,360,0,Rural
LP016359,Female,No,3,Graduate,Yes,3076,0,110,360,1,Semiurban
LP016360,,No,1,Graduate,No,5000,2546,126,240,,Rural
LP016361,Female,Yes,2,Graduate,,5000,1500,126,240,1,Urban
LP016362,Male,Yes,2,Not Graduate,No,5720,1500,78,240,1,Urban
LP016363,,No,1,Graduate,Yes,3076,1800,126,240,0,Rural
LP016364,Female,Yes,3,Not Graduate,No,5720,2546,100,240,1,Rural
LP016365,Female,Yes,3,Not Graduate,Yes,5720,2546,208,180,1,Rural
LP016366,Male,No,0,Not Graduate,Yes,2340,1800,126,,0,Urban
LP016367,Male,No,2,Not Graduate,,5720,0,100,360,0,Semiurban
LP016368,,Yes,2,Graduate,Yes,5720,2546,110,240,,Semiurban
LP016369,Female,No,0,Not Graduate,No,2340,1500,208,180,0,Semiurban
LP016370,Male,No,1,Not Graduate,,2340,0,110,360,0,Urban
LP016371,,Yes,2,Graduate,,3276,0,126,,0,Urban
LP016372,Female,Yes,1,Not Graduate,No,5720,2546,110,180,,Semiurban
LP016373,Female,No,3,Graduate,No,5000,1800,208,240,1,Semiurban
LP016374,,Yes,,Graduate,,2340,1500,110,180,0,Urban
LP016375,,Yes,0,Graduate,Yes,3076,2546,110,180,,Urban
LP016376,Male,No,2,Graduate,,3276,1800,110,,0,Urban
LP016377,Female,No,0,Not Graduate,,3276,1500,100,180,1,Urban
LP016378,Female,No,3,Graduate,,5720,2546,100,360,1,Urban
LP016379,Female,No,3,Not Graduate,Yes,5000,1500,126,180,0,Urban
LP016380,,Yes,3,Not Graduate,No,2340,0,110,360,0,Semiurban
LP016381,Male,Yes,3,Graduate,No,3076,1500,100,240,,Urban
LP016382,Female,No,,Not Graduate,No,5720,1800,208,240,1,Rural
LP016383,,No,1,Not Graduate,Yes,5000,2546,208,360,0,Urban
LP016384,Female,No,1,Not Graduate,Yes,5720,1800,110,240,0,Urban
LP016385,Male,No,,Graduate,No,5720,0,126,,0,Semiurban
LP016386,Female,Yes,1,Not Graduate,No,3276,0,100,,0,Semiurban
LP016387,Male,Yes,3,Graduate,No,3076,1500,100,,,Urban
LP016388,Male,No,1,Graduate,No,3076,1800,100,,,Urban
LP016389,Female,No,0,Graduate,Yes,3076,2546,126,360,1,Rural
LP016390,Female,Yes,1,Not Graduate,No,3076,2546,78,,1,Semiurban
LP016391,Male,Yes,0,Not Graduate,,2340,0,100,360,,Semiurban
LP016392,,Yes,2,Not Graduate,No,2340,2546,110,180,1,Urban
LP016393,Male,Yes,0,Graduate,Yes,3076,0,100,360,,Urban
LP016394,Female,No,0,Not Graduate,,5000,0,100,240,0,Rural
LP016395,Female,Yes,3,Graduate,,2340,0,78,,0,Rural
LP016396,,Yes,3,Graduate,,2340,1500,110,360,,Rural
LP016397,Male,Yes,3,Not Graduate,Yes,5000,0,110,360,0,Rural
LP016398,Male,No,0,Not Graduate,No,3076,1500,110,360,0,Rural
LP016399,Male,No,,Graduate,Yes,5720,0,100,180,,Urban
LP016400,Female,Yes,3,Graduate,Yes,2340,0,100,360,0,Urban
LP016401,Male,Yes,3,Not Graduate,,5720,1500,208,,1,Semiurban
LP016402,,No,0,Not Graduate,,5720,0,78,240,0,Semiurban
LP016403,Female,No,2,Not Graduate,Yes,5000,0,110,180,1,Semiurban
LP016404,Female,Yes,2,Graduate,,3076,2546,110,240,,Urban
LP016405,Male,No,1,Not Graduate,Yes,5720,0,208,180,1,Semiurban
LP016406,,Yes,2,Not Graduate,,3076,2546,100,180,0,Semiurban
LP016407,Female,No,3,Graduate,No,3276,0,208,,1,Rural
LP016408,Female,Yes,,Graduate,No,3076,1800,208,240,0,Rural
LP016409,Male,Yes,1,Not Graduate,No,5000,2546,100,240,0,Semiurban
LP016410,Male,No,,Not Graduate,,5000,0,126,180,1,Rural
LP016411,,Yes,,Not Graduate,,3276,0,78,,0,Semiurban
LP016412,Male,No,3,Graduate,No,5000,1500,126,,1,Rural
LP016413,,No,0,Not Graduate,Yes,3076,0,126,180,0,Urban
LP016414,Female,No,0,Graduate,Yes,3076,1500,78,240,,Urban
LP016415,,Yes,0,Not Graduate,No,3076,0,126,180,,Urban
LP016416,,Yes,2,Graduate,,5000,2546,100,180,1,Semiurban
LP016417,,Yes,0,Not Graduate,Yes,3076,1800,126,180,1,Semiurban
LP016418,Female,No,3,Not Graduate,Yes,2340,1500,126,,,Semiurban
LP016419,Male,Yes,2,Not Graduate,Yes,3276,1800,126,180,,Rural
LP016420,Female,Yes,0,Graduate,,2340,0,100,180,,Semiurban
LP016421,Male,Yes,,Graduate,Yes,3076,0,208,360,,Semiurban
LP016422,,Yes,3,Graduate,Yes,5000,1800,110,,0,Urban
LP016423,,No,3,Graduate,No,3276,2546,78,,1,Semiurban
LP016424,,Yes,1,Not Graduate,,2340,1800,78,360,1,Rural
LP016425,,No,3,Graduate,No,3076,1800,100,180,,Urban
LP016426,,No,,Graduate,Yes,5000,1800,110,,1,Urban
LP016427,Male,No,3,Not Graduate,,3076,1500,126,360,1,Rural
LP016428,Male,No,1,Graduate,,2340,1500,78,180,0,Semiurban
LP016429,,Yes,3,Not Graduate,No,2340,1800,126,,0,Urban
LP016430,Female,Yes,3,Graduate,No,3276,2546,100,,1,Urban
LP016431,Female,Yes,1,Graduate,,5000,0,100,180,0,Semiurban
LP016432,,No,3,Not Graduate,,5720,0,100,180,,Rural
LP016433,Male,Yes,2,Not Graduate,No,3076,0,208,360,1,Semiurban
LP016434,Female,No,3,Not Graduate,Yes,5000,0,100,180,0,Rural
LP016435,Female,Yes,0,Not Graduate,,5720,2546,126,360,0,Semiurban
LP016436,Female,Yes,0,Graduate,Yes,5000,1500,208,180,1,Urban
LP016437,,Yes,2,Graduate,No,3076,0,126,,1,Semiurban
LP016438,Female,No,3,Not Graduate,,3076,1500,100,360,,Semiurban
LP016439,Female,Yes,,Not Graduate,No,3276,1500,208,360,0,Urban
LP016440,Female,No,3,Graduate,,2340,1500,110,240,1,Urban
LP016441,Female,No,0,Not Graduate,,2340,1500,100,,0,Rural
LP016442,Male,No,1,Graduate,No,2340,1800,208,180,0,Rural
LP016443,,Yes,2,Not Graduate,No,3276,1500,208,360,0,Semiurban
LP016444,,Yes,1,Not Graduate,Yes,2340,0,208,240,0,Semiurban
LP016445,Male,No,,Not Graduate,No,5000,1500,78,180,1,Urban
LP016446,Male,No,3,Not Graduate,No,2340,0,208,,1,Urban
LP016447,,No,,Graduate,Yes,2340,1500,110,360,,Semiurban
LP016448,Female,No,1,Not Graduate,No,3076,0,100,240,1,Semiurban
LP016449,Female,No,3,Graduate,Yes,3276,1500,100,240,0,Semiurban
LP016450,,Yes,,Not Graduate,Yes,3276,2546,100,240,,Rural
LP016451,Female,Yes,0,Not Graduate,No,2340,1800,208,360,1,Semiurban
LP016452,Male,Yes,0,Graduate,Yes,5720,0,100,,1,Urban
LP016453,Female,No,2,Not Graduate,Yes,3076,0,110,180,,Semiurban
LP016454,Female,No,0,Graduate,Yes,2340,1500,78,180,1,Urban
LP016455,Female,Yes,0,Not Graduate,No,5720,0,110,240,1,Urban
LP016456,,Yes,1,Graduate,No,5000,1800,78,180,1,Rural
LP016457,Male,No,0,Not Graduate,Yes,3076,1500,100,,0,Urban
LP016458,Female,No,0,Not Graduate,No,3276,1800,126,240,,Rural
LP016459,,No,1,Not Graduate,,5720,0,78,,,Semiurban
LP016460,Female,Yes,0,Not Graduate,Yes,2340,0,110,,0,Urban
LP016461,Male,No,0,Not Graduate,,5720,0,110,360,,Semiurban
LP016462,Female,No,2,Graduate,No,3276,1800,126,360,1,Semiurban
LP016463,Male,No,0,Graduate,,5000,2546,78,180,0,Urban
LP016464,Female,Yes,0,Graduate,No,5720,2546,78,240,0,Semiurban
LP016465,Male,No,2,Not Graduate,No,2340,0,110,360,0,Urban
LP016466,Female,Yes,1,Not Graduate,Yes,5720,1500,78,180,,Urban
LP016467,Male,No,0,Not Graduate,,5000,0,126,240,0,Semiurban
LP016468,Female,No,,Graduate,Yes,5720,2546,78,,0,Urban
LP016469,Female,Yes,1,Graduate,,5000,2546,78,,0,Rural
LP016470,,No,1,Graduate,No,5000,1500,126,360,,Rural
LP016471,,Yes,0,Not Graduate,No,3076,0,100,,,Semiurban
LP016472,Male,No,2,Not Graduate,Yes,3076,1800,78,180,,Urban
LP016473,Female,Yes,1,Graduate,,2340,2546,110,240,0,Semiurban
LP016474,Male,No,2,Graduate,,2340,0,208,240,1,Semiurban
LP016475,,Yes,,Graduate,No,2340,0,110,360,,Urban
LP016476,Male,Yes,2,Graduate,Yes,5000,1800,110,180,1,Semiurban
LP016477,Male,No,3,Not Graduate,No,5000,1500,100,180,1,Urban
LP016478,,Yes,2,Graduate,No,3076,1500,100,240,,Urban
LP016479,Female,No,1,Not Graduate,Yes,5000,2546,110,360,,Semiurban
LP016480,Male,Yes,2,Not Graduate,,3076,2546,78,360,1,Rural
LP016481,,No,2,Not Graduate,,5720,2546,110,,,Rural
LP016482,Female,No,3,Not Graduate,No,2340,1800,78,180,1,Rural
LP016483,,No,3,Not Graduate,,2340,1800,126,,1,Urban
LP016484,Male,No,0,Not Graduate,Yes,3276,2546,126,,0,Semiurban
LP016485,Female,Yes,1,Graduate,,3076,1500,100,240,1,Urban
LP016486,Female,No,0,Graduate,,3276,0,208,180,0,Semiurban
LP016487,,No,3,Graduate,No,2340,2546,208,180,0,Urban
LP016488,,No,2,Graduate,,3276,1500,100,240,,Semiurban
LP016489,,No,3,Not Graduate,Yes,5720,1500,126,360,,Rural
LP016490,Female,No,,Graduate,No,3276,0,100,,1,Rural
LP016491,Female,Yes,2,Not Graduate,Yes,5720,0,126,,,Rural
LP016492,Male,No,0,Graduate,,2340,2546,78,,,Rural
LP016493,Female,Yes,2,Graduate,,5000,0,126,,,Semiurban
LP016494,Male,Yes,,Not Graduate,No,3076,2546,126,180,,Semiurban
LP016495,,No,3,Not Graduate,Yes,3276,0,126,240,1,Rural
LP016496,,No,1,Graduate,,5720,0,208,360,0,Semiurban
LP016497,Female,Yes,1,Graduate,,2340,1500,126,240,0,Urban
LP016498,,Yes,1,Not Graduate,No,2340,0,110,240,0,Semiurban
LP016499,,Yes,3,Not Graduate,,5000,0,78,,,Semiurban
LP016500,Female,No,1,Not Graduate,,2340,2546,208,,,Urban
LP016501,Male,Yes,,Not Graduate,,2340,1500,110,,1,Rural
LP016502,Female,Yes,3,Not Graduate,Yes,5000,0,208,240,0,Urban
LP016503,Male,No,1,Not Graduate,Yes,2340,1500,208,360,1,Rural
LP016504,Female,Yes,0,Not Graduate,Yes,5720,1500,110,360,0,Urban
LP016505,Female,No,3,Not Graduate,,3276,1800,100,360,1,Rural
LP016506,,Yes,3,Not Graduate,No,3276,2546,100,180,1,Urban
LP016507,Female,No,2,Not Graduate,No,5720,1800,126,180,1,Semiurban
LP016508,Female,Yes,1,Graduate,No,3276,1500,110,,0,Urban
LP016509,Male,No,0,Not Graduate,Yes,2340,0,126,360,,Urban
LP016510,,No,,Not Graduate,Yes,3276,2546,100,180,0,Rural
LP016511,Male,Yes,3,Graduate,Yes,3276,0,110,240,,Rural
LP016512,Male,No,,Not Graduate,Yes,2340,2546,110,240,1,Semiurban
LP016513,,Yes,,Graduate,,3276,1800,110,,0,Urban
LP016514,,No,,Not Graduate,No,2340,2546,126,240,,Semiurban
LP016515,,No,2,Graduate,No,5000,0,208,180,0,Rural
LP016516,Female,No,,Not Graduate,Yes,5000,2546,208,360,0,Urban
LP016517,,No,1,Graduate,No,3276,0,208,180,0,Semiurban
LP016518,,No,1,Graduate,No,5000,1800,110,180,1,Semiurban
LP016519,,No,0,Not Graduate,Yes,3276,1800,100,,,Rural
LP016520,Male,No,0,Not Graduate,Yes,5000,1500,126,360,1,Urban
LP016521,Male,Yes,,Graduate,Yes,3276,1800,126,240,,Rural
LP016522,Female,Yes,,Graduate,Yes,3076,0,100,360,1,Rural
LP016523,Male,No,2,Graduate,,5720,0,208,240,0,Urban
LP016524,Female,No,,Not Graduate,No,5000,1800,78,,1,Urban
LP016525,Male,No,,Graduate,,2340,2546,100,360,0,Rural
LP016526,,Yes,,Graduate,No,5720,0,208,180,,Rural
LP016527,Male,No,3,Graduate,,3276,1800,110,360,,Urban
LP016528,Female,Yes,3,Graduate,Yes,5720,1800,100,,0,Semiurban
LP016529,Male,No,2,Not Graduate,,2340,2546,208,360,0,Semiurban
LP016530,,No,2,Not Graduate,Yes,2340,1800,126,240,1,Urban
LP016531,Female,No,1,Graduate,Yes,3276,0,78,360,1,Urban
LP016532,,No,2,Not Graduate,,5000,1500,78,360,1,Urban
LP016533,,No,1,Not Graduate,No,5000,0,78,,,Semiurban
LP016534,Female,Yes,,Graduate,,3076,2546,208,360,0,Urban
LP016535,,No,2,Graduate,Yes,2340,2546,208,360,,Rural
LP016536,,Yes,2,Not Graduate,Yes,3076,1500,110,180,0,Urban
LP016537,Male,Yes,2,Not Graduate,No,2340,0,78,360,0,Urban
LP016538,,No,1,Graduate,No,3076,1500,126,360,,Rural
LP016539,,No,1,Graduate,No,5000,1800,78,,1,Urban
LP016540,,No,0,Graduate,Yes,2340,2546,100,240,1,Rural
LP016541,,Yes,1,Graduate,,5000,1800,100,360,,Semiurban
LP016542,Female,Yes,1,Graduate,No,5720,2546,126,180,0,Semiurban
LP016543,Male,Yes,3,Not Graduate,Yes,5000,2546,208,,,Urban
LP016544,,No,2,Graduate,,2340,1800,78,240,1,Semiurban
LP016545,,Yes,1,Graduate,No,5720,1500,100,,0,Urban
LP016546,Female,Yes,2,Graduate,,3076,0,126,240,,Urban
LP016547,,Yes,2,Graduate,,3276,0,110,360,1,Rural
LP016548,Female,No,3,Not Graduate,Yes,2340,1500,100,240,0,Rural
LP016549,Male,Yes,2,Not Graduate,Yes,3276,0,100,240,,Urban
LP016550,Male,Yes,1,Not Graduate,Yes,3276,1500,78,360,,Semiurban
LP016551,,No,2,Not Graduate,,5720,1500,208,180,1,Urban
LP016552,,No,0,Not Graduate,No,3076,1500,100,180,,Semiurban
LP016553,,No,0,Not Graduate,No,5000,0,100,360,,Rural
LP016554,Female,Yes,3,Graduate,No,5720,2546,78,,,Semiurban
LP016555,,Yes,1,Graduate,Yes,3076,0,208,,,Urban
LP016556,,Yes,3,Graduate,No,5000,0,110,240,1,Semiurban
LP016557,Male,No,0,Not Graduate,No,5000,0,110,,0,Semiurban
LP016558,,Yes,1,Not Graduate,Yes,3076,1800,110,,0,Urban
LP016559,Male,No,2,Not Graduate,No,5000,1500,110,360,,Rural
LP016560,,No,1,Graduate,No,2340,2546,208,360,1,Urban
LP016561,Male,Yes,,Not Graduate,No,2340,2546,110,240,,Rural
LP016562,,Yes,1,Graduate,,5720,1800,78,,,Semiurban
LP016563,Male,Yes,2,Not Graduate,,5000,0,78,240,,Rural
LP016564,Female,No,,Graduate,Yes,5000,1800,78,360,,Semiurban
LP016565,Male,No,3,Not Graduate,Yes,3076,1800,110,,0,Rural
LP016566,Male,Yes,1,Graduate,,2340,1500,78,240,,Urban
LP016567,Male,No,3,Graduate,Yes,3276,0,78,240,,Semiurban
LP016568,,Yes,1,Not Graduate,Yes,5720,1800,126,180,,Urban
LP016569,,Yes,0,Not Graduate,No,2340,2546,110,180,0,Urban
LP016570,,Yes,0,Graduate,Yes,3076,1500,78,,1,Rural
LP016571,Female,No,2,Not Graduate,Yes,5720,0,208,,1,Urban
LP016572,Female,No,0,Not Graduate,No,3276,2546,78,360,1,Rural
LP016573,Male,Yes,,Graduate,No,5720,0,126,360,1,Rural
LP016574,Female,Yes,,Graduate,,2340,1500,208,360,1,Semiurban
LP016575,Male,No,1,Graduate,Yes,3276,2546,208,180,,Urban
LP016576,Male,Yes,3,Not Graduate,No,3076,1800,100,240,,Urban
LP016577,Male,No,,Graduate,Yes,5720,1800,126,360,1,Urban
LP016578,Female,Yes,1,Not Graduate,Yes,2340,1500,126,180,0,Urban
LP016579,,No,3,Not Graduate,,3076,0,78,360,,Rural
LP016580,Female,Yes,0,Graduate,,3276,1800,126,180,1,Rural
LP016581,Male,No,1,Not Graduate,,5720,2546,208,180,0,Urban
LP016582,Male,Yes,3,Not Graduate,,5000,0,208,,1,Rural
LP016583,Female,No,2,Graduate,,2340,0,78,240,0,Rural
LP016584,Male,No,2,Graduate,No,2340,1500,208,180,1,Urban
LP016585,Male,No,,Not Graduate,,5000,1800,78,240,,Rural
LP016586,Female,No,3,Graduate,No,3076,0,100,360,1,Urban
LP016587,Female,Yes,2,Graduate,,2340,0,126,,1,Semiurban
LP016588,Female,No,,Not Graduate,No,3076,0,126,,1,Rural
LP016589,Male,No,1,Graduate,Yes,3276,0,126,240,1,Semiurban
LP016590,Male,Yes,1,Graduate,,5000,1500,100,,1,Semiurban
LP016591,,No,3,Not Graduate,No,3076,0,126,,0,Semiurban
LP016592,,Yes,3,Not Graduate,,3276,0,100,360,,Rural
LP016593,Female,No,3,Not Graduate,No,5720,0,100,360,,Urban
LP016594,,No,3,Graduate,No,2340,1800,78,,,Urban
LP016595,Male,No,2,Graduate,,5000,0,110,,0,Semiurban
LP016596,,No,2,Not Graduate,No,5720,2546,110,240,1,Semiurban
LP016597,Male,No,,Graduate,Yes,5720,1800,78,360,,Semiurban
LP016598,Female,No,2,Graduate,,5720,1500,78,,0,Semiurban
LP016599,Female,Yes,1,Graduate,Yes,3076,0,78,,1,Rural
LP016600,Male,Yes,,Graduate,No,2340,1800,126,360,,Rural
LP016601,,No,2,Not Graduate,No,5000,1500,208,360,0,Semiurban
LP016602,Female,No,3,Not Graduate,,2340,0,78,360,0,Rural
LP016603,Female,Yes,2,Graduate,Yes,2340,1500,100,180,,Semiurban
LP016604,,Yes,0,Graduate,Yes,2340,2546,110,180,1,Urban
LP016605,,No,,Graduate,,3276,1500,126,240,0,Semiurban
LP016606,Male,No,2,Not Graduate,Yes,3276,1800,208,180,0,Rural
LP016607,,No,2,Not Graduate,,3276,0,110,180,1,Urban
LP016608,,No,1,Not Graduate,,3276,1800,110,180,0,Rural
LP016609,,No,3,Not Graduate,No,2340,1800,110,180,1,Rural
LP016610,Male,No,3,Not Graduate,No,2340,0,100,,,Rural
LP016611,Male,Yes,1,Graduate,Yes,5000,2546,100,,1,Urban
LP016612,Female,No,1,Graduate,,5000,1800,100,,0,Semiurban
LP016613,Male,No,0,Not Graduate,,5000,0,208,180,1,Urban
LP016614,Female,Yes,,Not Graduate,,5000,0,110,180,1,Urban
LP016615,,Yes,3,Graduate,,5000,1800,78,240,1,Rural
LP016616,Female,Yes,1,Not Graduate,No,3276,0,208,240,1,Urban
LP016617,Female,Yes,1,Graduate,Yes,2340,0,100,240,0,Urban
LP016618,,No,,Not Graduate,No,5000,1800,100,180,,Rural
LP016619,Female,Yes,1,Graduate,,3076,2546,100,,,Semiurban
LP016620,Male,Yes,0,Not Graduate,Yes,5000,0,126,180,1,Urban
LP016621,Male,No,,Graduate,Yes,5000,2546,110,180,,Rural
LP016622,Male,Yes,0,Graduate,,2340,1800,78,360,0,Semiurban
LP016623,Male,Yes,2,Not Graduate,,3276,1500,110,180,0,Semiurban
LP016624,Female,No,3,Not Graduate,No,5720,0,208,240,,Semiurban
LP016625,Female,No,1,Not Graduate,No,2340,0,126,360,,Semiurban
LP016626,,No,,Not Graduate,,3276,1800,208,360,0,Urban
LP016627,Female,No,0,Not Graduate,,3076,0,100,180,1,Urban
LP016628,Female,No,3,Graduate,No,5720,1500,100,180,1,Rural
LP016629,Female,No,3,Not Graduate,Yes,3276,2546,78,240,0,Urban
LP016630,,No,1,Not Graduate,Yes,3276,1800,110,240,,Urban
LP016631,Male,Yes,3,Not Graduate,Yes,2340,1800,208,180,,Urban
LP016632,Female,Yes,1,Not Graduate,No,3276,1500,100,240,,Semiurban
LP016633,,No,2,Graduate,,5000,2546,78,240,,Urban
LP016634,,Yes,1,Not Graduate,Yes,3276,1800,78,180,,Rural
LP016635,,No,0,Not Graduate,,5720,0,208,240,,Urban
LP016636,Male,Yes,3,Not Graduate,No,3276,1500,110,360,,Semiurban
LP016637,Female,No,3,Not Graduate,No,3076,1800,126,360,,Rural
LP016638,,Yes,3,Graduate,,5000,2546,78,240,1,Semiurban
LP016639,Male,No,1,Graduate,,5720,0,208,360,1,Urban
LP016640,,Yes,,Graduate,,5720,1800,100,,,Rural
LP016641,,No,1,Graduate,,2340,2546,126,240,,Semiurban
LP016642,,Yes,0,Graduate,Yes,2340,1500,126,360,1,Semiurban
LP016643,,Yes,1,Not Graduate,,5000,2546,110,,0,Semiurban
LP016644,,No,3,Graduate,Yes,5720,2546,208,,1,Urban
LP016645,Male,Yes,2,Graduate,No,3076,1500,110,240,,Urban
LP016646,Female,Yes,0,Not Graduate,Yes,3276,0,78,180,1,Rural
LP016647,Female,Yes,2,Graduate,,3276,0,78,,,Semiurban
LP016648,Female,Yes,0,Graduate,Yes,3276,0,208,240,1,Semiurban
LP016649,Female,Yes,0,Graduate,No,2340,0,100,180,1,Rural
LP016650,Male,No,3,Graduate,,5720,0,78,,1,Semiurban
LP016651,Male,No,1,Not Graduate,No,5720,0,78,,,Urban
LP016652,Male,Yes,3,Graduate,No,3076,1800,100,,0,Urban
LP016653,,No,3,Graduate,,2340,0,126,240,,Rural
LP016654,,Yes,3,Graduate,Yes,3076,2546,208,240,0,Semiurban
LP016655,,No,2,Graduate,No,5720,1800,126,180,0,Urban
LP016656,Female,Yes,0,Graduate,,3276,1500,110,,0,Urban
LP016657,,Yes,,Not Graduate,No,2340,1500,100,360,0,Semiurban
LP016658,Female,Yes,1,Graduate,Yes,2340,0,208,180,0,Rural
LP016659,,Yes,3,Graduate,No,2340,1800,100,360,0,Urban
LP016660,Female,No,0,Not Graduate,No,3276,1800,100,,,Urban
LP016661,,No,1,Not Graduate,No,2340,1500,126,240,,Semiurban
LP016662,,No,,Graduate,No,5000,2546,126,360,1,Rural
LP016663,Male,Yes,,Not Graduate,Yes,2340,0,110,240,0,Urban
LP016664,,No,3,Graduate,,3276,0,208,,,Semiurban
LP016665,,No,,Graduate,No,2340,0,100,180,,Urban
LP016666,Male,Yes,,Graduate,Yes,5000,0,110,360,,Urban
LP016667,Female,Yes,1,Graduate,No,5000,0,100,240,,Urban
LP016668,Male,Yes,1,Not Graduate,No,2340,1500,110,360,1,Urban
LP016669,Male,No,3,Not Graduate,No,5720,1500,100,,,Rural
LP016670,Female,No,0,Not Graduate,Yes,5720,0,126,180,1,Rural
LP016671,,Yes,3,Not Graduate,No,3076,0,78,,0,Semiurban
LP016672,Female,No,2,Graduate,No,5000,1800,110,240,1,Urban
LP016673,,Yes,,Graduate,,5720,2546,110,,,Rural
LP016674,,No,0,Graduate,Yes,3076,1500,78,180,0,Rural
LP016675,Female,Yes,1,Not Graduate,,5720,0,126,,1,Semiurban
LP016676,Male,No,2,Graduate,,2340,0,110,240,1,Semiurban
LP016677,Female,No,2,Graduate,,5000,1500,126,,1,Semiurban
LP016678,,No,,Graduate,,5720,0,100,360,,Rural
LP016679,Female,Yes,1,Not Graduate,No,2340,0,100,360,0,Urban
LP016680,Female,Yes,0,Not Graduate,,3076,0,78,360,1,Semiurban
LP016681,,Yes,1,Not Graduate,Yes,2340,0,208,360,,Rural
LP016682,Male,No,,Not Graduate,No,3076,1800,126,180,0,Semiurban
LP016683,Female,Yes,2,Graduate,,5720,0,208,240,1,Urban
LP016684,,No,,Graduate,,3276,0,208,360,0,Semiurban
LP016685,,Yes,3,Graduate,Yes,2340,0,126,360,,Rural
LP016686,Female,Yes,2,Graduate,Yes,3276,2546,208,360,0,Rural
LP016687,Male,No,,Not Graduate,,5000,2546,110,360,0,Semiurban
LP016688,Female,No,0,Graduate,,3276,0,100,240,0,Semiurban
LP016689,Male,Yes,0,Graduate,,5000,1500,78,,1,Urban
LP016690,Male,Yes,0,Not Graduate,,5720,0,126,360,1,Semiurban
LP016691,Male,No,3,Graduate,,5720,1800,78,,1,Semiurban
LP016692,Male,No,1,Graduate,Yes,2340,2546,100,240,1,Urban
LP016693,Female,Yes,0,Not Graduate,Yes,3276,0,78,,1,Urban
LP016694,,No,3,Not Graduate,No,5000,1500,126,,1,Urban
LP016695,,Yes,0,Graduate,No,5000,1800,78,180,1,Urban
LP016696,,Yes,3,Graduate,Yes,3276,2546,208,,,Rural
LP016697,,Yes,0,Graduate,No,5720,1500,208,,,Semiurban
LP016698,,No,1,Graduate,,5720,1500,100,,0,Rural
LP016699,,Yes,,Graduate,No,5000,1800,208,360,0,Semiurban
LP016700,Female,Yes,0,Not Graduate,,2340,1800,78,360,,Rural
LP016701,Male,No,,Graduate,,5720,2546,110,180,,Rural
LP016702,,No,0,Graduate,No,3076,1800,78,180,0,Semiurban
LP016703,Female,No,1,Graduate,No,5000,0,110,,,Rural
LP016704,,Yes,,Graduate,,3276,1800,78,360,,Urban
LP016705,,No,3,Graduate,Yes,3276,1500,110,,,Rural
LP016706,Male,No,0,Graduate,No,5000,1800,110,360,0,Rural
LP016707,Male,Yes,0,Graduate,No,5000,2546,126,180,0,Semiurban
LP016708,Male,Yes,3,Graduate,Yes,5720,0,126,240,1,Rural
LP016709,,Yes,1,Graduate,No,5000,1800,78,240,0,Rural
LP016710,,Yes,2,Not Graduate,,5000,0,208,,1,Rural
LP016711,,No,0,Not Graduate,Yes,3076,1800,126,180,,Rural
LP016712,Male,Yes,3,Graduate,Yes,3276,0,110,360,1,Rural
LP016713,Female,No,2,Graduate,,5720,1800,78,,,Semiurban
LP016714,,Yes,0,Graduate,,2340,1800,208,,1,Urban
LP016715,,Yes,,Graduate,,5720,0,78,360,,Urban
LP016716,,No,3,Graduate,Yes,3276,1500,110,,0,Semiurban
LP016717,Female,No,,Graduate,,2340,2546,126,360,1,Rural
LP016718,,No,1,Not Graduate,No,5000,2546,126,180,1,Rural
LP016719,Female,Yes,2,Graduate,No,3076,0,100,180,,Semiurban
LP016720,,Yes,3,Not Graduate,,3076,1800,100,240,,Urban
LP016721,Female,No,0,Not Graduate,No,3276,1500,78,180,0,Rural
LP016722,,No,0,Not Graduate,No,3276,0,78,360,1,Semiurban
LP016723,Male,Yes,2,Not Graduate,Yes,3076,0,208,180,0,Rural
LP016724,Male,No,,Not Graduate,,2340,2546,126,180,0,Urban
LP016725,Male,No,,Not Graduate,No,2340,2546,126,360,0,Rural
LP016726,Male,Yes,3,Not Graduate,,5720,2546,100,360,,Urban
LP016727,,No,3,Not Graduate,,5000,1800,110,180,0,Rural
LP016728,Male,Yes,,Not Graduate,No,2340,0,110,,0,Semiurban
LP016729,Female,Yes,3,Graduate,No,5000,0,100,180,,Urban
LP016730,Male,Yes,,Graduate,Yes,3276,0,78,360,,Rural
LP016731,Male,No,2,Not Graduate,Yes,2340,1800,126,360,0,Urban
LP016732,Male,No,3,Not Graduate,Yes,2340,2546,126,,1,Semiurban
LP016733,,No,,Not Graduate,No,2340,2546,126,,1,Rural
LP016734,Male,No,3,Graduate,Yes,5720,1800,110,180,,Semiurban
LP016735,Female,Yes,0,Graduate,,3276,1500,78,180,0,Urban
LP016736,Male,Yes,0,Not Graduate,Yes,3076,1800,110,240,1,Rural
LP016737,Male,No,1,Not Graduate,Yes,5720,1800,78,360,1,Semiurban
LP016738,Male,No,,Not Graduate,Yes,5720,2546,100,180,0,Urban
LP016739,Female,No,1,Not Graduate,,2340,0,78,360,1,Rural
LP016740,Male,No,,Not Graduate,,5720,2546,110,360,1,Semiurban
LP016741,Female,Yes,3,Not Graduate,No,3076,1500,126,360,,Urban
LP016742,Female,No,,Graduate,Yes,5720,0,110,,1,Rural
LP016743,Male,Yes,0,Graduate,,5720,0,100,360,1,Semiurban
LP016744,Female,No,3,Graduate,,2340,1800,126,180,,Rural
LP016745,,No,0,Not Graduate,,3276,0,110,240,1,Rural
LP016746,Male,No,3,Not Graduate,No,3076,0,126,,,Semiurban
LP016747,Male,Yes,,Graduate,No,2340,2546,100,240,0,Rural
LP016748,Female,No,,Graduate,No,5720,1500,78,180,1,Semiurban
LP016749,Female,Yes,0,Not Graduate,Yes,3076,1500,78,,1,Rural
LP016750,Male,Yes,2,Graduate,,5000,1500,208,240,,Urban
LP016751,,No,,Graduate,No,5720,2546,126,,1,Semiurban
LP016752,Female,Yes,2,Graduate,No,3276,0,100,360,1,Semiurban
LP016753,Female,Yes,3,Graduate,,5720,1500,110,180,,Urban
LP016754,,Yes,2,Not Graduate,,3276,0,110,180,1,Semiurban
LP016755,,No,0,Not Graduate,Yes,5000,0,208,180,,Rural
LP016756,Male,Yes,1,Not Graduate,Yes,2340,0,110,360,1,Semiurban
LP016757,,Yes,1,Not Graduate,Yes,2340,0,100,360,0,Rural
LP016758,Male,No,0,Graduate,No,2340,1500,100,360,,Rural
LP016759,,No,1,Graduate,No,3076,0,78,180,0,Semiurban
LP016760,Female,Yes,0,Graduate,,3276,1500,126,360,0,Semiurban
LP016761,Male,Yes,,Not Graduate,Yes,5720,0,126,180,,Semiurban
LP016762,Male,Yes,2,Not Graduate,,3076,0,110,,0,Urban
LP016763,Male,Yes,1,Not Graduate,Yes,3076,0,126,,1,Semiurban
LP016764,,No,,Not Graduate,Yes,5720,0,208,360,,Semiurban
LP016765,Female,No,1,Graduate,Yes,5000,0,126,360,1,Rural
LP016766,Male,Yes,3,Not Graduate,Yes,2340,0,110,360,0,Semiurban
LP016767,Male,No,0,Graduate,,5000,1500,126,,,Urban
LP016768,Male,Yes,0,Graduate,,5000,0,100,360,0,Rural
LP016769,Male,No,,Graduate,No,2340,1800,100,,1,Rural
LP016770,Female,No,3,Not Graduate,Yes,5000,0,78,240,,Semiurban
LP016771,,Yes,2,Not Graduate,,3076,2546,78,360,0,Rural
LP016772,Female,Yes,3,Graduate,Yes,5720,1800,78,240,,Rural
LP016773,Male,Yes,3,Graduate,Yes,3076,2546,78,180,0,Semiurban
LP016774,Female,Yes,2,Not Graduate,No,3076,1800,126,180,1,Semiurban
LP016775,Male,No,2,Not Graduate,No,3276,1500,110,,,Urban
LP016776,,No,3,Not Graduate,,2340,0,126,,0,Urban
LP016777,,Yes,1,Not Graduate,,2340,1500,110,,0,Semiurban
LP016778,,No,1,Graduate,No,3076,1800,110,240,1,Rural
LP016779,Male,No,3,Graduate,,2340,0,110,180,,Urban
LP016780,Female,Yes,1,Graduate,,3276,1500,110,,0,Urban
LP016781,,Yes,2,Graduate,No,5720,1800,100,,1,Semiurban
LP016782,Male,No,2,Graduate,Yes,5000,0,110,360,,Rural
LP016783,Male,Yes,1,Graduate,Yes,2340,0,126,240,0,Urban
LP016784,Female,Yes,2,Not Graduate,No,3076,1800,110,240,0,Semiurban
LP016785,,No,0,Graduate,Yes,2340,2546,100,180,,Semiurban
LP016786,Male,No,2,Not Graduate,Yes,3076,2546,126,180,,Rural
LP016787,Female,Yes,3,Not Graduate,No,5000,2546,208,,0,Semiurban
LP016788,,No,,Graduate,,2340,0,126,240,1,Semiurban
LP016789,Female,Yes,1,Not Graduate,No,5000,0,100,180,1,Semiurban
LP016790,Female,Yes,1,Graduate,No,3076,1500,100,240,1,Urban
LP016791,Male,No,2,Graduate,Yes,3276,0,78,,,Rural
LP016792,Male,No,2,Not Graduate,No,3276,1800,208,,0,Semiurban
LP016793,Male,Yes,,Not Graduate,Yes,5720,2546,110,,1,Semiurban
LP016794,Female,Yes,,Not Graduate,No,3076,0,100,,,Rural
LP016795,Male,Yes,3,Not Graduate,,3076,2546,78,240,0,Urban
LP016796,Female,No,0,Not Graduate,Yes,3076,1800,78,,0,Rural
LP016797,Female,Yes,3,Not Graduate,No,3276,0,110,240,,Urban
LP016798,Male,No,1,Not Graduate,Yes,3276,1500,126,360,,Semiurban
LP016799,,Yes,2,Not Graduate,No,3276,0,208,,1,Rural
LP016800,,No,3,Not Graduate,No,2340,1800,110,360,0,Urban
LP016801,,Yes,2,Graduate,No,2340,0,110,180,0,Rural
LP016802,Female,No,2,Graduate,Yes,3276,1500,126,,0,Semiurban
LP016803,Female,Yes,3,Not Graduate,Yes,5000,0,126,240,0,Urban
LP016804,Female,Yes,3,Not Graduate,,2340,1800,100,180,1,Semiurban
LP016805,Male,Yes,,Not Graduate,,2340,0,126,,0,Rural
LP016806,Female,Yes,0,Graduate,,2340,1800,126,360,,Semiurban
LP016807,Male,No,,Graduate,,2340,1500,208,180,1,Rural
LP016808,Male,No,0,Not Graduate,No,5720,1500,208,240,0,Rural
LP016809,,No,3,Not Graduate,Yes,2340,1500,208,240,1,Semiurban
LP016810,,No,0,Not Graduate,No,5000,0,110,360,1,Urban
LP016811,,No,1,Not Graduate,Yes,5720,2546,208,240,1,Rural
LP016812,Male,Yes,,Graduate,Yes,2340,0,208,,,Rural
LP016813,Male,No,,Graduate,No,3076,1800,78,180,1,Urban
LP016814,Male,No,,Not Graduate,No,5720,0,208,,0,Urban
LP016815,Female,No,2,Not Graduate,Yes,2340,2546,110,240,0,Urban
LP016816,Male,No,2,Graduate,,5000,0,78,360,0,Semiurban
LP016817,,Yes,3,Graduate,,3276,0,110,,1,Urban
LP016818,,Yes,3,Not Graduate,Yes,2340,2546,110,240,0,Rural
LP016819,Male,Yes,2,Not Graduate,No,3076,1800,78,360,1,Rural
LP016820,Male,Yes,,Graduate,No,5000,2546,78,,1,Semiurban
LP016821,,No,2,Graduate,Yes,5720,0,78,240,1,Semiurban
LP016822,Male,No,0,Graduate,No,5000,0,78,360,0,Rural
LP016823,,Yes,,Not Graduate,Yes,2340,0,110,360,1,Rural
LP016824,Female,Yes,2,Graduate,Yes,3076,1800,78,,,Rural
LP016825,,No,3,Not Graduate,Yes,5000,1800,126,,,Semiurban
LP016826,Female,No,2,Graduate,No,5000,0,208,240,1,Rural
LP016827,Male,Yes,1,Graduate,,3276,2546,208,180,0,Rural
LP016828,Male,Yes,2,Graduate,Yes,3276,0,126,,1,Semiurban
LP016829,Female,Yes,,Not Graduate,No,2340,0,110,,1,Rural
LP016830,Male,Yes,2,Not Graduate,,5720,2546,110,360,,Rural
LP016831,Female,No,3,Graduate,Yes,5720,0,208,240,0,Urban
LP016832,Male,No,0,Not Graduate,,3076,1800,100,180,0,Rural
LP016833,,No,1,Graduate,No,2340,0,126,180,1,Urban
LP016834,Male,Yes,,Not Graduate,,5720,0,126,,0,Semiurban
LP016835,,No,3,Graduate,,5000,0,208,180,1,Semiurban
LP016836,,No,1,Graduate,No,2340,1500,78,180,1,Urban
LP016837,Female,Yes,2,Not Graduate,Yes,5000,2546,100,360,,Rural
LP016838,Male,Yes,1,Graduate,No,3076,1500,110,360,0,Urban
LP016839,Female,Yes,0,Not Graduate,No,2340,1800,110,360,0,Semiurban
LP016840,Male,Yes,1,Graduate,Yes,3076,2546,110,,,Rural
LP016841,,Yes,1,Not Graduate,Yes,3276,0,110,180,0,Rural
LP016842,,Yes,2,Graduate,No,3076,2546,126,360,1,Semiurban
LP016843,Male,No,2,Graduate,Yes,3276,0,126,240,0,Urban
LP016844,Male,No,,Not Graduate,Yes,2340,0,78,180,0,Urban
LP016845,Female,No,2,Graduate,No,5000,0,126,240,0,Semiurban
LP016846,Male,No,1,Not Graduate,No,5000,2546,78,180,1,Rural
LP016847,Male,No,0,Graduate,No,5000,0,78,240,0,Semiurban
LP016848,Male,No,2,Graduate,No,3076,0,110,240,1,Rural
LP016849,Female,Yes,,Graduate,,2340,1500,110,,,Urban
LP016850,Male,Yes,,Graduate,,2340,0,126,240,1,Urban
LP016851,,Yes,1,Not Graduate,Yes,3276,1500,126,360,,Urban
LP016852,Female,No,2,Not Graduate,,2340,1800,78,360,,Urban
LP016853,Female,No,2,Not Graduate,,5000,2546,208,180,1,Semiurban
LP016854,,Yes,,Graduate,,2340,1500,110,360,1,Urban
LP016855,,Yes,2,Not Graduate,Yes,3276,2546,100,,,Semiurban
LP016856,,Yes,1,Not Graduate,,2340,2546,208,360,,Semiurban
LP016857,Male,Yes,0,Graduate,No,2340,0,110,,0,Semiurban
LP016858,,Yes,1,Not Graduate,No,5000,1500,110,360,1,Rural
LP016859,Male,No,2,Graduate,Yes,2340,0,126,,,Urban
LP016860,Female,No,1,Graduate,Yes,3076,0,100,180,1,Rural
LP016861,Female,No,3,Not Graduate,Yes,3276,1500,100,180,1,Rural
LP016862,,Yes,3,Not Graduate,,3276,1500,110,360,,Semiurban
LP016863,Male,No,2,Not Graduate,Yes,3276,1800,78,180,,Urban
LP016864,,Yes,2,Not Graduate,Yes,2340,0,100,180,1,Semiurban
LP016865,,No,0,Graduate,Yes,3076,1800,208,180,0,Urban
LP016866,Male,Yes,1,Not Graduate,No,3276,2546,78,360,,Rural
LP016867,,Yes,0,Graduate,Yes,5720,0,126,,1,Rural
LP016868,Female,No,2,Not Graduate,No,5000,1800,110,360,0,Semiurban
LP016869,,No,2,Graduate,No,5720,1800,110,240,1,Urban
LP016870,Male,No,,Not Graduate,Yes,5720,0,208,,1,Semiurban
LP016871,Male,No,0,Not Graduate,Yes,3276,1500,208,240,,Semiurban
LP016872,Female,No,2,Graduate,,5720,2546,126,240,0,Rural
LP016873,Male,Yes,3,Not Graduate,Yes,5720,0,126,180,1,Semiurban
LP016874,Male,No,,Not Graduate,Yes,3076,0,100,,0,Semiurban
LP016875,Female,No,1,Not Graduate,Yes,5000,0,78,,0,Urban
LP016876,,Yes,,Not Graduate,Yes,2340,2546,110,240,,Urban
LP016877,Female,No,1,Graduate,Yes,3276,0,100,240,1,Urban
LP016878,,Yes,3,Graduate,Yes,3276,0,126,180,1,Semiurban
LP016879,Female,No,1,Not Graduate,,5720,0,208,180,,Urban
LP016880,,No,0,Graduate,,2340,0,100,360,,Semiurban
LP016881,Female,Yes,1,Not Graduate,Yes,2340,1500,208,,1,Urban
LP016882,,No,1,Graduate,,2340,1800,78,240,,Urban
LP016883,Female,No,,Graduate,No,3276,0,208,360,1,Urban
LP016884,,No,3,Graduate,,3276,2546,110,180,0,Semiurban
LP016885,Female,No,1,Not Graduate,No,3076,0,78,240,0,Rural
LP016886,Male,Yes,0,Graduate,Yes,3276,1800,208,,,Rural
LP016887,,Yes,,Graduate,No,3276,0,100,240,0,Semiurban
LP016888,Female,No,3,Not Graduate,Yes,3076,0,110,240,1,Semiurban
LP016889,,No,3,Graduate,,3276,0,110,360,0,Rural
LP016890,,Yes,2,Not Graduate,No,5720,1500,126,240,0,Semiurban
LP016891,Female,Yes,0,Graduate,No,5720,1800,126,360,0,Urban
LP016892,,No,,Not Graduate,No,3076,0,100,360,1,Rural
LP016893,Female,Yes,,Graduate,Yes,3076,1500,126,180,,Semiurban
LP016894,Male,Yes,0,Not Graduate,Yes,5720,2546,208,240,1,Semiurban
LP016895,,Yes,3,Graduate,,2340,2546,126,360,,Rural
LP016896,Male,Yes,1,Graduate,,3276,0,110,240,0,Semiurban
LP016897,,No,0,Not Graduate,Yes,5000,1800,100,,0,Rural
LP016898,,Yes,,Graduate,,5000,0,208,240,0,Semiurban
LP016899,,No,0,Graduate,No,3076,1500,110,180,1,Semiurban
LP016900,Female,No,3,Not Graduate,No,5000,1800,110,360,0,Rural
LP016901,Male,Yes,2,Not Graduate,No,2340,2546,78,360,1,Rural
LP016902,,No,2,Graduate,,5000,1800,126,,1,Urban
LP016903,Female,No,1,Not Graduate,No,5720,1800,208,180,,Semiurban
LP016904,,Yes,1,Graduate,No,3076,1800,100,360,,Semiurban
LP016905,Female,Yes,3,Not Graduate,Yes,5000,0,100,,,Rural
LP016906,,Yes,1,Not Graduate,Yes,3276,0,100,360,,Urban
LP016907,Male,No,2,Not Graduate,,3076,1500,78,360,1,Rural
LP016908,Male,No,3,Not Graduate,Yes,2340,1800,208,180,1,Semiurban
LP016909,,No,3,Graduate,,5720,1800,110,,,Rural
LP016910,Female,No,3,Not Graduate,,5000,0,78,360,,Semiurban
LP016911,,Yes,0,Graduate,Yes,5720,1500,126,240,,Semiurban
LP016912,Female,No,1,Graduate,Yes,2340,1500,110,,,Rural
LP016913,,Yes,,Graduate,,5000,2546,100,180,,Semiurban
LP016914,Female,Yes,2,Graduate,,3076,1500,126,180,,Semiurban
LP016915,Male,Yes,1,Graduate,,3076,1500,208,180,,Urban
LP016916,,Yes,2,Not Graduate,No,3276,1800,208,360,0,Urban
LP016917,Male,No,1,Not Graduate,No,2340,0,78,180,,Semiurban
LP016918,Male,Yes,,Graduate,Yes,5000,1800,208,,,Semiurban
LP016919,,No,2,Graduate,No,5720,0,100,360,1,Semiurban
LP016920,,Yes,,Not Graduate,No,5720,1500,78,240,,Urban
LP016921,Female,Yes,2,Graduate,,5000,0,78,180,,Semiurban
LP016922,Female,Yes,0,Not Graduate,No,2340,1800,100,180,,Urban
LP016923,Male,No,0,Graduate,Yes,2340,2546,208,180,1,Urban
LP016924,Female,Yes,2,Not Graduate,No,5720,0,126,240,1,Semiurban
LP016925,Female,Yes,2,Not Graduate,No,5000,0,78,360,0,Urban
LP016926,,Yes,,Graduate,No,5000,0,126,180,1,Semiurban
LP016927,Female,Yes,3,Not Graduate,Yes,5720,1800,126,240,1,Rural
LP016928,Male,No,2,Graduate,Yes,5000,0,126,360,0,Rural
LP016929,Female,No,1,Not Graduate,,5000,0,126,,1,Rural
LP016930,Male,Yes,1,Not Graduate,No,3076,1500,100,180,0,Rural
LP016931,,Yes,1,Graduate,,3076,0,110,360,0,Semiurban
LP016932,Male,No,0,Not Graduate,,3276,2546,208,180,1,Rural
LP016933,Female,No,,Not Graduate,Yes,3276,0,110,240,1,Semiurban
LP016934,,No,0,Graduate,,2340,1800,110,360,0,Semiurban
LP016935,Female,Yes,1,Not Graduate,No,3076,0,78,240,0,Semiurban
LP016936,,No,2,Graduate,,3076,0,110,180,0,Semiurban
LP016937,,Yes,1,Graduate,Yes,3076,2546,110,,0,Semiurban
LP016938,Female,No,2,Not Graduate,Yes,3076,0,100,240,1,Urban
LP016939,Female,No,,Graduate,Yes,2340,0,126,360,,Rural
LP016940,,Yes,3,Not Graduate,No,5720,2546,110,360,0,Urban
LP016941,,No,2,Not Graduate,,2340,2546,110,180,1,Urban
LP016942,Female,Yes,0,Graduate,No,5720,0,78,360,0,Rural
LP016943,Male,No,1,Not Graduate,Yes,3276,0,208,180,,Semiurban
LP016944,Female,Yes,1,Not Graduate,No,3076,1500,78,240,1,Semiurban
LP016945,,No,1,Not Graduate,Yes,5720,1500,208,,1,Rural
LP016946,Female,No,2,Graduate,No,2340,1500,208,240,,Rural
LP016947,Male,Yes,,Graduate,No,5720,2546,208,240,,Rural
LP016948,Female,Yes,2,Not Graduate,,5000,0,100,180,1,Urban
LP016949,,Yes,0,Graduate,,3276,0,100,,,Urban
LP016950,Female,Yes,1,Not Graduate,Yes,3276,0,126,240,1,Rural
LP016951,,No,2,Not Graduate,,3076,1500,208,180,,Rural
LP016952,,No,1,Graduate,,3076,1800,100,240,0,Rural
LP016953,Female,No,0,Graduate,No,2340,1500,100,240,0,Rural
LP016954,,No,3,Graduate,Yes,5720,2546,110,360,1,Urban
LP016955,,No,3,Not Graduate,No,5000,0,208,240,1,Rural
LP016956,Male,No,3,Graduate,No,3276,2546,78,,1,Rural
LP016957,Male,Yes,1,Not Graduate,,5720,0,110,240,0,Rural
LP016958,Male,No,2,Not Graduate,,5000,0,100,180,0,Rural
LP016959,Male,No,1,Not Graduate,Yes,5720,0,100,360,1,Semiurban
LP016960,,Yes,,Graduate,,3076,0,100,180,,Semiurban
LP016961,Female,No,2,Graduate,No,3276,1800,100,,1,Rural
LP016962,,No,0,Graduate,,5000,0,78,240,1,Urban
LP016963,,No,3,Not Graduate,Yes,3076,1800,126,240,1,Semiurban
LP016964,,Yes,2,Not Graduate,Yes,2340,0,126,360,,Urban
LP016965,Female,Yes,2,Graduate,No,2340,1500,208,240,0,Semiurban
LP016966,Male,No,3,Graduate,No,3076,0,100,180,,Semiurban
LP016967,,Yes,0,Graduate,,5000,0,208,180,0,Rural
LP016968,,No,1,Graduate,Yes,5000,2546,78,360,0,Rural
LP016969,Male,No,1,Graduate,No,3276,1500,208,240,,Rural
LP016970,,No,2,Graduate,,3076,2546,126,360,0,Urban
LP016971,Female,Yes,3,Graduate,,2340,2546,126,,,Urban
LP016972,,No,,Graduate,,3076,1800,126,240,0,Urban
LP016973,,No,0,Graduate,No,5720,0,208,240,1,Rural
LP016974,Male,No,1,Not Graduate,No,5000,2546,100,240,0,Semiurban
LP016975,,No,0,Graduate,,5720,1500,110,,,Semiurban
LP016976,,No,0,Graduate,,2340,0,126,,0,Semiurban
LP016977,Female,Yes,0,Not Graduate,No,5000,1500,208,,1,Rural
LP016978,Male,No,3,Not Graduate,Yes,2340,2546,110,180,,Semiurban
LP016979,Male,Yes,3,Not Graduate,,2340,0,126,360,1,Semiurban
LP016980,Female,No,3,Not Graduate,Yes,2340,0,126,180,1,Urban
LP016981,,Yes,2,Not Graduate,Yes,3276,2546,78,,1,Urban
LP016982,Male,No,3,Not Graduate,No,2340,2546,126,180,,Rural
LP016983,Male,No,2,Not Graduate,No,2340,1800,110,180,0,Semiurban
LP016984,,Yes,1,Graduate,Yes,5720,1500,110,360,1,Rural
LP016985,,Yes,1,Graduate,No,5720,0,100,,,Urban
LP016986,Male,No,1,Graduate,Yes,5720,0,110,180,0,Semiurban
LP016987,,Yes,1,Not Graduate,Yes,5000,2546,208,180,0,Semiurban
LP016988,Male,Yes,1,Graduate,No,3276,2546,208,240,,Urban
LP016989,,No,3,Not Graduate,No,5000,0,126,240,,Semiurban
LP016990,,No,,Graduate,,3276,2546,100,,0,Rural
LP016991,Female,No,3,Not Graduate,No,3276,1500,126,180,0,Semiurban
LP016992,,No,,Graduate,,3076,0,100,,1,Urban
LP016993,Female,No,3,Graduate,No,3076,0,78,360,0,Urban
LP016994,,Yes,1,Graduate,No,3076,0,100,,1,Rural
LP016995,Male,No,0,Graduate,No,3276,1800,78,,1,Rural
LP016996,Male,Yes,,Graduate,No,3276,0,78,180,0,Urban
LP016997,,No,0,Graduate,Yes,5000,0,126,360,,Rural
LP016998,,No,1,Graduate,No,3276,2546,208,,0,Urban
LP016999,Male,Yes,,Not Graduate,Yes,2340,0,100,240,1,Rural
LP017000,,No,0,Not Graduate,No,2340,1500,126,360,0,Urban
LP017001,Female,Yes,3,Graduate,No,3276,0,78,180,0,Rural
LP017002,Female,Yes,1,Graduate,Yes,2340,1500,78,240,,Rural
LP017003,Female,Yes,3,Graduate,No,3276,0,110,360,1,Rural
LP017004,Female,No,3,Graduate,,3076,2546,110,180,1,Rural
LP017005,Female,No,1,Not Graduate,,3276,1800,100,180,1,Semiurban
LP017006,,No,,Not Graduate,No,3076,2546,208,360,1,Urban
LP017007,,No,2,Graduate,,5720,1500,110,360,,Urban
LP017008,Female,No,2,Graduate,,2340,0,78,360,,Semiurban
LP017009,,No,1,Graduate,,5720,1500,126,180,1,Rural
LP017010,,Yes,2,Graduate,,2340,1800,208,240,0,Rural
LP017011,Female,No,0,Not Graduate,Yes,5720,0,100,240,1,Urban
LP017012,,No,,Not Graduate,Yes,3276,0,126,180,0,Urban
LP017013,,No,3,Not Graduate,Yes,5720,1500,100,360,1,Urban
LP017014,,No,3,Not Graduate,,2340,0,126,180,,Semiurban
LP017015,Female,Yes,1,Graduate,,5000,0,126,180,,Urban
LP017016,,Yes,3,Not Graduate,Yes,2340,0,208,180,1,Semiurban
LP017017,Male,Yes,0,Graduate,,5000,1800,100,180,0,Semiurban
LP017018,Male,Yes,0,Not Graduate,Yes,3276,1800,110,240,0,Urban
LP017019,Female,Yes,1,Not Graduate,Yes,2340,0,126,360,0,Urban
LP017020,Male,No,3,Graduate,Yes,5720,0,126,180,,Urban
LP017021,Female,Yes,2,Not Graduate,,3276,2546,110,180,0,Rural
LP017022,Male,Yes,2,Graduate,Yes,2340,1500,208,360,0,Rural
LP017023,Male,No,,Graduate,No,3276,0,208,360,0,Rural
LP017024,Male,No,1,Graduate,Yes,5000,1500,208,180,,Urban
LP017025,Female,Yes,,Graduate,Yes,3276,0,78,180,1,Semiurban
LP017026,Female,No,2,Graduate,No,5720,1800,78,360,,Semiurban
LP017027,,No,2,Not Graduate,,2340,0,208,360,,Rural
LP017028,Female,Yes,2,Not Graduate,Yes,5000,2546,208,240,1,Semiurban
LP017029,Male,No,,Graduate,No,3276,1800,110,180,1,Rural
LP017030,Male,Yes,1,Graduate,,3076,0,78,,0,Semiurban
LP017031,Female,Yes,0,Graduate,No,5000,1800,100,360,0,Urban
LP017032,Female,No,0,Graduate,Yes,5000,1500,208,360,1,Urban
LP017033,Female,Yes,2,Not Graduate,No,5720,0,208,240,0,Semiurban
LP017034,,Yes,1,Graduate,,5720,1800,208,240,1,Rural
LP017035,Male,No,1,Not Graduate,Yes,3276,0,126,,0,Urban
LP017036,,No,3,Not Graduate,No,3076,0,78,360,,Semiurban
LP017037,,No,3,Graduate,,5000,1500,100,180,0,Rural
LP017038,Male,No,,Not Graduate,,3276,1500,126,180,1,Semiurban
LP017039,Male,Yes,3,Graduate,Yes,3076,2546,126,180,1,Rural
LP017040,Female,No,,Graduate,Yes,3276,0,100,240,,Semiurban
LP017041,Female,No,0,Not Graduate,Yes,5000,1500,100,,0,Semiurban
LP017042,,Yes,2,Graduate,Yes,3276,1800,100,,1,Urban
LP017043,Female,Yes,1,Graduate,No,5720,1500,100,,0,Rural
LP017044,Female,Yes,0,Not Graduate,,5720,1500,100,360,1,Urban
LP017045,Male,Yes,0,Not Graduate,Yes,2340,1500,208,360,0,Urban
LP017046,Male,No,,Not Graduate,Yes,3076,2546,100,,,Urban
LP017047,Female,No,2,Graduate,Yes,5000,0,100,,0,Semiurban
LP017048,Male,Yes,,Not Graduate,No,3076,1500,78,,0,Semiurban
LP017049,Female,Yes,0,Not Graduate,,5720,0,208,240,1,Urban
LP017050,Male,Yes,1,Not Graduate,,5000,0,126,,0,Rural
LP017051,Male,Yes,3,Not Graduate,Yes,2340,0,208,180,1,Semiurban
LP017052,Male,No,,Graduate,,5720,0,110,360,1,Urban
LP017053,Male,Yes,0,Not Graduate,No,5720,2546,100,180,0,Semiurban
LP017054,Female,No,3,Not Graduate,,3076,0,126,360,1,Urban
LP017055,,Yes,3,Graduate,Yes,3276,0,110,240,,Semiurban
LP017056,Male,No,0,Not Graduate,,3076,1800,126,240,0,Urban
LP017057,Female,No,2,Not Graduate,No,5720,2546,208,180,,Rural
LP017058,Female,No,0,Graduate,No,3076,1500,110,240,0,Rural
LP017059,Male,No,1,Graduate,,3276,2546,100,360,1,Rural
LP017060,,Yes,3,Graduate,,2340,1800,100,240,,Rural
LP017061,Male,No,1,Graduate,Yes,5000,0,110,180,,Rural
LP017062,Female,Yes,,Graduate,Yes,5720,2546,208,240,1,Urban
LP017063,,No,3,Not Graduate,Yes,3076,1800,110,,0,Semiurban
LP017064,Female,No,2,Not Graduate,,5720,1500,208,360,0,Urban
LP017065,Male,Yes,0,Not Graduate,No,5000,0,126,240,0,Rural
LP017066,,Yes,,Not Graduate,No,3076,2546,208,360,0,Urban
LP017067,Female,No,1,Graduate,,2340,2546,110,180,,Urban
LP017068,Female,No,,Graduate,No,5000,0,110,,1,Urban
LP017069,Female,Yes,2,Graduate,No,3276,2546,126,360,1,Urban
LP017070,Male,No,0,Not Graduate,,3276,0,110,,,Rural
LP017071,,Yes,,Graduate,No,5720,1800,78,,1,Urban
LP017072,Male,Yes,1,Graduate,,3276,0,110,,1,Urban
LP017073,Male,Yes,,Not Graduate,Yes,3076,1500,78,240,1,Urban
LP017074,Male,No,0,Graduate,No,3276,0,110,240,,Rural
LP017075,,No,,Graduate,,2340,2546,110,180,,Urban
LP017076,Male,Yes,1,Not Graduate,No,3076,0,126,240,1,Semiurban
LP017077,Male,Yes,0,Not Graduate,No,5720,0,78,180,,Rural
LP017078,Male,Yes,2,Graduate,Yes,5720,0,126,180,,Rural
LP017079,Male,Yes,2,Not Graduate,,3276,1500,78,,,Urban
LP017080,Female,No,3,Graduate,Yes,3276,1500,78,360,0,Rural
LP017081,Male,Yes,,Not Graduate,No,5720,2546,100,240,,Semiurban
LP017082,Female,No,1,Not Graduate,No,3076,2546,78,360,0,Semiurban
LP017083,Male,Yes,,Not Graduate,No,5000,0,126,180,1,Semiurban
LP017084,,No,0,Not Graduate,,5720,0,126,180,1,Rural
LP017085,Female,No,3,Graduate,Yes,2340,1800,208,180,1,Rural
LP017086,Female,No,1,Graduate,,3076,0,110,,,Semiurban
LP017087,Female,No,,Graduate,No,5000,1800,100,360,0,Rural
LP017088,Female,No,1,Not Graduate,Yes,5000,1500,110,,,Rural
LP017089,,Yes,0,Graduate,No,3076,2546,126,360,1,Rural
LP017090,Male,Yes,3,Not Graduate,Yes,5720,0,100,,0,Rural
LP017091,Female,No,1,Graduate,,5000,2546,78,180,,Rural
LP017092,,Yes,0,Not Graduate,,2340,1500,126,240,,Urban
LP017093,Female,Yes,2,Not Graduate,,3076,0,126,,1,Rural
LP017094,Male,Yes,1,Not Graduate,,3276,1500,126,,,Urban
LP017095,Female,Yes,3,Graduate,,5720,0,126,240,,Urban
LP017096,,Yes,1,Graduate,Yes,3076,0,100,240,1,Semiurban
LP017097,Male,Yes,1,Graduate,Yes,2340,0,110,,0,Rural
LP017098,,Yes,0,Graduate,No,5000,0,110,180,,Rural
LP017099,Male,No,,Not Graduate,Yes,5720,2546,78,180,1,Urban
LP017100,Male,Yes,,Not Graduate,No,5720,0,126,240,,Urban
LP017101,Male,Yes,1,Not Graduate,,3076,2546,126,,0,Semiurban
LP017102,Female,Yes,3,Not Graduate,Yes,3076,1800,110,360,0,Urban
LP017103,,No,3,Graduate,Yes,2340,0,78,240,1,Urban
LP017104,,No,0,Graduate,,3276,1800,208,360,1,Rural
LP017105,,Yes,1,Not Graduate,,3076,0,100,240,,Rural
LP017106,Male,No,1,Graduate,,3076,0,110,,1,Urban
LP017107,Female,No,,Not Graduate,No,3076,0,100,180,1,Semiurban
LP017108,Male,Yes,0,Not Graduate,No,2340,0,110,240,1,Semiurban
LP017109,,No,2,Not Graduate,Yes,5000,2546,78,360,,Rural
LP017110,Female,Yes,3,Graduate,,3276,1500,126,,1,Semiurban
LP017111,Female,No,3,Not Graduate,Yes,2340,1500,208,,0,Urban
LP017112,Female,Yes,1,Graduate,,3076,0,100,,1,Rural
LP017113,,No,0,Not Graduate,,5000,1800,208,360,,Rural
LP017114,Female,Yes,2,Graduate,,3076,0,126,240,,Urban
LP017115,Female,Yes,3,Graduate,,2340,2546,110,180,0,Rural
LP017116,Male,No,0,Not Graduate,,5720,1800,78,180,0,Rural
LP017117,Male,Yes,2,Not Graduate,No,3076,0,126,360,,Semiurban
LP017118,Female,Yes,1,Graduate,Yes,5000,0,208,180,,Rural
LP017119,Female,No,,Graduate,,3276,0,208,240,,Semiurban
LP017120,Male,Yes,3,Graduate,No,5720,2546,208,360,,Semiurban
LP017121,Male,Yes,3,Not Graduate,No,3076,2546,110,360,0,Rural
LP017122,Male,No,2,Not Graduate,,3076,1500,208,240,,Rural
LP017123,,Yes,,Graduate,,5000,0,110,,0,Urban
LP017124,,No,0,Graduate,No,5720,1800,208,240,,Rural
LP017125,Male,Yes,1,Graduate,,5720,1500,100,240,0,Rural
LP017126,Female,No,0,Not Graduate,No,5720,2546,100,180,,Rural
LP017127,Male,No,2,Not Graduate,,3076,0,126,180,1,Rural
LP017128,,Yes,3,Graduate,No,5720,0,126,180,,Urban
LP017129,Female,No,3,Graduate,,3076,2546,78,,0,Rural
LP017130,,Yes,0,Not Graduate,No,3076,2546,208,240,,Rural
LP017131,Female,Yes,1,Not Graduate,Yes,5720,0,208,180,,Rural
LP017132,,No,2,Graduate,,2340,2546,110,,1,Semiurban
LP017133,Female,Yes,1,Graduate,,3276,1500,126,180,,Urban
LP017134,Female,Yes,2,Graduate,No,3276,0,100,240,1,Semiurban
LP017135,Female,No,1,Not Graduate,,2340,2546,110,240,,Rural
LP017136,Female,Yes,0,Graduate,Yes,5720,2546,100,240,1,Rural
LP017137,,Yes,,Graduate,Yes,3076,0,110,360,1,Urban
LP017138,,No,2,Graduate,No,5000,0,126,240,1,Semiurban
LP017139,Female,Yes,0,Not Graduate,No,2340,1800,208,240,,Semiurban
LP017140,Female,Yes,3,Not Graduate,,3276,0,208,180,1,Rural
LP017141,,No,3,Not Graduate,No,3276,0,126,360,,Semiurban
LP017142,Female,Yes,1,Graduate,Yes,3076,2546,100,180,0,Semiurban
LP017143,Female,Yes,3,Not Graduate,Yes,3276,1500,78,,,Rural
LP017144,Female,No,,Not Graduate,,3276,2546,78,,,Rural
LP017145,Male,Yes,2,Not Graduate,Yes,3076,2546,126,360,0,Semiurban
LP017146,Female,Yes,1,Not Graduate,No,5720,0,110,240,1,Rural
LP017147,Male,No,2,Not Graduate,,3276,0,208,360,,Urban
LP017148,Female,No,2,Graduate,,5720,1800,100,240,,Rural
LP017149,,Yes,0,Graduate,,5000,1800,78,,,Semiurban
LP017150,Male,Yes,3,Graduate,No,5720,0,208,,1,Semiurban
LP017151,Male,No,2,Graduate,,3076,0,126,360,1,Rural
LP017152,Female,Yes,,Graduate,,3076,1500,208,180,0,Urban
LP017153,Female,Yes,,Not Graduate,Yes,3076,0,78,,,Rural
LP017154,Male,Yes,3,Not Graduate,Yes,3276,1500,100,360,0,Urban
LP017155,,No,3,Graduate,,2340,0,110,360,1,Urban
LP017156,,Yes,1,Not Graduate,No,3276,1500,110,,1,Urban
LP017157,Female,Yes,1,Graduate,No,5720,0,208,240,0,Urban
LP017158,,No,1,Graduate,No,5000,0,110,180,1,Urban
LP017159,,No,3,Not Graduate,No,5000,1800,78,180,,Urban
LP017160,Female,No,2,Graduate,Yes,5000,2546,100,240,1,Semiurban
LP017161,,Yes,0,Not Graduate,No,5000,2546,110,,1,Urban
LP017162,Female,Yes,1,Graduate,No,2340,1500,110,,0,Urban
LP017163,Male,No,0,Not Graduate,,5000,0,126,240,1,Semiurban
LP017164,Female,Yes,,Not Graduate,No,3276,1800,110,,1,Urban
LP017165,Male,Yes,3,Not Graduate,No,5000,0,110,180,0,Semiurban
LP017166,Male,Yes,,Not Graduate,No,3076,1800,78,360,,Urban
LP017167,,Yes,1,Not Graduate,No,5720,0,110,180,0,Semiurban
LP017168,,No,2,Not Graduate,Yes,3276,1800,126,180,,Rural
LP017169,,No,1,Graduate,,2340,0,126,180,,Semiurban
LP017170,Female,Yes,0,Graduate,Yes,3276,0,126,,0,Rural
LP017171,,No,1,Not Graduate,,3076,0,110,240,0,Semiurban
LP017172,Male,Yes,2,Not Graduate,,5000,0,208,,0,Rural
LP017173,,Yes,2,Graduate,,5000,0,208,240,1,Rural
LP017174,,No,3,Graduate,,2340,0,78,360,,Semiurban
LP017175,Female,No,3,Graduate,Yes,5720,1800,208,360,,Urban
LP017176,Female,Yes,2,Graduate,,5000,2546,78,180,,Rural
LP017177,Male,Yes,2,Graduate,No,2340,2546,78,240,0,Semiurban
LP017178,Female,Yes,0,Not Graduate,No,5000,0,126,180,,Rural
LP017179,,Yes,1,Graduate,,3276,1500,100,,,Semiurban
LP017180,Female,No,3,Graduate,No,2340,0,78,240,,Rural
LP017181,Male,No,0,Graduate,No,2340,1800,110,180,,Semiurban
LP017182,,Yes,1,Not Graduate,,2340,0,126,,0,Urban
LP017183,Male,Yes,3,Graduate,,5000,0,110,360,1,Rural
LP017184,Female,No,0,Graduate,,2340,2546,110,180,1,Urban
LP017185,Female,Yes,,Not Graduate,Yes,3276,0,208,240,0,Semiurban
LP017186,Male,No,,Not Graduate,,5720,1800,110,240,1,Urban
LP017187,,Yes,3,Graduate,,5720,1800,78,,,Urban
LP017188,Female,No,0,Not Graduate,Yes,3076,2546,110,180,1,Semiurban
LP017189,Female,Yes,1,Graduate,No,3276,0,110,360,1,Semiurban
LP017190,,Yes,1,Graduate,Yes,3276,2546,208,180,,Urban
LP017191,Female,Yes,0,Not Graduate,No,2340,2546,110,180,,Semiurban
LP017192,Male,No,,Graduate,Yes,3076,0,78,240,,Semiurban
LP017193,Female,No,0,Not Graduate,,3276,1500,78,,0,Semiurban
LP017194,Female,Yes,,Not Graduate,Yes,3276,0,110,240,1,Urban
LP017195,,Yes,,Not Graduate,,3276,0,78,360,0,Rural
LP017196,Male,Yes,1,Not Graduate,No,5000,0,78,180,0,Urban
LP017197,,Yes,3,Graduate,,3276,0,208,360,,Rural
LP017198,Female,No,2,Graduate,Yes,5000,2546,126,,1,Rural
LP017199,Female,No,0,Graduate,Yes,3276,0,126,,0,Rural
LP017200,,No,,Not Graduate,No,5720,1800,100,180,,Rural
LP017201,,Yes,0,Graduate,,5000,1500,126,,0,Urban
LP017202,,Yes,3,Not Graduate,No,5000,1500,110,360,1,Urban
LP017203,Male,No,3,Graduate,,2340,0,78,180,,Urban
LP017204,Female,Yes,2,Not Graduate,,3276,2546,126,,0,Rural
LP017205,,No,2,Graduate,No,3076,0,208,360,1,Urban
LP017206,Female,No,,Graduate,No,3076,1800,100,180,1,Urban
LP017207,Male,No,2,Not Graduate,,3076,1800,110,,0,Rural
LP017208,Male,No,,Graduate,No,3076,1500,126,240,1,Rural
LP017209,Male,Yes,1,Not Graduate,,5720,2546,78,180,,Semiurban
LP017210,Male,No,,Not Graduate,No,3076,0,208,180,,Semiurban
LP017211,Female,Yes,2,Graduate,No,2340,1500,126,240,,Urban
LP017212,Male,No,0,Graduate,No,3076,2546,78,,,Urban
LP017213,Male,No,2,Graduate,Yes,2340,0,126,180,0,Urban
LP017214,,No,3,Not Graduate,No,5000,0,110,360,0,Urban
LP017215,Male,No,2,Not Graduate,Yes,3276,2546,100,,1,Rural
LP017216,,Yes,1,Not Graduate,,3076,1800,78,180,1,Rural
LP017217,Male,Yes,,Not Graduate,,2340,2546,100,360,1,Semiurban
LP017218,Male,Yes,3,Not Graduate,No,2340,2546,100,240,,Rural
LP017219,,Yes,,Not Graduate,Yes,3276,2546,208,360,0,Rural
LP017220,Male,No,,Not Graduate,,5000,0,78,,0,Urban
LP017221,Female,Yes,2,Not Graduate,Yes,3076,0,208,240,1,Semiurban
LP017222,Female,Yes,0,Not Graduate,Yes,2340,0,100,360,0,Rural
LP017223,Male,No,3,Graduate,,3076,0,110,,0,Rural
LP017224,Female,Yes,1,Not Graduate,Yes,5720,0,110,240,1,Semiurban
LP017225,,Yes,1,Not Graduate,Yes,2340,0,126,,0,Urban
LP017226,Male,Yes,0,Graduate,,5000,1500,126,180,,Urban
LP017227,Male,Yes,0,Graduate,No,3276,2546,78,,0,Urban
LP017228,,No,2,Not Graduate,No,2340,2546,110,360,,Rural
LP017229,,No,1,Graduate,Yes,5720,1800,100,,,Rural
LP017230,,Yes,3,Graduate,No,3276,0,110,,1,Semiurban
LP017231,Male,No,0,Not Graduate,,5000,0,78,240,1,Rural
LP017232,,Yes,0,Not Graduate,,3076,0,126,,1,Urban
LP017233,,Yes,0,Graduate,,3076,0,126,,0,Urban
LP017234,Female,Yes,3,Not Graduate,Yes,2340,2546,208,180,1,Rural
LP017235,Female,No,1,Graduate,,3276,2546,126,180,,Rural
LP017236,Male,No,3,Not Graduate,Yes,5720,0,100,240,1,Urban
LP017237,Female,No,3,Not Graduate,Yes,5720,2546,78,240,,Rural
LP017238,Female,No,2,Graduate,,5000,0,126,360,,Rural
LP017239,,No,0,Graduate,,3276,1800,126,240,0,Semiurban
LP017240,,No,1,Graduate,Yes,3276,1800,100,,,Semiurban
LP017241,Female,Yes,2,Graduate,,3076,1500,126,180,0,Rural
LP017242,Female,No,2,Graduate,No,5000,0,100,240,0,Urban
LP017243,Female,Yes,,Not Graduate,Yes,5000,1500,126,360,1,Urban
LP017244,Male,Yes,0,Not Graduate,Yes,5000,1800,100,,0,Rural
LP017245,Male,No,1,Graduate,,3276,2546,126,360,,Rural
LP017246,Male,Yes,1,Graduate,,3076,0,78,360,,Semiurban
LP017247,Female,Yes,1,Graduate,Yes,5000,0,208,360,,Urban
LP017248,Female,Yes,0,Not Graduate,Yes,3076,1500,208,360,,Urban
LP017249,Male,No,1,Not Graduate,Yes,5000,0,110,,,Semiurban
LP017250,Male,No,3,Graduate,,3276,1800,208,,1,Urban
LP017251,Female,Yes,3,Not Graduate,Yes,3076,2546,100,360,1,Semiurban
LP017252,,No,0,Not Graduate,No,2340,1500,100,,0,Urban
LP017253,Male,Yes,1,Graduate,No,5000,2546,208,240,,Rural
LP017254,Female,No,,Graduate,,3276,1500,100,,,Semiurban
LP017255,Female,Yes,,Not Graduate,Yes,3076,0,78,,0,Semiurban
LP017256,,Yes,,Not Graduate,Yes,5720,0,100,360,1,Urban
LP017257,Female,No,3,Not Graduate,No,3276,0,78,,0,Semiurban
LP017258,Female,No,,Not Graduate,Yes,3276,0,78,240,,Semiurban
LP017259,Male,No,1,Not Graduate,,5720,0,78,,1,Urban
LP017260,Male,No,1,Graduate,,5720,2546,126,240,0,Rural
LP017261,,No,,Not Graduate,,2340,1800,110,,0,Urban
LP017262,,Yes,2,Graduate,Yes,2340,1500,100,180,,Urban
LP017263,Female,Yes,,Graduate,Yes,2340,0,126,,,Urban
LP017264,Male,Yes,2,Not Graduate,No,3276,1500,110,240,1,Semiurban
LP017265,,No,0,Graduate,No,3276,1800,126,240,,Rural
LP017266,,No,0,Not Graduate,,3276,0,100,240,0,Semiurban
LP017267,,Yes,1,Graduate,Yes,2340,2546,78,360,,Urban
LP017268,Female,Yes,3,Not Graduate,Yes,3076,1500,126,240,0,Semiurban
LP017269,Male,Yes,1,Graduate,,3276,0,110,,,Rural
LP017270,,Yes,1,Not Graduate,,3276,0,110,180,1,Urban
LP017271,Male,No,3,Not Graduate,No,3276,1500,110,240,1,Rural
LP017272,,Yes,1,Graduate,No,2340,1500,126,360,1,Urban
LP017273,,No,3,Graduate,,5000,0,110,,,Urban
LP017274,Male,Yes,1,Graduate,Yes,2340,1800,208,240,1,Urban
LP017275,Male,No,0,Not Graduate,No,5000,0,110,360,0,Rural
LP017276,Male,No,2,Graduate,,2340,1500,110,360,,Urban
LP017277,Female,No,1,Graduate,Yes,3076,0,126,360,1,Semiurban
LP017278,,No,2,Not Graduate,,3076,2546,100,240,,Urban
LP017279,Female,Yes,,Not Graduate,Yes,3276,0,126,240,,Urban
LP017280,Male,Yes,1,Graduate,No,2340,0,126,240,0,Urban
LP017281,,Yes,0,Graduate,Yes,5000,0,208,180,,Semiurban
LP017282,Female,No,3,Not Graduate,Yes,5000,0,100,180,,Semiurban
LP017283,,Yes,0,Not Graduate,,3076,1800,126,,,Rural
LP017284,Female,Yes,2,Not Graduate,Yes,3276,0,208,,0,Urban
LP017285,Male,Yes,3,Graduate,No,5000,2546,126,360,1,Rural
LP017286,Female,No,0,Graduate,,2340,0,208,180,1,Rural
LP017287,,No,0,Not Graduate,,3276,0,78,240,,Urban
LP017288,,No,0,Not Graduate,,2340,2546,110,,1,Urban
LP017289,,Yes,3,Not Graduate,,2340,0,110,240,,Semiurban
LP017290,,Yes,0,Graduate,,3076,1800,126,240,1,Semiurban
LP017291,Male,Yes,0,Graduate,,2340,1800,208,180,1,Rural
LP017292,Female,No,2,Graduate,,5720,0,78,,0,Urban
LP017293,Male,Yes,0,Graduate,No,3276,1800,110,360,0,Rural
LP017294,Male,No,0,Not Graduate,No,5720,0,126,,0,Semiurban
LP017295,Male,No,,Not Graduate,,2340,1500,126,,1,Rural
LP017296,,No,3,Graduate,Yes,2340,0,208,,1,Urban
LP017297,,No,,Not Graduate,,3076,1500,100,180,1,Rural
LP017298,,Yes,2,Not Graduate,,3076,1800,126,,1,Rural
LP017299,Female,Yes,,Graduate,,3076,0,78,360,0,Urban
LP017300,,No,1,Not Graduate,Yes,3076,0,78,,0,Urban
LP017301,Female,Yes,3,Graduate,No,5000,0,100,240,1,Urban
LP017302,,No,0,Graduate,Yes,3076,0,78,360,1,Semiurban
LP017303,,Yes,,Graduate,Yes,2340,0,208,,0,Rural
LP017304,Male,Yes,,Not Graduate,Yes,2340,2546,126,180,1,Rural
LP017305,Male,No,0,Graduate,Yes,3276,1500,208,180,,Urban
LP017306,Male,No,0,Not Graduate,,5720,1800,100,180,0,Urban
LP017307,Female,No,2,Not Graduate,No,5000,0,100,240,0,Semiurban
LP017308,Female,No,,Graduate,Yes,5000,1500,208,240,1,Urban
LP017309,,Yes,,Graduate,No,3276,2546,110,180,,Semiurban
LP017310,Female,No,1,Graduate,,3276,1500,100,240,1,Semiurban
LP017311,,Yes,1,Graduate,,3076,1800,126,,,Semiurban
LP017312,Female,No,,Graduate,No,3276,0,100,,1,Urban
LP017313,Female,Yes,1,Not Graduate,,5000,1800,208,180,0,Rural
LP017314,Female,No,,Not Graduate,No,5720,0,208,360,0,Urban
LP017315,Male,Yes,3,Not Graduate,Yes,5720,2546,78,,,Rural
LP017316,Female,Yes,2,Graduate,,5000,1800,110,360,,Urban
LP017317,Male,Yes,1,Graduate,,3076,1500,208,240,1,Semiurban
LP017318,Male,No,,Not Graduate,No,5720,2546,78,240,0,Rural
LP017319,Female,No,1,Graduate,,5720,1800,78,,1,Urban
LP017320,,No,2,Not Graduate,Yes,3076,0,126,,1,Urban
LP017321,,No,3,Not Graduate,,5720,2546,78,240,0,Rural
LP017322,,Yes,0,Not Graduate,,2340,0,110,240,,Semiurban
LP017323,Female,Yes,0,Graduate,,5000,0,126,360,0,Semiurban
LP017324,,Yes,1,Graduate,No,5720,1500,208,,0,Rural
LP017325,Male,No,,Not Graduate,Yes,5720,0,208,180,,Urban
LP017326,,Yes,2,Graduate,Yes,3076,1800,78,180,0,Semiurban
LP017327,Female,Yes,3,Graduate,,5720,0,100,240,,Urban
LP017328,,No,3,Graduate,,3076,2546,110,180,0,Semiurban
LP017329,Male,No,3,Not Graduate,No,5000,1800,110,240,,Urban
LP017330,Female,Yes,0,Not Graduate,Yes,2340,2546,78,180,,Semiurban
LP017331,,No,2,Not Graduate,,3276,0,110,240,1,Urban
LP017332,Female,No,0,Not Graduate,Yes,5000,1800,126,240,0,Urban
LP017333,Female,No,1,Not Graduate,,5720,0,78,180,1,Semiurban
LP017334,Female,No,3,Graduate,,2340,1800,100,,0,Semiurban
LP017335,,Yes,2,Not Graduate,No,3276,1500,208,240,1,Urban
LP017336,Female,Yes,3,Graduate,Yes,3276,0,110,180,1,Rural
LP017337,,Yes,0,Not Graduate,Yes,5720,1500,208,,1,Urban
LP017338,Male,Yes,0,Graduate,,3276,1800,100,360,1,Rural
LP017339,,Yes,0,Graduate,,3276,1800,100,240,1,Semiurban
LP017340,Male,No,3,Not Graduate,No,5000,2546,126,240,0,Rural
LP017341,,Yes,2,Graduate,,5000,1800,100,360,1,Urban
LP017342,Female,Yes,2,Graduate,Yes,3276,0,100,240,1,Semiurban
LP017343,,No,1,Graduate,No,3076,1500,110,360,0,Semiurban
LP017344,Female,No,3,Graduate,Yes,5720,0,208,180,,Rural
LP017345,Male,No,1,Graduate,No,3076,1500,110,360,0,Semiurban
LP017346,,Yes,1,Graduate,Yes,3076,2546,110,,,Rural
LP017347,Female,No,1,Not Graduate,,3276,0,78,180,0,Urban
LP017348,Male,No,1,Graduate,Yes,5720,0,78,360,1,Semiurban
LP017349,Male,No,0,Not Graduate,Yes,3076,1800,126,,,Urban
LP017350,,Yes,1,Graduate,No,5000,2546,126,360,1,Rural
LP017351,Male,No,2,Graduate,Yes,5000,2546,100,,,Rural
LP017352,Female,No,1,Graduate,,5720,1800,126,360,1,Urban
LP017353,Male,Yes,0,Graduate,No,3076,0,126,240,,Rural
LP017354,Male,No,,Graduate,No,2340,1800,100,,1,Rural
LP017355,Female,Yes,,Graduate,Yes,2340,2546,208,240,,Urban
LP017356,Male,Yes,,Graduate,No,5720,0,100,240,,Urban
LP017357,Male,No,3,Graduate,,5720,0,100,,1,Semiurban
LP017358,Male,Yes,2,Not Graduate,Yes,2340,2546,208,240,0,Semiurban
LP017359,Male,No,0,Not Graduate,,3076,2546,100,180,0,Urban
LP017360,Female,No,,Not Graduate,Yes,3076,1800,78,360,1,Semiurban
LP017361,Male,No,0,Not Graduate,Yes,3276,1500,126,,1,Rural
LP017362,Female,No,0,Graduate,No,5720,2546,100,180,0,Semiurban
LP017363,Male,Yes,3,Graduate,No,3076,1500,110,,,Semiurban
LP017364,Male,No,,Graduate,No,2340,0,126,360,1,Rural
LP017365,Male,No,1,Not Graduate,Yes,2340,0,78,,1,Urban
LP017366,Male,No,0,Not Graduate,No,5000,1500,78,360,1,Rural
LP017367,Female,Yes,,Not Graduate,,3076,1500,100,180,1,Semiurban
LP017368,Female,Yes,0,Graduate,No,3276,1500,208,,0,Rural
LP017369,Female,No,3,Graduate,,3276,1500,110,360,0,Urban
LP017370,,Yes,3,Not Graduate,No,5720,1500,100,240,1,Semiurban
LP017371,Male,Yes,1,Graduate,Yes,5000,0,208,240,0,Urban
LP017372,Male,No,3,Graduate,No,2340,2546,78,180,0,Urban
LP017373,Female,No,,Graduate,,2340,0,126,180,0,Rural
LP017374,,No,3,Not Graduate,,5720,2546,78,180,,Urban
LP017375,Male,No,1,Graduate,No,3276,0,100,240,1,Rural
LP017376,Female,No,2,Not Graduate,,3276,0,208,360,1,Rural
LP017377,Male,Yes,0,Not Graduate,Yes,2340,1500,100,180,1,Semiurban
LP017378,Male,No,0,Graduate,No,5720,0,78,360,1,Urban
LP017379,Female,No,,Graduate,,3076,0,110,360,0,Urban
LP017380,Female,No,1,Graduate,No,5000,1500,78,180,0,Urban
LP017381,Male,No,1,Not Graduate,No,3276,0,100,180,,Urban
LP017382,Male,No,1,Not Graduate,No,3276,0,208,240,1,Urban
LP017383,Female,Yes,0,Graduate,No,3276,0,100,180,,Rural
LP017384,Male,No,3,Graduate,No,3076,1800,126,240,,Semiurban
LP017385,Male,Yes,0,Not Graduate,Yes,3076,2546,126,240,,Semiurban
LP017386,Female,No,0,Not Graduate,No,5000,1800,208,360,,Urban
LP017387,Male,No,0,Not Graduate,Yes,3276,2546,78,240,0,Rural
LP017388,Male,No,3,Not Graduate,No,2340,1500,100,360,,Rural
LP017389,,Yes,2,Not Graduate,,3276,1500,126,240,0,Urban
LP017390,Female,No,,Graduate,No,5000,2546,110,180,0,Semiurban
LP017391,,No,2,Not Graduate,No,5000,2546,126,,,Urban
LP017392,,No,2,Not Graduate,,2340,0,78,360,1,Rural
LP017393,,No,0,Graduate,Yes,3076,2546,208,180,0,Urban
LP017394,Male,No,2,Not Graduate,Yes,2340,2546,110,360,1,Urban
LP017395,Male,No,0,Not Graduate,Yes,5000,1500,100,240,0,Urban
LP017396,,No,0,Graduate,Yes,2340,1500,100,360,0,Rural
LP017397,,Yes,,Not Graduate,,3276,0,208,,,Semiurban
LP017398,,No,1,Graduate,Yes,5000,0,110,180,,Urban
LP017399,Male,No,0,Not Graduate,Yes,3076,1500,110,360,1,Semiurban
LP017400,,No,2,Not Graduate,Yes,3076,0,110,,0,Semiurban
LP017401,,Yes,,Graduate,Yes,2340,1800,208,180,1,Rural
LP017402,Female,Yes,2,Not Graduate,Yes,2340,1800,208,,,Urban
LP017403,Female,No,1,Not Graduate,No,2340,0,100,360,,Urban
LP017404,Male,Yes,3,Graduate,No,3276,0,126,,1,Semiurban
LP017405,Female,No,1,Not Graduate,Yes,3076,2546,78,240,1,Semiurban
LP017406,Female,No,,Not Graduate,,5000,2546,100,360,0,Semiurban
LP017407,Female,Yes,1,Not Graduate,,5000,1800,110,180,1,Rural
LP017408,Male,No,1,Not Graduate,No,3076,1800,126,240,1,Rural
LP017409,Female,Yes,,Not Graduate,,2340,2546,78,360,,Semiurban
LP017410,Male,Yes,,Graduate,No,5720,2546,110,240,,Rural
LP017411,,Yes,2,Not Graduate,Yes,2340,2546,208,,1,Rural
LP017412,Female,No,0,Not Graduate,Yes,3076,0,126,180,,Rural
LP017413,Male,No,3,Graduate,,3276,1500,208,240,,Urban
LP017414,Female,No,3,Graduate,,2340,1800,78,,,Rural
LP017415,,No,3,Graduate,,5000,0,78,,,Semiurban
LP017416,Male,No,1,Graduate,Yes,3276,2546,110,180,0,Urban
LP017417,Male,No,,Not Graduate,Yes,3076,0,208,360,0,Semiurban
LP017418,Male,No,,Not Graduate,,5720,1800,100,180,1,Rural
LP017419,,Yes,,Not Graduate,,2340,2546,100,180,0,Semiurban
LP017420,,No,0,Not Graduate,,3276,0,208,,1,Semiurban
LP017421,,No,,Not Graduate,,3276,1800,78,180,0,Rural
LP017422,Male,No,,Not Graduate,No,5000,1800,126,180,0,Semiurban
LP017423,,Yes,1,Not Graduate,,2340,0,208,360,1,Rural
LP017424,Female,Yes,2,Graduate,,5720,0,110,180,1,Rural
LP017425,,Yes,3,Not Graduate,No,3276,1800,100,180,1,Rural
LP017426,Male,No,1,Graduate,No,5000,0,110,,,Semiurban
LP017427,Female,Yes,1,Graduate,No,2340,2546,126,360,,Semiurban
LP017428,,Yes,1,Graduate,No,2340,2546,100,180,,Semiurban
LP017429,Female,No,3,Not Graduate,,5720,1800,100,360,1,Urban
LP017430,Female,No,1,Not Graduate,Yes,5000,2546,100,360,,Semiurban
LP017431,Male,No,2,Graduate,Yes,5720,0,110,,0,Rural
LP017432,Female,Yes,,Not Graduate,Yes,3276,2546,78,180,0,Rural
LP017433,Female,No,2,Not Graduate,Yes,3076,1500,110,240,0,Urban
LP017434,Male,No,,Graduate,Yes,3076,0,78,360,0,Urban
LP017435,Male,No,,Graduate,Yes,5720,0,208,,,Urban
LP017436,Male,No,1,Not Graduate,No,5720,1800,100,360,,Urban
LP017437,Female,No,1,Graduate,No,3076,1800,110,240,0,Semiurban
LP017438,Female,No,3,Graduate,Yes,3276,2546,126,240,1,Semiurban
LP017439,Female,Yes,0,Graduate,,5720,2546,126,180,0,Rural
LP017440,Male,No,2,Not Graduate,,3276,1800,78,,0,Semiurban
LP017441,,Yes,3,Not Graduate,Yes,3276,0,78,240,1,Urban
LP017442,Female,Yes,3,Graduate,,5000,2546,100,360,1,Urban
LP017443,,No,2,Graduate,No,3276,0,78,240,,Urban
LP017444,Male,Yes,2,Not Graduate,No,2340,0,126,360,1,Urban
LP017445,Female,Yes,,Not Graduate,,3076,1500,110,,1,Semiurban
LP017446,,Yes,0,Not Graduate,Yes,3076,0,110,180,,Rural
LP017447,Female,No,1,Not Graduate,No,5720,2546,78,240,,Rural
LP017448,Female,Yes,0,Not Graduate,,5720,1800,78,,0,Semiurban
LP017449,Female,Yes,0,Not Graduate,,5000,1800,126,,0,Urban
LP017450,,Yes,1,Graduate,No,5000,1500,208,240,1,Semiurban
LP017451,Male,Yes,0,Graduate,No,2340,1500,110,,,Semiurban
LP017452,Female,No,3,Graduate,Yes,5720,0,78,180,1,Rural
LP017453,Male,No,3,Not Graduate,,3076,0,100,180,1,Semiurban
LP017454,Male,Yes,1,Graduate,Yes,2340,1500,78,240,0,Urban
LP017455,,No,1,Graduate,No,5720,0,78,240,1,Semiurban
LP017456,,No,2,Graduate,,2340,0,110,,1,Rural
LP017457,Male,Yes,2,Graduate,No,3276,0,78,,0,Rural
LP017458,Female,No,0,Graduate,No,3276,2546,100,,0,Rural
LP017459,,No,0,Graduate,No,2340,1500,100,240,,Semiurban
LP017460,Female,Yes,1,Graduate,Yes,5720,1800,100,240,0,Urban
LP017461,Female,Yes,0,Not Graduate,No,3276,0,126,360,,Urban
LP017462,Female,No,,Graduate,Yes,3276,1800,100,,,Urban
LP017463,Male,No,3,Graduate,No,2340,2546,110,240,0,Rural
LP017464,Female,No,0,Not Graduate,No,3276,0,208,360,0,Rural
LP017465,Male,No,0,Graduate,,3076,2546,78,180,0,Rural
LP017466,Male,Yes,2,Not Graduate,No,3276,2546,78,360,1,Urban
LP017467,Female,Yes,,Graduate,,2340,1500,78,180,0,Rural
LP017468,Female,Yes,0,Not Graduate,,3276,0,100,240,,Rural
LP017469,Female,Yes,3,Graduate,Yes,3276,2546,100,,,Semiurban
LP017470,Female,Yes,0,Graduate,,5000,0,100,180,,Rural
LP017471,Male,No,1,Graduate,,2340,1800,208,,0,Rural
LP017472,Female,No,,Graduate,No,2340,0,208,,,Urban
LP017473,Female,Yes,0,Graduate,No,5000,0,208,180,,Urban
LP017474,Male,Yes,,Not Graduate,Yes,5000,1800,208,,1,Semiurban
LP017475,,Yes,0,Graduate,,3076,1500,208,,0,Urban
LP017476,,No,3,Not Graduate,,3276,1800,78,,0,Urban
LP017477,Male,No,3,Graduate,Yes,5720,1800,78,,,Rural
LP017478,,No,,Graduate,No,5720,1500,208,360,1,Semiurban
LP017479,Male,Yes,2,Graduate,,5000,1500,78,180,,Rural
LP017480,Female,Yes,2,Not Graduate,Yes,2340,2546,208,,1,Rural
LP017481,Female,Yes,1,Not Graduate,No,2340,0,208,,,Semiurban
LP017482,,Yes,2,Not Graduate,Yes,3076,0,208,240,,Urban
LP017483,Female,Yes,,Not Graduate,Yes,5720,1500,78,240,0,Semiurban
LP017484,,No,2,Not Graduate,,2340,1500,126,180,1,Rural
LP017485,,Yes,1,Graduate,No,3076,2546,126,,1,Semiurban
LP017486,Female,No,0,Graduate,,3076,2546,126,180,1,Urban
LP017487,Female,No,2,Not Graduate,,5000,0,110,240,0,Semiurban
LP017488,,No,,Not Graduate,No,5720,1500,126,240,0,Rural
LP017489,Female,No,,Graduate,No,3076,1500,126,240,,Rural
LP017490,Male,No,1,Graduate,No,3076,2546,126,360,1,Rural
LP017491,Female,Yes,1,Not Graduate,,3076,1800,100,360,1,Rural
LP017492,Female,Yes,3,Not Graduate,No,5720,0,208,240,,Urban
LP017493,Male,Yes,3,Graduate,No,5000,1500,78,240,,Semiurban
LP017494,Female,No,3,Not Graduate,No,3276,0,100,360,,Semiurban
LP017495,Female,No,0,Graduate,Yes,2340,0,208,240,,Semiurban
LP017496,,No,,Not Graduate,No,5720,2546,126,240,1,Urban
LP017497,Female,No,3,Not Graduate,,5720,0,126,360,,Semiurban
LP017498,Female,No,,Graduate,Yes,5720,2546,100,360,1,Semiurban
LP017499,Male,No,1,Graduate,,3276,1800,78,360,1,Urban
LP017500,,Yes,0,Not Graduate,Yes,2340,2546,100,240,1,Rural
LP017501,,No,1,Graduate,No,2340,1500,100,240,,Rural
LP017502,,No,,Not Graduate,Yes,3076,0,208,,,Urban
LP017503,Female,Yes,3,Not Graduate,,3076,1500,110,240,,Urban
LP017504,,No,1,Graduate,Yes,5000,0,78,240,,Rural
LP017505,Male,Yes,2,Graduate,No,5720,0,78,360,0,Urban
LP017506,,Yes,0,Graduate,No,5000,2546,100,180,,Semiurban
LP017507,Male,Yes,,Not Graduate,,5720,0,100,240,0,Semiurban
LP017508,,No,3,Graduate,Yes,2340,0,126,240,,Urban
LP017509,,Yes,1,Graduate,,5000,0,100,240,0,Rural
LP017510,Male,Yes,0,Graduate,,2340,0,208,,,Semiurban
LP017511,,No,3,Not Graduate,,3076,1500,126,360,,Rural
LP017512,,Yes,1,Graduate,No,2340,0,110,,1,Semiurban
LP017513,,No,,Graduate,Yes,3276,2546,208,,0,Rural
LP017514,Female,No,2,Graduate,No,5000,0,78,180,,Urban
LP017515,Male,Yes,2,Graduate,No,5720,0,78,240,0,Semiurban
LP017516,,No,,Not Graduate,No,2340,0,208,,1,Semiurban
LP017517,Male,No,0,Not Graduate,Yes,5000,1500,100,,0,Semiurban
LP017518,Male,Yes,,Not Graduate,No,5720,1500,100,,,Urban
LP017519,Male,Yes,1,Not Graduate,No,5000,1800,100,360,1,Urban
LP017520,,Yes,0,Graduate,No,5000,1800,78,240,,Rural
LP017521,,Yes,2,Not Graduate,Yes,3276,2546,208,,1,Rural
LP017522,Male,No,1,Graduate,Yes,2340,0,100,240,1,Rural
LP017523,Female,Yes,3,Not Graduate,,3276,1500,126,240,0,Semiurban
LP017524,Male,Yes,3,Graduate,No,3076,1800,78,180,,Rural
LP017525,Female,Yes,3,Graduate,No,5000,0,208,360,,Rural
LP017526,Male,No,2,Graduate,Yes,2340,0,208,,1,Semiurban
LP017527,Male,No,,Not Graduate,Yes,3076,1500,208,,,Rural
LP017528,Male,No,0,Not Graduate,No,3076,0,208,180,1,Semiurban
LP017529,,No,2,Not Graduate,,3276,0,110,,0,Semiurban
LP017530,Female,No,1,Graduate,,3076,1800,126,360,1,Rural
LP017531,Female,Yes,1,Not Graduate,No,5720,2546,110,,,Rural
LP017532,Male,No,3,Graduate,,5720,1800,100,360,1,Rural
LP017533,,No,0,Not Graduate,,5720,0,110,,,Urban
LP017534,,No,3,Not Graduate,No,3076,0,110,240,0,Rural
LP017535,Female,Yes,1,Not Graduate,,5000,1800,78,240,0,Urban
LP017536,,Yes,1,Not Graduate,Yes,2340,1500,208,180,1,Semiurban
LP017537,Female,No,,Not Graduate,No,5720,0,110,,0,Semiurban
LP017538,Female,Yes,,Graduate,Yes,5720,1800,208,,0,Rural
LP017539,Female,No,,Not Graduate,No,5720,0,126,360,1,Rural
LP017540,,Yes,3,Not Graduate,Yes,3276,1500,110,,,Rural
LP017541,Female,Yes,0,Not Graduate,,3276,0,78,180,1,Urban
LP017542,Female,No,,Graduate,Yes,5720,0,78,,1,Semiurban
LP017543,Male,Yes,2,Not Graduate,Yes,5720,1500,100,240,,Urban
LP017544,Female,No,,Not Graduate,Yes,3276,0,110,180,0,Rural
LP017545,Female,No,3,Graduate,Yes,2340,1800,126,240,1,Urban
LP017546,Male,No,0,Not Graduate,Yes,5000,0,208,180,1,Semiurban
LP017547,Male,Yes,,Graduate,No,2340,1500,110,180,,Rural
LP017548,,Yes,0,Graduate,Yes,5000,1800,100,180,1,Urban
LP017549,Female,No,2,Not Graduate,Yes,3076,1500,78,180,,Semiurban
LP017550,,No,1,Graduate,No,3076,2546,110,360,1,Rural
LP017551,,Yes,0,Not Graduate,No,2340,2546,100,180,1,Rural
LP017552,Male,No,,Graduate,,3276,0,126,240,,Rural
LP017553,,Yes,3,Not Graduate,Yes,5720,1500,208,,,Rural
LP017554,Female,Yes,3,Graduate,Yes,3076,1800,126,360,1,Urban
LP017555,Male,Yes,3,Graduate,,3276,0,126,360,,Urban
LP017556,Female,No,3,Graduate,Yes,3276,2546,208,360,1,Rural
LP017557,Female,No,0,Not Graduate,,5000,2546,110,,,Rural
LP017558,Male,Yes,3,Graduate,No,3076,2546,208,,0,Urban
LP017559,Female,No,1,Not Graduate,Yes,2340,0,100,360,0,Urban
LP017560,Male,No,2,Not Graduate,Yes,3276,1800,126,360,0,Rural
LP017561,Female,Yes,0,Graduate,No,2340,2546,208,180,0,Rural
LP017562,Male,Yes,0,Not Graduate,Yes,2340,0,78,180,1,Urban
LP017563,,No,3,Not Graduate,No,3076,0,208,,1,Urban
LP017564,Female,Yes,3,Graduate,No,2340,0,208,180,0,Urban
LP017565,Male,No,0,Not Graduate,,2340,0,100,240,0,Urban
LP017566,Female,Yes,3,Not Graduate,No,5720,1800,126,240,0,Rural
LP017567,Female,Yes,3,Graduate,,2340,2546,100,180,,Urban
LP017568,Female,No,3,Graduate,No,5720,0,100,180,1,Rural
LP017569,Male,No,3,Graduate,,3076,1800,78,360,0,Urban
LP017570,,No,3,Graduate,,2340,0,100,180,0,Urban
LP017571,,No,,Not Graduate,,3276,2546,100,240,1,Semiurban
LP017572,,No,,Not Graduate,,2340,0,78,,0,Semiurban
LP017573,Male,Yes,,Not Graduate,Yes,5720,2546,110,,0,Semiurban
LP017574,,Yes,0,Graduate,No,3276,0,100,360,1,Urban
LP017575,Male,No,2,Not Graduate,No,3076,2546,208,,1,Semiurban
LP017576,Female,Yes,0,Graduate,No,5000,0,100,180,,Semiurban
LP017577,Female,No,,Not Graduate,No,5000,1500,126,360,1,Rural
LP017578,,Yes,0,Graduate,,5720,0,208,180,0,Semiurban
LP017579,Male,Yes,2,Not Graduate,Yes,3076,0,208,,1,Semiurban
LP017580,Female,No,3,Not Graduate,No,3076,0,110,180,1,Rural
LP017581,Male,No,1,Graduate,No,2340,1800,126,360,0,Urban
LP017582,Male,No,,Not Graduate,No,5000,2546,126,360,1,Semiurban
LP017583,Female,Yes,,Not Graduate,,2340,1500,126,240,,Rural
LP017584,Male,No,2,Not Graduate,No,3076,1500,100,,1,Rural
LP017585,Female,No,3,Not Graduate,No,5720,2546,100,180,1,Semiurban
LP017586,Female,No,3,Graduate,Yes,5720,2546,208,240,0,Rural
LP017587,Female,No,1,Not Graduate,,3276,1800,110,240,,Semiurban
LP017588,Male,No,3,Graduate,Yes,5720,0,100,,,Urban
LP017589,Female,No,2,Graduate,No,5000,1500,100,180,1,Semiurban
LP017590,Male,Yes,3,Graduate,,3276,0,110,,,Urban
LP017591,Female,Yes,2,Not Graduate,No,5000,2546,126,180,0,Rural
LP017592,Female,Yes,,Graduate,No,2340,2546,208,240,1,Rural
LP017593,,Yes,,Graduate,,2340,1500,100,240,,Urban
LP017594,,No,,Graduate,Yes,5720,2546,110,240,0,Semiurban
LP017595,,No,0,Not Graduate,,3276,1500,110,180,0,Semiurban
LP017596,Male,Yes,,Not Graduate,,5000,0,126,360,0,Semiurban
LP017597,Male,Yes,2,Graduate,Yes,5000,0,78,,1,Rural
LP017598,Female,Yes,1,Graduate,,3076,1500,78,180,0,Rural
LP017599,Female,No,3,Not Graduate,Yes,5720,2546,78,,0,Urban
LP017600,Female,No,,Graduate,Yes,2340,1800,78,,1,Semiurban
LP017601,Female,No,0,Not Graduate,,3076,1800,100,240,1,Rural
LP017602,Male,Yes,0,Graduate,,2340,0,110,,0,Rural
LP017603,Female,Yes,2,Not Graduate,Yes,2340,1800,208,360,1,Rural
LP017604,Female,Yes,1,Not Graduate,Yes,5000,2546,100,180,,Urban
LP017605,,Yes,,Not Graduate,Yes,2340,1800,78,360,1,Rural
LP017606,Female,Yes,,Graduate,Yes,3276,0,208,360,0,Urban
LP017607,Female,No,0,Graduate,Yes,2340,0,208,240,1,Urban
LP017608,Female,No,2,Not Graduate,,3276,1500,78,180,1,Urban
LP017609,Male,No,0,Not Graduate,No,2340,1800,208,180,0,Semiurban
LP017610,,No,0,Graduate,,3076,1500,100,360,0,Semiurban
LP017611,Female,No,1,Not Graduate,No,5000,1500,126,180,1,Rural
LP017612,Female,Yes,2,Graduate,Yes,3076,0,100,,,Semiurban
LP017613,,No,1,Not Graduate,,5000,0,100,180,,Semiurban
LP017614,Female,Yes,2,Not Graduate,No,3076,2546,126,180,0,Rural
LP017615,Male,No,,Graduate,Yes,5720,2546,78,,,Urban
LP017616,Female,Yes,3,Graduate,,2340,2546,78,,1,Urban
LP017617,Male,Yes,3,Not Graduate,No,2340,0,126,,0,Rural
LP017618,Male,Yes,2,Graduate,,5720,0,100,,1,Rural
LP017619,Female,Yes,3,Not Graduate,No,5720,0,110,180,,Semiurban
LP017620,,Yes,0,Graduate,,3276,1800,208,240,,Urban
LP017621,Male,Yes,,Not Graduate,,3076,1500,208,240,,Semiurban
LP017622,,No,,Graduate,No,2340,0,208,,0,Urban
LP017623,Female,Yes,3,Graduate,,3276,0,110,180,,Urban
LP017624,Male,Yes,2,Not Graduate,,2340,1800,100,180,0,Semiurban
LP017625,Female,No,0,Not Graduate,Yes,5720,1500,78,180,0,Urban
LP017626,,Yes,2,Not Graduate,No,3276,2546,126,180,0,Urban
LP017627,Female,No,3,Not Graduate,,3276,0,208,180,0,Urban
LP017628,Female,No,,Not Graduate,No,3276,0,110,240,0,Semiurban
LP017629,Male,Yes,,Not Graduate,,3076,0,126,360,0,Semiurban
LP017630,Female,Yes,2,Graduate,No,3276,0,100,360,,Rural
LP017631,Female,No,1,Not Graduate,No,2340,0,110,360,0,Urban
LP017632,Female,Yes,2,Not Graduate,Yes,3076,0,110,,1,Urban
LP017633,Male,No,1,Not Graduate,Yes,2340,0,126,,1,Urban
LP017634,,Yes,2,Not Graduate,No,3276,0,126,240,1,Semiurban
LP017635,,No,1,Graduate,,3276,1800,208,240,,Urban
LP017636,Female,Yes,1,Not Graduate,No,2340,1800,100,180,0,Semiurban
LP017637,Male,Yes,1,Not Graduate,,5000,0,126,240,,Semiurban
LP017638,Female,No,1,Graduate,No,3276,1800,208,,,Semiurban
LP017639,,No,0,Graduate,Yes,3276,2546,208,240,0,Semiurban
LP017640,Male,No,1,Not Graduate,Yes,3076,2546,126,180,,Rural
LP017641,,No,1,Graduate,,2340,0,110,180,0,Semiurban
LP017642,,Yes,,Not Graduate,No,3276,1500,110,180,0,Rural
LP017643,Male,No,0,Graduate,,2340,0,110,,0,Semiurban
LP017644,Male,No,1,Graduate,Yes,3076,1500,208,360,1,Semiurban
LP017645,Female,Yes,3,Graduate,No,2340,0,110,360,0,Urban
LP017646,Female,Yes,0,Graduate,Yes,2340,1800,100,,0,Semiurban
LP017647,,No,,Graduate,Yes,3076,1800,110,180,,Urban
LP017648,Male,Yes,2,Not Graduate,No,3276,2546,110,180,1,Semiurban
LP017649,Male,No,,Not Graduate,,2340,1500,208,,,Rural
LP017650,Female,Yes,,Graduate,No,5000,0,78,360,,Rural
LP017651,,No,0,Graduate,Yes,3276,0,100,180,1,Rural
LP017652,,Yes,0,Graduate,Yes,3076,1800,208,180,,Semiurban
LP017653,Female,No,3,Not Graduate,Yes,5720,0,100,360,,Urban
LP017654,Male,No,3,Not Graduate,Yes,5000,0,100,,0,Semiurban
LP017655,Female,Yes,0,Not Graduate,,3276,0,110,240,1,Urban
LP017656,Female,Yes,0,Graduate,No,3076,2546,100,180,1,Rural
LP017657,Female,No,0,Not Graduate,No,5000,0,110,360,1,Urban
LP017658,Female,No,2,Graduate,,3276,0,100,,,Rural
LP017659,Male,Yes,,Graduate,,5720,0,78,360,,Urban
LP017660,Female,Yes,3,Graduate,Yes,3276,0,100,360,1,Urban
LP017661,Male,Yes,3,Graduate,No,5720,1800,126,240,,Urban
LP017662,Female,Yes,1,Not Graduate,No,5720,0,110,180,1,Rural
LP017663,,Yes,2,Not Graduate,No,2340,0,78,180,,Rural
LP017664,Male,Yes,0,Graduate,,3076,0,110,180,1,Rural
LP017665,,Yes,0,Graduate,Yes,2340,1800,78,240,1,Rural
LP017666,Female,Yes,2,Graduate,Yes,5720,1500,110,360,,Urban
LP017667,Female,Yes,3,Graduate,No,3076,2546,126,,1,Rural
LP017668,Female,No,0,Graduate,Yes,3076,0,126,360,1,Semiurban
LP017669,Male,Yes,1,Graduate,,3076,1800,78,180,0,Urban
LP017670,,Yes,3,Not Graduate,,5000,2546,208,240,1,Semiurban
LP017671,Male,No,,Not Graduate,No,3276,0,110,360,1,Rural
LP017672,Male,No,2,Not Graduate,Yes,5720,0,208,240,0,Urban
LP017673,Female,No,3,Graduate,,3076,1500,100,,1,Rural
LP017674,,No,,Not Graduate,,5000,0,126,,1,Urban
LP017675,Female,No,1,Not Graduate,,5000,2546,110,180,0,Urban
LP017676,Male,No,2,Not Graduate,,5720,1800,126,240,,Rural
LP017677,Female,Yes,0,Not Graduate,Yes,2340,1500,100,180,1,Rural
LP017678,,No,0,Not Graduate,,5000,2546,78,240,,Urban
LP017679,Female,No,,Graduate,,5720,1800,110,240,1,Semiurban
LP017680,,No,3,Graduate,Yes,5000,2546,110,,1,Urban
LP017681,,Yes,1,Graduate,No,5720,0,110,360,,Rural
LP017682,Female,No,,Not Graduate,No,3076,2546,78,360,0,Rural
LP017683,Male,Yes,1,Graduate,,2340,1500,126,,0,Semiurban
LP017684,Female,No,1,Not Graduate,No,5000,2546,78,,1,Semiurban
LP017685,Male,No,1,Graduate,Yes,5000,0,126,240,0,Urban
LP017686,Male,Yes,2,Not Graduate,,5000,0,110,360,1,Urban
LP017687,Female,Yes,,Not Graduate,Yes,3276,2546,78,180,1,Semiurban
LP017688,Male,No,2,Graduate,No,3276,1800,100,180,,Urban
LP017689,Male,Yes,3,Graduate,No,3076,0,78,360,,Rural
LP017690,Female,Yes,3,Not Graduate,,5000,1800,126,360,0,Urban
LP017691,Female,No,0,Not Graduate,No,2340,1500,110,360,,Urban
LP017692,Female,No,0,Graduate,,3276,0,126,240,1,Semiurban
LP017693,Male,No,0,Graduate,,5720,2546,208,,0,Rural
LP017694,,Yes,3,Not Graduate,Yes,5720,0,110,,,Urban
LP017695,Male,No,1,Graduate,No,5720,2546,100,240,0,Urban
LP017696,,No,1,Graduate,No,3076,2546,100,180,0,Rural
LP017697,Female,Yes,,Graduate,,5000,0,208,240,1,Rural
LP017698,,Yes,3,Graduate,,5000,0,126,360,0,Rural
LP017699,Female,No,0,Not Graduate,,3276,0,100,,1,Urban
LP017700,Female,Yes,3,Not Graduate,,5720,1500,126,,1,Semiurban
LP017701,,No,1,Not Graduate,Yes,3076,0,110,240,0,Urban
LP017702,Female,Yes,1,Graduate,No,2340,0,78,,,Urban
LP017703,,No,2,Not Graduate,Yes,5000,1800,110,240,,Rural
LP017704,Female,Yes,2,Not Graduate,No,5000,1800,126,,0,Rural
LP017705,Male,Yes,,Graduate,Yes,3076,1800,208,240,1,Urban
LP017706,Male,Yes,3,Graduate,,3276,0,110,360,1,Rural
LP017707,Female,Yes,2,Not Graduate,Yes,3076,1500,100,240,0,Urban
LP017708,Female,No,2,Not Graduate,Yes,3276,1500,110,,0,Rural
LP017709,,Yes,3,Graduate,,5000,2546,110,240,,Semiurban
LP017710,Male,No,1,Graduate,,3276,1500,110,240,1,Urban
LP017711,,Yes,,Graduate,No,3276,1800,208,,1,Urban
LP017712,Female,Yes,,Graduate,No,3276,0,126,360,0,Rural
LP017713,Female,No,,Graduate,Yes,3276,2546,208,240,1,Urban
LP017714,,Yes,2,Not Graduate,Yes,5720,0,100,180,0,Urban
LP017715,Female,Yes,1,Not Graduate,Yes,5720,1500,126,180,1,Urban
LP017716,Male,No,,Not Graduate,,5720,0,100,360,,Rural
LP017717,,Yes,3,Not Graduate,No,5720,1800,126,360,1,Rural
LP017718,Male,No,,Graduate,Yes,3076,0,126,,0,Urban
LP017719,Male,Yes,0,Graduate,No,2340,0,110,,0,Semiurban
LP017720,Male,Yes,1,Not Graduate,No,3276,1500,110,240,1,Semiurban
LP017721,,Yes,0,Graduate,,3076,0,208,360,,Urban
LP017722,Female,No,1,Not Graduate,,5720,1800,126,240,,Semiurban
LP017723,Male,Yes,3,Not Graduate,Yes,3276,1800,100,,,Urban
LP017724,Male,Yes,2,Not Graduate,Yes,2340,1800,110,240,0,Rural
LP017725,Male,Yes,2,Not Graduate,Yes,3276,1800,100,240,0,Semiurban
LP017726,Female,Yes,1,Not Graduate,Yes,5000,1500,110,240,,Semiurban
LP017727,Female,Yes,,Not Graduate,Yes,5000,1500,126,360,1,Urban
LP017728,,Yes,0,Graduate,No,3076,0,100,180,1,Urban
LP017729,Female,Yes,3,Graduate,No,2340,2546,208,360,1,Rural
LP017730,,Yes,,Not Graduate,,3076,1500,208,240,1,Semiurban
LP017731,,Yes,2,Not Graduate,,3276,1800,208,,0,Semiurban
LP017732,,No,,Not Graduate,No,2340,0,110,180,,Semiurban
LP017733,,Yes,0,Graduate,,3076,1800,110,240,,Semiurban
LP017734,,No,2,Graduate,,3276,1500,208,240,1,Urban
LP017735,Male,No,1,Graduate,Yes,5720,0,100,,,Rural
LP017736,Female,No,3,Not Graduate,,3276,1800,110,240,0,Semiurban
LP017737,Male,Yes,3,Graduate,,3076,2546,208,240,1,Rural
LP017738,,No,2,Not Graduate,,2340,0,110,180,,Urban
LP017739,Female,No,1,Graduate,No,2340,0,78,360,0,Urban
LP017740,Male,No,0,Not Graduate,No,5720,1800,100,,,Urban
LP017741,Male,Yes,3,Not Graduate,Yes,3076,0,126,,0,Rural
LP017742,,No,2,Not Graduate,,5720,2546,100,,,Rural
LP017743,Male,Yes,3,Graduate,No,5000,2546,126,360,,Semiurban
LP017744,Male,No,1,Graduate,Yes,3276,1800,208,360,0,Rural
LP017745,Male,No,0,Graduate,,5000,2546,110,180,,Rural
LP017746,Male,Yes,1,Not Graduate,Yes,5000,0,208,180,1,Semiurban
LP017747,Male,Yes,,Not Graduate,Yes,5720,1800,126,,,Urban
LP017748,,No,1,Graduate,,5720,0,78,360,,Urban
LP017749,,No,1,Graduate,No,3276,2546,126,180,0,Rural
LP017750,Male,No,3,Not Graduate,,5720,2546,110,240,1,Semiurban
LP017751,,Yes,1,Not Graduate,,5720,0,78,360,,Rural
LP017752,,Yes,2,Graduate,,5720,1500,110,240,,Rural
LP017753,Female,No,3,Not Graduate,No,5720,1500,78,180,,Urban
LP017754,Male,No,3,Graduate,,5720,1800,110,240,,Semiurban
LP017755,,Yes,,Graduate,No,5000,0,126,180,0,Rural
LP017756,,Yes,2,Not Graduate,Yes,5000,1500,126,,,Rural
LP017757,Male,No,1,Graduate,No,3276,1800,126,,0,Rural
LP017758,Female,Yes,,Graduate,Yes,2340,2546,126,,1,Urban
LP017759,Male,No,2,Not Graduate,Yes,3276,1500,78,360,0,Urban
LP017760,Female,Yes,,Graduate,,3076,0,100,360,1,Rural
LP017761,Male,No,0,Graduate,No,3276,0,100,,1,Semiurban
LP017762,Male,No,1,Not Graduate,Yes,3276,0,208,360,1,Urban
LP017763,Male,No,,Not Graduate,Yes,5720,1500,100,180,,Rural
LP017764,Male,Yes,0,Graduate,No,5720,0,208,240,0,Urban
LP017765,Female,No,1,Graduate,No,5720,1800,126,180,1,Urban
LP017766,Female,No,,Not Graduate,Yes,2340,0,110,,0,Rural
LP017767,,Yes,,Not Graduate,Yes,5720,2546,100,240,1,Urban
LP017768,Male,No,,Graduate,No,3076,0,100,180,1,Urban
LP017769,Female,No,,Graduate,No,5000,2546,126,240,1,Rural
LP017770,Female,No,3,Graduate,Yes,3076,0,126,360,,Urban
LP017771,Female,Yes,,Graduate,,2340,1800,100,240,0,Rural
LP017772,Male,Yes,3,Not Graduate,No,5720,2546,126,240,,Rural
LP017773,,Yes,3,Not Graduate,Yes,3276,0,100,,0,Rural
LP017774,Female,Yes,0,Not Graduate,Yes,5000,2546,110,360,1,Urban
LP017775,Male,No,1,Not Graduate,,2340,1500,110,180,0,Semiurban
LP017776,Female,Yes,3,Graduate,No,3076,0,208,,0,Semiurban
LP017777,Female,Yes,2,Not Graduate,Yes,5720,1800,100,240,0,Urban
LP017778,,Yes,3,Graduate,,2340,0,110,180,,Urban
LP017779,Female,No,2,Graduate,No,2340,1800,110,240,1,Rural
LP017780,Female,No,0,Not Graduate,,3276,0,78,240,0,Semiurban
LP017781,Male,No,2,Not Graduate,Yes,3276,2546,110,180,0,Semiurban
LP017782,Male,Yes,0,Graduate,,3276,2546,208,240,0,Urban
LP017783,,No,0,Not Graduate,Yes,3076,1800,110,240,1,Rural
LP017784,Male,No,0,Graduate,Yes,3276,2546,126,180,0,Urban
LP017785,Male,Yes,2,Graduate,,2340,2546,78,180,0,Urban
LP017786,,No,2,Not Graduate,,2340,2546,100,,1,Semiurban
LP017787,Female,Yes,0,Graduate,Yes,2340,1500,208,180,,Urban
LP017788,,Yes,0,Not Graduate,,5000,0,110,,0,Semiurban
LP017789,Male,No,1,Not Graduate,No,5000,0,100,180,0,Urban
LP017790,,Yes,0,Not Graduate,No,3076,0,110,,1,Semiurban
LP017791,Female,Yes,,Graduate,,3276,2546,78,,0,Semiurban
LP017792,,Yes,1,Not Graduate,,2340,1800,100,240,1,Semiurban
LP017793,Male,Yes,1,Graduate,No,3276,2546,126,360,,Semiurban
LP017794,Male,Yes,1,Not Graduate,Yes,2340,0,126,180,1,Rural
LP017795,,Yes,,Graduate,Yes,5000,2546,100,180,0,Semiurban
LP017796,Female,No,1,Graduate,No,2340,1500,126,240,1,Rural
LP017797,,Yes,1,Graduate,Yes,3076,0,208,360,1,Rural
LP017798,Female,Yes,2,Graduate,,5720,0,78,360,1,Urban
LP017799,Female,Yes,2,Graduate,,2340,0,208,180,1,Semiurban
LP017800,,Yes,0,Not Graduate,No,3076,1500,100,180,,Urban
LP017801,Female,No,0,Graduate,No,5000,0,208,,1,Urban
LP017802,Male,No,3,Not Graduate,No,5000,1500,78,360,1,Semiurban
LP017803,,Yes,,Not Graduate,No,5720,0,78,360,0,Semiurban
LP017804,Female,No,2,Not Graduate,Yes,3276,0,100,,0,Urban
LP017805,Male,Yes,0,Not Graduate,Yes,3276,2546,208,,1,Urban
LP017806,,Yes,,Graduate,Yes,2340,0,78,180,1,Semiurban
LP017807,Male,Yes,1,Not Graduate,,5000,0,100,360,,Rural
LP017808,Male,Yes,,Not Graduate,,3076,0,78,240,0,Rural
LP017809,Male,No,2,Not Graduate,No,5720,0,110,,,Urban
LP017810,Female,No,3,Not Graduate,No,3276,0,110,360,1,Rural
LP017811,,Yes,2,Not Graduate,Yes,2340,0,78,360,,Urban
LP017812,,Yes,0,Not Graduate,Yes,2340,1500,100,360,,Semiurban
LP017813,Female,No,0,Graduate,Yes,5000,1800,110,360,0,Urban
LP017814,,No,,Graduate,No,3076,1500,78,,0,Rural
LP017815,Male,Yes,2,Graduate,Yes,3076,0,126,240,0,Rural
LP017816,,No,0,Not Graduate,No,3276,1500,208,240,0,Rural
LP017817,Female,Yes,1,Not Graduate,No,2340,1800,78,,1,Semiurban
LP017818,Male,No,1,Not Graduate,,5000,1500,110,360,0,Semiurban
LP017819,Female,No,3,Graduate,,3076,0,78,,1,Semiurban
LP017820,Male,No,,Not Graduate,No,2340,0,100,,0,Rural
LP017821,Male,No,0,Not Graduate,Yes,3076,0,110,360,1,Semiurban
LP017822,,Yes,3,Graduate,No,5720,0,100,,,Semiurban
LP017823,Male,Yes,1,Not Graduate,No,3076,0,100,,0,Semiurban
LP017824,Female,No,3,Graduate,No,3076,0,100,360,0,Urban
LP017825,,Yes,3,Not Graduate,No,2340,2546,78,240,,Rural
LP017826,Female,No,0,Not Graduate,,3076,1800,110,,0,Rural
LP017827,Male,No,0,Not Graduate,,3076,0,100,180,1,Rural
LP017828,Female,Yes,0,Graduate,No,5720,0,126,360,,Semiurban
LP017829,Female,Yes,,Not Graduate,,3076,0,208,180,0,Semiurban
LP017830,Male,Yes,3,Graduate,,3076,0,78,,0,Semiurban
LP017831,,No,3,Not Graduate,Yes,2340,1500,126,240,1,Urban
LP017832,Female,Yes,,Graduate,,5000,0,110,,0,Urban
LP017833,Male,Yes,1,Not Graduate,,5720,0,208,360,1,Urban
LP017834,,Yes,2,Graduate,No,3076,0,100,240,0,Semiurban
LP017835,,Yes,1,Graduate,,5000,0,126,,,Semiurban
LP017836,,No,,Not Graduate,,2340,1800,126,360,1,Rural
LP017837,Female,No,3,Graduate,,5720,2546,100,180,1,Urban
LP017838,Female,No,3,Graduate,No,2340,0,100,,0,Semiurban
LP017839,Female,No,0,Graduate,No,5000,0,126,180,1,Urban
LP017840,,No,0,Not Graduate,,5720,0,110,360,1,Urban
LP017841,Female,No,3,Graduate,No,3076,2546,78,360,,Semiurban
LP017842,Male,No,3,Not Graduate,No,5000,2546,110,180,1,Urban
LP017843,Female,Yes,0,Graduate,Yes,2340,0,110,240,,Urban
LP017844,Female,No,0,Graduate,,5720,0,78,,1,Semiurban
LP017845,,No,1,Graduate,Yes,5000,0,110,360,,Semiurban
LP017846,Female,No,3,Graduate,,5000,1800,208,240,,Urban
LP017847,Male,No,3,Not Graduate,,2340,0,100,360,,Rural
LP017848,,Yes,,Not Graduate,Yes,2340,1800,126,360,,Rural
LP017849,Male,No,1,Graduate,Yes,3076,0,78,360,,Rural
LP017850,,No,2,Not Graduate,,3076,2546,110,180,0,Semiurban
LP017851,,Yes,2,Not Graduate,Yes,5000,0,126,180,1,Rural
LP017852,Female,No,2,Graduate,Yes,2340,0,208,360,0,Semiurban
LP017853,Male,No,0,Graduate,No,5000,0,110,,1,Urban
LP017854,,No,2,Graduate,,3276,0,110,240,1,Semiurban
LP017855,Female,No,,Graduate,No,2340,0,110,360,,Rural
LP017856,,No,0,Graduate,,3276,0,208,240,1,Rural
LP017857,,No,0,Graduate,No,3276,0,100,360,0,Rural
LP017858,,No,2,Not Graduate,,2340,0,126,240,1,Rural
LP017859,,Yes,0,Graduate,No,3076,0,110,,1,Rural
LP017860,,Yes,1,Graduate,,5000,1800,110,240,0,Urban
LP017861,,No,1,Graduate,No,5720,2546,208,360,0,Urban
LP017862,Female,Yes,2,Not Graduate,Yes,5720,0,208,,0,Urban
LP017863,,No,,Graduate,,2340,2546,126,360,,Urban
LP017864,Male,Yes,0,Not Graduate,Yes,3076,0,126,360,,Semiurban
LP017865,Female,No,3,Not Graduate,No,3076,2546,110,180,1,Rural
LP017866,Male,Yes,2,Not Graduate,,3076,0,110,240,1,Rural
LP017867,,No,0,Graduate,No,5720,1500,110,360,,Urban
LP017868,Male,Yes,2,Not Graduate,No,3276,1800,110,,0,Urban
LP017869,,Yes,2,Graduate,Yes,5720,1500,110,,0,Urban
LP017870,,No,,Graduate,,3076,0,208,,0,Semiurban
LP017871,Female,No,3,Graduate,No,5720,1500,100,180,,Semiurban
LP017872,Female,Yes,0,Graduate,Yes,5720,0,126,360,0,Urban
LP017873,,Yes,2,Not Graduate,Yes,5000,1500,208,,1,Rural
LP017874,Female,No,2,Graduate,Yes,2340,0,78,180,,Semiurban
LP017875,Male,Yes,0,Not Graduate,Yes,3276,1800,78,,0,Urban
LP017876,Female,No,2,Not Graduate,No,5000,1800,78,180,1,Urban
LP017877,Female,Yes,2,Graduate,No,2340,1800,126,240,1,Urban
LP017878,Male,Yes,2,Graduate,No,3076,0,110,360,0,Rural
LP017879,Female,No,1,Not Graduate,,5000,2546,78,,,Semiurban
LP017880,,No,1,Not Graduate,,2340,1500,78,180,,Rural
LP017881,Male,No,3,Graduate,Yes,5000,1500,100,360,0,Semiurban
LP017882,,Yes,,Graduate,No,5720,1500,208,240,,Rural
LP017883,Male,Yes,0,Graduate,Yes,5720,1500,126,180,1,Semiurban
LP017884,,Yes,,Not Graduate,No,5000,1800,126,,0,Rural
LP017885,,No,,Graduate,,5000,2546,100,360,,Urban
LP017886,Female,Yes,1,Graduate,Yes,3276,1500,78,240,,Rural
LP017887,,Yes,3,Graduate,No,3076,2546,100,240,,Urban
LP017888,Female,No,,Graduate,No,5720,0,110,180,0,Rural
LP017889,Male,Yes,,Not Graduate,No,5000,0,78,240,0,Urban
LP017890,,Yes,2,Not Graduate,Yes,2340,1500,126,,1,Urban
LP017891,,No,0,Graduate,,3076,0,208,180,0,Rural
LP017892,Male,No,3,Not Graduate,No,2340,1800,100,240,0,Rural
LP017893,Male,No,0,Graduate,Yes,3076,1500,100,360,,Rural
LP017894,,No,1,Not Graduate,No,2340,1800,126,,,Rural
LP017895,Male,No,,Not Graduate,Yes,5720,1500,78,360,0,Rural
LP017896,Female,No,,Graduate,,5000,1800,78,240,,Urban
LP017897,Male,No,0,Graduate,No,5000,0,78,,,Urban
LP017898,Male,No,1,Graduate,Yes,3276,0,208,360,0,Semiurban
LP017899,,No,2,Graduate,No,5000,0,208,240,0,Semiurban
LP017900,Female,Yes,2,Not Graduate,Yes,5720,1500,78,,,Semiurban
LP017901,Male,No,,Graduate,,3076,0,208,,1,Rural
LP017902,Female,No,,Graduate,,3076,0,100,,1,Rural
LP017903,Female,Yes,3,Graduate,Yes,5000,1500,78,240,0,Rural
LP017904,Female,No,0,Graduate,,2340,1500,208,240,1,Rural
LP017905,,Yes,,Graduate,No,5000,0,100,,,Urban
LP017906,Male,Yes,1,Graduate,,3076,0,100,,,Urban
LP017907,,No,0,Not Graduate,No,3276,1800,208,,0,Urban
LP017908,Male,Yes,3,Graduate,,3076,1500,78,240,1,Semiurban
LP017909,Male,No,2,Not Graduate,,2340,1500,78,180,,Semiurban
LP017910,,No,3,Graduate,No,2340,1500,208,360,,Urban
LP017911,Female,Yes,0,Not Graduate,,3276,1500,208,360,1,Urban
LP017912,Female,Yes,2,Not Graduate,No,2340,0,110,360,,Urban
LP017913,Male,Yes,1,Not Graduate,No,5000,1800,100,180,,Urban
LP017914,,No,2,Graduate,,5000,0,78,240,1,Urban
LP017915,Female,No,2,Not Graduate,,3076,2546,126,,1,Semiurban
LP017916,Female,Yes,1,Graduate,No,5720,0,100,,0,Rural
LP017917,Male,No,,Not Graduate,Yes,5000,0,78,180,1,Rural
LP017918,Male,No,,Graduate,,5000,2546,110,360,0,Urban
LP017919,,Yes,2,Graduate,,3276,2546,100,240,1,Rural
LP017920,Male,Yes,2,Not Graduate,Yes,5000,1500,100,240,0,Urban
LP017921,Female,Yes,3,Graduate,Yes,3076,1800,78,240,,Urban
LP017922,Female,Yes,,Not Graduate,,3276,0,126,,0,Rural
LP017923,Female,Yes,1,Not Graduate,,5000,0,208,360,0,Rural
LP017924,Female,Yes,2,Graduate,,3076,0,126,360,,Rural
LP017925,,Yes,2,Not Graduate,Yes,3276,2546,110,180,1,Urban
LP017926,,Yes,3,Graduate,,5720,2546,100,360,1,Semiurban
LP017927,Male,Yes,3,Not Graduate,Yes,3076,0,78,,0,Urban
LP017928,Male,Yes,3,Graduate,Yes,5000,2546,100,,1,Rural
LP017929,Male,No,0,Graduate,No,3276,1500,208,240,0,Urban
LP017930,,No,1,Graduate,Yes,5720,0,126,240,,Semiurban
LP017931,Female,Yes,0,Not Graduate,No,3076,0,126,360,1,Semiurban
LP017932,Male,No,2,Graduate,Yes,5720,0,110,240,1,Urban
LP017933,Female,No,3,Graduate,Yes,3076,1500,78,240,1,Urban
LP017934,Male,No,3,Graduate,No,5000,0,208,180,,Semiurban
LP017935,Male,No,3,Graduate,No,3076,2546,208,240,0,Rural
LP017936,Male,No,,Graduate,No,5000,0,78,240,0,Rural
LP017937,Male,No,1,Graduate,No,3076,0,110,360,,Urban
LP017938,Male,Yes,0,Graduate,No,3276,1800,208,360,0,Rural
LP017939,Female,Yes,1,Graduate,No,3076,0,110,240,0,Rural
LP017940,Male,No,3,Graduate,No,3076,0,78,180,,Urban
LP017941,Female,No,2,Not Graduate,Yes,2340,0,78,,1,Rural
LP017942,,Yes,,Graduate,Yes,2340,0,78,,0,Semiurban
LP017943,Male,No,1,Graduate,No,3076,0,208,,,Urban
LP017944,Female,No,2,Graduate,,2340,2546,78,180,0,Semiurban
LP017945,,No,3,Not Graduate,No,5000,0,208,240,1,Rural
LP017946,,No,3,Graduate,,2340,1800,110,,1,Semiurban
LP017947,,No,3,Graduate,Yes,3076,2546,100,240,1,Semiurban
LP017948,Female,Yes,3,Not Graduate,Yes,5720,1800,110,240,1,Semiurban
LP017949,Male,Yes,,Not Graduate,,5720,1800,208,240,1,Semiurban
LP017950,Male,No,,Not Graduate,Yes,3076,1500,126,,1,Semiurban
LP017951,Female,Yes,1,Graduate,No,3076,1800,126,180,1,Urban
LP017952,Male,No,3,Graduate,,5720,0,100,180,1,Urban
LP017953,Female,No,,Graduate,,3276,0,78,180,0,Semiurban
LP017954,Male,No,2,Graduate,Yes,2340,2546,110,180,,Semiurban
LP017955,,No,,Not Graduate,,3276,2546,110,240,,Rural
LP017956,Male,No,,Not Graduate,,5000,2546,208,,0,Urban
LP017957,Female,No,1,Graduate,,5720,0,100,180,,Urban
LP017958,Female,No,,Not Graduate,Yes,5720,1800,78,180,,Rural
LP017959,,No,2,Graduate,,3276,1500,100,180,1,Rural
LP017960,Female,No,3,Graduate,,5000,0,126,360,0,Urban
LP017961,Male,Yes,0,Graduate,No,3276,2546,100,240,1,Rural
LP017962,Male,No,1,Graduate,No,5000,0,78,180,1,Urban
LP017963,,Yes,2,Not Graduate,,3076,1800,78,240,1,Semiurban
LP017964,Female,Yes,1,Not Graduate,Yes,3076,1500,110,240,0,Urban
LP017965,,No,3,Graduate,,5720,2546,110,240,0,Rural
LP017966,Male,Yes,,Graduate,Yes,3076,1800,78,360,0,Urban
LP017967,,No,,Not Graduate,No,3276,1500,110,360,1,Semiurban
LP017968,Female,No,2,Not Graduate,No,5000,2546,110,180,0,Semiurban
LP017969,,No,3,Graduate,,5720,1800,110,240,1,Urban
LP017970,Female,No,0,Not Graduate,Yes,3076,0,78,360,,Semiurban
LP017971,Female,Yes,0,Not Graduate,Yes,5720,0,110,,1,Semiurban
LP017972,Male,Yes,,Not Graduate,Yes,5720,2546,126,,,Urban
LP017973,Male,No,3,Graduate,,5000,1500,78,240,,Semiurban
LP017974,Male,Yes,3,Not Graduate,Yes,3276,1500,100,,0,Urban
LP017975,Female,Yes,2,Not Graduate,No,3276,0,208,180,1,Semiurban
LP017976,,Yes,0,Not Graduate,Yes,2340,0,208,,0,Rural
LP017977,Female,No,2,Not Graduate,Yes,3276,1800,126,,0,Urban
LP017978,Male,Yes,1,Not Graduate,,3076,0,78,,,Rural
LP017979,Male,Yes,3,Graduate,,2340,2546,100,240,,Rural
LP017980,,Yes,0,Not Graduate,,2340,0,78,360,1,Rural
LP017981,Male,No,2,Not Graduate,,2340,2546,100,,,Semiurban
LP017982,Male,Yes,,Not Graduate,,2340,0,100,,1,Urban
LP017983,Male,Yes,1,Not Graduate,Yes,3276,0,78,240,1,Urban
LP017984,,No,2,Graduate,Yes,2340,0,110,180,0,Rural
LP017985,Female,Yes,,Graduate,,3076,1500,208,180,,Rural
LP017986,Male,No,0,Graduate,,3076,0,110,360,0,Semiurban
LP017987,,No,0,Not Graduate,Yes,5720,1500,208,240,,Urban
LP017988,Male,No,1,Not Graduate,,3076,0,110,360,,Urban
LP017989,,No,,Graduate,No,5720,1500,78,,0,Semiurban
LP017990,Male,No,3,Graduate,Yes,3076,0,78,360,1,Urban
LP017991,,No,0,Graduate,No,2340,1800,100,360,0,Rural
LP017992,Male,Yes,3,Graduate,Yes,5000,0,126,,,Rural
LP017993,Female,No,3,Graduate,Yes,2340,1800,78,360,0,Urban
LP017994,Male,Yes,2,Graduate,Yes,3276,1500,208,360,0,Rural
LP017995,,Yes,2,Not Graduate,Yes,5720,0,100,,,Urban
LP017996,Male,No,0,Not Graduate,Yes,5000,1800,208,,,Urban
LP017997,Female,Yes,3,Graduate,Yes,3076,0,110,,1,Semiurban
LP017998,Male,Yes,2,Not Graduate,Yes,2340,2546,126,360,,Semiurban
LP017999,,Yes,,Not Graduate,,5720,2546,78,,,Urban
LP018000,,No,,Graduate,,5720,1500,110,240,,Rural
LP018001,Female,Yes,,Graduate,,3076,2546,100,360,,Semiurban
LP018002,,Yes,,Not Graduate,No,5720,0,208,,,Rural
LP018003,Male,No,3,Not Graduate,Yes,3076,1800,126,360,1,Urban
LP018004,Male,Yes,,Not Graduate,,3076,0,78,240,,Rural
LP018005,Male,Yes,3,Graduate,,2340,2546,208,,0,Urban
LP018006,,Yes,0,Not Graduate,,5720,1500,78,,0,Rural
LP018007,Male,No,0,Graduate,Yes,3276,0,78,180,,Urban
LP018008,Male,Yes,,Graduate,Yes,3276,1500,208,240,0,Semiurban
LP018009,Male,Yes,,Not Graduate,No,2340,0,78,240,1,Semiurban
LP018010,Female,No,,Graduate,No,2340,0,100,180,0,Rural
LP018011,,No,0,Graduate,Yes,3076,0,126,240,1,Rural
LP018012,,No,2,Graduate,No,3276,0,110,,1,Semiurban
LP018013,,Yes,0,Not Graduate,,5720,1800,126,180,0,Semiurban
LP018014,Female,No,,Not Graduate,No,3276,1500,110,360,0,Urban
LP018015,,No,2,Not Graduate,,2340,0,100,,,Semiurban
LP018016,Female,No,2,Graduate,No,2340,2546,126,240,,Urban
LP018017,Female,Yes,1,Not Graduate,,3076,0,100,180,,Semiurban
LP018018,,No,3,Graduate,No,5720,0,208,360,0,Urban
LP018019,Male,No,,Not Graduate,No,2340,0,110,180,1,Urban
LP018020,Male,No,3,Graduate,Yes,5720,0,208,,1,Urban
LP018021,,No,1,Not Graduate,Yes,3276,0,208,,,Rural
LP018022,,No,3,Not Graduate,,3076,0,126,180,1,Urban
LP018023,Female,Yes,,Graduate,Yes,3276,0,78,180,0,Semiurban
LP018024,,Yes,1,Graduate,,2340,0,78,240,0,Semiurban
LP018025,Female,No,3,Not Graduate,Yes,2340,2546,100,,1,Semiurban
LP018026,,No,0,Not Graduate,Yes,5720,1500,126,360,0,Urban
LP018027,Male,No,2,Graduate,,2340,0,208,180,1,Rural
LP018028,Male,Yes,1,Not Graduate,No,5720,2546,100,360,,Urban
LP018029,,Yes,0,Graduate,,5000,1500,208,180,0,Rural
LP018030,Female,Yes,,Graduate,,2340,0,100,,0,Rural
LP018031,Male,Yes,2,Graduate,,3276,1500,110,180,,Semiurban
LP018032,Female,No,1,Graduate,Yes,3276,0,100,240,1,Semiurban
LP018033,,No,2,Graduate,Yes,5720,0,100,360,0,Semiurban
LP018034,,No,1,Graduate,Yes,5000,0,208,180,0,Urban
LP018035,Male,No,1,Graduate,,2340,0,78,,1,Semiurban
LP018036,,Yes,3,Graduate,No,3076,0,208,180,,Semiurban
LP018037,Male,No,2,Graduate,No,3076,0,126,360,0,Urban
LP018038,Female,Yes,2,Graduate,,3276,2546,208,,,Urban
LP018039,Male,Yes,0,Graduate,,2340,1800,78,180,1,Rural
LP018040,Male,No,,Graduate,No,3076,2546,126,240,1,Rural
LP018041,Female,Yes,0,Graduate,Yes,5720,2546,78,240,,Urban
LP018042,Male,Yes,3,Graduate,,2340,0,126,240,1,Urban
LP018043,Male,No,1,Graduate,No,3276,0,208,,,Rural
LP018044,,Yes,3,Graduate,No,5000,2546,78,180,0,Semiurban
LP018045,Female,Yes,3,Not Graduate,No,5720,1500,78,,,Rural
LP018046,Male,No,0,Not Graduate,Yes,5720,0,110,240,,Semiurban
LP018047,Female,Yes,1,Graduate,No,2340,0,110,,,Rural
LP018048,Female,Yes,,Not Graduate,No,5000,0,100,180,0,Semiurban
LP018049,Male,No,3,Not Graduate,No,5720,1500,110,240,1,Rural
LP018050,,Yes,,Not Graduate,,5000,0,78,,0,Semiurban
LP018051,Female,No,1,Graduate,,3276,0,100,360,,Rural
LP018052,Male,Yes,1,Graduate,,5720,1800,208,240,0,Urban
LP018053,Female,Yes,0,Graduate,No,3076,1800,100,360,1,Rural
LP018054,,No,2,Not Graduate,No,3276,2546,126,240,0,Urban
LP018055,,No,0,Not Graduate,Yes,3276,0,100,180,,Rural
LP018056,,Yes,,Graduate,No,5720,0,110,,0,Urban
LP018057,Male,No,0,Not Graduate,Yes,3076,1500,208,360,0,Rural
LP018058,Male,Yes,1,Not Graduate,No,5000,1500,126,360,,Rural
LP018059,,No,3,Graduate,Yes,3076,0,100,,,Urban
LP018060,Male,Yes,2,Not Graduate,,3276,0,208,180,1,Urban
LP018061,,Yes,1,Not Graduate,No,5720,1500,110,360,0,Urban
LP018062,Male,Yes,3,Graduate,Yes,3076,0,208,,1,Semiurban
LP018063,,Yes,,Not Graduate,,3076,2546,208,360,,Rural
LP018064,Female,Yes,,Graduate,,3276,2546,126,180,,Semiurban
LP018065,,No,,Graduate,No,5000,2546,78,360,1,Semiurban
LP018066,,No,0,Graduate,Yes,3076,0,110,360,1,Semiurban
LP018067,Male,Yes,,Graduate,Yes,3076,1500,126,180,0,Semiurban
LP018068,Male,Yes,,Graduate,Yes,2340,1500,126,360,1,Urban
LP018069,Male,No,0,Graduate,,3276,1500,126,,0,Urban
LP018070,Male,No,3,Graduate,Yes,2340,1500,78,180,,Semiurban
LP018071,Male,No,1,Not Graduate,,3276,1500,78,360,,Semiurban
LP018072,Male,No,2,Graduate,Yes,3276,1800,100,180,0,Urban
LP018073,Female,No,,Not Graduate,,2340,0,100,240,0,Urban
LP018074,,Yes,,Not Graduate,No,5000,0,110,,,Semiurban
LP018075,,Yes,,Graduate,,5000,1800,110,360,0,Semiurban
LP018076,,No,0,Not Graduate,Yes,3276,2546,78,,1,Urban
LP018077,Female,No,0,Graduate,,2340,0,78,360,0,Urban
LP018078,,No,0,Graduate,Yes,3076,0,78,240,,Rural
LP018079,Female,No,2,Graduate,No,3276,0,126,240,0,Rural
LP018080,Female,No,1,Graduate,,3276,1800,78,,1,Rural
LP018081,Female,No,,Graduate,No,5720,0,126,,0,Rural
LP018082,,No,3,Graduate,,5000,0,126,180,0,Semiurban
LP018083,Female,No,,Not Graduate,,2340,2546,110,360,0,Urban
LP018084,,No,,Not Graduate,No,3076,1800,208,360,,Semiurban
LP018085,,Yes,,Not Graduate,No,3076,0,100,,0,Rural
LP018086,Male,No,,Not Graduate,,3276,1500,100,180,1,Rural
LP018087,Male,No,1,Not Graduate,,3076,1800,110,240,,Semiurban
LP018088,Female,Yes,3,Graduate,,3076,2546,110,360,0,Semiurban
LP018089,Female,Yes,0,Not Graduate,No,3276,0,78,240,,Urban
LP018090,,Yes,3,Graduate,Yes,5000,0,78,180,0,Rural
LP018091,Female,No,,Graduate,No,5720,1500,78,360,,Rural
LP018092,Female,No,3,Graduate,,5000,1500,126,180,0,Semiurban
LP018093,,No,,Graduate,,5000,0,126,180,1,Urban
LP018094,Female,No,3,Graduate,No,5720,1800,78,360,,Semiurban
LP018095,Female,Yes,2,Graduate,,3276,2546,126,240,0,Semiurban
LP018096,,No,3,Graduate,,5000,0,110,240,0,Semiurban
LP018097,,No,0,Not Graduate,,2340,0,78,180,0,Rural
LP018098,Male,Yes,0,Graduate,,2340,0,100,,,Urban
LP018099,,No,3,Graduate,,5720,1500,100,180,,Semiurban
LP018100,Male,No,3,Not Graduate,Yes,2340,1800,126,240,0,Semiurban
LP018101,Female,No,1,Not Graduate,No,3276,0,100,180,0,Urban
LP018102,,No,3,Graduate,No,3076,1800,78,180,0,Rural
LP018103,,Yes,0,Not Graduate,No,3276,2546,100,360,,Semiurban
LP018104,,Yes,2,Graduate,Yes,5720,2546,110,180,1,Semiurban
LP018105,Female,Yes,0,Graduate,Yes,3076,0,126,,1,Rural
LP018106,Male,Yes,1,Graduate,No,2340,1500,100,,0,Rural
LP018107,Female,No,3,Graduate,No,5000,0,126,,,Rural
LP018108,Female,No,2,Not Graduate,No,2340,2546,110,,0,Semiurban
LP018109,,No,0,Not Graduate,,3276,1500,100,180,0,Rural
LP018110,Male,Yes,2,Not Graduate,Yes,3276,1800,78,,,Semiurban
LP018111,Female,Yes,,Graduate,Yes,5720,2546,208,,1,Rural
LP018112,,Yes,0,Graduate,,5000,1500,100,360,,Semiurban
LP018113,Female,No,,Not Graduate,Yes,5000,1500,110,240,0,Rural
LP018114,Female,No,2,Not Graduate,No,3076,0,208,360,1,Semiurban
LP018115,,Yes,3,Graduate,Yes,3076,1800,100,,,Urban
LP018116,,Yes,3,Not Graduate,,3276,1500,126,240,1,Rural
LP018117,Male,No,3,Not Graduate,No,5720,0,110,360,,Rural
LP018118,Female,No,,Graduate,Yes,3276,1800,100,180,,Urban
LP018119,,No,3,Not Graduate,No,5000,1800,110,240,1,Semiurban
LP018120,,Yes,1,Graduate,Yes,5000,2546,78,360,1,Urban
LP018121,Male,Yes,0,Not Graduate,No,3276,1800,208,360,0,Urban
LP018122,Male,Yes,0,Not Graduate,,5000,1800,208,,0,Semiurban
LP018123,,Yes,2,Graduate,,3076,0,78,240,1,Rural
LP018124,Male,No,,Graduate,Yes,5000,1800,208,,0,Rural
LP018125,,No,0,Graduate,Yes,3076,1500,208,240,0,Rural
LP018126,Female,No,,Graduate,No,2340,0,78,,,Urban
LP018127,Male,Yes,2,Graduate,,5720,0,126,240,0,Semiurban
LP018128,Female,No,3,Graduate,No,5720,0,208,240,,Rural
LP018129,Female,No,2,Not Graduate,,5000,0,126,360,0,Semiurban
LP018130,Female,No,1,Not Graduate,No,5720,0,110,,1,Urban
LP018131,,No,3,Graduate,No,2340,2546,110,240,,Rural
LP018132,Female,No,3,Graduate,No,5000,0,208,240,0,Urban
LP018133,Female,Yes,3,Graduate,Yes,3076,2546,110,240,1,Semiurban
LP018134,Female,No,2,Not Graduate,,2340,2546,78,180,,Rural
LP018135,,No,1,Not Graduate,Yes,2340,1800,208,240,0,Rural
LP018136,Female,Yes,,Not Graduate,Yes,5720,0,78,180,1,Rural
LP018137,Female,Yes,2,Not Graduate,No,3076,1800,126,240,,Rural
LP018138,Male,No,0,Graduate,,3276,2546,100,240,0,Urban
LP018139,,No,0,Not Graduate,Yes,2340,1800,100,360,0,Urban
LP018140,Female,No,2,Not Graduate,No,5720,1500,208,360,,Semiurban
LP018141,Male,No,,Not Graduate,,2340,0,78,360,1,Rural
LP018142,,Yes,0,Graduate,,3076,0,100,360,,Semiurban
LP018143,,No,,Not Graduate,Yes,3076,2546,208,,1,Urban
LP018144,,Yes,3,Graduate,No,5000,1800,100,240,1,Semiurban
LP018145,,No,2,Not Graduate,Yes,3276,1500,100,180,,Urban
LP018146,,No,3,Not Graduate,,3276,1500,110,240,1,Rural
LP018147,,No,0,Not Graduate,Yes,5720,1500,208,240,0,Semiurban
LP018148,Female,Yes,,Graduate,No,3276,2546,100,240,,Rural
LP018149,Female,No,3,Not Graduate,,3076,1800,208,360,1,Urban
LP018150,Female,No,0,Not Graduate,No,3276,1500,110,240,0,Semiurban
LP018151,Female,Yes,1,Graduate,No,5720,1500,208,240,1,Semiurban
LP018152,Male,No,3,Not Graduate,,2340,1800,110,,,Rural
LP018153,Female,Yes,1,Not Graduate,No,3276,1800,100,,0,Rural
LP018154,,No,1,Not Graduate,No,3276,0,100,180,1,Rural
LP018155,Female,Yes,0,Not Graduate,No,3076,0,100,,,Semiurban
LP018156,Female,Yes,2,Not Graduate,,3076,0,110,360,1,Urban
LP018157,,Yes,,Graduate,No,2340,1500,126,,,Rural
LP018158,Female,No,0,Not Graduate,Yes,5000,1800,110,180,0,Rural
LP018159,Female,Yes,3,Not Graduate,Yes,3276,0,110,180,,Urban
LP018160,Female,Yes,,Graduate,No,3076,2546,78,,0,Semiurban
LP018161,Male,No,2,Graduate,Yes,5000,0,100,240,1,Semiurban
LP018162,Female,Yes,0,Not Graduate,Yes,3276,0,100,180,1,Urban
LP018163,,No,2,Not Graduate,,3276,1800,78,,0,Rural
LP018164,,No,3,Not Graduate,No,5000,2546,126,,1,Semiurban
LP018165,Female,Yes,0,Graduate,,3076,0,208,,0,Rural
LP018166,Female,Yes,3,Not Graduate,No,2340,0,100,180,1,Rural
LP018167,Female,No,,Graduate,Yes,3276,0,100,240,1,Urban
LP018168,,Yes,,Graduate,,5720,1800,110,360,,Semiurban
LP018169,,Yes,2,Graduate,,5720,1800,126,,,Urban
LP018170,Male,Yes,2,Not Graduate,Yes,5720,2546,126,240,,Semiurban
LP018171,Male,Yes,,Not Graduate,Yes,2340,0,126,360,0,Rural
LP018172,Male,No,1,Not Graduate,No,3276,2546,126,,,Rural
LP018173,,No,,Graduate,No,3076,0,78,180,,Semiurban
LP018174,Male,Yes,0,Not Graduate,Yes,3076,1500,110,360,,Semiurban
LP018175,Female,No,3,Not Graduate,Yes,2340,0,78,240,1,Rural
LP018176,Female,Yes,,Graduate,,3276,1800,78,360,0,Rural
LP018177,,Yes,,Graduate,,5000,1800,208,240,,Urban
LP018178,Male,Yes,3,Graduate,No,5000,1500,110,240,,Rural
LP018179,Female,Yes,3,Graduate,,3276,0,126,240,,Rural
LP018180,,No,0,Graduate,Yes,3276,0,110,,1,Semiurban
LP018181,Male,Yes,3,Not Graduate,Yes,3076,1800,126,360,0,Urban
LP018182,Female,No,2,Graduate,Yes,2340,1500,208,180,,Urban
LP018183,Male,Yes,,Not Graduate,Yes,2340,1800,100,,,Semiurban
LP018184,,No,3,Graduate,No,3076,1500,78,180,,Semiurban
LP018185,Male,No,0,Not Graduate,Yes,5720,1800,208,180,1,Urban
LP018186,,No,3,Not Graduate,Yes,5000,0,78,360,1,Semiurban
LP018187,Male,No,,Graduate,Yes,3276,0,126,,,Semiurban
LP018188,Female,Yes,1,Graduate,Yes,5000,2546,126,360,1,Urban
LP018189,,No,3,Not Graduate,No,5000,0,208,,0,Semiurban
LP018190,,Yes,2,Graduate,No,2340,1800,100,,,Semiurban
LP018191,,No,,Graduate,,3076,1500,100,360,0,Urban
LP018192,Male,No,0,Graduate,No,5720,2546,78,,0,Urban
LP018193,Male,No,,Graduate,No,5720,1500,126,360,0,Semiurban
LP018194,Female,Yes,1,Graduate,No,3076,1500,126,240,1,Rural
LP018195,,No,0,Graduate,,5000,0,100,240,1,Rural
LP018196,,Yes,1,Graduate,Yes,3076,1800,126,180,0,Semiurban
LP018197,Male,Yes,1,Graduate,,3076,0,126,360,1,Semiurban
LP018198,Male,Yes,2,Not Graduate,Yes,3276,1500,208,180,1,Rural
LP018199,Female,No,3,Not Graduate,No,3276,0,100,,,Urban
LP018200,Female,No,2,Graduate,Yes,5000,0,100,240,,Rural
LP018201,Male,No,2,Graduate,,2340,1500,110,360,,Rural
LP018202,,No,2,Not Graduate,Yes,5720,1500,100,180,,Urban
LP018203,Female,No,0,Graduate,Yes,3276,0,100,,0,Semiurban
LP018204,Male,No,3,Graduate,No,5000,1500,110,,1,Urban
LP018205,Male,No,3,Graduate,Yes,3076,2546,126,360,0,Semiurban
LP018206,,Yes,0,Graduate,Yes,3276,2546,126,,,Semiurban
LP018207,Male,No,2,Not Graduate,No,3076,1800,78,180,,Rural
LP018208,Male,Yes,2,Graduate,,3076,1800,126,360,1,Urban
LP018209,Female,Yes,1,Not Graduate,No,3276,0,100,180,1,Semiurban
LP018210,Male,No,1,Graduate,Yes,5000,0,78,360,1,Urban
LP018211,Male,No,,Not Graduate,No,5720,0,78,180,,Semiurban
LP018212,Female,Yes,1,Not Graduate,No,5000,0,126,,1,Urban
LP018213,,Yes,3,Not Graduate,Yes,2340,1500,78,240,1,Urban
LP018214,,No,0,Graduate,,2340,1800,110,,,Semiurban
LP018215,Female,Yes,2,Graduate,No,5720,1800,78,,0,Urban
LP018216,Female,Yes,,Graduate,,2340,1800,208,180,0,Semiurban
LP018217,,Yes,1,Not Graduate,No,3076,1800,110,180,,Semiurban
LP018218,,Yes,,Graduate,Yes,2340,0,100,240,0,Urban
LP018219,,No,0,Graduate,Yes,3276,2546,126,240,,Rural
LP018220,,No,0,Not Graduate,No,3076,0,126,180,0,Urban
LP018221,,Yes,,Graduate,No,5000,0,208,,1,Semiurban
LP018222,Female,Yes,,Not Graduate,No,5720,1800,126,360,0,Semiurban
LP018223,Male,Yes,,Graduate,Yes,3276,1800,100,240,,Semiurban
LP018224,,No,2,Not Graduate,No,3276,0,78,,,Urban
LP018225,,No,3,Not Graduate,Yes,5720,0,126,360,0,Rural
LP018226,Male,Yes,1,Not Graduate,No,2340,0,100,,,Rural
LP018227,Male,Yes,1,Not Graduate,Yes,5720,1800,110,240,0,Semiurban
LP018228,Male,Yes,1,Not Graduate,No,5720,1800,100,180,,Semiurban
LP018229,Male,No,,Not Graduate,,2340,0,208,180,1,Rural
LP018230,Male,Yes,,Not Graduate,,5000,0,100,240,0,Semiurban
LP018231,Male,Yes,,Graduate,Yes,5720,0,126,180,0,Semiurban
LP018232,Female,Yes,2,Not Graduate,No,2340,0,78,360,1,Semiurban
LP018233,Male,Yes,2,Graduate,,3276,0,100,,,Semiurban
LP018234,Male,Yes,2,Graduate,No,5720,0,208,180,0,Rural
LP018235,Female,No,2,Graduate,No,5720,1800,110,180,1,Rural
LP018236,Male,No,0,Not Graduate,No,5000,0,208,180,,Rural
LP018237,,No,2,Graduate,,5000,0,110,240,1,Urban
LP018238,,Yes,2,Not Graduate,Yes,3276,2546,100,240,1,Rural
LP018239,Male,No,2,Graduate,,5000,0,78,180,0,Semiurban
LP018240,Female,Yes,1,Not Graduate,Yes,3276,0,208,240,,Urban
LP018241,,No,1,Not Graduate,,5720,0,78,,0,Semiurban
LP018242,Female,No,1,Graduate,No,2340,1500,100,360,,Semiurban
LP018243,,Yes,3,Not Graduate,No,5000,2546,78,,,Urban
LP018244,Male,Yes,0,Graduate,No,3276,1800,78,,1,Semiurban
LP018245,Female,Yes,,Not Graduate,,5000,0,208,360,1,Semiurban
LP018246,Female,No,2,Not Graduate,,5000,0,100,360,0,Urban
LP018247,Female,Yes,1,Graduate,Yes,3076,0,78,,,Rural
LP018248,,No,0,Not Graduate,,5720,1800,110,360,1,Semiurban
LP018249,,No,2,Graduate,Yes,5000,0,126,,,Rural
LP018250,,No,3,Graduate,,2340,2546,110,180,1,Semiurban
LP018251,Male,Yes,,Graduate,No,3076,0,78,240,1,Semiurban
LP018252,,Yes,2,Not Graduate,,3276,1500,100,360,0,Semiurban
LP018253,Male,Yes,,Graduate,No,3276,1500,110,180,,Urban
LP018254,Female,No,2,Graduate,,2340,2546,100,360,1,Rural
LP018255,Female,No,3,Graduate,Yes,2340,0,110,240,,Semiurban
LP018256,Male,Yes,0,Graduate,,5720,0,100,240,,Rural
LP018257,,No,,Not Graduate,No,2340,0,78,240,,Semiurban
LP018258,Male,No,,Not Graduate,,3276,0,208,360,1,Urban
LP018259,Female,No,0,Graduate,Yes,5720,0,110,,,Rural
LP018260,Female,Yes,,Graduate,Yes,2340,1500,100,360,0,Urban
LP018261,Male,No,1,Graduate,Yes,2340,1800,110,360,0,Rural
LP018262,,No,0,Graduate,Yes,3276,2546,100,180,1,Rural
LP018263,,Yes,3,Graduate,,5720,0,100,180,0,Rural
LP018264,Male,Yes,2,Graduate,Yes,3076,1800,208,,0,Semiurban
LP018265,Male,Yes,2,Not Graduate,,3076,0,100,240,1,Urban
LP018266,,Yes,0,Graduate,,5720,2546,110,240,,Semiurban
LP018267,Female,Yes,1,Graduate,,2340,1800,78,360,1,Semiurban
LP018268,Male,Yes,3,Graduate,Yes,2340,1800,126,240,1,Urban
LP018269,,No,2,Graduate,Yes,5720,2546,100,,0,Rural
LP018270,,No,2,Graduate,,3076,2546,126,240,1,Urban
LP018271,Female,No,1,Graduate,,5000,0,78,180,,Semiurban
LP018272,Female,No,,Not Graduate,,3276,1800,126,240,1,Semiurban
LP018273,Female,Yes,0,Not Graduate,No,5720,2546,100,360,1,Rural
LP018274,Female,No,1,Graduate,No,5000,0,110,180,,Semiurban
LP018275,Female,Yes,1,Not Graduate,Yes,3276,0,208,,1,Semiurban
LP018276,Male,Yes,1,Graduate,No,5000,2546,100,360,,Semiurban
LP018277,,No,1,Not Graduate,,5000,1800,100,360,,Semiurban
LP018278,Male,No,,Graduate,,3276,0,208,180,0,Semiurban
LP018279,Male,Yes,3,Graduate,Yes,5000,2546,208,360,1,Semiurban
LP018280,Male,Yes,1,Graduate,Yes,3076,1500,208,240,,Urban
LP018281,Male,Yes,1,Not Graduate,No,5720,1800,208,240,1,Semiurban
LP018282,Male,Yes,0,Not Graduate,,3076,1800,208,180,0,Rural
LP018283,Female,No,2,Graduate,Yes,3076,0,100,240,0,Rural
LP018284,Female,Yes,,Graduate,Yes,3276,1500,126,360,0,Urban
LP018285,,No,1,Not Graduate,No,3276,2546,110,180,,Semiurban
LP018286,Male,Yes,3,Graduate,Yes,3276,1500,100,180,0,Urban
LP018287,,Yes,3,Graduate,No,5000,2546,78,,1,Urban
LP018288,Female,Yes,3,Graduate,,5000,0,100,360,1,Rural
LP018289,Female,No,0,Not Graduate,No,5720,0,100,360,,Rural
LP018290,Female,Yes,3,Not Graduate,Yes,5000,1500,126,,1,Urban
LP018291,Male,No,0,Graduate,No,5720,1800,208,,,Semiurban
LP018292,Male,No,,Graduate,No,3076,2546,78,360,0,Rural
LP018293,Female,No,3,Not Graduate,,5720,1500,126,,,Semiurban
LP018294,,Yes,2,Graduate,No,5720,2546,110,180,,Semiurban
LP018295,,No,1,Graduate,Yes,3276,1500,78,180,1,Urban
LP018296,Female,No,,Graduate,Yes,5000,1800,78,360,1,Urban
LP018297,,Yes,2,Graduate,,2340,2546,126,180,0,Semiurban
LP018298,Female,Yes,,Not Graduate,,2340,2546,78,360,1,Rural
LP018299,,No,3,Graduate,,3276,0,100,,1,Rural
LP018300,Female,No,,Graduate,Yes,3076,0,100,240,1,Rural
LP018301,,Yes,,Graduate,No,3076,1500,208,180,1,Rural
LP018302,Male,No,,Not Graduate,Yes,3076,1800,126,180,1,Semiurban
LP018303,Female,No,0,Not Graduate,Yes,5720,0,100,,0,Rural
LP018304,Female,No,2,Not Graduate,,5000,0,78,180,0,Rural
LP018305,,Yes,3,Graduate,,3076,0,78,360,0,Urban
LP018306,Female,No,1,Graduate,No,2340,1800,100,180,0,Rural
LP018307,Female,Yes,3,Graduate,No,5720,1500,126,,0,Urban
LP018308,Female,Yes,3,Not Graduate,No,3076,2546,126,360,1,Rural
LP018309,Male,Yes,0,Not Graduate,No,3076,0,110,180,,Urban
LP018310,Male,No,0,Graduate,Yes,5000,2546,126,180,0,Semiurban
LP018311,,Yes,,Graduate,No,5000,0,100,180,,Rural
LP018312,Male,No,3,Not Graduate,Yes,5720,2546,110,180,0,Urban
LP018313,,Yes,2,Graduate,Yes,2340,1500,78,240,,Rural
LP018314,Male,No,0,Graduate,No,3276,1500,100,240,1,Semiurban
LP018315,,No,0,Graduate,No,2340,2546,208,,1,Semiurban
LP018316,Male,No,2,Not Graduate,Yes,5000,2546,208,240,1,Semiurban
LP018317,Male,Yes,0,Graduate,,5000,0,126,,,Semiurban
LP018318,,No,2,Not Graduate,No,3276,1500,110,360,0,Rural
LP018319,Female,No,1,Graduate,,2340,2546,110,240,1,Semiurban
LP018320,Female,Yes,2,Not Graduate,Yes,2340,1800,78,360,,Rural
LP018321,Male,Yes,1,Not Graduate,,3276,0,126,240,0,Semiurban
LP018322,,No,,Not Graduate,Yes,5000,0,110,,1,Rural
LP018323,Female,Yes,,Graduate,,5720,0,100,360,0,Semiurban
LP018324,,Yes,0,Graduate,,2340,0,78,180,0,Semiurban
LP018325,Female,Yes,2,Graduate,,3076,2546,110,180,1,Urban
LP018326,,No,0,Not Graduate,Yes,2340,0,208,240,1,Semiurban
LP018327,Male,Yes,2,Not Graduate,Yes,2340,1800,208,360,0,Rural
LP018328,,No,0,Graduate,Yes,2340,0,110,,1,Urban
LP018329,Female,Yes,,Not Graduate,No,5000,0,208,,1,Semiurban
LP018330,Male,Yes,,Not Graduate,Yes,3076,2546,100,180,1,Semiurban
LP018331,,No,0,Graduate,No,2340,0,78,180,,Urban
LP018332,Female,Yes,2,Not Graduate,Yes,5720,0,100,240,1,Rural
LP018333,Male,Yes,3,Graduate,No,3076,2546,208,,1,Urban
LP018334,,Yes,2,Graduate,,3276,2546,110,360,0,Urban
LP018335,Female,Yes,0,Not Graduate,,5720,1500,110,180,0,Semiurban
LP018336,,No,2,Graduate,Yes,3276,0,78,360,1,Rural
LP018337,,No,1,Not Graduate,No,2340,1800,208,,0,Rural
LP018338,Male,No,2,Graduate,,5000,1500,208,360,,Urban
LP018339,Male,No,,Graduate,,2340,0,208,,1,Urban
LP018340,Female,No,,Graduate,No,2340,0,126,,0,Semiurban
LP018341,Male,No,1,Graduate,Yes,3276,2546,110,360,0,Semiurban
LP018342,Female,No,2,Graduate,,2340,2546,208,360,1,Urban
LP018343,,Yes,3,Graduate,Yes,5720,2546,78,360,0,Urban
LP018344,,No,2,Graduate,Yes,5000,0,126,,0,Rural
LP018345,Female,No,,Not Graduate,No,3276,1800,208,240,0,Urban
LP018346,,No,,Graduate,No,3076,2546,110,,1,Semiurban
LP018347,Male,Yes,0,Graduate,,2340,0,126,,1,Urban
LP018348,,No,,Not Graduate,No,3276,0,100,240,0,Rural
LP018349,Male,No,0,Not Graduate,,2340,1500,78,180,0,Rural
LP018350,Female,No,,Graduate,,2340,0,110,360,0,Rural
LP018351,Female,Yes,,Not Graduate,,3276,0,100,360,1,Rural
LP018352,,No,3,Graduate,Yes,5720,2546,110,180,0,Rural
LP018353,,Yes,0,Graduate,Yes,3076,1500,78,360,0,Semiurban
LP018354,Male,Yes,0,Not Graduate,No,2340,1500,208,,0,Rural
LP018355,Male,Yes,,Not Graduate,No,5720,2546,100,180,,Semiurban
LP018356,,Yes,0,Graduate,,2340,1800,100,240,,Semiurban
LP018357,,No,,Not Graduate,,2340,0,126,,0,Rural
LP018358,Female,Yes,,Graduate,Yes,5720,2546,208,,0,Rural
LP018359,Female,Yes,2,Graduate,Yes,2340,1800,78,,,Semiurban
LP018360,Female,No,0,Not Graduate,,3076,2546,126,,0,Semiurban
LP018361,,Yes,1,Graduate,,3276,0,100,360,0,Rural
LP018362,,Yes,0,Not Graduate,No,5720,1800,110,,1,Semiurban
LP018363,,Yes,0,Not Graduate,,5000,1800,78,360,,Urban
LP018364,Female,Yes,3,Not Graduate,,2340,1500,126,360,,Urban
LP018365,,Yes,1,Graduate,,3276,0,208,360,,Semiurban
LP018366,Male,Yes,1,Graduate,Yes,3076,2546,110,360,1,Semiurban
LP018367,,No,3,Graduate,Yes,3076,2546,126,240,1,Semiurban
LP018368,,No,3,Not Graduate,No,5000,0,78,360,,Urban
LP018369,,No,0,Graduate,No,3076,0,110,360,1,Semiurban
LP018370,,No,2,Not Graduate,No,3276,1500,126,180,1,Rural
LP018371,,Yes,3,Not Graduate,,5000,0,126,240,1,Urban
LP018372,Male,Yes,1,Graduate,,5720,0,78,,0,Semiurban
LP018373,Male,Yes,1,Not Graduate,Yes,5000,1500,208,360,,Urban
LP018374,,No,0,Graduate,,5720,1800,110,360,0,Urban
LP018375,Female,No,2,Not Graduate,,3076,0,126,240,,Urban
LP018376,,Yes,,Graduate,Yes,3276,1800,78,180,1,Rural
LP018377,,Yes,3,Not Graduate,No,2340,1500,126,,,Rural
LP018378,,No,3,Not Graduate,,5000,0,78,,,Rural
LP018379,Female,No,0,Graduate,Yes,3076,0,78,240,0,Urban
LP018380,Female,No,2,Graduate,Yes,3276,0,126,240,0,Semiurban
LP018381,Female,No,1,Graduate,No,2340,0,78,180,1,Urban
LP018382,Male,Yes,1,Graduate,Yes,5000,2546,110,240,1,Semiurban
LP018383,Female,No,,Graduate,No,3276,1500,78,180,0,Semiurban
LP018384,Male,No,1,Not Graduate,No,3076,0,208,180,,Rural
LP018385,Male,Yes,3,Not Graduate,No,5000,1500,208,360,,Semiurban
LP018386,Female,Yes,,Graduate,No,5000,1500,78,,1,Semiurban
LP018387,Female,Yes,2,Graduate,No,5720,2546,110,,1,Rural
LP018388,Female,No,,Not Graduate,Yes,5720,0,100,360,1,Semiurban
LP018389,Male,No,2,Not Graduate,,5000,1500,100,,,Rural
LP018390,,No,1,Graduate,No,3276,2546,110,240,,Urban
LP018391,Female,No,0,Graduate,No,3076,0,208,360,1,Semiurban
LP018392,Female,Yes,,Graduate,,2340,1800,78,180,,Rural
LP018393,Female,Yes,,Not Graduate,,5720,0,126,180,,Urban
LP018394,Male,No,3,Not Graduate,No,3076,1800,78,240,,Urban
LP018395,Male,No,3,Not Graduate,,5000,2546,78,,,Rural
LP018396,,No,2,Not Graduate,No,3076,1500,100,240,,Semiurban
LP018397,Female,Yes,0,Graduate,Yes,3076,2546,78,360,,Semiurban
LP018398,Male,No,3,Graduate,,3076,0,100,240,1,Semiurban
LP018399,,Yes,3,Graduate,,5000,0,126,240,1,Semiurban
LP018400,Female,No,1,Not Graduate,Yes,5720,0,78,240,0,Rural
LP018401,Male,Yes,1,Not Graduate,,2340,2546,110,180,1,Urban
LP018402,Female,Yes,3,Graduate,Yes,3276,0,78,360,0,Semiurban
LP018403,Female,No,2,Graduate,No,5720,2546,110,,,Rural
LP018404,Male,Yes,0,Not Graduate,,2340,0,100,180,,Rural
LP018405,Male,Yes,3,Graduate,,5000,0,78,180,,Semiurban
LP018406,Male,No,2,Graduate,Yes,2340,2546,100,240,1,Semiurban
LP018407,Female,Yes,2,Not Graduate,No,5000,0,110,180,,Urban
LP018408,Female,No,3,Graduate,No,2340,1500,100,360,1,Rural
LP018409,,Yes,2,Not Graduate,Yes,5720,1500,208,360,1,Rural
LP018410,Female,Yes,,Graduate,,5000,0,110,,1,Urban
LP018411,Male,Yes,2,Graduate,,3076,0,100,360,,Semiurban
LP018412,Female,Yes,3,Graduate,Yes,5000,0,78,180,1,Semiurban
LP018413,,No,2,Not Graduate,Yes,5000,0,100,,0,Semiurban
LP018414,,No,3,Not Graduate,Yes,2340,0,126,180,0,Semiurban
LP018415,Male,No,1,Not Graduate,,5000,0,110,180,,Urban
LP018416,Male,Yes,3,Not Graduate,Yes,2340,2546,100,360,0,Rural
LP018417,,Yes,2,Graduate,No,5720,2546,208,360,1,Semiurban
LP018418,,No,3,Not Graduate,Yes,5000,0,126,,0,Urban
LP018419,,No,0,Graduate,No,3076,0,110,360,,Urban
LP018420,Male,No,3,Graduate,No,3076,1800,126,180,0,Rural
LP018421,,No,3,Graduate,Yes,5720,1500,78,,0,Urban
LP018422,,Yes,0,Graduate,No,3076,2546,208,,0,Rural
LP018423,Male,No,0,Graduate,,2340,0,78,,1,Semiurban
LP018424,Female,Yes,0,Graduate,Yes,5000,0,100,360,1,Rural
LP018425,Female,No,,Graduate,,3276,2546,126,,0,Semiurban
LP018426,,Yes,3,Not Graduate,,5000,1500,78,360,1,Semiurban
LP018427,Female,No,0,Graduate,No,5000,2546,100,240,0,Semiurban
LP018428,Female,No,0,Not Graduate,,3276,1500,208,,0,Urban
LP018429,Female,Yes,1,Graduate,,3076,1800,78,180,0,Urban
LP018430,Female,Yes,,Not Graduate,Yes,3076,0,126,180,,Urban
LP018431,,No,3,Graduate,Yes,5000,1500,78,,,Semiurban
LP018432,Female,Yes,2,Not Graduate,,3076,1800,208,360,1,Urban
LP018433,Female,No,,Graduate,No,2340,2546,100,240,,Semiurban
LP018434,Male,Yes,,Not Graduate,No,2340,0,78,240,1,Urban
LP018435,,No,1,Not Graduate,Yes,3276,1500,78,360,0,Semiurban
LP018436,Male,No,3,Not Graduate,Yes,5000,1500,110,,,Semiurban
LP018437,Male,No,3,Graduate,Yes,2340,0,100,240,0,Rural
LP018438,,No,0,Graduate,No,5720,2546,110,360,1,Semiurban
LP018439,Female,No,0,Not Graduate,Yes,3076,2546,110,180,0,Rural
LP018440,Male,No,,Not Graduate,,5000,0,208,,,Rural
LP018441,,No,1,Graduate,No,2340,2546,208,240,1,Semiurban
LP018442,Female,No,3,Graduate,,3276,0,126,,,Urban
LP018443,,Yes,1,Graduate,Yes,2340,1800,100,,,Urban
LP018444,Male,Yes,2,Graduate,No,5720,0,100,,,Rural
LP018445,Female,Yes,3,Graduate,Yes,2340,1500,208,,,Semiurban
LP018446,Female,No,0,Not Graduate,No,5000,0,208,240,0,Semiurban
LP018447,,No,,Not Graduate,Yes,3276,0,110,240,1,Semiurban
LP018448,Female,No,1,Not Graduate,No,3276,1800,208,360,,Rural
LP018449,Male,Yes,0,Not Graduate,No,5720,1500,78,180,,Semiurban
LP018450,Male,Yes,,Graduate,No,5000,2546,100,240,0,Urban
LP018451,Male,Yes,0,Graduate,,5720,2546,126,180,,Rural
LP018452,,Yes,3,Not Graduate,Yes,5720,2546,110,180,1,Rural
LP018453,Female,Yes,1,Graduate,Yes,5720,0,78,240,,Rural
LP018454,Female,No,2,Graduate,No,2340,2546,208,180,,Urban
LP018455,Female,Yes,0,Not Graduate,,3076,1500,126,360,,Urban
LP018456,Male,No,1,Not Graduate,No,2340,0,208,360,1,Rural
LP018457,Female,No,3,Graduate,Yes,5000,0,78,360,,Urban
LP018458,Male,No,0,Not Graduate,Yes,5720,2546,126,180,1,Urban
LP018459,Female,Yes,3,Graduate,No,5720,1500,208,,1,Urban
LP018460,Male,Yes,2,Not Graduate,No,3076,1800,78,,,Semiurban
LP018461,Female,No,2,Graduate,No,3276,1500,78,360,0,Semiurban
LP018462,,Yes,,Not Graduate,Yes,5720,0,126,240,,Rural
LP018463,,Yes,,Graduate,No,2340,1500,78,180,0,Rural
LP018464,Male,No,,Graduate,No,5720,1500,208,360,,Semiurban
LP018465,Male,No,3,Graduate,Yes,5000,0,126,,0,Rural
LP018466,Female,No,,Not Graduate,No,3076,0,110,360,1,Semiurban
LP018467,Female,No,1,Graduate,,3276,2546,78,360,1,Semiurban
LP018468,,No,3,Graduate,Yes,5000,0,208,360,,Rural
LP018469,Female,Yes,3,Not Graduate,No,2340,1800,126,,,Semiurban
LP018470,Male,No,,Not Graduate,No,5000,0,110,,0,Rural
LP018471,Male,Yes,,Graduate,Yes,5720,0,110,240,0,Urban
LP018472,Male,Yes,3,Graduate,Yes,3076,2546,100,,1,Urban
LP018473,Male,No,2,Not Graduate,,5720,0,100,360,0,Semiurban
LP018474,Male,No,2,Not Graduate,No,3076,2546,126,,1,Semiurban
LP018475,,Yes,,Graduate,No,2340,0,78,240,1,Urban
LP018476,,No,2,Graduate,No,5000,1500,208,180,0,Urban
LP018477,Male,Yes,1,Not Graduate,Yes,3076,1800,78,240,,Semiurban
LP018478,Female,No,1,Graduate,Yes,5000,0,208,360,0,Urban
LP018479,Male,No,1,Graduate,Yes,3076,2546,208,360,,Semiurban
LP018480,,Yes,3,Graduate,No,5720,0,100,180,1,Urban
LP018481,Male,Yes,3,Not Graduate,No,3076,0,100,240,1,Urban
LP018482,,No,3,Not Graduate,Yes,3076,1500,78,360,,Semiurban
LP018483,,No,3,Graduate,,3276,0,126,240,1,Semiurban
LP018484,Male,No,3,Graduate,No,2340,2546,208,,1,Semiurban
LP018485,Male,Yes,,Graduate,,5720,0,100,,0,Semiurban
LP018486,Female,No,2,Not Graduate,Yes,5720,2546,126,360,0,Rural
LP018487,,No,,Graduate,No,5000,0,100,180,1,Rural
LP018488,Female,No,2,Not Graduate,,3076,0,208,,0,Semiurban
LP018489,Male,No,,Graduate,No,3076,2546,110,240,1,Rural
LP018490,,Yes,1,Not Graduate,,3076,0,100,360,1,Urban
LP018491,Female,Yes,0,Graduate,No,5720,1800,126,180,,Semiurban
LP018492,Female,Yes,3,Not Graduate,,3276,0,78,360,0,Rural
LP018493,Female,No,0,Not Graduate,,5000,0,78,360,0,Semiurban
LP018494,Male,No,0,Graduate,Yes,3076,1800,208,180,1,Urban
LP018495,Male,No,1,Not Graduate,Yes,3276,1500,110,240,,Urban
LP018496,Male,Yes,0,Graduate,,2340,2546,100,,0,Semiurban
LP018497,,Yes,0,Not Graduate,No,5720,1500,100,240,0,Rural
LP018498,Male,Yes,1,Graduate,,2340,0,110,180,1,Semiurban
LP018499,,Yes,2,Not Graduate,No,5720,2546,208,180,0,Semiurban
LP018500,Female,No,,Not Graduate,No,5000,2546,208,,0,Urban
LP018501,Female,Yes,0,Graduate,No,2340,2546,126,,1,Semiurban
LP018502,Male,Yes,3,Not Graduate,No,5000,1800,126,180,,Rural
LP018503,Female,No,1,Graduate,Yes,5000,0,126,180,0,Semiurban
LP018504,Male,Yes,0,Graduate,,5000,1800,208,,1,Semiurban
LP018505,,No,2,Graduate,No,2340,1800,100,,1,Urban
LP018506,Female,No,2,Not Graduate,Yes,2340,1800,78,240,,Urban
LP018507,Male,No,3,Not Graduate,No,2340,1500,208,180,,Urban
LP018508,Female,No,0,Not Graduate,No,3076,1800,110,180,1,Urban
LP018509,Female,No,3,Graduate,Yes,5000,0,78,240,1,Rural
LP018510,Male,Yes,2,Graduate,Yes,3076,2546,208,360,1,Urban
LP018511,Female,Yes,2,Not Graduate,No,5720,1500,208,,0,Semiurban
LP018512,Female,No,,Graduate,,2340,1800,126,,0,Urban
LP018513,Female,Yes,2,Not Graduate,Yes,3276,1800,100,360,0,Rural
LP018514,Female,No,1,Not Graduate,,5720,2546,100,240,0,Rural
LP018515,,Yes,,Graduate,No,5000,2546,78,240,,Urban
LP018516,Female,Yes,3,Graduate,No,5000,1500,208,240,0,Urban
LP018517,Female,Yes,2,Graduate,No,3076,0,126,240,1,Urban
LP018518,Male,Yes,1,Graduate,No,2340,1500,110,180,0,Urban
LP018519,,Yes,,Not Graduate,No,2340,2546,208,180,,Semiurban
LP018520,Male,Yes,1,Graduate,No,5720,0,126,240,1,Semiurban
LP018521,Male,Yes,,Graduate,,5720,1800,110,,0,Rural
LP018522,Male,No,,Graduate,Yes,5720,1800,110,360,0,Urban
LP018523,,No,,Not Graduate,No,3276,0,78,360,1,Urban
LP018524,Male,No,3,Graduate,Yes,3276,2546,100,,1,Semiurban
LP018525,Male,Yes,,Graduate,,5000,0,100,240,1,Urban
LP018526,Male,Yes,,Not Graduate,No,5000,1500,78,240,,Semiurban
LP018527,Female,No,1,Not Graduate,No,5000,1500,208,360,,Rural
LP018528,Male,No,,Not Graduate,Yes,2340,0,126,360,,Rural
LP018529,,Yes,3,Graduate,Yes,5000,2546,100,180,1,Urban
LP018530,,No,1,Not Graduate,Yes,3076,0,78,360,0,Urban
LP018531,Female,No,,Not Graduate,No,5720,0,100,360,1,Urban
LP018532,,No,1,Graduate,Yes,2340,1500,100,360,0,Semiurban
LP018533,,No,3,Graduate,Yes,3276,1500,100,360,0,Semiurban
LP018534,Female,Yes,1,Not Graduate,,5720,2546,208,180,1,Rural
LP018535,Male,No,3,Graduate,No,5000,1500,78,180,,Semiurban
LP018536,Female,No,2,Graduate,No,3276,2546,100,180,1,Urban
LP018537,Male,No,,Not Graduate,No,3276,0,100,,0,Rural
LP018538,Male,No,3,Graduate,Yes,3276,1800,78,360,1,Urban
LP018539,,Yes,,Graduate,,5720,0,110,180,1,Semiurban
LP018540,Female,No,3,Not Graduate,Yes,2340,1500,208,,0,Semiurban
LP018541,,No,0,Not Graduate,No,5720,1800,208,,1,Urban
LP018542,,No,0,Graduate,Yes,3076,1800,126,240,,Urban
LP018543,Male,No,0,Not Graduate,No,5000,0,126,180,,Rural
LP018544,,No,3,Not Graduate,Yes,2340,1800,110,360,,Semiurban
LP018545,Female,Yes,,Graduate,Yes,2340,2546,126,360,0,Semiurban
LP018546,,No,0,Graduate,No,5000,1500,100,240,1,Rural
LP018547,,No,,Graduate,Yes,3076,1500,100,,1,Rural
LP018548,Male,Yes,3,Not Graduate,No,3276,0,126,180,,Semiurban
LP018549,Female,No,,Not Graduate,Yes,5000,0,208,240,0,Rural
LP018550,,Yes,,Graduate,Yes,3276,1500,110,360,,Semiurban
LP018551,Male,No,0,Graduate,Yes,5000,0,100,,,Semiurban
LP018552,,Yes,1,Graduate,No,5720,1800,110,,,Rural
LP018553,Female,Yes,2,Graduate,Yes,3076,1800,126,180,,Rural
LP018554,,No,3,Not Graduate,Yes,3076,2546,78,180,0,Rural
LP018555,,Yes,3,Not Graduate,,5000,0,110,180,0,Semiurban
LP018556,Male,No,3,Not Graduate,,3076,1500,110,240,,Rural
LP018557,,Yes,2,Not Graduate,No,3276,0,126,360,0,Semiurban
LP018558,Male,Yes,1,Not Graduate,No,3076,1500,126,180,,Urban
LP018559,Female,No,,Not Graduate,No,3076,0,100,240,,Rural
LP018560,,Yes,3,Graduate,No,3076,0,78,240,,Semiurban
LP018561,Female,No,,Not Graduate,Yes,2340,2546,78,180,,Semiurban
LP018562,Female,Yes,0,Not Graduate,Yes,5000,0,110,240,1,Semiurban
LP018563,,Yes,0,Not Graduate,No,5720,1800,78,360,1,Rural
LP018564,Male,No,0,Not Graduate,No,5720,1800,126,180,,Rural
LP018565,Female,No,3,Graduate,,2340,2546,126,240,,Urban
LP018566,Female,Yes,2,Graduate,No,2340,1500,126,240,,Rural
LP018567,,No,3,Not Graduate,,5720,1500,110,180,1,Urban
LP018568,,No,0,Graduate,No,3276,1500,208,240,1,Urban
LP018569,,Yes,0,Graduate,No,5720,1500,126,360,,Urban
LP018570,,Yes,3,Graduate,Yes,5720,1800,78,240,1,Urban
LP018571,,No,2,Graduate,No,5000,1800,78,,1,Rural
LP018572,,Yes,2,Not Graduate,,5720,2546,126,360,1,Urban
LP018573,Male,No,,Not Graduate,Yes,5720,2546,208,180,0,Rural
LP018574,Female,No,1,Not Graduate,,3076,2546,110,180,,Rural
LP018575,Male,No,0,Not Graduate,No,2340,1500,126,240,1,Rural
LP018576,Male,No,2,Not Graduate,Yes,5720,1500,110,,1,Rural
LP018577,,No,0,Graduate,,5720,1800,208,360,0,Rural
LP018578,Female,No,1,Not Graduate,No,3276,1800,126,240,0,Semiurban
LP018579,Male,Yes,0,Not Graduate,,5720,0,126,360,0,Rural
LP018580,,No,2,Graduate,No,5000,0,126,180,0,Rural
LP018581,,Yes,,Graduate,,3276,1500,100,180,0,Urban
LP018582,Female,No,3,Not Graduate,No,5720,1800,126,,0,Urban
LP018583,Male,Yes,3,Graduate,,5000,1500,126,180,0,Urban
LP018584,Male,Yes,2,Not Graduate,Yes,2340,0,208,,,Urban
LP018585,Male,Yes,2,Graduate,No,5720,0,208,180,0,Urban
LP018586,,No,1,Not Graduate,No,2340,2546,100,360,1,Urban
LP018587,Female,Yes,0,Not Graduate,,5720,1500,126,360,1,Rural
LP018588,Female,Yes,1,Not Graduate,No,3276,0,78,240,1,Rural
LP018589,Male,No,3,Not Graduate,Yes,3276,2546,110,240,1,Urban
LP018590,,Yes,0,Graduate,,5000,0,126,240,0,Semiurban
LP018591,Male,Yes,1,Not Graduate,,3076,1800,100,240,,Semiurban
LP018592,Female,No,3,Not Graduate,,5000,1800,78,240,,Rural
LP018593,,Yes,0,Not Graduate,Yes,5720,1800,208,240,0,Rural
LP018594,Male,Yes,,Not Graduate,Yes,2340,2546,110,,,Semiurban
LP018595,Male,No,,Graduate,No,2340,2546,100,,0,Semiurban
LP018596,,Yes,1,Graduate,,5720,1800,208,180,1,Urban
LP018597,Female,Yes,2,Not Graduate,Yes,3076,2546,126,,0,Semiurban
LP018598,,Yes,0,Not Graduate,No,3076,1800,100,360,,Urban
LP018599,Male,Yes,1,Graduate,Yes,3076,1500,126,,,Rural
LP018600,Male,No,2,Not Graduate,Yes,5720,1800,100,240,,Rural
LP018601,Male,No,2,Not Graduate,Yes,3276,0,100,,0,Urban
LP018602,Male,No,0,Graduate,No,3276,1500,126,360,0,Rural
LP018603,Female,No,0,Graduate,Yes,5720,1800,100,180,0,Rural
LP018604,Female,Yes,2,Graduate,Yes,3276,0,208,,,Urban
LP018605,Male,No,3,Not Graduate,Yes,3076,1800,208,360,,Semiurban
LP018606,Female,No,1,Not Graduate,,3276,1500,110,,,Rural
LP018607,Female,Yes,0,Not Graduate,Yes,5720,1800,110,180,1,Semiurban
LP018608,Female,Yes,2,Not Graduate,,3276,2546,100,,0,Semiurban
LP018609,Male,Yes,3,Graduate,Yes,3276,1800,208,360,0,Rural
LP018610,,No,,Graduate,,3276,1500,126,180,,Semiurban
LP018611,,Yes,2,Graduate,Yes,3276,0,100,180,,Rural
LP018612,,Yes,3,Graduate,,5720,1800,126,180,,Rural
LP018613,Male,Yes,,Not Graduate,,5000,2546,78,180,,Urban
LP018614,Female,No,3,Not Graduate,,3276,1500,110,240,1,Rural
LP018615,Female,No,0,Graduate,Yes,5000,0,100,240,,Urban
LP018616,Male,No,2,Not Graduate,No,5720,0,100,,,Urban
LP018617,Male,No,,Graduate,,2340,1800,126,,,Urban
LP018618,,No,3,Graduate,,5000,1500,110,180,0,Urban
LP018619,,No,,Not Graduate,,5720,2546,126,360,0,Urban
LP018620,Male,No,1,Not Graduate,,2340,2546,126,360,,Semiurban
LP018621,,Yes,2,Not Graduate,,3276,1500,110,240,0,Urban
LP018622,Female,Yes,0,Not Graduate,No,5720,2546,78,360,1,Urban
LP018623,Male,Yes,,Not Graduate,Yes,3076,0,208,180,1,Semiurban
LP018624,Male,No,3,Not Graduate,No,2340,0,208,,1,Urban
LP018625,Female,No,,Not Graduate,Yes,3076,2546,78,,1,Semiurban
LP018626,Female,Yes,3,Not Graduate,No,3276,2546,110,180,0,Semiurban
LP018627,Female,Yes,,Graduate,Yes,3276,0,100,360,0,Urban
LP018628,,No,0,Graduate,,5000,0,110,240,,Rural
LP018629,Male,No,0,Not Graduate,Yes,3276,0,126,240,1,Rural
LP018630,,No,2,Not Graduate,Yes,5000,0,110,,1,Urban
LP018631,Female,No,0,Graduate,,2340,2546,208,360,0,Rural
LP018632,,No,,Graduate,,3076,2546,100,240,1,Urban
LP018633,Female,No,,Graduate,Yes,2340,0,78,360,0,Urban
LP018634,,No,0,Graduate,Yes,3076,2546,110,360,0,Semiurban
LP018635,,No,1,Not Graduate,,5720,1800,100,240,1,Urban
LP018636,Female,Yes,,Graduate,No,2340,2546,100,,,Urban
LP018637,,No,2,Graduate,,5720,0,208,360,0,Rural
LP018638,Male,No,1,Graduate,Yes,3076,1500,126,240,0,Semiurban
LP018639,,No,0,Graduate,Yes,5000,0,100,180,1,Semiurban
LP018640,,Yes,3,Not Graduate,Yes,2340,1500,100,180,0,Rural
LP018641,Male,Yes,,Graduate,,2340,2546,110,,,Urban
LP018642,Female,No,3,Not Graduate,,5000,2546,78,240,1,Semiurban
LP018643,Male,Yes,2,Not Graduate,No,5000,1500,110,360,0,Semiurban
LP018644,,Yes,1,Not Graduate,Yes,3276,0,208,180,1,Rural
LP018645,Female,Yes,3,Not Graduate,Yes,3276,0,100,360,,Semiurban
LP018646,,No,2,Not Graduate,,3076,0,126,180,1,Urban
LP018647,,No,3,Graduate,Yes,2340,0,100,240,,Rural
LP018648,Male,No,3,Not Graduate,No,5000,2546,126,360,1,Urban
LP018649,Male,No,2,Graduate,,5000,1500,126,,,Semiurban
LP018650,Female,No,,Graduate,Yes,5720,1500,126,240,1,Rural
LP018651,Female,No,3,Not Graduate,,3276,0,78,360,1,Urban
LP018652,Female,No,2,Not Graduate,,5720,0,110,180,0,Semiurban
LP018653,,Yes,3,Graduate,No,5000,1800,208,240,1,Urban
LP018654,Male,No,,Not Graduate,,2340,1500,78,,0,Urban
LP018655,Male,No,2,Not Graduate,Yes,2340,1800,78,180,,Rural
LP018656,Male,No,3,Not Graduate,No,5720,2546,126,360,,Urban
LP018657,Female,No,0,Graduate,,3276,1500,78,360,1,Semiurban
LP018658,Male,No,,Graduate,Yes,3076,0,208,240,0,Semiurban
LP018659,Male,No,3,Not Graduate,,2340,0,208,,0,Semiurban
LP018660,Male,No,1,Not Graduate,,3076,2546,100,180,1,Semiurban
LP018661,Female,No,2,Not Graduate,No,3276,0,78,240,0,Urban
LP018662,Male,Yes,3,Graduate,No,5720,1800,100,,1,Semiurban
LP018663,Female,Yes,,Not Graduate,No,3276,0,208,180,1,Rural
LP018664,Male,No,,Not Graduate,No,5000,1500,78,,1,Urban
LP018665,Male,No,1,Not Graduate,Yes,3276,1500,126,,0,Rural
LP018666,Male,Yes,1,Not Graduate,,5720,1500,126,180,1,Semiurban
LP018667,Female,No,3,Graduate,No,5720,2546,78,360,,Rural
LP018668,Female,No,0,Not Graduate,Yes,3276,0,100,360,1,Semiurban
LP018669,Male,Yes,,Not Graduate,No,5720,1800,100,,0,Urban
LP018670,,No,0,Graduate,,5000,1500,126,,1,Rural
LP018671,Female,No,0,Not Graduate,No,3076,1500,100,240,1,Urban
LP018672,Female,No,3,Not Graduate,,3276,0,126,360,,Semiurban
LP018673,Male,Yes,2,Graduate,,5720,0,110,360,,Urban
LP018674,,Yes,2,Not Graduate,Yes,3076,0,126,,0,Rural
LP018675,Male,No,2,Graduate,No,5000,2546,110,240,1,Rural
LP018676,Female,Yes,1,Not Graduate,No,3276,2546,78,240,1,Rural
LP018677,Female,Yes,,Not Graduate,,5720,1800,110,240,,Semiurban
LP018678,Male,Yes,1,Not Graduate,No,3076,2546,208,180,1,Rural
LP018679,Male,No,,Graduate,,5000,1800,100,180,0,Rural
LP018680,,Yes,,Not Graduate,Yes,2340,0,110,180,,Rural
LP018681,,Yes,,Graduate,No,5720,1500,208,240,,Urban
LP018682,Female,Yes,3,Graduate,,5000,1500,208,360,0,Semiurban
LP018683,,No,2,Graduate,No,3076,0,100,180,1,Semiurban
LP018684,,Yes,1,Graduate,No,3276,2546,126,,0,Semiurban
LP018685,Female,Yes,1,Graduate,Yes,3076,0,208,,,Semiurban
LP018686,Female,No,3,Graduate,,3276,0,110,,,Rural
LP018687,Female,Yes,,Not Graduate,Yes,5000,1500,100,360,0,Semiurban
LP018688,Female,Yes,2,Not Graduate,Yes,5000,2546,110,180,,Semiurban
LP018689,Male,Yes,0,Not Graduate,Yes,3076,1500,126,360,1,Rural
LP018690,Female,No,0,Not Graduate,,3076,0,100,180,,Rural
LP018691,Female,No,3,Graduate,,3276,2546,208,,0,Rural
LP018692,Female,Yes,2,Not Graduate,No,5720,1500,110,,0,Rural
LP018693,,Yes,0,Not Graduate,,3076,1800,110,360,,Urban
LP018694,Female,Yes,0,Graduate,Yes,5720,1800,208,180,0,Semiurban
LP018695,Male,Yes,1,Not Graduate,,5720,0,208,,0,Rural
LP018696,Male,Yes,2,Graduate,No,5720,0,126,180,1,Semiurban
LP018697,Female,Yes,0,Not Graduate,Yes,5000,2546,126,180,,Urban
LP018698,Male,No,1,Not Graduate,No,5000,0,208,240,1,Rural
LP018699,,Yes,2,Graduate,,5720,2546,100,180,0,Urban
LP018700,Female,Yes,,Not Graduate,No,5720,0,208,360,0,Semiurban
LP018701,Male,Yes,2,Not Graduate,No,5000,1800,208,,1,Urban
LP018702,Male,No,3,Not Graduate,,3276,2546,78,360,,Semiurban
LP018703,Female,Yes,1,Not Graduate,No,2340,0,100,180,0,Semiurban
LP018704,Male,No,,Graduate,,3076,1800,100,360,0,Semiurban
LP018705,Female,Yes,1,Not Graduate,Yes,5720,1500,126,,0,Semiurban
LP018706,Male,Yes,1,Graduate,No,5000,0,126,180,,Semiurban
LP018707,,Yes,0,Graduate,Yes,5720,1500,126,360,1,Rural
LP018708,Male,Yes,2,Not Graduate,,5720,0,110,180,1,Rural
LP018709,Male,Yes,1,Graduate,,5720,2546,100,180,,Urban
LP018710,Female,Yes,1,Not Graduate,No,5720,1800,78,360,0,Urban
LP018711,Male,No,3,Graduate,No,3276,0,126,180,0,Rural
LP018712,Female,Yes,3,Graduate,,3076,0,126,360,,Semiurban
LP018713,,Yes,3,Graduate,,3076,0,126,,0,Semiurban
LP018714,Female,Yes,1,Graduate,Yes,5000,1500,126,180,1,Rural
LP018715,Female,No,,Not Graduate,Yes,3276,1500,126,360,1,Semiurban
LP018716,Male,Yes,2,Not Graduate,No,3276,2546,110,,0,Urban
LP018717,,No,1,Not Graduate,No,3076,0,78,240,,Semiurban
LP018718,Female,Yes,0,Not Graduate,No,5000,1800,100,180,,Semiurban
LP018719,Male,Yes,,Graduate,No,3276,1500,78,,0,Urban
LP018720,Male,No,,Not Graduate,No,5000,0,208,180,0,Urban
LP018721,Female,No,2,Not Graduate,No,3076,0,100,180,0,Rural
LP018722,Male,Yes,,Not Graduate,No,5720,1800,126,240,,Semiurban
LP018723,Female,No,2,Graduate,No,3276,1800,208,,,Urban
LP018724,Female,No,,Graduate,Yes,5000,1800,208,180,,Urban
LP018725,Female,Yes,2,Graduate,,5720,1800,208,,0,Urban
LP018726,,Yes,3,Graduate,,3076,1500,208,240,,Urban
LP018727,Female,Yes,3,Graduate,No,2340,2546,126,,,Urban
LP018728,Male,No,,Not Graduate,,3276,0,208,240,1,Urban
LP018729,,Yes,,Graduate,No,3276,1500,78,,0,Rural
LP018730,Male,Yes,2,Not Graduate,Yes,5000,2546,126,240,1,Semiurban
LP018731,,No,2,Graduate,No,3076,1800,208,,,Semiurban
LP018732,,No,1,Graduate,Yes,3076,0,208,360,1,Semiurban
LP018733,,Yes,3,Graduate,Yes,3276,1800,78,360,1,Semiurban
LP018734,,No,1,Graduate,Yes,3276,2546,110,180,0,Semiurban
LP018735,Male,No,1,Graduate,No,5000,2546,110,240,1,Semiurban
LP018736,Female,No,0,Graduate,Yes,5000,0,78,180,0,Semiurban
LP018737,Male,Yes,2,Not Graduate,No,2340,1500,110,360,1,Rural
LP018738,Female,Yes,0,Graduate,Yes,5720,0,100,180,1,Urban
LP018739,Male,Yes,0,Graduate,Yes,5000,1800,100,,,Urban
LP018740,,No,1,Not Graduate,,5720,0,100,240,0,Urban
LP018741,,Yes,0,Graduate,No,3276,1500,110,240,,Rural
LP018742,Female,Yes,2,Graduate,,2340,0,100,,,Urban
LP018743,Female,No,1,Not Graduate,Yes,2340,0,100,240,0,Rural
LP018744,Male,No,2,Not Graduate,,2340,1500,110,240,0,Rural
LP018745,Female,Yes,,Graduate,Yes,3076,1800,78,180,0,Rural
LP018746,Male,No,0,Graduate,,3276,2546,126,240,0,Rural
LP018747,Female,Yes,1,Graduate,,3076,1800,100,360,,Urban
LP018748,Female,Yes,3,Graduate,No,3076,2546,110,,1,Semiurban
LP018749,Female,Yes,2,Graduate,No,2340,2546,126,240,1,Urban
LP018750,,No,0,Graduate,,3076,1500,126,360,0,Rural
LP018751,,No,2,Not Graduate,,3276,1500,208,,,Rural
LP018752,Male,Yes,2,Not Graduate,No,3276,0,126,180,0,Rural
LP018753,Female,Yes,,Not Graduate,Yes,3076,0,100,180,1,Urban
LP018754,Male,Yes,2,Not Graduate,Yes,3276,0,78,180,,Semiurban
LP018755,Female,Yes,,Graduate,Yes,5720,0,100,180,0,Urban
LP018756,,No,,Not Graduate,Yes,3076,0,208,360,0,Rural
LP018757,,Yes,,Graduate,,2340,0,126,360,0,Semiurban
LP018758,Female,Yes,0,Graduate,Yes,2340,2546,208,240,0,Rural
LP018759,Female,No,2,Not Graduate,,3276,0,100,240,0,Semiurban
LP018760,,Yes,2,Graduate,,3276,1500,100,180,0,Semiurban
LP018761,,Yes,,Not Graduate,Yes,2340,1800,100,,1,Rural
LP018762,Male,Yes,2,Not Graduate,Yes,5720,2546,78,,,Urban
LP018763,,Yes,2,Not Graduate,Yes,2340,2546,100,180,,Urban
LP018764,Female,Yes,,Not Graduate,No,3076,0,100,360,1,Semiurban
LP018765,Male,No,3,Not Graduate,,2340,1500,126,360,,Rural
LP018766,Female,No,3,Graduate,Yes,5000,1500,78,180,0,Rural
LP018767,Male,No,,Not Graduate,No,5720,2546,126,180,,Rural
LP018768,Female,No,0,Graduate,,5720,0,208,360,1,Urban
LP018769,,Yes,2,Graduate,,2340,0,110,360,1,Semiurban
LP018770,Female,No,2,Graduate,,5000,2546,126,360,0,Rural
LP018771,Male,No,3,Graduate,Yes,3076,0,78,180,0,Urban
LP018772,Female,No,,Not Graduate,Yes,2340,1800,126,360,,Urban
LP018773,Male,No,0,Graduate,,3076,1500,110,,0,Urban
LP018774,Female,No,,Not Graduate,,5000,2546,126,360,,Rural
LP018775,,No,3,Graduate,No,2340,1800,110,240,,Semiurban
LP018776,,No,3,Not Graduate,No,2340,0,78,360,0,Rural
LP018777,Female,No,2,Not Graduate,,3076,2546,126,240,,Urban
LP018778,Female,Yes,1,Not Graduate,No,2340,1800,78,,,Urban
LP018779,Female,No,0,Not Graduate,,5000,2546,78,240,,Semiurban
LP018780,Male,Yes,0,Not Graduate,No,2340,1800,208,180,,Urban
LP018781,Female,No,1,Graduate,,3276,1800,208,180,1,Urban
LP018782,Female,No,3,Graduate,Yes,5000,0,126,180,1,Urban
LP018783,Male,No,,Graduate,,5720,1500,126,,1,Semiurban
LP018784,,Yes,0,Graduate,Yes,3076,0,78,180,,Urban
LP018785,Female,Yes,1,Not Graduate,,5000,1800,208,360,0,Rural
LP018786,Female,No,2,Graduate,Yes,5720,1500,126,,1,Urban
LP018787,,Yes,2,Graduate,No,5720,0,126,,,Urban
LP018788,,No,3,Graduate,Yes,5000,0,126,360,1,Urban
LP018789,Male,Yes,0,Graduate,No,5720,2546,208,360,1,Urban
LP018790,Female,Yes,,Graduate,,5720,1500,126,240,1,Rural
LP018791,Female,Yes,0,Not Graduate,No,3276,2546,78,180,1,Rural
LP018792,Male,No,2,Not Graduate,No,2340,2546,126,360,,Rural
LP018793,,Yes,0,Graduate,No,3276,0,100,,1,Rural
LP018794,Male,Yes,2,Not Graduate,,2340,1500,110,,,Rural
LP018795,,No,1,Graduate,Yes,5720,1800,78,360,0,Semiurban
LP018796,Male,Yes,1,Not Graduate,No,2340,0,126,180,0,Rural
LP018797,,No,2,Not Graduate,,3276,1500,100,240,1,Semiurban
LP018798,Male,No,,Graduate,No,3076,1800,208,240,0,Rural
LP018799,,Yes,,Not Graduate,Yes,3076,2546,78,180,0,Semiurban
LP018800,,No,0,Graduate,No,2340,0,78,180,,Urban
LP018801,,Yes,2,Graduate,No,3076,0,126,,,Rural
LP018802,,Yes,3,Not Graduate,No,5000,0,208,360,1,Semiurban
LP018803,,No,,Not Graduate,Yes,3076,1800,126,240,0,Urban
LP018804,Female,Yes,,Not Graduate,Yes,2340,1800,100,180,0,Rural
LP018805,,Yes,1,Not Graduate,,5720,0,110,,,Semiurban
LP018806,Female,No,,Graduate,No,3276,1800,208,240,1,Urban
LP018807,,No,,Graduate,No,3076,1500,110,,0,Semiurban
LP018808,Female,Yes,,Graduate,No,2340,1500,100,,0,Rural
LP018809,Female,No,2,Graduate,No,3276,0,78,240,1,Urban
LP018810,Male,No,2,Graduate,Yes,5000,2546,100,,,Urban
LP018811,,No,1,Graduate,Yes,5720,2546,110,360,,Urban
LP018812,Male,No,0,Not Graduate,No,3276,2546,208,,,Rural
LP018813,Male,Yes,,Graduate,No,3276,0,126,360,0,Urban
LP018814,,Yes,0,Graduate,No,2340,0,110,180,0,Semiurban
LP018815,Male,No,2,Not Graduate,No,5000,1800,208,240,,Rural
LP018816,,Yes,,Not Graduate,,3076,1500,110,,,Urban
LP018817,Male,No,0,Graduate,,5000,1500,78,360,0,Rural
LP018818,,No,0,Graduate,No,5720,0,78,,,Rural
LP018819,,Yes,3,Not Graduate,No,3076,1800,126,,0,Urban
LP018820,,Yes,2,Graduate,No,5000,2546,78,360,,Urban
LP018821,Female,Yes,1,Not Graduate,,5720,1500,100,,,Urban
LP018822,Male,Yes,1,Not Graduate,Yes,3276,2546,126,240,0,Semiurban
LP018823,Female,No,3,Not Graduate,,3276,2546,110,240,1,Urban
LP018824,Male,No,0,Graduate,,3276,0,100,240,,Semiurban
LP018825,Male,Yes,3,Graduate,No,3276,0,208,240,1,Urban
LP018826,Male,No,3,Not Graduate,No,3076,1800,110,360,1,Rural
LP018827,Female,Yes,2,Not Graduate,Yes,3276,1500,78,,,Rural
LP018828,Male,Yes,,Graduate,No,3076,0,110,360,,Urban
LP018829,Female,Yes,0,Graduate,No,3076,1800,78,,1,Urban
LP018830,,No,1,Graduate,Yes,5000,0,100,180,1,Urban
LP018831,Male,No,1,Not Graduate,No,3276,2546,100,,,Rural
LP018832,Male,Yes,3,Not Graduate,No,2340,1500,100,,0,Rural
LP018833,,Yes,3,Not Graduate,No,3276,1500,126,240,,Rural
LP018834,,Yes,3,Graduate,,2340,1800,78,,0,Urban
LP018835,Male,Yes,0,Not Graduate,No,3276,0,110,180,1,Urban
LP018836,,No,3,Not Graduate,,3076,2546,110,360,1,Rural
LP018837,Female,No,3,Not Graduate,No,3276,2546,110,240,1,Semiurban
LP018838,Female,Yes,,Graduate,No,3276,1500,126,180,,Urban
LP018839,Male,Yes,0,Not Graduate,,3276,1500,126,180,0,Urban
LP018840,Female,No,2,Not Graduate,,3276,2546,78,180,,Semiurban
LP018841,Female,Yes,2,Graduate,No,5000,0,126,360,1,Rural
LP018842,Male,No,,Not Graduate,Yes,5000,1800,100,360,,Urban
LP018843,,No,1,Graduate,No,3076,0,110,180,0,Semiurban
LP018844,Male,Yes,2,Graduate,,3076,0,100,360,,Semiurban
LP018845,Female,No,0,Not Graduate,No,2340,0,126,,,Rural
LP018846,Male,No,1,Graduate,No,3076,0,110,,0,Semiurban
LP018847,Male,No,3,Not Graduate,,5000,0,208,360,0,Rural
LP018848,Female,No,0,Graduate,Yes,3076,1800,100,180,1,Semiurban
LP018849,Female,Yes,1,Not Graduate,Yes,2340,2546,208,180,0,Urban
LP018850,Male,No,2,Graduate,,2340,0,78,240,1,Rural
LP018851,Female,No,3,Graduate,,5000,1800,100,180,,Rural
LP018852,Female,No,3,Graduate,No,3076,0,110,240,1,Semiurban
LP018853,Female,Yes,0,Not Graduate,,2340,1800,110,240,,Urban
LP018854,Female,Yes,3,Not Graduate,,3076,0,208,180,0,Semiurban
LP018855,Female,Yes,1,Not Graduate,No,3076,2546,110,360,1,Semiurban
LP018856,Female,No,,Graduate,No,5000,0,100,240,1,Semiurban
LP018857,,Yes,2,Graduate,No,5000,0,126,240,1,Urban
LP018858,Male,Yes,0,Not Graduate,Yes,3076,0,126,240,0,Urban
LP018859,Female,Yes,,Not Graduate,Yes,3276,1800,110,360,,Semiurban
LP018860,Male,No,,Graduate,,3276,2546,78,360,1,Rural
LP018861,,Yes,0,Graduate,No,5720,0,100,240,,Rural
LP018862,Female,Yes,1,Graduate,,5720,0,78,360,,Rural
LP018863,Male,Yes,2,Not Graduate,,5720,0,208,240,,Rural
LP018864,Female,No,0,Graduate,Yes,5000,1500,110,240,1,Semiurban
LP018865,Female,No,,Not Graduate,Yes,3076,1500,208,,,Semiurban
LP018866,Female,Yes,,Graduate,,2340,1800,78,360,1,Urban
LP018867,Female,Yes,0,Not Graduate,No,3076,0,100,,,Rural
LP018868,Female,Yes,,Graduate,Yes,3076,1800,78,,,Semiurban
LP018869,Female,No,0,Graduate,Yes,5720,1800,126,180,1,Rural
LP018870,Female,No,0,Not Graduate,Yes,3076,2546,78,240,1,Rural
LP018871,,Yes,2,Graduate,,5720,1500,78,240,0,Semiurban
LP018872,,No,0,Graduate,Yes,3076,1800,78,240,0,Semiurban
LP018873,Female,Yes,,Graduate,No,2340,2546,78,240,0,Semiurban
LP018874,Female,No,3,Not Graduate,Yes,3276,2546,100,,,Rural
LP018875,,Yes,2,Graduate,,3276,1500,110,,0,Urban
LP018876,,No,,Not Graduate,,5000,1500,100,,0,Rural
LP018877,,Yes,,Graduate,,2340,0,208,,0,Semiurban
LP018878,Female,No,2,Graduate,,3076,1800,126,240,,Rural
LP018879,Male,Yes,2,Not Graduate,No,2340,2546,110,360,0,Urban
LP018880,Male,Yes,,Not Graduate,,3076,0,126,360,1,Semiurban
LP018881,Male,Yes,3,Not Graduate,Yes,2340,1800,126,240,,Semiurban
LP018882,Male,Yes,1,Not Graduate,No,2340,1800,110,360,,Rural
LP018883,Female,No,,Not Graduate,,3276,0,110,180,1,Semiurban
LP018884,Male,Yes,2,Not Graduate,,2340,2546,208,180,0,Urban
LP018885,,No,0,Graduate,No,5000,0,100,360,0,Semiurban
LP018886,,No,0,Graduate,Yes,3076,1800,110,360,1,Rural
LP018887,Male,Yes,2,Graduate,No,5720,0,208,,0,Semiurban
LP018888,,Yes,2,Graduate,Yes,2340,0,78,240,0,Rural
LP018889,Female,Yes,1,Not Graduate,Yes,5720,1800,110,240,0,Semiurban
LP018890,Male,Yes,2,Graduate,,3276,1500,100,180,,Semiurban
LP018891,Male,No,0,Graduate,No,5720,2546,78,360,1,Rural
LP018892,Female,No,3,Graduate,No,5000,1800,78,360,0,Urban
LP018893,,No,2,Not Graduate,,5000,1500,78,180,1,Rural
LP018894,Female,No,1,Not Graduate,,3276,0,78,180,,Urban
LP018895,Female,Yes,3,Graduate,Yes,5000,1500,126,,0,Rural
LP018896,,No,1,Not Graduate,,3076,1800,100,,1,Semiurban
LP018897,Female,Yes,3,Graduate,No,5000,1800,208,360,,Urban
LP018898,,Yes,2,Not Graduate,,2340,0,110,180,,Rural
LP018899,,No,0,Graduate,,5000,1800,208,360,1,Rural
LP018900,Female,No,3,Not Graduate,,3076,0,126,180,0,Rural
LP018901,,No,,Graduate,,3276,1500,78,180,0,Rural
LP018902,Female,No,1,Graduate,,5000,0,110,180,1,Urban
LP018903,,No,3,Not Graduate,Yes,3076,0,100,240,,Urban
LP018904,Male,No,1,Not Graduate,,2340,1500,110,240,1,Urban
LP018905,,Yes,0,Not Graduate,,5720,1800,110,240,1,Urban
LP018906,,Yes,1,Not Graduate,No,5720,1500,208,,,Rural
LP018907,Female,Yes,1,Graduate,,3276,0,78,,1,Urban
LP018908,,No,,Graduate,No,3276,0,100,180,,Urban
LP018909,Male,Yes,1,Graduate,No,5720,0,110,240,,Semiurban
LP018910,Male,Yes,3,Graduate,No,5720,1800,126,180,1,Semiurban
LP018911,,Yes,1,Graduate,No,3276,1500,126,240,1,Urban
LP018912,,Yes,2,Graduate,Yes,5720,2546,78,,1,Semiurban
LP018913,Male,Yes,1,Graduate,Yes,5000,1800,110,,0,Semiurban
LP018914,Female,Yes,2,Graduate,No,3076,1800,78,360,,Semiurban
LP018915,Male,No,1,Not Graduate,Yes,3276,1800,110,180,,Semiurban
LP018916,Male,No,1,Graduate,Yes,3076,1500,100,,,Rural
LP018917,,No,3,Not Graduate,,2340,1800,126,240,,Semiurban
LP018918,,Yes,2,Not Graduate,Yes,2340,0,208,,,Rural
LP018919,Male,No,2,Not Graduate,No,5000,0,78,240,0,Rural
LP018920,Female,No,,Not Graduate,No,2340,0,100,180,,Semiurban
LP018921,Male,Yes,1,Graduate,No,3276,0,126,180,0,Rural
LP018922,Male,No,1,Not Graduate,No,5000,1500,100,180,1,Rural
LP018923,Female,Yes,3,Graduate,,5000,2546,208,,1,Rural
LP018924,Male,No,,Graduate,Yes,3276,0,110,,0,Rural
LP018925,Male,Yes,,Not Graduate,No,5720,0,110,180,,Semiurban
LP018926,,Yes,3,Graduate,,3076,0,100,,,Semiurban
LP018927,Female,No,2,Graduate,No,3276,0,100,180,,Rural
LP018928,,Yes,0,Not Graduate,Yes,5720,1800,78,180,,Semiurban
LP018929,,No,3,Not Graduate,,5720,0,100,180,,Urban
LP018930,Female,Yes,2,Graduate,Yes,2340,1500,110,360,0,Urban
LP018931,Female,No,,Graduate,,5000,1800,100,240,0,Semiurban
LP018932,Male,No,3,Graduate,No,5000,1800,126,360,0,Urban
LP018933,,Yes,0,Graduate,No,2340,1500,126,180,1,Semiurban
LP018934,Female,No,1,Not Graduate,Yes,2340,2546,110,,1,Rural
LP018935,,No,3,Not Graduate,Yes,5000,0,100,,0,Semiurban
LP018936,,No,0,Not Graduate,,3276,0,100,360,0,Rural
LP018937,Female,Yes,0,Not Graduate,Yes,3276,2546,100,180,1,Urban
LP018938,Male,Yes,3,Graduate,Yes,3276,0,126,240,0,Rural
LP018939,,No,2,Not Graduate,No,3276,0,110,240,1,Rural
LP018940,Female,No,3,Graduate,No,2340,1800,78,,1,Urban
LP018941,Male,Yes,,Graduate,No,3076,1800,126,240,0,Semiurban
LP018942,,Yes,0,Not Graduate,No,3076,1800,110,360,0,Semiurban
LP018943,Female,No,0,Graduate,No,5000,0,110,,1,Semiurban
LP018944,,Yes,1,Graduate,No,3076,1500,78,240,0,Semiurban
LP018945,Female,Yes,0,Graduate,No,3276,1800,208,180,,Rural
LP018946,Female,No,1,Not Graduate,,2340,1800,78,240,1,Rural
LP018947,,Yes,0,Graduate,No,3276,1800,78,360,1,Urban
LP018948,,Yes,0,Graduate,No,5720,0,110,240,,Urban
LP018949,Female,Yes,3,Graduate,No,2340,0,208,240,,Rural
LP018950,Male,No,3,Graduate,No,5720,2546,208,360,,Urban
LP018951,,Yes,,Not Graduate,No,5720,1800,100,360,0,Semiurban
LP018952,Female,No,2,Not Graduate,Yes,5000,2546,78,360,,Rural
LP018953,Female,Yes,,Graduate,Yes,5720,1500,78,180,,Urban
LP018954,Male,Yes,0,Graduate,No,3076,1500,208,240,0,Urban
LP018955,Male,No,,Graduate,No,3076,1500,208,180,,Semiurban
LP018956,Male,No,3,Not Graduate,No,5720,1800,208,180,1,Rural
LP018957,,No,0,Not Graduate,,5000,2546,110,360,,Urban
LP018958,Female,No,0,Graduate,No,5720,0,110,,,Urban
LP018959,Female,Yes,,Graduate,,2340,0,110,180,0,Urban
LP018960,Female,No,1,Not Graduate,,2340,2546,78,240,0,Semiurban
LP018961,Male,No,2,Graduate,No,2340,0,208,360,,Urban
LP018962,Female,No,,Not Graduate,Yes,2340,2546,110,180,,Rural
LP018963,,Yes,,Graduate,No,5720,1800,100,240,1,Semiurban
LP018964,Male,Yes,2,Graduate,No,3276,0,208,240,0,Rural
LP018965,Male,No,0,Graduate,Yes,3276,1800,208,240,1,Semiurban
LP018966,Male,No,0,Graduate,Yes,2340,1500,208,180,1,Urban
LP018967,Male,No,1,Not Graduate,No,5000,0,110,360,,Rural
LP018968,,No,,Not Graduate,No,5000,2546,126,360,,Urban
LP018969,Female,Yes,2,Not Graduate,,5720,1800,100,,,Rural
LP018970,,No,,Graduate,Yes,3276,0,100,240,1,Urban
LP018971,Female,Yes,3,Graduate,,5720,1800,126,360,1,Urban
LP018972,,No,,Not Graduate,,3076,1800,100,,0,Rural
LP018973,Male,No,,Not Graduate,,2340,2546,110,,0,Semiurban
LP018974,Male,Yes,3,Graduate,,3076,2546,208,360,0,Rural
LP018975,,No,3,Not Graduate,Yes,3076,1500,126,360,0,Semiurban
LP018976,,No,2,Graduate,Yes,5000,0,208,360,0,Rural
LP018977,Female,No,0,Not Graduate,Yes,3276,1800,100,180,0,Rural
LP018978,,No,1,Graduate,No,2340,0,78,360,1,Rural
LP018979,,Yes,3,Graduate,,5720,2546,100,360,,Semiurban
LP018980,Female,No,0,Not Graduate,No,2340,2546,100,180,0,Urban
LP018981,Female,No,2,Not Graduate,Yes,5720,1500,126,360,1,Semiurban
LP018982,Female,Yes,,Graduate,Yes,5720,0,208,360,1,Urban
LP018983,,No,2,Graduate,No,3276,1500,126,360,,Urban
LP018984,Female,Yes,2,Not Graduate,,3076,2546,110,240,0,Rural
LP018985,Male,No,3,Graduate,Yes,5720,0,208,180,,Rural
LP018986,Male,No,1,Not Graduate,,3276,1500,110,360,,Urban
LP018987,Male,No,3,Graduate,,3076,1800,110,180,,Semiurban
LP018988,,Yes,,Not Graduate,Yes,3076,2546,126,,0,Rural
LP018989,Male,Yes,3,Graduate,No,2340,2546,100,,0,Urban
LP018990,,No,,Graduate,,2340,1500,78,180,0,Rural
LP018991,,Yes,3,Graduate,No,2340,0,100,360,1,Semiurban
LP018992,Male,No,1,Graduate,,5000,1500,100,180,1,Rural
LP018993,Female,Yes,0,Graduate,,3076,0,208,240,1,Urban
LP018994,,No,1,Graduate,Yes,5000,2546,126,,0,Urban
LP018995,Male,Yes,3,Graduate,No,2340,1500,208,180,,Rural
LP018996,,No,2,Not Graduate,,3276,0,78,360,,Semiurban
LP018997,Female,Yes,0,Not Graduate,No,2340,1500,126,360,1,Semiurban
LP018998,Female,Yes,2,Graduate,,5720,1500,100,,,Urban
LP018999,Male,Yes,1,Not Graduate,No,3276,0,110,240,1,Rural
LP019000,,Yes,0,Not Graduate,No,3276,0,100,,,Urban
LP019001,,No,3,Graduate,Yes,3076,1800,100,360,0,Semiurban
LP019002,,No,2,Not Graduate,,5000,0,126,240,1,Rural
LP019003,,Yes,3,Graduate,,5720,0,100,180,1,Semiurban
LP019004,Male,No,,Not Graduate,,3276,1800,78,,,Urban
LP019005,Female,Yes,0,Not Graduate,,5000,0,100,180,0,Rural
LP019006,Male,No,2,Not Graduate,Yes,5000,1800,110,180,0,Semiurban
LP019007,,Yes,1,Graduate,Yes,5720,1800,126,360,0,Rural
LP019008,,No,1,Not Graduate,,5720,0,78,360,0,Rural
LP019009,Female,No,1,Graduate,No,2340,2546,126,240,1,Semiurban
LP019010,,Yes,1,Graduate,Yes,2340,2546,110,180,0,Urban
LP019011,Male,Yes,2,Not Graduate,No,3276,1500,208,240,,Semiurban
LP019012,Male,Yes,,Graduate,No,3276,2546,78,240,1,Semiurban
LP019013,Female,Yes,1,Graduate,No,3276,1500,110,,,Rural
LP019014,Male,Yes,1,Not Graduate,,2340,2546,208,,0,Rural
LP019015,Male,No,1,Graduate,Yes,3276,1500,110,360,1,Semiurban
LP019016,Male,Yes,,Not Graduate,,3276,1500,208,180,,Semiurban
LP019017,Male,No,0,Not Graduate,No,2340,0,208,240,0,Urban
LP019018,,Yes,1,Graduate,,2340,1500,126,180,1,Rural
LP019019,Male,No,1,Not Graduate,No,3276,0,100,360,0,Semiurban
LP019020,Female,No,1,Not Graduate,,3276,0,100,180,0,Urban
LP019021,Female,Yes,0,Graduate,,5000,1500,110,240,0,Rural
LP019022,Male,Yes,1,Graduate,Yes,3076,0,208,240,0,Urban
LP019023,Female,No,0,Graduate,Yes,2340,2546,100,180,,Semiurban
LP019024,Male,No,0,Graduate,No,3076,0,110,180,0,Rural
LP019025,Female,Yes,3,Not Graduate,No,2340,0,110,180,1,Urban
LP019026,Female,No,3,Not Graduate,No,5000,0,78,240,,Semiurban
LP019027,Male,No,1,Not Graduate,,3076,2546,126,240,0,Urban
LP019028,Male,No,2,Not Graduate,No,5000,2546,126,,1,Urban
LP019029,,No,3,Not Graduate,Yes,5720,1500,208,240,1,Semiurban
LP019030,Male,No,3,Graduate,No,3076,1800,100,180,,Rural
LP019031,Male,No,2,Not Graduate,No,3076,2546,208,240,,Semiurban
LP019032,,Yes,,Not Graduate,,3076,1500,100,180,,Rural
LP019033,Male,Yes,1,Not Graduate,Yes,5720,1500,100,240,,Urban
LP019034,Male,Yes,,Not Graduate,No,5720,0,100,240,0,Urban
LP019035,,Yes,,Graduate,Yes,5000,0,100,180,,Semiurban
LP019036,Male,No,0,Graduate,No,5720,1500,100,360,,Urban
LP019037,Male,Yes,0,Graduate,Yes,2340,0,78,,1,Urban
LP019038,,No,1,Not Graduate,No,3276,1500,78,240,,Rural
LP019039,,No,2,Not Graduate,No,3076,0,100,360,1,Semiurban
LP019040,Female,Yes,0,Not Graduate,,5000,2546,110,240,0,Rural
LP019041,Male,Yes,3,Graduate,,5000,0,110,240,1,Semiurban
LP019042,Female,No,1,Not Graduate,Yes,5000,1800,126,240,0,Urban
LP019043,Female,Yes,,Graduate,Yes,5000,2546,100,180,1,Urban
LP019044,,Yes,1,Not Graduate,Yes,3076,0,110,240,1,Semiurban
LP019045,Male,No,0,Graduate,Yes,5000,2546,126,360,,Semiurban
LP019046,Male,No,2,Graduate,,3076,2546,110,240,1,Semiurban
LP019047,,No,,Not Graduate,Yes,5000,0,126,240,0,Urban
LP019048,Female,No,2,Not Graduate,No,5000,2546,208,240,1,Rural
LP019049,,No,1,Graduate,No,3276,1500,110,180,,Urban
LP019050,Male,No,2,Graduate,No,2340,0,100,180,,Urban
LP019051,,Yes,2,Graduate,,5720,0,100,360,0,Urban
LP019052,Male,Yes,1,Graduate,Yes,5720,0,78,180,,Semiurban
LP019053,Female,Yes,,Graduate,No,5720,1500,208,240,1,Urban
LP019054,Male,No,2,Not Graduate,No,2340,0,208,180,0,Rural
LP019055,Female,No,2,Graduate,,3076,1500,110,,,Semiurban
LP019056,Female,Yes,1,Not Graduate,,5720,1800,126,180,1,Urban
LP019057,Male,Yes,3,Not Graduate,,5720,1800,78,240,,Urban
LP019058,Male,Yes,2,Not Graduate,No,5720,1800,208,240,,Urban
LP019059,Female,No,0,Not Graduate,,3076,0,208,,0,Urban
LP019060,,Yes,,Not Graduate,No,2340,1800,100,180,0,Semiurban
LP019061,Male,Yes,2,Graduate,Yes,2340,1800,100,240,0,Semiurban
LP019062,Female,Yes,1,Not Graduate,No,3076,1500,126,180,1,Semiurban
LP019063,Female,No,0,Graduate,Yes,3276,2546,110,180,,Semiurban
LP019064,,Yes,1,Not Graduate,No,5000,2546,126,240,0,Semiurban
LP019065,Male,Yes,2,Graduate,Yes,3076,1800,110,360,1,Urban
LP019066,Female,No,0,Not Graduate,No,5000,2546,78,180,1,Semiurban
LP019067,,No,,Graduate,No,2340,1800,208,,1,Urban
LP019068,Female,No,,Graduate,No,5000,1800,126,360,,Rural
LP019069,Male,No,,Graduate,No,5720,0,110,360,0,Rural
LP019070,,No,3,Not Graduate,,5000,0,78,180,,Urban
LP019071,Female,Yes,1,Graduate,No,5000,2546,126,,1,Urban
LP019072,,Yes,2,Not Graduate,No,2340,1800,208,180,,Semiurban
LP019073,Male,No,0,Not Graduate,,3276,2546,78,240,0,Semiurban
LP019074,,No,1,Graduate,,5000,0,100,240,1,Rural
LP019075,Male,No,2,Not Graduate,,2340,0,208,360,,Rural
LP019076,Female,No,3,Not Graduate,,5720,1800,100,,0,Urban
LP019077,Male,Yes,2,Not Graduate,,5000,2546,78,,0,Rural
LP019078,Female,Yes,1,Not Graduate,,5000,2546,78,360,0,Urban
LP019079,Female,No,2,Graduate,,5720,2546,100,180,0,Urban
LP019080,Male,No,0,Not Graduate,,3076,0,110,180,1,Rural
LP019081,Female,No,3,Graduate,,3276,1500,78,240,1,Urban
LP019082,,No,0,Not Graduate,,5720,1500,126,180,,Urban
LP019083,Female,Yes,3,Graduate,,5720,2546,126,180,0,Urban
LP019084,Male,No,3,Graduate,Yes,5720,2546,78,,0,Urban
LP019085,,No,2,Not Graduate,No,3076,0,100,360,1,Semiurban
LP019086,,Yes,0,Not Graduate,No,5720,1800,100,180,,Rural
LP019087,Female,No,3,Not Graduate,,3076,0,208,360,,Rural
LP019088,Female,Yes,3,Not Graduate,,3276,0,100,,1,Urban
LP019089,Male,No,2,Not Graduate,Yes,3076,2546,110,360,1,Rural
LP019090,,No,1,Graduate,,3276,1500,110,240,1,Rural
LP019091,Male,Yes,1,Graduate,Yes,3276,1500,126,240,1,Semiurban
LP019092,Female,No,,Graduate,No,3276,0,78,360,1,Semiurban
LP019093,,Yes,,Not Graduate,No,2340,1500,126,180,1,Semiurban
LP019094,Male,Yes,3,Not Graduate,,3276,1500,78,180,,Semiurban
LP019095,Male,Yes,1,Not Graduate,Yes,3076,1800,126,180,1,Semiurban
LP019096,Male,No,3,Graduate,Yes,2340,2546,78,,1,Urban
LP019097,Male,No,0,Not Graduate,No,5720,0,78,360,,Rural
LP019098,Male,Yes,1,Graduate,No,5720,0,126,240,,Semiurban
LP019099,,No,1,Graduate,Yes,5000,0,208,180,0,Semiurban
LP019100,Male,No,1,Not Graduate,Yes,3276,2546,110,360,0,Rural
LP019101,,No,,Graduate,No,5000,0,100,,,Urban
LP019102,Male,Yes,2,Graduate,Yes,3276,1500,110,240,1,Rural
LP019103,Female,Yes,2,Graduate,No,3276,1800,100,,,Semiurban
LP019104,Female,No,,Not Graduate,Yes,3076,0,78,180,1,Urban
LP019105,Male,Yes,,Graduate,,3076,0,126,360,1,Urban
LP019106,Female,No,,Not Graduate,No,5720,1500,126,360,1,Urban
LP019107,,No,2,Not Graduate,Yes,2340,2546,100,,,Rural
LP019108,Male,No,3,Graduate,No,5720,1800,126,240,1,Rural
LP019109,,Yes,,Not Graduate,Yes,3276,0,126,240,,Rural
LP019110,Male,Yes,3,Graduate,,2340,0,126,,1,Semiurban
LP019111,Female,No,3,Not Graduate,,5000,0,110,180,1,Urban
LP019112,,Yes,0,Not Graduate,,3276,2546,126,240,,Semiurban
LP019113,Female,No,2,Not Graduate,No,3076,1800,208,360,,Urban
LP019114,Female,Yes,3,Not Graduate,,5720,0,100,,1,Urban
LP019115,Male,Yes,2,Not Graduate,No,5720,0,110,180,1,Urban
LP019116,,Yes,2,Not Graduate,,5000,0,110,360,0,Urban
LP019117,Female,No,0,Not Graduate,No,5720,0,78,360,,Urban
LP019118,Male,No,2,Graduate,,5720,1800,78,360,0,Urban
LP019119,Male,No,3,Graduate,Yes,2340,1800,126,360,0,Urban
LP019120,Male,Yes,1,Graduate,Yes,3276,1800,110,180,0,Rural
LP019121,Female,No,3,Not Graduate,No,2340,0,110,360,,Rural
LP019122,Male,No,3,Graduate,,2340,1500,126,,1,Semiurban
LP019123,,No,2,Not Graduate,,5720,0,100,,1,Urban
LP019124,,No,3,Not Graduate,Yes,3276,2546,110,,,Semiurban
LP019125,Female,Yes,1,Not Graduate,,5720,2546,78,240,0,Rural
LP019126,,Yes,2,Not Graduate,,5720,0,126,,,Semiurban
LP019127,Male,No,,Not Graduate,No,2340,0,110,,1,Semiurban
LP019128,Female,Yes,3,Not Graduate,Yes,3076,0,78,360,,Urban
LP019129,Male,Yes,3,Not Graduate,,3076,1800,208,360,0,Semiurban
LP019130,Female,Yes,0,Not Graduate,,2340,0,110,180,,Semiurban
LP019131,Female,Yes,,Graduate,No,2340,2546,126,180,1,Semiurban
LP019132,Male,Yes,,Not Graduate,No,5720,2546,78,,1,Rural
LP019133,,No,1,Graduate,No,3276,1500,110,,1,Urban
LP019134,,Yes,,Graduate,No,5720,1800,78,180,0,Urban
LP019135,Female,No,0,Not Graduate,,5720,1800,126,240,1,Urban
LP019136,Male,No,1,Graduate,,5000,2546,110,,1,Urban
LP019137,Male,No,,Not Graduate,,5720,0,126,,,Rural
LP019138,Female,Yes,1,Graduate,No,3276,0,100,360,,Urban
LP019139,,Yes,,Not Graduate,,5720,1800,110,360,0,Semiurban
LP019140,Male,Yes,,Graduate,Yes,2340,0,110,,0,Rural
LP019141,,Yes,,Not Graduate,Yes,3276,2546,78,240,,Semiurban
LP019142,,No,3,Graduate,,2340,1500,110,240,1,Rural
LP019143,Female,No,,Not Graduate,No,5000,2546,100,180,,Urban
LP019144,Female,No,3,Not Graduate,Yes,5000,0,78,240,,Urban
LP019145,,Yes,2,Graduate,,3276,2546,78,240,1,Rural
LP019146,Male,No,0,Graduate,Yes,3076,1800,208,180,,Urban
LP019147,Male,No,1,Graduate,Yes,3076,0,110,240,,Rural
LP019148,Female,No,1,Graduate,Yes,3276,0,208,180,1,Urban
LP019149,,Yes,2,Not Graduate,Yes,3276,1500,100,360,1,Rural
LP019150,Male,No,,Graduate,,2340,1800,110,180,0,Urban
LP019151,Male,No,0,Graduate,Yes,5000,0,208,,0,Urban
LP019152,Female,Yes,2,Not Graduate,,3276,1500,208,240,,Rural
LP019153,,No,2,Not Graduate,Yes,5720,1800,78,240,0,Semiurban
LP019154,Male,Yes,1,Not Graduate,Yes,2340,0,208,180,1,Urban
LP019155,Female,No,3,Graduate,Yes,5000,0,208,,1,Rural
LP019156,Male,Yes,3,Graduate,,2340,1500,110,240,0,Urban
LP019157,Male,Yes,,Graduate,Yes,5000,0,110,360,1,Urban
LP019158,Male,Yes,,Graduate,Yes,5720,0,78,180,1,Semiurban
LP019159,Female,No,2,Not Graduate,No,5000,0,110,,,Rural
LP019160,,No,,Graduate,Yes,2340,1800,100,180,1,Semiurban
LP019161,Female,Yes,3,Graduate,No,5000,0,78,240,,Urban
LP019162,,Yes,0,Not Graduate,,2340,1800,100,240,1,Rural
LP019163,Male,Yes,1,Not Graduate,Yes,3276,0,110,240,,Semiurban
LP019164,,Yes,3,Not Graduate,Yes,5720,1500,110,180,0,Rural
LP019165,Male,Yes,,Graduate,No,2340,0,78,,,Urban
LP019166,Male,Yes,1,Graduate,No,3076,0,208,180,1,Urban
LP019167,Female,Yes,1,Not Graduate,Yes,3076,1800,126,240,,Semiurban
LP019168,Male,Yes,2,Graduate,,5000,0,126,180,,Urban
LP019169,Female,Yes,,Graduate,No,3276,1800,110,360,,Rural
LP019170,,Yes,2,Not Graduate,Yes,3276,0,100,,0,Urban
LP019171,,Yes,1,Not Graduate,No,3076,0,78,240,1,Semiurban
LP019172,Male,Yes,2,Not Graduate,,5000,1800,208,180,,Urban
LP019173,Female,No,,Graduate,No,3276,1800,110,360,0,Semiurban
LP019174,Male,Yes,3,Graduate,Yes,3276,1800,100,240,,Semiurban
LP019175,Female,No,0,Graduate,No,5000,2546,110,180,,Semiurban
LP019176,Female,No,3,Not Graduate,,2340,0,126,240,1,Semiurban
LP019177,Female,No,1,Graduate,Yes,3076,2546,110,,0,Rural
LP019178,,Yes,3,Graduate,Yes,3276,2546,100,240,,Semiurban
LP019179,Female,No,2,Not Graduate,Yes,2340,0,126,240,1,Rural
LP019180,,Yes,,Graduate,Yes,2340,2546,110,,,Rural
LP019181,Female,No,3,Graduate,,2340,2546,126,180,1,Rural
LP019182,,Yes,3,Not Graduate,Yes,2340,1800,78,360,0,Urban
LP019183,,Yes,,Not Graduate,,5720,1800,100,360,0,Semiurban
LP019184,,No,2,Not Graduate,,5720,1500,100,,0,Semiurban
LP019185,Male,No,0,Not Graduate,No,5000,0,78,240,,Urban
LP019186,Female,Yes,3,Not Graduate,No,3076,2546,100,180,0,Semiurban
LP019187,Male,No,1,Graduate,Yes,5000,2546,100,180,0,Urban
LP019188,Female,Yes,2,Not Graduate,Yes,5720,0,110,,1,Semiurban
LP019189,Female,Yes,2,Not Graduate,,5000,1800,208,180,0,Rural
LP019190,Male,Yes,3,Not Graduate,No,5000,1800,110,360,1,Rural
LP019191,,No,,Graduate,Yes,2340,0,78,180,0,Rural
LP019192,Female,Yes,3,Graduate,Yes,3276,0,78,240,,Semiurban
LP019193,,Yes,3,Not Graduate,,5720,1800,208,180,,Rural
LP019194,Male,Yes,,Graduate,No,5720,0,110,,0,Urban
LP019195,,Yes,1,Graduate,Yes,5000,1800,110,,1,Semiurban
LP019196,Female,No,,Graduate,Yes,3276,0,110,360,,Semiurban
LP019197,Female,No,3,Not Graduate,Yes,5000,1800,126,360,,Semiurban
LP019198,Female,No,0,Graduate,Yes,3076,1500,126,360,,Rural
LP019199,Male,No,,Graduate,Yes,5720,1800,110,360,1,Rural
LP019200,Female,Yes,1,Not Graduate,Yes,2340,1800,126,180,0,Urban
LP019201,Male,Yes,,Not Graduate,No,2340,2546,110,180,,Urban
LP019202,,Yes,,Graduate,,2340,1800,78,,,Semiurban
LP019203,Female,Yes,2,Not Graduate,,5720,0,110,,,Urban
LP019204,Female,Yes,2,Not Graduate,,5720,0,126,360,,Semiurban
LP019205,Female,Yes,3,Not Graduate,Yes,2340,0,208,180,,Rural
LP019206,,No,3,Not Graduate,,5720,2546,78,240,,Rural
LP019207,Female,Yes,,Graduate,No,2340,0,100,360,0,Semiurban
LP019208,Male,Yes,0,Not Graduate,Yes,3076,1500,208,360,,Rural
LP019209,,Yes,3,Not Graduate,No,3076,0,208,180,,Rural
LP019210,,No,,Graduate,Yes,3076,0,100,240,,Rural
LP019211,,Yes,,Not Graduate,Yes,5000,2546,78,360,0,Semiurban
LP019212,,Yes,,Graduate,,5000,0,100,240,1,Urban
LP019213,,Yes,,Not Graduate,No,3276,1800,78,,1,Semiurban
LP019214,Male,No,,Graduate,,3276,2546,78,,,Semiurban
LP019215,,Yes,2,Not Graduate,Yes,3276,1500,78,360,0,Rural
LP019216,Female,Yes,1,Not Graduate,No,3076,0,208,180,0,Rural
LP019217,,No,1,Graduate,No,3076,0,78,360,1,Urban
LP019218,,Yes,,Graduate,Yes,3076,2546,100,180,1,Semiurban
LP019219,,No,3,Graduate,,5720,0,208,240,0,Urban
LP019220,,Yes,0,Graduate,Yes,5720,0,78,180,,Urban
LP019221,,No,,Graduate,No,3076,1500,126,180,0,Semiurban
LP019222,Male,Yes,0,Not Graduate,No,2340,1500,126,360,1,Urban
LP019223,Male,Yes,2,Graduate,No,3276,2546,78,360,0,Semiurban
LP019224,,No,1,Not Graduate,Yes,5000,0,126,,,Semiurban
LP019225,Male,Yes,2,Graduate,No,3276,0,110,240,,Urban
LP019226,Female,Yes,3,Graduate,No,2340,2546,208,,1,Urban
LP019227,,No,3,Not Graduate,,5720,1500,110,240,0,Semiurban
LP019228,Female,Yes,,Not Graduate,,3076,0,208,,0,Rural
LP019229,Female,No,3,Not Graduate,No,5720,0,100,240,,Rural
LP019230,,Yes,3,Not Graduate,,5720,2546,126,180,0,Semiurban
LP019231,Female,No,2,Graduate,Yes,2340,2546,126,180,,Rural
LP019232,Female,Yes,0,Not Graduate,,5720,1500,126,,,Urban
LP019233,Female,Yes,1,Graduate,,5720,1800,78,,0,Urban
LP019234,,No,3,Graduate,,3276,1800,208,,1,Rural
LP019235,,Yes,3,Graduate,,3276,1800,78,360,0,Rural
LP019236,Female,No,2,Not Graduate,Yes,2340,2546,126,240,0,Semiurban
LP019237,,No,1,Not Graduate,,3076,1500,100,,1,Urban
LP019238,,No,2,Not Graduate,No,3276,1500,126,360,0,Rural
LP019239,Female,Yes,0,Not Graduate,,5720,1800,78,,,Rural
LP019240,,Yes,2,Not Graduate,,5000,0,126,360,0,Rural
LP019241,Male,Yes,1,Not Graduate,No,3276,1800,110,,,Rural
LP019242,,No,1,Graduate,Yes,5000,2546,110,180,1,Urban
LP019243,Male,No,3,Not Graduate,No,3076,0,78,360,0,Semiurban
LP019244,Female,No,0,Graduate,No,5720,1500,110,180,0,Urban
LP019245,,Yes,,Graduate,No,3276,0,208,360,1,Semiurban
LP019246,Female,No,3,Not Graduate,No,3076,0,208,240,1,Rural
LP019247,Female,Yes,2,Not Graduate,,2340,1500,78,240,,Rural
LP019248,Female,Yes,2,Not Graduate,,3076,0,110,360,1,Semiurban
LP019249,Female,Yes,1,Not Graduate,,2340,1800,208,,,Rural
LP019250,Female,Yes,1,Graduate,,2340,0,110,360,1,Urban
LP019251,,Yes,1,Not Graduate,Yes,3276,0,126,240,,Semiurban
LP019252,Male,Yes,,Not Graduate,,5000,0,110,240,1,Rural
LP019253,,Yes,,Graduate,,2340,2546,110,180,,Rural
LP019254,,Yes,3,Graduate,Yes,5720,2546,78,240,,Rural
LP019255,,No,,Not Graduate,No,3276,1800,126,,0,Semiurban
LP019256,,Yes,1,Graduate,,2340,0,208,180,,Urban
LP019257,Male,Yes,3,Not Graduate,,3276,2546,208,240,0,Urban
LP019258,,No,3,Not Graduate,No,5720,0,110,360,0,Rural
LP019259,Female,No,0,Graduate,,3276,2546,100,360,1,Semiurban
LP019260,,No,,Graduate,No,3276,1500,100,240,0,Semiurban
LP019261,,No,2,Not Graduate,No,2340,1500,208,,,Semiurban
LP019262,Male,Yes,2,Not Graduate,No,3076,0,110,360,1,Rural
LP019263,Male,No,0,Not Graduate,,3276,0,110,180,,Urban
LP019264,Female,No,1,Graduate,No,2340,0,126,,0,Semiurban
LP019265,,No,0,Graduate,,5720,0,78,180,0,Urban
LP019266,,No,1,Not Graduate,Yes,5720,2546,100,180,0,Semiurban
LP019267,,Yes,,Not Graduate,No,3076,2546,110,240,0,Semiurban
LP019268,Female,No,,Graduate,,5720,0,208,180,,Urban
LP019269,Male,No,3,Not Graduate,No,2340,2546,100,360,,Semiurban
LP019270,Female,No,3,Graduate,,3076,1500,78,,1,Urban
LP019271,,No,3,Not Graduate,,2340,1500,110,180,1,Semiurban
LP019272,Male,Yes,3,Graduate,Yes,3076,0,100,240,,Urban
LP019273,Male,No,2,Not Graduate,No,3076,1500,110,180,,Rural
LP019274,Female,No,3,Not Graduate,,2340,0,78,360,0,Semiurban
LP019275,Male,No,3,Not Graduate,Yes,3076,1800,126,,0,Semiurban
LP019276,Male,Yes,3,Graduate,,2340,2546,100,360,1,Urban
LP019277,,No,1,Not Graduate,,5720,0,78,240,1,Urban
LP019278,,No,3,Not Graduate,Yes,5720,2546,126,180,1,Urban
LP019279,Male,Yes,0,Not Graduate,No,3276,0,126,360,,Urban
LP019280,Male,No,3,Not Graduate,Yes,5000,0,78,240,1,Rural
LP019281,Female,Yes,3,Not Graduate,No,5000,0,208,240,,Semiurban
LP019282,Female,Yes,2,Not Graduate,,5720,0,78,240,,Semiurban
LP019283,Male,No,3,Graduate,,3276,0,110,240,1,Semiurban
LP019284,,No,1,Graduate,Yes,5000,0,208,,,Rural
LP019285,Male,Yes,,Not Graduate,Yes,2340,2546,126,240,,Urban
LP019286,Male,Yes,3,Not Graduate,Yes,2340,1800,100,240,1,Rural
LP019287,,No,3,Graduate,,3076,0,126,360,1,Semiurban
LP019288,,Yes,3,Graduate,No,5000,0,100,180,1,Semiurban
LP019289,Female,Yes,2,Not Graduate,Yes,2340,0,100,240,1,Urban
LP019290,Female,No,,Graduate,No,5000,0,78,180,0,Urban
LP019291,Female,Yes,2,Not Graduate,Yes,3076,0,78,,0,Rural
LP019292,Female,Yes,2,Not Graduate,Yes,5720,1500,126,240,0,Semiurban
LP019293,,Yes,2,Graduate,Yes,3276,0,78,360,1,Rural
LP019294,Male,Yes,1,Not Graduate,Yes,3076,1800,126,360,0,Semiurban
LP019295,Female,Yes,,Not Graduate,,3076,1500,78,180,1,Urban
LP019296,Female,Yes,1,Not Graduate,,3076,2546,78,,0,Urban
LP019297,,No,1,Not Graduate,Yes,3276,1500,100,,,Semiurban
LP019298,,Yes,,Graduate,,2340,1800,208,240,1,Urban
LP019299,Male,No,1,Graduate,,5000,1500,78,180,0,Semiurban
LP019300,Male,No,,Graduate,,5720,0,78,240,0,Urban
LP019301,,No,3,Not Graduate,,5720,0,126,,1,Urban
LP019302,Female,No,2,Graduate,No,3276,0,100,240,,Rural
LP019303,Female,No,1,Graduate,No,5720,0,100,240,0,Urban
LP019304,Female,No,,Graduate,,3276,0,208,240,1,Semiurban
LP019305,Male,No,0,Not Graduate,No,3276,1500,208,240,0,Semiurban
LP019306,Female,No,1,Not Graduate,Yes,5000,2546,208,240,,Semiurban
LP019307,Female,Yes,1,Not Graduate,No,5000,0,78,360,1,Rural
LP019308,,No,,Not Graduate,Yes,3276,1500,126,360,0,Semiurban
LP019309,Female,No,0,Not Graduate,No,5000,0,110,240,0,Rural
LP019310,,No,0,Graduate,No,2340,1800,126,,1,Rural
LP019311,Female,Yes,3,Graduate,Yes,3076,1800,100,180,,Urban
LP019312,Male,No,1,Graduate,Yes,5720,0,208,180,0,Urban
LP019313,Female,Yes,2,Not Graduate,,5720,2546,110,,,Rural
LP019314,Female,No,1,Graduate,No,5720,0,100,360,1,Semiurban
LP019315,,No,2,Graduate,Yes,5720,1500,208,180,0,Rural
LP019316,,Yes,2,Not Graduate,,2340,2546,110,,0,Urban
LP019317,,No,,Not Graduate,Yes,2340,1800,126,240,,Rural
LP019318,Female,Yes,1,Not Graduate,,3076,0,100,,,Semiurban
LP019319,Female,Yes,,Not Graduate,,3276,1500,78,240,,Rural
LP019320,Male,No,3,Graduate,Yes,5000,2546,110,240,1,Urban
LP019321,Female,No,2,Not Graduate,Yes,3076,2546,110,240,,Rural
LP019322,Male,Yes,0,Not Graduate,No,5720,2546,126,240,0,Semiurban
LP019323,,Yes,2,Not Graduate,No,5000,1500,126,,1,Semiurban
LP019324,,No,3,Graduate,,3076,0,100,180,1,Urban
LP019325,,No,2,Graduate,Yes,5720,1500,78,180,1,Urban
LP019326,Male,No,,Graduate,No,3076,0,208,240,0,Urban
LP019327,Female,Yes,1,Graduate,,5720,1500,110,240,,Urban
LP019328,,No,0,Graduate,No,5720,2546,110,180,1,Rural
LP019329,Female,Yes,,Not Graduate,,2340,0,100,,1,Urban
LP019330,Female,No,1,Not Graduate,No,5720,0,208,180,0,Semiurban
LP019331,,Yes,0,Not Graduate,Yes,3076,0,208,240,0,Urban
LP019332,Male,Yes,3,Graduate,,5000,0,208,180,,Rural
LP019333,Female,No,2,Not Graduate,,2340,1800,100,240,,Rural
LP019334,,Yes,0,Graduate,No,5000,1800,110,,,Rural
LP019335,Female,Yes,3,Graduate,No,3276,1800,126,360,0,Rural
LP019336,Female,Yes,1,Not Graduate,No,5000,1500,110,240,1,Semiurban
LP019337,Female,Yes,0,Not Graduate,Yes,3276,0,126,180,1,Urban
LP019338,Female,Yes,3,Not Graduate,No,3276,0,126,360,0,Urban
LP019339,Female,No,1,Not Graduate,No,2340,1800,100,180,,Urban
LP019340,Male,No,,Graduate,Yes,5000,0,208,180,1,Urban
LP019341,Male,Yes,2,Graduate,No,5720,1800,100,180,1,Urban
LP019342,,No,3,Graduate,Yes,2340,1500,126,360,0,Urban
LP019343,Male,Yes,,Not Graduate,Yes,2340,1500,110,240,,Urban
LP019344,Male,Yes,1,Graduate,No,5720,2546,126,360,1,Rural
LP019345,Male,No,0,Not Graduate,Yes,5000,0,100,360,,Rural
LP019346,Female,Yes,2,Graduate,No,2340,2546,110,360,0,Semiurban
LP019347,Female,Yes,1,Not Graduate,Yes,3276,1500,208,,0,Rural
LP019348,,Yes,3,Graduate,,5720,1500,100,,,Semiurban
LP019349,,No,2,Not Graduate,No,3076,0,78,360,1,Urban
LP019350,,No,,Not Graduate,,2340,2546,126,360,1,Urban
LP019351,Female,Yes,2,Graduate,,3276,2546,208,240,1,Rural
LP019352,Male,Yes,,Not Graduate,,5000,2546,208,,,Rural
LP019353,Male,Yes,1,Graduate,,5000,0,110,240,,Urban
LP019354,Female,Yes,0,Not Graduate,No,5720,0,100,180,1,Urban
LP019355,,Yes,2,Graduate,Yes,3276,0,126,180,0,Rural
LP019356,,No,0,Not Graduate,No,5720,0,78,180,0,Urban
LP019357,,No,0,Graduate,No,2340,1500,126,,1,Rural
LP019358,Female,No,2,Graduate,Yes,5720,0,100,180,,Urban
LP019359,,No,2,Graduate,,3076,0,208,,1,Rural
LP019360,,Yes,0,Graduate,Yes,5720,1500,78,,0,Rural
LP019361,Female,Yes,3,Not Graduate,,5720,1800,110,240,0,Urban
LP019362,Male,No,3,Not Graduate,No,2340,1800,100,180,0,Urban
LP019363,Female,No,2,Graduate,Yes,3276,1800,126,240,1,Rural
LP019364,Female,Yes,0,Graduate,Yes,3076,0,100,180,1,Semiurban
LP019365,Female,No,0,Not Graduate,,5720,0,110,360,0,Semiurban
LP019366,Female,Yes,1,Graduate,Yes,2340,2546,126,240,0,Semiurban
LP019367,Male,Yes,0,Graduate,No,2340,2546,78,,0,Semiurban
LP019368,,Yes,3,Graduate,Yes,2340,0,126,240,0,Urban
LP019369,Female,No,1,Not Graduate,Yes,3276,2546,126,180,,Semiurban
LP019370,Male,No,3,Graduate,No,5720,0,110,,1,Semiurban
LP019371,,No,,Not Graduate,,5000,0,126,,,Rural
LP019372,,No,2,Not Graduate,Yes,3076,2546,100,,0,Rural
LP019373,,No,,Not Graduate,,5000,2546,208,180,0,Urban
LP019374,Female,Yes,2,Graduate,Yes,3276,1800,110,360,,Rural
LP019375,Female,No,3,Graduate,No,5720,0,110,360,,Semiurban
LP019376,,Yes,3,Graduate,,5000,0,110,240,,Semiurban
LP019377,,Yes,,Not Graduate,Yes,5000,1500,100,,0,Urban
LP019378,,Yes,2,Graduate,,5000,2546,100,180,1,Urban
LP019379,,No,2,Graduate,Yes,3076,0,100,240,1,Semiurban
LP019380,,No,1,Not Graduate,No,5720,0,100,180,,Rural
LP019381,,No,0,Not Graduate,No,2340,0,126,240,,Rural
LP019382,Male,No,1,Not Graduate,Yes,5720,0,110,240,,Urban
LP019383,,No,3,Graduate,Yes,5000,0,110,180,0,Urban
LP019384,Female,No,,Graduate,,5720,1800,78,180,,Urban
LP019385,Female,No,2,Graduate,Yes,2340,1800,208,360,0,Semiurban
LP019386,Female,No,1,Not Graduate,,3076,2546,126,180,1,Rural
LP019387,,Yes,,Graduate,Yes,5720,1800,208,240,0,Rural
LP019388,Female,No,,Not Graduate,No,5720,2546,126,,,Rural
LP019389,Male,Yes,0,Graduate,,3076,2546,126,180,0,Semiurban
LP019390,,Yes,2,Graduate,,3076,0,126,180,0,Urban
LP019391,Female,Yes,,Graduate,No,5000,0,110,,0,Rural
LP019392,Male,Yes,2,Graduate,,5000,1500,208,360,0,Semiurban
LP019393,Male,No,1,Graduate,No,3076,1500,208,,0,Rural
LP019394,Female,No,,Not Graduate,No,2340,1800,100,,0,Semiurban
LP019395,Male,Yes,,Not Graduate,No,5000,0,208,180,1,Rural
LP019396,Female,Yes,1,Graduate,Yes,2340,1500,100,360,1,Urban
LP019397,Male,Yes,2,Graduate,No,3076,0,78,360,1,Rural
LP019398,,No,2,Not Graduate,,5720,2546,100,,,Semiurban
LP019399,,Yes,,Graduate,Yes,3076,2546,126,240,1,Rural
LP019400,,Yes,1,Not Graduate,No,3076,0,110,240,,Semiurban
LP019401,,No,3,Graduate,No,3276,1800,126,240,1,Semiurban
LP019402,,Yes,2,Graduate,No,3076,0,78,180,0,Rural
LP019403,Female,No,3,Not Graduate,,5000,1800,110,180,0,Semiurban
LP019404,,No,,Not Graduate,Yes,5720,1800,78,240,1,Semiurban
LP019405,,Yes,3,Graduate,Yes,2340,0,126,,1,Urban
LP019406,,Yes,3,Not Graduate,Yes,3276,2546,110,180,,Urban
LP019407,,Yes,2,Not Graduate,,5000,1800,78,360,,Urban
LP019408,Male,No,,Graduate,No,5720,1800,100,,,Semiurban
LP019409,,No,3,Graduate,Yes,2340,0,208,240,0,Rural
LP019410,,No,2,Graduate,No,5720,2546,126,180,1,Rural
LP019411,Female,Yes,3,Graduate,,5000,1800,100,180,,Urban
LP019412,Male,Yes,2,Not Graduate,Yes,5720,1500,78,360,1,Semiurban
LP019413,Female,Yes,,Graduate,,3076,1500,78,240,1,Urban
LP019414,,Yes,1,Graduate,Yes,5720,2546,110,240,1,Urban
LP019415,Female,Yes,2,Not Graduate,Yes,3076,2546,100,180,0,Semiurban
LP019416,Female,Yes,2,Not Graduate,No,5000,0,78,240,0,Urban
LP019417,,No,3,Graduate,,3276,1800,110,360,,Semiurban
LP019418,Male,No,,Graduate,Yes,3076,1500,208,,1,Urban
LP019419,Male,No,0,Not Graduate,Yes,5720,1500,208,240,,Rural
LP019420,Female,Yes,0,Graduate,,5720,2546,110,360,1,Urban
LP019421,,No,1,Not Graduate,No,5720,2546,100,180,1,Rural
LP019422,Female,No,,Not Graduate,,5000,0,110,,1,Urban
LP019423,Female,No,2,Not Graduate,Yes,2340,0,110,360,0,Urban
LP019424,Female,Yes,0,Graduate,,5720,2546,100,,0,Rural
LP019425,,Yes,1,Graduate,No,5720,0,208,,1,Urban
LP019426,,No,,Not Graduate,No,3076,2546,78,180,,Semiurban
LP019427,Male,Yes,1,Graduate,No,3276,2546,208,180,,Rural
LP019428,,Yes,0,Not Graduate,No,5720,0,100,360,0,Semiurban
LP019429,Female,Yes,3,Graduate,No,5000,0,126,360,1,Semiurban
LP019430,Female,Yes,3,Graduate,No,2340,1800,100,360,0,Rural
LP019431,Male,No,,Not Graduate,No,2340,1800,208,,,Urban
LP019432,,Yes,1,Graduate,Yes,2340,0,208,180,,Semiurban
LP019433,Female,No,2,Graduate,,5000,1800,100,,0,Urban
LP019434,Male,No,0,Graduate,No,2340,1800,100,240,1,Semiurban
LP019435,Male,Yes,3,Not Graduate,,2340,0,100,180,0,Rural
LP019436,Female,Yes,3,Graduate,,3076,1500,208,360,0,Rural
LP019437,Female,Yes,1,Not Graduate,Yes,2340,0,110,,0,Semiurban
LP019438,,No,3,Graduate,,3076,0,126,180,1,Rural
LP019439,Male,No,1,Graduate,,3076,0,110,360,1,Semiurban
LP019440,Female,No,0,Graduate,No,3076,1800,208,360,,Urban
LP019441,Male,No,1,Not Graduate,No,5000,1800,110,240,1,Semiurban
LP019442,,No,3,Not Graduate,,5720,1500,100,180,1,Semiurban
LP019443,Female,No,1,Not Graduate,No,3276,0,78,360,1,Semiurban
LP019444,,No,3,Graduate,Yes,2340,2546,100,,0,Rural
LP019445,Male,Yes,,Graduate,,3276,1500,126,180,,Rural
LP019446,,No,3,Graduate,,5720,1500,100,240,,Rural
LP019447,,No,3,Not Graduate,Yes,3076,1800,78,360,0,Semiurban
LP019448,Male,No,3,Graduate,Yes,3076,1800,208,360,,Rural
LP019449,,No,,Graduate,Yes,3076,1800,110,180,0,Rural
LP019450,Male,Yes,2,Not Graduate,Yes,3076,1800,100,180,0,Rural
LP019451,Female,No,3,Graduate,,2340,1500,110,180,1,Rural
LP019452,Male,No,2,Not Graduate,No,5720,0,126,240,1,Rural
LP019453,Male,Yes,0,Graduate,No,5720,1800,110,,1,Semiurban
LP019454,Female,Yes,1,Graduate,No,5720,0,126,240,,Semiurban
LP019455,Male,No,2,Graduate,No,3276,1500,126,360,1,Rural
LP019456,Female,No,0,Graduate,Yes,3076,2546,100,180,,Rural
LP019457,Female,No,1,Graduate,No,5000,2546,78,,1,Semiurban
LP019458,Male,No,3,Not Graduate,No,5720,0,110,240,1,Semiurban
LP019459,,No,3,Graduate,,3276,1500,126,180,,Rural
LP019460,,No,3,Graduate,,2340,1500,126,180,,Urban
LP019461,Female,Yes,,Not Graduate,No,3076,1500,126,240,1,Rural
LP019462,,Yes,,Not Graduate,Yes,3276,0,208,,0,Urban
LP019463,,No,,Not Graduate,No,5000,0,110,180,,Rural
LP019464,Male,No,,Graduate,Yes,5000,1800,110,360,,Urban
LP019465,Female,No,0,Not Graduate,,2340,2546,126,360,1,Urban
LP019466,Female,Yes,0,Not Graduate,Yes,5720,0,110,180,1,Rural
LP019467,Male,No,3,Not Graduate,No,5720,2546,110,240,,Semiurban
LP019468,,Yes,1,Not Graduate,,3276,1500,208,,1,Semiurban
LP019469,Female,Yes,,Graduate,No,3276,0,126,180,0,Semiurban
LP019470,,No,1,Not Graduate,No,5720,2546,110,360,,Semiurban
LP019471,Female,Yes,0,Not Graduate,Yes,5720,0,78,,0,Rural
LP019472,Female,No,,Graduate,No,3276,1500,126,,,Urban
LP019473,Female,Yes,0,Graduate,No,3076,1500,110,180,0,Semiurban
LP019474,Female,No,0,Not Graduate,,5000,1500,208,240,1,Rural
LP019475,,No,2,Graduate,Yes,5000,1800,78,240,1,Rural
LP019476,,Yes,0,Not Graduate,Yes,2340,2546,100,240,,Semiurban
LP019477,,Yes,3,Graduate,,5000,1800,100,,,Semiurban
LP019478,,Yes,0,Graduate,,3276,0,78,240,0,Semiurban
LP019479,Male,No,,Not Graduate,Yes,3076,0,100,360,1,Semiurban
LP019480,Female,Yes,3,Graduate,,3276,0,78,180,1,Rural
LP019481,Female,Yes,0,Graduate,Yes,5720,0,110,360,0,Rural
LP019482,Female,No,3,Not Graduate,,5720,0,100,240,,Urban
LP019483,Male,No,0,Not Graduate,Yes,5000,1800,100,180,0,Urban
LP019484,,Yes,3,Graduate,Yes,3076,1500,78,180,0,Rural
LP019485,Female,Yes,1,Graduate,,2340,0,110,240,0,Urban
LP019486,,Yes,2,Not Graduate,No,3276,0,110,180,0,Rural
LP019487,,No,3,Graduate,No,2340,0,126,240,,Semiurban
LP019488,Male,No,,Not Graduate,,2340,1500,126,180,0,Rural
LP019489,Male,Yes,2,Graduate,Yes,2340,1800,110,240,1,Semiurban
LP019490,,No,2,Graduate,,2340,1500,78,360,,Semiurban
LP019491,Female,Yes,0,Not Graduate,No,3276,0,208,180,0,Rural
LP019492,Female,Yes,3,Not Graduate,Yes,5720,1800,208,,0,Rural
LP019493,Male,No,2,Graduate,Yes,3276,2546,126,360,1,Semiurban
LP019494,Male,Yes,,Graduate,Yes,5720,0,100,,0,Urban
LP019495,Male,Yes,,Graduate,No,5720,1800,208,360,1,Rural
LP019496,Male,No,,Graduate,No,3276,0,100,360,1,Semiurban
LP019497,Male,Yes,0,Not Graduate,Yes,3276,1500,100,360,0,Urban
LP019498,Male,Yes,1,Graduate,Yes,3276,1800,110,,,Urban
LP019499,Male,No,3,Graduate,No,5720,0,208,360,,Semiurban
LP019500,Female,Yes,2,Not Graduate,No,3276,1800,208,180,0,Rural
LP019501,Male,Yes,3,Not Graduate,Yes,3076,0,100,180,0,Urban
LP019502,Male,No,2,Not Graduate,,5000,1500,100,180,,Urban
LP019503,Female,No,0,Graduate,,5000,1500,110,360,0,Urban
LP019504,Female,No,3,Not Graduate,,3076,1800,78,240,0,Semiurban
LP019505,,Yes,0,Not Graduate,No,5000,0,208,240,1,Urban
LP019506,Male,No,0,Graduate,,5720,0,208,180,,Urban
LP019507,Male,Yes,3,Not Graduate,,3276,0,110,360,1,Semiurban
LP019508,Male,No,3,Not Graduate,No,3276,1800,110,,,Urban
LP019509,Male,Yes,2,Graduate,,3276,2546,78,,1,Semiurban
LP019510,,Yes,,Not Graduate,Yes,3076,1800,100,180,,Urban
LP019511,Female,No,0,Graduate,No,3076,0,208,360,,Semiurban
LP019512,Female,Yes,1,Not Graduate,Yes,5720,1500,100,,1,Semiurban
LP019513,Male,Yes,2,Not Graduate,,3076,1800,208,,0,Rural
LP019514,Male,No,2,Not Graduate,Yes,3276,1800,110,,,Rural
LP019515,Male,Yes,,Graduate,No,5720,1500,110,240,0,Semiurban
LP019516,,Yes,,Not Graduate,,5720,1800,110,240,0,Semiurban
LP019517,,Yes,0,Not Graduate,No,3276,0,78,,1,Urban
LP019518,Female,No,2,Not Graduate,,2340,1500,208,360,0,Urban
LP019519,Male,No,2,Not Graduate,No,3276,1500,110,,0,Rural
LP019520,Male,No,1,Graduate,No,5720,1500,78,,,Urban
LP019521,Male,No,0,Not Graduate,Yes,2340,0,100,240,,Semiurban
LP019522,Male,No,0,Not Graduate,No,3276,1800,78,360,,Semiurban
LP019523,,No,,Not Graduate,No,3276,2546,78,180,0,Semiurban
LP019524,Female,No,0,Not Graduate,Yes,2340,1800,126,360,,Urban
LP019525,Female,No,1,Graduate,,2340,1800,100,360,,Urban
LP019526,,Yes,0,Graduate,,5000,0,126,240,,Semiurban
LP019527,Male,Yes,3,Graduate,No,2340,0,208,360,1,Urban
LP019528,Female,Yes,3,Not Graduate,Yes,3076,0,78,240,0,Semiurban
LP019529,Female,Yes,1,Graduate,,2340,0,78,360,1,Semiurban
LP019530,,No,,Graduate,Yes,5720,0,78,240,1,Semiurban
LP019531,Male,Yes,2,Graduate,No,2340,0,78,360,1,Semiurban
LP019532,Female,Yes,0,Not Graduate,Yes,3276,1800,126,360,,Rural
LP019533,Male,Yes,,Not Graduate,No,3076,0,208,360,1,Urban
LP019534,Female,Yes,,Graduate,,2340,2546,126,360,0,Semiurban
LP019535,,Yes,0,Not Graduate,,3076,1500,78,180,1,Semiurban
LP019536,Male,No,2,Not Graduate,,5000,0,208,180,1,Semiurban
LP019537,,No,0,Not Graduate,,3076,2546,100,240,0,Urban
LP019538,Female,Yes,2,Graduate,Yes,3276,0,126,180,,Urban
LP019539,,Yes,1,Not Graduate,Yes,5000,1800,110,,1,Rural
LP019540,,Yes,2,Not Graduate,Yes,2340,1800,100,180,0,Rural
LP019541,,Yes,,Graduate,No,3076,0,100,240,1,Semiurban
LP019542,Female,No,1,Not Graduate,,5000,0,78,,1,Rural
LP019543,Male,Yes,3,Not Graduate,,2340,1800,78,180,,Urban
LP019544,,No,1,Graduate,,2340,1800,100,,0,Semiurban
LP019545,Male,Yes,2,Graduate,Yes,3076,0,126,,1,Urban
LP019546,Female,No,1,Not Graduate,Yes,3076,1800,208,,1,Rural
LP019547,Male,No,1,Not Graduate,,5000,0,126,240,0,Semiurban
LP019548,,No,3,Not Graduate,No,3076,1800,126,180,1,Semiurban
LP019549,,Yes,2,Graduate,Yes,2340,2546,100,240,,Semiurban
LP019550,,Yes,,Graduate,,3276,2546,126,240,0,Urban
LP019551,,No,1,Not Graduate,,5000,0,208,180,,Urban
LP019552,,Yes,0,Not Graduate,,3276,2546,100,240,0,Rural
LP019553,,Yes,,Not Graduate,No,3276,1800,126,360,1,Urban
LP019554,Female,No,1,Not Graduate,,2340,2546,78,180,0,Rural
LP019555,Female,Yes,,Graduate,Yes,3276,2546,126,360,0,Semiurban
LP019556,Female,No,0,Not Graduate,No,5720,1800,100,180,0,Urban
LP019557,Male,Yes,,Graduate,No,5000,0,100,180,1,Urban
LP019558,Male,Yes,,Graduate,,2340,0,78,240,1,Urban
LP019559,Female,No,0,Graduate,Yes,3076,0,100,240,,Urban
LP019560,Male,No,0,Not Graduate,Yes,2340,0,110,240,,Urban
LP019561,Male,No,0,Graduate,,3076,2546,100,,1,Semiurban
LP019562,,No,3,Graduate,,2340,1500,126,180,1,Semiurban
LP019563,,Yes,0,Not Graduate,Yes,5720,0,208,,0,Semiurban
LP019564,Male,Yes,,Not Graduate,No,5000,1800,126,240,1,Semiurban
LP019565,Male,Yes,0,Graduate,No,3276,1800,100,360,,Rural
LP019566,Female,No,1,Not Graduate,,2340,1800,110,360,1,Rural
LP019567,Male,Yes,0,Graduate,,5000,1500,126,180,,Rural
LP019568,,Yes,0,Not Graduate,Yes,5000,1500,208,,1,Rural
LP019569,Male,Yes,2,Graduate,Yes,5000,0,126,180,1,Rural
LP019570,Female,No,,Graduate,Yes,5000,1500,78,240,0,Semiurban
LP019571,,No,,Not Graduate,Yes,5000,0,110,,,Rural
LP019572,,Yes,1,Not Graduate,,3276,1800,100,360,1,Semiurban
LP019573,,Yes,3,Not Graduate,,3276,1500,126,240,0,Semiurban
LP019574,,No,2,Graduate,Yes,2340,2546,126,240,0,Urban
LP019575,Male,No,1,Graduate,,3076,2546,126,240,,Rural
LP019576,Female,No,1,Not Graduate,,2340,2546,126,,0,Rural
LP019577,Male,No,,Graduate,Yes,5000,1500,208,240,,Semiurban
LP019578,Male,Yes,2,Not Graduate,No,3076,1500,78,360,,Semiurban
LP019579,,No,,Graduate,No,2340,1500,78,240,,Urban
LP019580,Female,Yes,3,Graduate,Yes,3076,2546,110,,0,Urban
LP019581,,No,,Not Graduate,No,3276,1800,110,,0,Semiurban
LP019582,Male,Yes,0,Not Graduate,,5000,0,208,360,,Semiurban
LP019583,Male,Yes,,Graduate,No,3076,1800,78,,0,Semiurban
LP019584,,No,0,Graduate,Yes,5720,1500,110,360,0,Urban
LP019585,Male,Yes,1,Graduate,Yes,5000,0,100,180,,Rural
LP019586,Male,Yes,3,Graduate,No,3276,0,78,240,,Urban
LP019587,,Yes,0,Not Graduate,No,3276,1800,126,180,0,Urban
LP019588,Male,No,3,Not Graduate,,2340,2546,78,180,,Urban
LP019589,Female,No,,Not Graduate,No,5720,0,100,180,,Semiurban
LP019590,,No,,Graduate,No,3076,2546,126,360,1,Urban
LP019591,Female,Yes,1,Graduate,No,2340,2546,78,240,,Rural
LP019592,Male,Yes,,Graduate,,3276,0,126,180,1,Urban
LP019593,Male,Yes,0,Graduate,No,3076,1500,126,360,0,Rural
LP019594,,Yes,1,Not Graduate,,3276,1500,208,,0,Rural
LP019595,Male,No,3,Not Graduate,,3276,0,100,180,1,Semiurban
LP019596,,Yes,1,Not Graduate,Yes,5720,2546,208,360,1,Semiurban
LP019597,,Yes,3,Graduate,Yes,5000,1800,78,360,1,Semiurban
LP019598,,Yes,2,Not Graduate,,3076,0,126,360,1,Rural
LP019599,,No,0,Not Graduate,,5720,2546,78,360,1,Semiurban
LP019600,,Yes,0,Not Graduate,,3276,2546,78,240,1,Rural
LP019601,Female,No,3,Not Graduate,Yes,3276,0,208,,1,Semiurban
LP019602,,No,,Graduate,,5720,1800,78,360,0,Semiurban
LP019603,Female,Yes,,Graduate,Yes,3076,0,100,180,1,Rural
LP019604,Male,Yes,2,Not Graduate,Yes,3276,0,126,,1,Semiurban
LP019605,,Yes,3,Not Graduate,,3076,0,110,240,0,Urban
LP019606,Male,Yes,2,Not Graduate,,5720,0,100,180,0,Urban
LP019607,,No,3,Not Graduate,,3276,2546,110,,1,Urban
LP019608,Female,No,2,Not Graduate,Yes,2340,2546,110,,1,Urban
LP019609,Female,No,3,Graduate,No,2340,1500,208,240,,Rural
LP019610,Female,No,0,Not Graduate,,3276,0,110,180,1,Semiurban
LP019611,Male,No,2,Not Graduate,No,5000,0,126,180,,Urban
LP019612,,No,2,Not Graduate,No,3276,1500,208,360,,Rural
LP019613,Male,No,3,Graduate,No,3276,0,100,,0,Rural
LP019614,Female,No,1,Graduate,No,3276,2546,100,180,,Semiurban
LP019615,Male,No,1,Graduate,No,5720,0,100,240,1,Urban
LP019616,Female,No,0,Graduate,Yes,3276,1800,78,180,,Urban
LP019617,Female,Yes,,Graduate,Yes,3276,1500,208,360,0,Rural
LP019618,Female,Yes,,Not Graduate,Yes,5720,2546,208,,,Rural
LP019619,,Yes,0,Not Graduate,No,3276,1800,208,360,,Urban
LP019620,,No,,Graduate,Yes,2340,0,126,240,,Semiurban
LP019621,Female,Yes,3,Graduate,,2340,0,208,180,,Rural
LP019622,Male,No,1,Graduate,No,3276,2546,126,360,,Rural
LP019623,Male,No,0,Not Graduate,,5720,2546,100,240,,Semiurban
LP019624,,Yes,3,Graduate,No,3276,0,78,240,,Semiurban
LP019625,Female,No,0,Graduate,No,3276,2546,110,360,0,Rural
LP019626,Male,Yes,1,Graduate,No,3076,2546,78,240,1,Rural
LP019627,Female,No,,Not Graduate,No,5000,0,78,180,0,Urban
LP019628,Male,No,3,Graduate,,5720,1500,78,180,,Rural
LP019629,,Yes,1,Not Graduate,No,5000,1800,110,180,,Rural
LP019630,Female,Yes,0,Not Graduate,No,3076,0,126,240,0,Rural
LP019631,Female,Yes,2,Not Graduate,Yes,5000,1800,100,240,,Urban
LP019632,Male,Yes,3,Not Graduate,No,3276,0,110,180,0,Semiurban
LP019633,Male,Yes,0,Not Graduate,No,2340,0,100,180,,Semiurban
LP019634,Male,Yes,0,Graduate,No,5720,2546,126,,,Semiurban
LP019635,Female,No,1,Not Graduate,No,5720,0,100,360,1,Rural
LP019636,,No,0,Not Graduate,No,3276,0,126,180,,Rural
LP019637,,No,3,Not Graduate,No,5000,1800,110,240,1,Semiurban
LP019638,Male,No,3,Graduate,,5720,1500,110,360,1,Urban
LP019639,,Yes,0,Not Graduate,,3076,1800,100,240,0,Rural
LP019640,Male,No,1,Not Graduate,No,3076,0,100,240,1,Urban
LP019641,,No,3,Not Graduate,,5000,1500,78,,0,Urban
LP019642,Female,Yes,2,Graduate,Yes,3076,2546,78,180,0,Rural
LP019643,Male,No,,Not Graduate,Yes,2340,1800,100,,1,Semiurban
LP019644,,Yes,1,Not Graduate,No,3276,1800,78,360,0,Urban
LP019645,Female,Yes,1,Not Graduate,No,5720,0,100,240,1,Semiurban
LP019646,,Yes,,Not Graduate,,3276,0,208,240,,Rural
LP019647,Female,No,,Not Graduate,Yes,5000,1500,78,180,0,Urban
LP019648,Female,Yes,3,Not Graduate,No,3276,2546,100,240,1,Rural
LP019649,,No,0,Not Graduate,Yes,5720,0,208,240,1,Rural
LP019650,,No,0,Graduate,,5720,1800,78,,1,Urban
LP019651,Female,No,2,Graduate,No,5000,1500,110,180,1,Urban
LP019652,Female,Yes,0,Graduate,No,5720,0,100,180,,Semiurban
LP019653,Female,Yes,2,Not Graduate,No,3076,0,110,180,0,Urban
LP019654,Male,Yes,2,Graduate,Yes,3276,0,78,240,1,Rural
LP019655,Female,No,1,Not Graduate,,2340,1500,208,,0,Semiurban
LP019656,Male,No,1,Graduate,Yes,2340,1500,100,360,1,Rural
LP019657,Female,Yes,3,Graduate,Yes,2340,2546,208,240,0,Semiurban
LP019658,Male,No,,Not Graduate,No,5000,0,110,,1,Rural
LP019659,Female,Yes,,Not Graduate,,2340,1500,100,360,1,Semiurban
LP019660,Female,Yes,2,Not Graduate,,3276,2546,110,240,,Urban
LP019661,Female,No,,Not Graduate,No,5720,0,110,240,0,Rural
LP019662,,No,2,Not Graduate,,3076,1800,208,360,1,Rural
LP019663,,Yes,,Graduate,No,2340,0,78,240,1,Semiurban
LP019664,Female,No,3,Not Graduate,No,2340,2546,110,240,,Urban
LP019665,Male,Yes,1,Graduate,,2340,0,110,240,,Urban
LP019666,Male,Yes,1,Graduate,,3076,1800,126,,,Semiurban
LP019667,Female,No,2,Not Graduate,,3276,1500,208,,,Urban
LP019668,,Yes,,Graduate,,2340,0,110,240,,Urban
LP019669,Male,No,0,Graduate,Yes,5720,1500,126,,0,Semiurban
LP019670,,Yes,3,Not Graduate,No,5000,0,208,240,1,Rural
LP019671,Male,No,,Not Graduate,No,3076,1500,100,,0,Semiurban
LP019672,Female,No,0,Graduate,No,3276,1500,78,,,Semiurban
LP019673,,Yes,3,Graduate,No,5720,2546,208,,1,Semiurban
LP019674,Male,No,3,Graduate,Yes,3076,2546,110,360,0,Urban
LP019675,Female,No,1,Not Graduate,,3076,1800,126,240,,Rural
LP019676,Female,Yes,2,Not Graduate,,5000,2546,126,360,0,Urban
LP019677,Female,No,,Not Graduate,,5000,2546,100,,0,Urban
LP019678,,Yes,3,Graduate,No,3276,2546,126,,,Urban
LP019679,,No,,Not Graduate,Yes,2340,2546,110,240,1,Rural
LP019680,Female,Yes,3,Not Graduate,Yes,5000,1800,208,180,,Semiurban
LP019681,,Yes,1,Graduate,,3276,2546,100,240,,Semiurban
LP019682,Male,Yes,2,Graduate,No,3076,2546,78,180,0,Rural
LP019683,Female,Yes,0,Graduate,,2340,0,78,,1,Semiurban
LP019684,Female,No,0,Not Graduate,No,5720,2546,110,360,,Rural
LP019685,,Yes,1,Not Graduate,,3076,1800,100,240,1,Urban
LP019686,Female,No,3,Not Graduate,,3276,1800,100,180,0,Semiurban
LP019687,Male,Yes,1,Not Graduate,Yes,5720,1500,110,180,,Rural
LP019688,,No,2,Not Graduate,No,3076,2546,100,180,1,Rural
LP019689,,Yes,0,Not Graduate,Yes,5000,0,126,240,1,Rural
LP019690,Female,No,,Not Graduate,Yes,3276,1500,126,240,0,Rural
LP019691,Female,No,0,Graduate,,5720,1800,110,180,1,Semiurban
LP019692,Female,Yes,2,Not Graduate,No,5000,1500,110,360,1,Urban
LP019693,,Yes,3,Not Graduate,No,5720,0,126,180,1,Semiurban
LP019694,Female,Yes,1,Graduate,,2340,0,208,360,,Semiurban
LP019695,Male,No,0,Graduate,,2340,0,110,240,,Rural
LP019696,Female,No,0,Graduate,,3276,1500,126,240,0,Urban
LP019697,Female,No,,Graduate,No,5720,2546,208,240,0,Rural
LP019698,,No,1,Not Graduate,,2340,0,208,,,Semiurban
LP019699,Female,Yes,,Not Graduate,,3076,0,126,360,1,Urban
LP019700,,Yes,,Graduate,Yes,3076,2546,126,,,Semiurban
LP019701,Female,Yes,3,Graduate,,2340,0,100,240,0,Urban
LP019702,Male,Yes,0,Not Graduate,,2340,1800,208,180,0,Urban
LP019703,Male,No,1,Graduate,No,3276,2546,78,180,,Rural
LP019704,,No,3,Graduate,,3276,1800,100,,0,Rural
LP019705,,Yes,3,Not Graduate,No,3076,0,100,180,0,Rural
LP019706,Female,No,3,Graduate,Yes,5000,0,208,240,0,Semiurban
LP019707,Female,Yes,2,Not Graduate,Yes,5720,0,208,,0,Urban
LP019708,Male,No,2,Graduate,No,5000,0,208,180,0,Rural
LP019709,Female,No,3,Not Graduate,,3276,1800,110,,1,Rural
LP019710,Male,No,2,Graduate,No,5000,1800,126,360,,Rural
LP019711,,No,1,Not Graduate,,3276,1500,126,,0,Rural
LP019712,Female,No,0,Not Graduate,,5000,1500,126,360,0,Urban
LP019713,,No,1,Graduate,,3076,1800,208,360,0,Urban
LP019714,Female,Yes,0,Graduate,No,3276,0,100,360,,Semiurban
LP019715,Male,No,2,Graduate,Yes,3076,1500,208,180,,Rural
LP019716,,Yes,1,Graduate,No,5000,2546,208,360,,Urban
LP019717,,Yes,,Graduate,,2340,1800,100,180,0,Urban
LP019718,Female,Yes,3,Not Graduate,No,2340,2546,78,240,0,Semiurban
LP019719,,Yes,0,Not Graduate,Yes,5720,0,110,180,,Rural
LP019720,Male,Yes,0,Not Graduate,No,2340,1800,78,,1,Semiurban
LP019721,,Yes,,Not Graduate,Yes,5720,1500,208,180,1,Rural
LP019722,,No,,Graduate,Yes,5000,1500,126,180,,Urban
LP019723,Female,No,3,Not Graduate,,5720,2546,126,180,0,Urban
LP019724,,No,2,Not Graduate,Yes,5720,1800,100,240,0,Rural
LP019725,Female,Yes,1,Not Graduate,No,5720,0,208,180,1,Rural
LP019726,Female,Yes,1,Graduate,No,3076,0,100,,0,Urban
LP019727,,Yes,1,Graduate,,5720,0,100,,,Urban
LP019728,Male,No,2,Not Graduate,No,3276,0,110,360,0,Urban
LP019729,Female,No,3,Graduate,,5000,1500,100,180,0,Semiurban
LP019730,,No,1,Not Graduate,No,3076,0,208,240,,Semiurban
LP019731,Female,Yes,0,Graduate,No,3276,0,110,360,1,Semiurban
LP019732,Male,Yes,0,Graduate,Yes,5000,2546,126,,,Semiurban
LP019733,Male,Yes,0,Graduate,Yes,3076,1500,110,360,0,Rural
LP019734,Female,No,,Not Graduate,Yes,5000,0,208,240,,Rural
LP019735,Male,Yes,,Graduate,No,2340,2546,78,,,Urban
LP019736,,Yes,2,Not Graduate,,5000,1800,110,,1,Rural
LP019737,,Yes,1,Graduate,,2340,0,78,180,1,Rural
LP019738,Female,Yes,,Not Graduate,,2340,0,110,,0,Rural
LP019739,Male,No,0,Not Graduate,Yes,5000,0,110,,,Semiurban
LP019740,,No,,Not Graduate,No,2340,0,100,,0,Rural
LP019741,,Yes,0,Not Graduate,Yes,3076,1800,78,180,,Rural
LP019742,,Yes,1,Not Graduate,No,2340,0,78,180,,Urban
LP019743,Female,No,2,Not Graduate,No,5720,0,110,,1,Semiurban
LP019744,Female,No,3,Graduate,No,3076,1800,208,240,,Urban
LP019745,,Yes,3,Not Graduate,Yes,3076,2546,208,240,1,Urban
LP019746,,No,0,Graduate,No,3076,1500,78,360,,Semiurban
LP019747,Male,No,,Not Graduate,Yes,5720,0,100,,0,Semiurban
LP019748,Male,Yes,,Not Graduate,Yes,5720,1800,100,,0,Semiurban
LP019749,Male,No,0,Graduate,No,5720,2546,208,180,,Urban
LP019750,Female,No,1,Not Graduate,No,5720,1800,100,180,1,Urban
LP019751,,No,0,Graduate,No,5720,1500,110,240,1,Semiurban
LP019752,Female,No,1,Not Graduate,Yes,3276,1800,110,240,1,Urban
LP019753,,Yes,2,Graduate,No,3276,1800,78,360,,Rural
LP019754,Male,No,2,Graduate,No,5720,2546,126,,0,Urban
LP019755,Male,No,0,Not Graduate,,3076,0,208,180,1,Semiurban
LP019756,Male,Yes,2,Graduate,,2340,0,208,360,0,Urban
LP019757,Male,No,,Graduate,,2340,2546,126,360,1,Urban
LP019758,,Yes,1,Not Graduate,No,3276,2546,100,240,,Semiurban
LP019759,Male,Yes,3,Not Graduate,Yes,5720,0,110,,,Rural
LP019760,,No,3,Not Graduate,,5000,0,110,,1,Semiurban
LP019761,,No,2,Graduate,Yes,2340,1500,208,180,0,Urban
LP019762,Female,No,1,Graduate,,2340,0,208,,1,Rural
LP019763,Male,No,,Graduate,,3076,0,100,360,1,Rural
LP019764,Male,No,3,Not Graduate,Yes,2340,1800,100,,1,Urban
LP019765,Female,Yes,,Not Graduate,,3276,1800,208,,0,Semiurban
LP019766,,No,,Graduate,Yes,5720,2546,100,180,1,Rural
LP019767,Male,Yes,3,Not Graduate,No,5720,0,126,240,1,Semiurban
LP019768,,No,3,Not Graduate,No,2340,1500,110,360,,Urban
LP019769,Female,Yes,2,Not Graduate,Yes,5000,0,208,180,0,Semiurban
LP019770,,No,1,Not Graduate,Yes,3276,1800,126,180,,Semiurban
LP019771,Male,No,0,Not Graduate,No,2340,0,126,,,Semiurban
LP019772,,No,1,Graduate,Yes,3276,0,78,180,1,Rural
LP019773,,No,0,Graduate,No,5000,0,208,240,1,Urban
LP019774,Male,No,3,Not Graduate,No,3276,1800,78,360,1,Rural
LP019775,Male,Yes,,Not Graduate,Yes,3276,2546,126,360,,Rural
LP019776,,No,1,Graduate,,3276,0,208,180,0,Urban
LP019777,,No,,Graduate,Yes,5720,0,78,360,0,Rural
LP019778,Female,No,1,Graduate,No,5000,1500,110,240,,Rural
LP019779,Male,Yes,1,Graduate,,5720,0,208,180,,Semiurban
LP019780,,No,,Graduate,,3076,1800,78,180,0,Rural
LP019781,Male,Yes,2,Not Graduate,No,2340,0,100,240,1,Urban
LP019782,Female,No,3,Graduate,,5720,0,208,180,0,Urban
LP019783,,Yes,2,Graduate,,3276,2546,100,360,,Rural
LP019784,,No,2,Graduate,Yes,3076,2546,208,360,1,Rural
LP019785,,No,1,Graduate,No,5000,1800,78,240,1,Semiurban
LP019786,Male,Yes,3,Not Graduate,,5000,0,78,,0,Rural
LP019787,Female,No,1,Not Graduate,No,5720,2546,208,,1,Semiurban
LP019788,Male,Yes,0,Graduate,Yes,3276,2546,126,,,Semiurban
LP019789,,No,1,Graduate,Yes,3276,1500,78,240,0,Rural
LP019790,Female,No,,Not Graduate,Yes,5000,1500,208,,,Rural
LP019791,,Yes,1,Graduate,,3276,1800,208,360,,Urban
LP019792,,No,0,Graduate,Yes,2340,1800,110,180,,Rural
LP019793,Male,Yes,1,Not Graduate,No,5720,1800,100,,0,Urban
LP019794,,Yes,0,Not Graduate,Yes,5720,1800,110,240,,Semiurban
LP019795,Female,No,3,Graduate,,3276,0,100,360,,Semiurban
LP019796,,No,1,Graduate,Yes,5000,0,100,,1,Rural
LP019797,,No,0,Not Graduate,,2340,1800,110,,1,Urban
LP019798,Male,Yes,3,Not Graduate,No,2340,1500,126,360,,Urban
LP019799,Female,Yes,,Not Graduate,Yes,2340,0,208,240,1,Urban
LP019800,Male,No,2,Graduate,Yes,3076,0,78,180,0,Semiurban
LP019801,,Yes,0,Graduate,No,3276,0,208,360,1,Urban
LP019802,Male,Yes,,Graduate,No,2340,2546,110,180,0,Semiurban
LP019803,Male,Yes,3,Not Graduate,,3276,0,126,,0,Semiurban
LP019804,Male,Yes,,Graduate,Yes,5000,0,78,360,1,Rural
LP019805,Male,No,1,Not Graduate,Yes,5000,0,78,,1,Rural
LP019806,,No,2,Graduate,Yes,5000,0,126,,0,Semiurban
LP019807,,No,0,Not Graduate,Yes,3076,1800,78,,,Rural
LP019808,Female,Yes,3,Graduate,No,5000,2546,78,,,Rural
LP019809,Male,Yes,2,Not Graduate,Yes,3276,1800,126,,,Semiurban
LP019810,Male,Yes,3,Not Graduate,Yes,5720,1500,110,240,,Semiurban
LP019811,Female,Yes,,Not Graduate,Yes,5720,2546,110,,1,Urban
LP019812,Male,No,3,Not Graduate,,3276,1800,78,360,1,Urban
LP019813,Female,Yes,3,Graduate,,5720,2546,110,180,0,Rural
LP019814,,Yes,,Not Graduate,,2340,1500,110,360,0,Rural
LP019815,Female,No,,Graduate,No,5720,1800,78,360,,Semiurban
LP019816,Male,No,2,Graduate,No,3076,2546,78,240,0,Urban
LP019817,Female,No,0,Not Graduate,No,5000,1500,110,,1,Urban
LP019818,,Yes,,Not Graduate,Yes,5720,0,100,180,,Semiurban
LP019819,Male,Yes,2,Graduate,Yes,5720,2546,126,180,,Semiurban
LP019820,,Yes,3,Graduate,No,3076,1500,110,,,Semiurban
LP019821,,Yes,3,Graduate,,3076,0,110,180,0,Urban
LP019822,Female,Yes,1,Graduate,Yes,5720,1500,100,240,,Semiurban
LP019823,,Yes,,Graduate,,2340,0,208,,1,Rural
LP019824,Male,No,2,Graduate,Yes,5720,1500,208,180,,Urban
LP019825,,Yes,2,Graduate,Yes,2340,1800,126,360,0,Semiurban
LP019826,,No,0,Not Graduate,,5000,1800,78,180,0,Rural
LP019827,Female,No,2,Graduate,No,3276,1800,110,360,,Urban
LP019828,,No,,Graduate,,5000,1800,100,,,Semiurban
LP019829,Female,Yes,2,Not Graduate,No,5720,0,78,360,0,Rural
LP019830,Female,Yes,1,Graduate,No,5720,0,78,360,1,Semiurban
LP019831,Male,No,3,Graduate,Yes,2340,0,208,240,1,Rural
LP019832,Male,Yes,3,Not Graduate,Yes,3076,0,110,240,,Urban
LP019833,Male,Yes,2,Graduate,Yes,2340,2546,126,,,Urban
LP019834,Male,No,2,Graduate,No,3076,1800,100,240,,Urban
LP019835,Female,Yes,2,Not Graduate,No,3076,2546,110,,0,Semiurban
LP019836,,Yes,2,Not Graduate,,3076,1800,78,240,0,Urban
LP019837,Male,Yes,1,Graduate,Yes,3076,1800,78,360,,Rural
LP019838,Male,Yes,,Not Graduate,Yes,5720,1800,126,,0,Semiurban
LP019839,Male,No,1,Not Graduate,No,3276,0,208,360,0,Rural
LP019840,,No,1,Graduate,Yes,3276,0,126,180,1,Rural
LP019841,Male,Yes,1,Not Graduate,No,5000,1800,126,,0,Rural
LP019842,,Yes,3,Not Graduate,,5000,1800,110,,,Semiurban
LP019843,Female,Yes,1,Graduate,,5000,1800,208,,1,Rural
LP019844,Female,No,2,Graduate,Yes,2340,1500,78,240,0,Rural
LP019845,Female,Yes,1,Not Graduate,,5000,1800,208,180,1,Urban
LP019846,,Yes,2,Not Graduate,Yes,5000,0,110,240,0,Semiurban
LP019847,Male,No,,Graduate,Yes,5000,0,110,240,0,Urban
LP019848,Male,Yes,3,Graduate,No,5720,2546,126,180,1,Rural
LP019849,Male,No,,Not Graduate,No,5000,0,110,,0,Rural
LP019850,Male,Yes,,Graduate,Yes,3276,2546,208,240,,Semiurban
LP019851,Male,No,3,Graduate,,5720,0,126,180,0,Rural
LP019852,,Yes,2,Not Graduate,,3076,1500,126,360,1,Semiurban
LP019853,Female,Yes,2,Not Graduate,Yes,2340,0,126,,1,Rural
LP019854,Male,No,2,Graduate,Yes,5720,1800,208,360,0,Rural
LP019855,Female,No,3,Graduate,,5720,0,126,,,Urban
LP019856,,No,1,Not Graduate,,3276,1800,100,,0,Rural
LP019857,,No,0,Graduate,No,5000,2546,100,180,0,Urban
LP019858,Male,No,1,Not Graduate,No,3076,2546,208,180,0,Urban
LP019859,,Yes,1,Graduate,,3276,1500,78,360,0,Rural
LP019860,Female,No,,Graduate,No,3276,0,78,360,,Urban
LP019861,Male,No,0,Graduate,No,5720,2546,126,240,0,Semiurban
LP019862,Male,No,2,Not Graduate,Yes,3076,1800,208,240,,Urban
LP019863,Female,No,1,Not Graduate,No,3276,0,126,,0,Semiurban
LP019864,Male,Yes,3,Graduate,No,2340,0,126,360,,Urban
LP019865,Male,Yes,1,Graduate,Yes,2340,0,100,240,0,Urban
LP019866,Female,Yes,2,Not Graduate,,3276,0,110,180,1,Urban
LP019867,Male,Yes,1,Not Graduate,No,5720,2546,208,180,0,Rural
LP019868,Male,Yes,,Graduate,No,2340,0,110,360,0,Rural
LP019869,Female,No,,Not Graduate,,5720,1500,100,180,1,Rural
LP019870,,Yes,1,Not Graduate,No,5000,1500,110,240,1,Rural
LP019871,Female,Yes,,Graduate,,5000,1500,100,240,0,Semiurban
LP019872,Male,No,3,Graduate,Yes,5720,1500,78,360,,Urban
LP019873,Female,No,0,Not Graduate,,3276,2546,100,240,1,Rural
LP019874,Male,Yes,1,Not Graduate,,5000,1800,208,360,1,Urban
LP019875,Male,Yes,3,Graduate,,5000,1500,78,240,1,Rural
LP019876,Female,No,3,Not Graduate,Yes,2340,2546,126,240,1,Semiurban
LP019877,Male,Yes,3,Graduate,,3276,1500,208,240,1,Urban
LP019878,,No,2,Graduate,,5720,1500,208,360,1,Semiurban
LP019879,Male,No,1,Not Graduate,Yes,5000,1800,208,360,0,Rural
LP019880,Female,Yes,1,Graduate,No,3276,1500,110,240,0,Urban
LP019881,,Yes,1,Graduate,No,5000,2546,110,240,1,Rural
LP019882,,Yes,0,Graduate,,2340,2546,126,240,,Rural
LP019883,Male,No,3,Graduate,Yes,3276,0,110,180,,Semiurban
LP019884,Female,No,1,Graduate,Yes,3076,0,208,,,Semiurban
LP019885,Male,Yes,,Not Graduate,,2340,1500,100,,0,Urban
LP019886,Male,Yes,2,Graduate,,5720,1500,126,180,0,Rural
LP019887,Female,Yes,0,Graduate,No,3276,2546,126,,0,Urban
LP019888,Female,No,2,Graduate,No,5000,1500,208,,0,Urban
LP019889,Male,No,3,Not Graduate,,3276,2546,78,,1,Rural
LP019890,,No,,Graduate,Yes,5720,0,110,240,1,Semiurban
LP019891,Male,Yes,3,Graduate,,3276,1500,78,180,,Urban
LP019892,,No,1,Graduate,Yes,5000,0,208,240,,Urban
LP019893,Male,No,2,Graduate,No,2340,0,78,,1,Urban
LP019894,Female,Yes,,Not Graduate,,2340,0,208,180,,Rural
LP019895,,No,2,Not Graduate,Yes,5000,2546,110,180,0,Urban
LP019896,Female,Yes,0,Graduate,No,3076,0,110,240,,Semiurban
LP019897,Female,No,,Not Graduate,,3076,2546,126,360,0,Semiurban
LP019898,Female,Yes,0,Not Graduate,,2340,0,78,180,,Rural
LP019899,Female,Yes,,Not Graduate,No,5720,2546,78,360,0,Rural
LP019900,Female,No,1,Graduate,,3276,0,78,,,Rural
LP019901,Male,Yes,2,Graduate,No,5000,1500,78,180,0,Rural
LP019902,,No,2,Graduate,Yes,5720,0,100,360,1,Semiurban
LP019903,Male,Yes,3,Graduate,,3276,0,126,360,1,Rural
LP019904,Male,Yes,,Graduate,No,2340,0,126,240,0,Urban
LP019905,Male,Yes,,Graduate,No,5000,1800,100,360,1,Semiurban
LP019906,Female,No,0,Not Graduate,Yes,5720,0,78,,,Rural
LP019907,Male,Yes,,Not Graduate,,3276,2546,100,,1,Rural
LP019908,,Yes,2,Not Graduate,No,2340,2546,78,180,0,Urban
LP019909,Male,No,,Not Graduate,No,2340,1800,100,240,1,Semiurban
LP019910,Female,Yes,3,Not Graduate,No,3276,1500,126,240,,Semiurban
LP019911,,Yes,3,Graduate,,3076,0,100,240,0,Urban
LP019912,,Yes,2,Graduate,,3076,0,208,,1,Urban
LP019913,,Yes,2,Not Graduate,Yes,3276,0,78,360,1,Rural
LP019914,,No,2,Graduate,Yes,3276,0,100,,1,Urban
LP019915,Male,Yes,,Graduate,Yes,3276,1800,78,,,Urban
LP019916,Female,Yes,,Graduate,,2340,2546,110,360,1,Urban
LP019917,,No,1,Graduate,No,5000,1500,78,,,Semiurban
LP019918,,Yes,0,Graduate,,2340,1500,100,180,0,Semiurban
LP019919,Female,Yes,,Not Graduate,,2340,1500,78,180,,Urban
LP019920,Male,No,1,Not Graduate,,3076,1800,208,180,1,Urban
LP019921,,No,1,Not Graduate,Yes,3276,1800,208,180,0,Semiurban
LP019922,Male,No,3,Graduate,No,2340,0,100,180,1,Urban
LP019923,Male,No,,Graduate,,2340,1800,100,240,1,Urban
LP019924,Male,Yes,1,Graduate,Yes,3276,0,78,,,Semiurban
LP019925,Male,No,3,Graduate,,5000,2546,126,360,1,Urban
LP019926,,Yes,0,Not Graduate,No,3076,1500,208,240,,Urban
LP019927,,No,3,Graduate,Yes,5720,1800,208,360,0,Semiurban
LP019928,Male,Yes,0,Not Graduate,,2340,2546,110,,0,Rural
LP019929,Male,No,2,Not Graduate,Yes,5000,0,110,240,0,Urban
LP019930,Female,No,2,Not Graduate,No,5720,1800,126,360,1,Urban
LP019931,Female,Yes,3,Not Graduate,No,3276,1800,208,180,,Urban
LP019932,Female,No,2,Graduate,Yes,5720,2546,100,240,1,Rural
LP019933,,No,,Graduate,,3276,0,208,180,1,Semiurban
LP019934,Female,No,3,Not Graduate,No,5000,1800,100,240,,Semiurban
LP019935,,Yes,1,Graduate,No,5720,2546,100,,1,Semiurban
LP019936,,No,,Graduate,,3076,0,126,240,0,Semiurban
LP019937,,No,3,Graduate,Yes,5000,1800,208,,,Urban
LP019938,,Yes,0,Not Graduate,Yes,5720,1800,78,240,0,Rural
LP019939,Female,Yes,2,Not Graduate,,2340,1500,208,,1,Rural
LP019940,Male,No,2,Not Graduate,No,5720,0,208,180,1,Semiurban
LP019941,Male,Yes,2,Not Graduate,No,5720,0,110,,0,Semiurban
LP019942,Male,Yes,3,Not Graduate,,3076,2546,126,180,1,Urban
LP019943,Female,Yes,,Not Graduate,,5000,1500,78,240,1,Semiurban
LP019944,Male,No,0,Not Graduate,Yes,2340,1800,78,240,,Semiurban
LP019945,Female,No,2,Graduate,Yes,5000,2546,78,240,,Semiurban
LP019946,Female,Yes,,Not Graduate,,5000,1500,100,240,0,Semiurban
LP019947,Female,No,1,Graduate,No,2340,1500,126,180,1,Rural
LP019948,Male,Yes,1,Not Graduate,Yes,2340,0,110,360,0,Semiurban
LP019949,Male,No,0,Graduate,,3076,1500,100,360,1,Semiurban
LP019950,Male,Yes,2,Graduate,No,3276,0,78,,,Urban
LP019951,,No,1,Graduate,Yes,3076,0,100,240,,Semiurban
LP019952,Female,Yes,,Graduate,,2340,0,100,240,1,Semiurban
LP019953,,No,,Not Graduate,,5720,1800,78,360,,Urban
LP019954,Female,No,1,Not Graduate,No,5720,1800,78,360,,Urban
LP019955,Male,Yes,2,Not Graduate,No,5000,0,110,240,1,Semiurban
LP019956,Female,No,0,Not Graduate,,5000,2546,126,240,,Urban
LP019957,Female,No,2,Not Graduate,No,3276,0,208,360,1,Urban
LP019958,,No,3,Not Graduate,,3276,0,208,180,0,Semiurban
LP019959,Female,No,1,Not Graduate,No,3276,1800,208,240,1,Rural
LP019960,Male,No,3,Not Graduate,No,3276,0,110,360,0,Urban
LP019961,Female,No,1,Not Graduate,Yes,5720,1800,100,180,1,Semiurban
LP019962,Female,No,0,Not Graduate,Yes,2340,0,78,360,1,Urban
LP019963,Female,No,2,Not Graduate,No,3276,0,126,240,1,Rural
LP019964,,Yes,2,Graduate,,3076,1500,208,,1,Rural
LP019965,Female,No,1,Graduate,No,3276,0,126,360,1,Semiurban
LP019966,Female,Yes,,Graduate,Yes,5720,1800,126,,0,Rural
LP019967,,No,3,Graduate,,5000,0,78,,,Semiurban
LP019968,,Yes,2,Graduate,No,3076,2546,110,240,1,Semiurban
LP019969,,No,2,Not Graduate,No,3276,1500,78,180,0,Urban
LP019970,,Yes,1,Not Graduate,No,5720,0,110,,0,Semiurban
LP019971,Male,Yes,,Graduate,No,5000,2546,100,180,1,Urban
LP019972,Male,No,3,Not Graduate,Yes,3276,1800,126,240,1,Urban
LP019973,Female,Yes,,Graduate,Yes,5720,2546,208,240,1,Urban
LP019974,Male,No,,Not Graduate,Yes,5720,1500,126,240,0,Urban
LP019975,Female,No,1,Not Graduate,Yes,2340,1800,78,180,1,Semiurban
LP019976,Male,Yes,,Graduate,,5720,0,110,360,1,Rural
LP019977,,No,3,Graduate,,3276,0,100,,,Semiurban
LP019978,,Yes,0,Graduate,,5720,2546,100,240,0,Rural
LP019979,Male,Yes,0,Not Graduate,No,3076,0,110,,1,Semiurban
LP019980,Male,No,3,Graduate,,5720,1800,110,180,0,Urban
LP019981,Female,No,1,Not Graduate,Yes,5720,1800,110,180,1,Urban
LP019982,Female,No,2,Not Graduate,Yes,3076,0,100,,1,Semiurban
LP019983,Female,No,1,Not Graduate,No,3276,2546,126,360,0,Rural
LP019984,,No,3,Not Graduate,,5000,0,126,240,0,Semiurban
LP019985,,Yes,,Graduate,No,2340,0,100,360,0,Semiurban
LP019986,,Yes,0,Graduate,No,5000,0,208,,0,Rural
LP019987,,No,,Graduate,,3276,1500,78,240,,Urban
LP019988,Female,No,1,Graduate,No,3276,0,100,240,0,Urban
LP019989,,No,3,Not Graduate,,3076,0,208,,1,Urban
LP019990,,Yes,0,Graduate,,5000,1500,78,240,1,Rural
LP019991,,Yes,3,Graduate,No,5720,2546,126,360,0,Urban
LP019992,,Yes,0,Graduate,Yes,3076,1500,110,180,0,Urban
LP019993,Male,No,0,Graduate,,3076,1800,78,180,0,Urban
LP019994,Female,No,0,Not Graduate,Yes,2340,0,110,,0,Rural
LP019995,Female,Yes,1,Not Graduate,Yes,3076,1800,208,180,0,Rural
LP019996,,No,3,Not Graduate,,5000,1800,100,180,1,Urban
LP019997,Male,No,2,Not Graduate,Yes,3276,1500,100,,,Semiurban
LP019998,Female,Yes,2,Graduate,No,2340,1500,110,,0,Semiurban
LP019999,Female,Yes,2,Not Graduate,No,5720,1800,78,240,0,Urban
LP020000,,No,3,Graduate,Yes,5000,2546,78,,0,Rural
